# Blender 5.2.0 LTS
# www.blender.org
mtllib enemy.mtl
o 立方体
v 0.064117 0.970480 0.000000
v 0.203295 1.894186 0.000000
v 0.000000 1.776848 0.000000
v 0.000000 0.883416 0.000000
v 0.487402 1.557580 0.000000
v 0.398485 1.798583 0.000000
v 0.294215 1.282288 0.000000
v -0.064117 0.970480 0.000000
v -0.203295 1.894186 0.000000
v -0.487401 1.557580 0.000000
v -0.398485 1.798583 0.000000
v -0.294215 1.282288 0.000000
v 0.065928 0.975004 -0.025917
v 0.201985 1.888173 0.056787
v 0.065928 0.975004 0.025917
v 0.201985 1.888173 -0.056787
v 0.000000 1.773679 0.076966
v 0.000000 1.773679 -0.076966
v 0.101485 1.827289 0.000000
v 0.000000 0.890705 0.018099
v 0.000000 0.890705 -0.018099
v 0.016220 0.899899 0.000000
v 0.477247 1.555427 0.053257
v 0.477247 1.555427 -0.053257
v 0.164436 1.112445 0.000000
v 0.471882 1.684605 0.000000
v 0.304419 1.880403 0.000000
v 0.390183 1.793736 -0.059515
v 0.390183 1.793736 0.059515
v 0.417164 1.427799 0.000000
v 0.288086 1.281006 -0.045169
v 0.288086 1.281006 0.045169
v -0.065928 0.975004 -0.025917
v -0.201985 1.888173 0.056787
v -0.065928 0.975004 0.025917
v -0.201985 1.888173 -0.056787
v -0.101484 1.827289 0.000000
v -0.016220 0.899899 0.000000
v -0.477247 1.555427 0.053257
v -0.477247 1.555427 -0.053257
v -0.164436 1.112445 0.000000
v -0.471882 1.684605 0.000000
v -0.304419 1.880403 0.000000
v -0.390183 1.793736 -0.059515
v -0.390183 1.793736 0.059515
v -0.417164 1.427799 0.000000
v -0.288086 1.281006 -0.045169
v -0.288086 1.281006 0.045169
v 0.298631 1.874658 0.057685
v 0.018604 0.906972 0.018819
v 0.102760 1.823673 0.065181
v 0.102760 1.823673 -0.065181
v 0.018604 0.906972 -0.018819
v 0.408473 1.426413 0.053004
v 0.408473 1.426413 -0.053004
v 0.298631 1.874658 -0.057685
v 0.462051 1.681089 -0.054037
v 0.462051 1.681089 0.054037
v 0.161669 1.112142 -0.037019
v 0.161669 1.112142 0.037019
v -0.298631 1.874658 0.057685
v -0.018604 0.906972 0.018819
v -0.102760 1.823673 0.065181
v -0.102760 1.823673 -0.065181
v -0.018604 0.906972 -0.018819
v -0.408473 1.426413 0.053004
v -0.408473 1.426413 -0.053004
v -0.298631 1.874658 -0.057685
v -0.462051 1.681089 -0.054037
v -0.462051 1.681089 0.054037
v -0.161668 1.112142 -0.037019
v -0.161668 1.112142 0.037019
v 0.000000 1.746779 -0.120271
v 0.116273 1.795500 -0.103170
v 0.196230 1.852219 -0.086951
v 0.241215 1.273139 -0.063212
v 0.135336 1.109363 -0.052003
v 0.069359 1.001234 -0.037311
v 0.060852 0.979848 -0.025160
v 0.203137 1.880841 0.054054
v 0.196230 1.852219 0.086951
v 0.241215 1.273139 0.063212
v 0.135336 1.109363 0.052003
v 0.069359 1.001234 0.037311
v 0.000000 0.946585 0.030920
v 0.032583 0.961680 0.031763
v 0.032583 0.961680 -0.031763
v 0.000000 0.946585 -0.030920
v 0.327758 1.757535 -0.099155
v 0.388164 1.656657 -0.091879
v 0.401520 1.542728 -0.091542
v 0.060852 0.979848 0.025160
v 0.203137 1.880841 -0.054054
v 0.327758 1.757535 0.099155
v 0.388164 1.656657 0.091879
v 0.401520 1.542728 0.091542
v 0.116273 1.795500 0.103170
v 0.000000 1.746779 0.120271
v 0.000000 1.766047 0.075441
v 0.000000 1.766047 -0.075441
v 0.000000 0.896305 0.016485
v 0.000000 0.896305 -0.016485
v 0.231979 1.509421 0.137397
v 0.000000 1.422695 0.175969
v 0.000000 1.223332 0.106960
v 0.000000 1.067557 0.058896
v 0.000000 1.641947 0.165193
v 0.000000 1.548528 0.159014
v 0.471246 1.557624 0.051013
v 0.471246 1.557624 -0.051013
v 0.000000 1.422695 -0.175969
v 0.231979 1.509421 -0.137397
v 0.000000 1.223332 -0.106960
v 0.000000 1.067557 -0.058896
v 0.000000 1.641947 -0.165193
v 0.000000 1.548528 -0.159014
v 0.254353 1.830456 -0.094770
v 0.254353 1.830456 0.094770
v 0.000000 1.702182 0.146118
v 0.000000 1.702182 -0.146118
v 0.384973 1.789595 -0.056561
v 0.189205 1.687609 0.124795
v 0.384973 1.789595 0.056561
v 0.189205 1.687609 -0.124795
v 0.343667 1.419202 -0.085910
v 0.343667 1.419202 0.085910
v 0.000000 1.353446 0.155101
v 0.000000 1.353446 -0.155101
v 0.139329 1.243092 -0.083700
v 0.283123 1.286052 -0.044255
v 0.283123 1.286052 0.044255
v 0.139329 1.243092 0.083700
v -0.116273 1.795500 -0.103170
v -0.196230 1.852219 -0.086951
v -0.241215 1.273139 -0.063212
v -0.135336 1.109363 -0.052003
v -0.069359 1.001234 -0.037311
v -0.060852 0.979848 -0.025160
v -0.203137 1.880841 0.054054
v -0.196230 1.852219 0.086951
v -0.241215 1.273139 0.063212
v -0.135336 1.109363 0.052003
v -0.069359 1.001234 0.037311
v -0.032583 0.961680 0.031763
v -0.032583 0.961680 -0.031763
v -0.327758 1.757535 -0.099155
v -0.388164 1.656657 -0.091879
v -0.401520 1.542728 -0.091542
v -0.060852 0.979848 0.025160
v -0.203137 1.880841 -0.054054
v -0.327758 1.757535 0.099155
v -0.388164 1.656657 0.091879
v -0.401520 1.542728 0.091542
v -0.116273 1.795500 0.103170
v -0.231979 1.509421 0.137397
v -0.471246 1.557624 0.051013
v -0.471246 1.557624 -0.051013
v -0.231979 1.509421 -0.137397
v -0.254353 1.830456 -0.094770
v -0.254353 1.830456 0.094770
v -0.384973 1.789595 -0.056561
v -0.189205 1.687609 0.124795
v -0.384973 1.789595 0.056561
v -0.189205 1.687609 -0.124795
v -0.343667 1.419202 -0.085910
v -0.343667 1.419202 0.085910
v -0.139329 1.243092 -0.083700
v -0.283123 1.286052 -0.044255
v -0.283123 1.286052 0.044255
v -0.139329 1.243092 0.083700
v 0.147887 1.752541 -0.118922
v 0.295749 1.868120 0.054780
v 0.015356 0.912190 0.017445
v 0.105825 1.816891 0.062827
v 0.105825 1.816891 -0.062827
v 0.015356 0.912190 -0.017445
v 0.198391 1.393319 0.112146
v 0.147887 1.752541 0.118922
v 0.403391 1.431051 0.051674
v 0.403391 1.431051 -0.051674
v 0.295749 1.868120 -0.054780
v 0.198391 1.393319 -0.112146
v 0.455911 1.679737 -0.051421
v 0.169015 1.600280 0.124578
v 0.455911 1.679737 0.051421
v 0.169015 1.600280 -0.124578
v 0.077727 1.082679 -0.058279
v 0.156387 1.116881 -0.036663
v 0.156387 1.116881 0.036663
v 0.077727 1.082679 0.058279
v -0.147887 1.752541 -0.118922
v -0.295749 1.868120 0.054780
v -0.015356 0.912190 0.017445
v -0.105825 1.816891 0.062827
v -0.105825 1.816891 -0.062827
v -0.015356 0.912190 -0.017445
v -0.198391 1.393319 0.112146
v -0.147887 1.752541 0.118922
v -0.403391 1.431051 0.051674
v -0.403391 1.431051 -0.051674
v -0.295749 1.868120 -0.054780
v -0.198391 1.393319 -0.112146
v -0.455911 1.679737 -0.051421
v -0.169015 1.600280 0.124578
v -0.455911 1.679737 0.051421
v -0.169015 1.600280 -0.124578
v -0.077727 1.082679 -0.058279
v -0.156387 1.116881 -0.036663
v -0.156387 1.116881 0.036663
v -0.077727 1.082679 0.058279
v 0.000000 1.464808 0.159093
v -0.110283 1.539787 0.131774
v 0.110268 1.539787 0.131774
v 0.000000 1.502710 0.142369
v 0.000000 1.241454 0.081369
v -0.086824 1.331496 0.114148
v 0.088407 1.331738 0.114224
v -0.171193 1.481826 0.127274
v 0.171398 1.481863 0.127303
v 0.000000 1.464808 -0.159093
v 0.000000 1.241454 -0.081369
v 0.110268 1.539787 -0.131783
v -0.110283 1.539787 -0.131783
v 0.000000 1.502710 -0.142378
v -0.083374 1.331161 -0.114052
v 0.170643 1.481772 -0.127243
v -0.170751 1.481772 -0.127243
v 0.082477 1.331161 -0.114053
v -0.612089 1.527609 0.000000
v -0.674555 1.575328 -0.045383
v -0.588230 1.575328 -0.073432
v -0.534878 1.575328 -0.000000
v -0.588230 1.575328 0.073432
v -0.674555 1.575328 0.045383
v -0.635948 1.652541 -0.073432
v -0.549624 1.652541 -0.045383
v -0.549624 1.652541 0.045383
v -0.635948 1.652541 0.073432
v -0.689301 1.652540 0.000000
v -0.612089 1.700259 0.000000
v -0.598065 1.540502 -0.043162
v -0.648805 1.540502 -0.026675
v -0.634781 1.568550 -0.069838
v -0.685521 1.568550 0.000000
v -0.648805 1.540502 0.026675
v -0.566706 1.540502 -0.000000
v -0.552681 1.568550 -0.043162
v -0.598065 1.540502 0.043162
v -0.552681 1.568550 0.043162
v -0.634781 1.568550 0.069838
v -0.694189 1.613934 -0.026675
v -0.694189 1.613934 0.026676
v -0.612089 1.613934 -0.086325
v -0.662830 1.613934 -0.069838
v -0.529989 1.613934 -0.026676
v -0.561349 1.613934 -0.069838
v -0.561349 1.613934 0.069838
v -0.529989 1.613934 0.026675
v -0.662830 1.613934 0.069838
v -0.612089 1.613934 0.086325
v -0.671497 1.659318 -0.043162
v -0.589397 1.659319 -0.069838
v -0.538657 1.659318 -0.000000
v -0.589397 1.659319 0.069838
v -0.671497 1.659318 0.043162
v -0.626113 1.687367 -0.043162
v -0.657473 1.687367 0.000000
v -0.575373 1.687367 -0.026675
v -0.575373 1.687367 0.026675
v -0.626113 1.687367 0.043162
v -0.440384 1.606288 0.028228
v -0.557413 1.614284 0.028228
v -0.440759 1.600794 0.027685
v -0.557789 1.608790 0.027685
v -0.441120 1.595511 0.026079
v -0.558150 1.603507 0.026079
v -0.441453 1.590642 0.023470
v -0.558482 1.598638 0.023470
v -0.441744 1.586375 0.019960
v -0.558774 1.594370 0.019960
v -0.441984 1.582872 0.015682
v -0.559013 1.590868 0.015682
v -0.442161 1.580270 0.010802
v -0.559191 1.588265 0.010802
v -0.442271 1.578667 0.005507
v -0.559300 1.586663 0.005507
v -0.442308 1.578126 -0.000000
v -0.559337 1.586122 -0.000000
v -0.442271 1.578667 -0.005507
v -0.559300 1.586663 -0.005507
v -0.442161 1.580270 -0.010802
v -0.559191 1.588265 -0.010802
v -0.441984 1.582872 -0.015682
v -0.559013 1.590868 -0.015682
v -0.441744 1.586375 -0.019960
v -0.558774 1.594370 -0.019960
v -0.441453 1.590642 -0.023470
v -0.558482 1.598638 -0.023470
v -0.441120 1.595511 -0.026079
v -0.558150 1.603507 -0.026079
v -0.440759 1.600794 -0.027685
v -0.557789 1.608790 -0.027685
v -0.440384 1.606288 -0.028228
v -0.557413 1.614284 -0.028228
v -0.440008 1.611782 -0.027685
v -0.557038 1.619778 -0.027685
v -0.439647 1.617065 -0.026079
v -0.556677 1.625061 -0.026079
v -0.439315 1.621934 -0.023470
v -0.556345 1.629930 -0.023470
v -0.439023 1.626202 -0.019960
v -0.556053 1.634197 -0.019960
v -0.438784 1.629704 -0.015682
v -0.555814 1.637700 -0.015682
v -0.438606 1.632306 -0.010802
v -0.555636 1.640302 -0.010802
v -0.438497 1.633909 -0.005507
v -0.555526 1.641905 -0.005507
v -0.438460 1.634450 -0.000000
v -0.555489 1.642446 -0.000000
v -0.438497 1.633909 0.005507
v -0.555526 1.641905 0.005507
v -0.438606 1.632306 0.010802
v -0.555636 1.640302 0.010802
v -0.438784 1.629704 0.015682
v -0.555814 1.637700 0.015682
v -0.439023 1.626202 0.019960
v -0.556053 1.634197 0.019960
v -0.439315 1.621934 0.023470
v -0.556345 1.629930 0.023470
v -0.439647 1.617065 0.026079
v -0.556677 1.625061 0.026079
v -0.440008 1.611782 0.027685
v -0.557038 1.619778 0.027685
v -0.475564 1.608692 0.028228
v -0.480588 1.609035 0.028228
v -0.485245 1.609353 0.032354
v -0.491004 1.609747 0.032354
v -0.495661 1.610065 0.028228
v -0.496037 1.604571 0.027685
v -0.491435 1.603449 0.031732
v -0.485676 1.603056 0.031732
v -0.480964 1.603541 0.027685
v -0.475939 1.603198 0.027685
v -0.496398 1.599288 0.026079
v -0.491848 1.597394 0.029891
v -0.486089 1.597001 0.029891
v -0.481325 1.598258 0.026079
v -0.476300 1.597915 0.026079
v -0.496730 1.594419 0.023470
v -0.492229 1.591814 0.026901
v -0.486471 1.591420 0.026901
v -0.481657 1.593389 0.023470
v -0.476633 1.593046 0.023470
v -0.497022 1.590151 0.019960
v -0.492564 1.586922 0.022878
v -0.486805 1.586529 0.022878
v -0.481949 1.589121 0.019960
v -0.476924 1.588778 0.019960
v -0.497261 1.586649 0.015682
v -0.492838 1.582908 0.017975
v -0.487079 1.582515 0.017975
v -0.482188 1.585619 0.015682
v -0.477164 1.585276 0.015682
v -0.497439 1.584047 0.010802
v -0.493042 1.579925 0.012381
v -0.487283 1.579532 0.012381
v -0.482366 1.583017 0.010802
v -0.477342 1.582673 0.010802
v -0.497549 1.582444 0.005507
v -0.493167 1.578088 0.006312
v -0.487408 1.577695 0.006312
v -0.482475 1.581414 0.005507
v -0.477451 1.581071 0.005507
v -0.497585 1.581903 -0.000000
v -0.493210 1.577468 -0.000000
v -0.487451 1.577075 -0.000000
v -0.482512 1.580873 -0.000000
v -0.477488 1.580530 -0.000000
v -0.497549 1.582444 -0.005507
v -0.493167 1.578088 -0.006312
v -0.487408 1.577695 -0.006312
v -0.482475 1.581414 -0.005507
v -0.477451 1.581071 -0.005507
v -0.497439 1.584047 -0.010802
v -0.493042 1.579925 -0.012381
v -0.487283 1.579532 -0.012381
v -0.482366 1.583017 -0.010802
v -0.477342 1.582673 -0.010802
v -0.497261 1.586649 -0.015682
v -0.492838 1.582908 -0.017975
v -0.487079 1.582515 -0.017975
v -0.482188 1.585619 -0.015682
v -0.477164 1.585276 -0.015682
v -0.497022 1.590151 -0.019960
v -0.492564 1.586922 -0.022878
v -0.486805 1.586529 -0.022878
v -0.481949 1.589121 -0.019960
v -0.476924 1.588778 -0.019960
v -0.496730 1.594419 -0.023470
v -0.492229 1.591814 -0.026901
v -0.486471 1.591420 -0.026901
v -0.481657 1.593389 -0.023470
v -0.476633 1.593046 -0.023470
v -0.496398 1.599288 -0.026079
v -0.491848 1.597394 -0.029891
v -0.486089 1.597001 -0.029891
v -0.481325 1.598258 -0.026079
v -0.476300 1.597915 -0.026079
v -0.496037 1.604571 -0.027685
v -0.491435 1.603449 -0.031732
v -0.485676 1.603056 -0.031732
v -0.480964 1.603541 -0.027685
v -0.475939 1.603198 -0.027685
v -0.495661 1.610065 -0.028228
v -0.491004 1.609747 -0.032354
v -0.485245 1.609353 -0.032354
v -0.480588 1.609035 -0.028228
v -0.475564 1.608692 -0.028228
v -0.495286 1.615559 -0.027685
v -0.490574 1.616044 -0.031732
v -0.484815 1.615650 -0.031732
v -0.480213 1.614529 -0.027685
v -0.475189 1.614186 -0.027685
v -0.494925 1.620842 -0.026079
v -0.490160 1.622099 -0.029891
v -0.484402 1.621706 -0.029891
v -0.479852 1.619812 -0.026079
v -0.474828 1.619469 -0.026079
v -0.494592 1.625711 -0.023470
v -0.489779 1.627680 -0.026901
v -0.484020 1.627286 -0.026901
v -0.479519 1.624681 -0.023470
v -0.474495 1.624338 -0.023470
v -0.494301 1.629978 -0.019960
v -0.489445 1.632571 -0.022878
v -0.483686 1.632178 -0.022878
v -0.479228 1.628949 -0.019960
v -0.474203 1.628605 -0.019960
v -0.494062 1.633481 -0.015682
v -0.489171 1.636585 -0.017975
v -0.483412 1.636192 -0.017975
v -0.478989 1.632451 -0.015682
v -0.473964 1.632107 -0.015682
v -0.493884 1.636083 -0.010802
v -0.488967 1.639568 -0.012381
v -0.483208 1.639175 -0.012381
v -0.478811 1.635053 -0.010802
v -0.473786 1.634710 -0.010802
v -0.493774 1.637686 -0.005507
v -0.488841 1.641405 -0.006312
v -0.483083 1.641012 -0.006312
v -0.478701 1.636656 -0.005507
v -0.473677 1.636313 -0.005507
v -0.493737 1.638227 -0.000000
v -0.488799 1.642025 -0.000000
v -0.483040 1.641632 -0.000000
v -0.478664 1.637197 -0.000000
v -0.473640 1.636854 -0.000000
v -0.493774 1.637686 0.005507
v -0.488841 1.641405 0.006312
v -0.483083 1.641012 0.006312
v -0.478701 1.636656 0.005507
v -0.473677 1.636313 0.005507
v -0.493884 1.636083 0.010802
v -0.488967 1.639568 0.012381
v -0.483208 1.639175 0.012381
v -0.478811 1.635053 0.010802
v -0.473786 1.634710 0.010802
v -0.494062 1.633481 0.015682
v -0.489171 1.636585 0.017975
v -0.483412 1.636192 0.017975
v -0.478989 1.632451 0.015682
v -0.473964 1.632107 0.015682
v -0.494301 1.629978 0.019960
v -0.489445 1.632571 0.022878
v -0.483686 1.632178 0.022878
v -0.479228 1.628949 0.019960
v -0.474203 1.628605 0.019960
v -0.494592 1.625711 0.023470
v -0.489779 1.627680 0.026901
v -0.484020 1.627286 0.026901
v -0.479519 1.624681 0.023470
v -0.474495 1.624338 0.023470
v -0.494925 1.620842 0.026079
v -0.490160 1.622099 0.029891
v -0.484402 1.621706 0.029891
v -0.479852 1.619812 0.026079
v -0.474828 1.619469 0.026079
v -0.495286 1.615559 0.027685
v -0.490574 1.616044 0.031732
v -0.484815 1.615650 0.031732
v -0.480213 1.614529 0.027685
v -0.475189 1.614186 0.027685
v -0.480588 1.609035 0.037424
v -0.485613 1.609378 0.037424
v -0.486110 1.602094 0.036705
v -0.481086 1.601751 0.036705
v -0.486589 1.595090 0.034575
v -0.481564 1.594747 0.034575
v -0.487030 1.588635 0.031117
v -0.482006 1.588292 0.031117
v -0.487416 1.582977 0.026463
v -0.482392 1.582634 0.026463
v -0.487734 1.578334 0.020791
v -0.482709 1.577991 0.020791
v -0.487969 1.574884 0.014321
v -0.482945 1.574540 0.014321
v -0.488115 1.572759 0.007301
v -0.483090 1.572416 0.007301
v -0.488164 1.572042 -0.000000
v -0.483139 1.571698 -0.000000
v -0.488115 1.572759 -0.007301
v -0.483090 1.572416 -0.007301
v -0.487969 1.574884 -0.014321
v -0.482945 1.574540 -0.014321
v -0.487734 1.578334 -0.020791
v -0.482709 1.577991 -0.020791
v -0.487416 1.582977 -0.026463
v -0.482392 1.582634 -0.026463
v -0.487030 1.588635 -0.031117
v -0.482006 1.588292 -0.031117
v -0.486589 1.595090 -0.034575
v -0.481564 1.594747 -0.034575
v -0.486110 1.602094 -0.036705
v -0.481086 1.601751 -0.036705
v -0.485613 1.609378 -0.037424
v -0.480588 1.609035 -0.037424
v -0.485115 1.616662 -0.036705
v -0.480091 1.616319 -0.036705
v -0.484637 1.623666 -0.034575
v -0.479612 1.623323 -0.034575
v -0.484196 1.630121 -0.031117
v -0.479171 1.629778 -0.031117
v -0.483809 1.635779 -0.026463
v -0.478785 1.635436 -0.026463
v -0.483492 1.640423 -0.020791
v -0.478467 1.640079 -0.020791
v -0.483256 1.643873 -0.014321
v -0.478232 1.643530 -0.014321
v -0.483111 1.645998 -0.007301
v -0.478086 1.645654 -0.007301
v -0.483062 1.646715 -0.000000
v -0.478037 1.646372 -0.000000
v -0.483111 1.645998 0.007301
v -0.478086 1.645654 0.007301
v -0.483256 1.643873 0.014321
v -0.478232 1.643530 0.014321
v -0.483492 1.640423 0.020791
v -0.478467 1.640079 0.020791
v -0.483809 1.635779 0.026463
v -0.478785 1.635436 0.026463
v -0.484196 1.630121 0.031117
v -0.479171 1.629778 0.031117
v -0.484637 1.623666 0.034575
v -0.479612 1.623323 0.034575
v -0.485115 1.616662 0.036705
v -0.480091 1.616319 0.036705
v -0.475564 1.608692 0.030642
v -0.480588 1.609035 0.030642
v -0.480996 1.603071 0.030053
v -0.475971 1.602728 0.030053
v -0.481388 1.597336 0.028309
v -0.476363 1.596993 0.028309
v -0.481749 1.592051 0.025478
v -0.476724 1.591708 0.025478
v -0.482065 1.587418 0.021667
v -0.477041 1.587075 0.021667
v -0.482325 1.583617 0.017024
v -0.477301 1.583273 0.017024
v -0.482518 1.580792 0.011726
v -0.477494 1.580448 0.011726
v -0.482637 1.579052 0.005978
v -0.477612 1.578709 0.005978
v -0.482677 1.578465 -0.000000
v -0.477653 1.578121 -0.000000
v -0.482637 1.579052 -0.005978
v -0.477612 1.578709 -0.005978
v -0.482518 1.580792 -0.011726
v -0.477494 1.580448 -0.011726
v -0.482325 1.583617 -0.017024
v -0.477301 1.583273 -0.017024
v -0.482065 1.587418 -0.021667
v -0.477041 1.587075 -0.021667
v -0.481749 1.592051 -0.025478
v -0.476724 1.591708 -0.025478
v -0.481388 1.597336 -0.028309
v -0.476363 1.596993 -0.028309
v -0.480996 1.603071 -0.030053
v -0.475971 1.602728 -0.030053
v -0.480588 1.609035 -0.030642
v -0.475564 1.608692 -0.030642
v -0.480181 1.614999 -0.030053
v -0.475156 1.614656 -0.030053
v -0.479789 1.620734 -0.028309
v -0.474765 1.620391 -0.028309
v -0.479428 1.626019 -0.025478
v -0.474404 1.625676 -0.025478
v -0.479111 1.630652 -0.021667
v -0.474087 1.630308 -0.021667
v -0.478852 1.634453 -0.017024
v -0.473827 1.634110 -0.017024
v -0.478659 1.637278 -0.011726
v -0.473634 1.636935 -0.011726
v -0.478540 1.639018 -0.005978
v -0.473516 1.638675 -0.005978
v -0.478500 1.639606 -0.000000
v -0.473475 1.639262 -0.000000
v -0.478540 1.639018 0.005978
v -0.473516 1.638675 0.005978
v -0.478659 1.637278 0.011726
v -0.473634 1.636935 0.011726
v -0.478852 1.634453 0.017024
v -0.473827 1.634110 0.017024
v -0.479111 1.630652 0.021667
v -0.474087 1.630308 0.021667
v -0.479428 1.626019 0.025478
v -0.474404 1.625676 0.025478
v -0.479789 1.620734 0.028309
v -0.474765 1.620391 0.028309
v -0.480181 1.614999 0.030053
v -0.475156 1.614656 0.030053
v -0.627799 1.573565 0.028228
v -0.676852 1.467012 0.028228
v -0.622796 1.571262 0.027685
v -0.671849 1.464709 0.027685
v -0.617986 1.569048 0.026079
v -0.667039 1.462494 0.026079
v -0.613553 1.567007 0.023470
v -0.662606 1.460454 0.023470
v -0.609668 1.565219 0.019960
v -0.658721 1.458665 0.019960
v -0.606479 1.563751 0.015682
v -0.655532 1.457197 0.015682
v -0.604109 1.562660 0.010802
v -0.653162 1.456106 0.010802
v -0.602650 1.561988 0.005507
v -0.651703 1.455434 0.005507
v -0.602158 1.561761 -0.000000
v -0.651211 1.455208 0.000000
v -0.602650 1.561988 -0.005507
v -0.651703 1.455434 -0.005507
v -0.604109 1.562660 -0.010802
v -0.653162 1.456106 -0.010802
v -0.606479 1.563751 -0.015682
v -0.655532 1.457197 -0.015682
v -0.609668 1.565219 -0.019960
v -0.658721 1.458665 -0.019960
v -0.613553 1.567007 -0.023470
v -0.662606 1.460454 -0.023470
v -0.617986 1.569048 -0.026079
v -0.667039 1.462494 -0.026079
v -0.622796 1.571262 -0.027685
v -0.671849 1.464709 -0.027685
v -0.627799 1.573565 -0.028228
v -0.676852 1.467012 -0.028228
v -0.632801 1.575868 -0.027685
v -0.681854 1.469315 -0.027685
v -0.637611 1.578083 -0.026079
v -0.686664 1.471529 -0.026079
v -0.642044 1.580123 -0.023470
v -0.691097 1.473570 -0.023470
v -0.645930 1.581912 -0.019960
v -0.694983 1.475358 -0.019960
v -0.649118 1.583380 -0.015682
v -0.698171 1.476826 -0.015682
v -0.651488 1.584471 -0.010802
v -0.700541 1.477917 -0.010802
v -0.652947 1.585143 -0.005507
v -0.702000 1.478589 -0.005507
v -0.653440 1.585369 0.000000
v -0.702493 1.478816 0.000000
v -0.652947 1.585143 0.005507
v -0.702000 1.478589 0.005507
v -0.651488 1.584471 0.010802
v -0.700541 1.477917 0.010802
v -0.649118 1.583380 0.015682
v -0.698171 1.476826 0.015682
v -0.645930 1.581912 0.019960
v -0.694983 1.475358 0.019960
v -0.642044 1.580123 0.023470
v -0.691097 1.473570 0.023470
v -0.637611 1.578083 0.026079
v -0.686664 1.471529 0.026079
v -0.632801 1.575868 0.027685
v -0.681854 1.469315 0.027685
v -0.642544 1.541534 0.028228
v -0.644650 1.536960 0.028228
v -0.646602 1.532719 0.032354
v -0.649016 1.527476 0.032354
v -0.650968 1.523236 0.028228
v -0.645966 1.520933 0.027685
v -0.643283 1.524837 0.031732
v -0.640869 1.530080 0.031732
v -0.639648 1.534657 0.027685
v -0.637542 1.539232 0.027685
v -0.641156 1.518719 0.026079
v -0.637770 1.522299 0.029891
v -0.635356 1.527542 0.029891
v -0.634838 1.532442 0.026079
v -0.632732 1.537017 0.026079
v -0.636723 1.516678 0.023470
v -0.632689 1.519960 0.026901
v -0.630275 1.525203 0.026901
v -0.630405 1.530402 0.023470
v -0.628299 1.534976 0.023470
v -0.632837 1.514889 0.019960
v -0.628235 1.517909 0.022878
v -0.625821 1.523153 0.022878
v -0.626520 1.528613 0.019960
v -0.624414 1.533188 0.019960
v -0.629649 1.513421 0.015682
v -0.624580 1.516227 0.017975
v -0.622166 1.521470 0.017975
v -0.623331 1.527145 0.015682
v -0.621225 1.531720 0.015682
v -0.627279 1.512330 0.010802
v -0.621864 1.514977 0.012381
v -0.619450 1.520220 0.012381
v -0.620961 1.526054 0.010802
v -0.618855 1.530629 0.010802
v -0.625820 1.511659 0.005507
v -0.620192 1.514207 0.006312
v -0.617778 1.519450 0.006312
v -0.619502 1.525383 0.005507
v -0.617396 1.529957 0.005507
v -0.625327 1.511432 0.000000
v -0.619627 1.513947 0.000000
v -0.617213 1.519190 0.000000
v -0.619009 1.525156 0.000000
v -0.616903 1.529730 0.000000
v -0.625820 1.511659 -0.005507
v -0.620192 1.514207 -0.006312
v -0.617778 1.519450 -0.006312
v -0.619502 1.525383 -0.005507
v -0.617396 1.529957 -0.005507
v -0.627279 1.512330 -0.010802
v -0.621864 1.514977 -0.012381
v -0.619450 1.520220 -0.012381
v -0.620961 1.526054 -0.010802
v -0.618855 1.530629 -0.010802
v -0.629649 1.513421 -0.015682
v -0.624580 1.516227 -0.017975
v -0.622166 1.521470 -0.017975
v -0.623331 1.527145 -0.015682
v -0.621225 1.531720 -0.015682
v -0.632837 1.514889 -0.019960
v -0.628235 1.517909 -0.022878
v -0.625821 1.523153 -0.022878
v -0.626520 1.528613 -0.019960
v -0.624414 1.533188 -0.019960
v -0.636723 1.516678 -0.023470
v -0.632689 1.519960 -0.026901
v -0.630275 1.525203 -0.026901
v -0.630405 1.530402 -0.023470
v -0.628299 1.534976 -0.023470
v -0.641156 1.518719 -0.026079
v -0.637770 1.522299 -0.029891
v -0.635356 1.527542 -0.029891
v -0.634838 1.532442 -0.026079
v -0.632732 1.537017 -0.026079
v -0.645966 1.520933 -0.027685
v -0.643283 1.524837 -0.031732
v -0.640869 1.530080 -0.031732
v -0.639648 1.534657 -0.027685
v -0.637542 1.539232 -0.027685
v -0.650968 1.523236 -0.028228
v -0.649016 1.527476 -0.032354
v -0.646602 1.532719 -0.032354
v -0.644650 1.536960 -0.028228
v -0.642544 1.541534 -0.028228
v -0.655971 1.525539 -0.027685
v -0.654750 1.530116 -0.031732
v -0.652336 1.535359 -0.031732
v -0.649653 1.539263 -0.027685
v -0.647547 1.543837 -0.027685
v -0.660781 1.527753 -0.026079
v -0.660263 1.532654 -0.029891
v -0.657849 1.537897 -0.029891
v -0.654463 1.541477 -0.026079
v -0.652357 1.546052 -0.026079
v -0.665214 1.529794 -0.023470
v -0.665344 1.534993 -0.026901
v -0.662930 1.540236 -0.026901
v -0.658896 1.543518 -0.023470
v -0.656790 1.548092 -0.023470
v -0.669099 1.531583 -0.019960
v -0.669798 1.537043 -0.022878
v -0.667384 1.542286 -0.022878
v -0.662781 1.545306 -0.019960
v -0.660675 1.549881 -0.019960
v -0.672288 1.533051 -0.015682
v -0.673452 1.538726 -0.017975
v -0.671039 1.543969 -0.017975
v -0.665970 1.546775 -0.015682
v -0.663864 1.551349 -0.015682
v -0.674658 1.534141 -0.010802
v -0.676168 1.539976 -0.012381
v -0.673755 1.545219 -0.012381
v -0.668340 1.547865 -0.010802
v -0.666234 1.552440 -0.010802
v -0.676117 1.534813 -0.005507
v -0.677841 1.540746 -0.006312
v -0.675427 1.545989 -0.006312
v -0.669799 1.548537 -0.005507
v -0.667693 1.553112 -0.005507
v -0.676609 1.535040 0.000000
v -0.678405 1.541006 0.000000
v -0.675992 1.546249 0.000000
v -0.670291 1.548764 0.000000
v -0.668185 1.553338 0.000000
v -0.676117 1.534813 0.005507
v -0.677841 1.540746 0.006312
v -0.675427 1.545989 0.006312
v -0.669799 1.548537 0.005507
v -0.667693 1.553112 0.005507
v -0.674658 1.534141 0.010802
v -0.676168 1.539976 0.012381
v -0.673755 1.545219 0.012381
v -0.668340 1.547865 0.010802
v -0.666234 1.552440 0.010802
v -0.672288 1.533051 0.015682
v -0.673452 1.538726 0.017975
v -0.671039 1.543969 0.017975
v -0.665970 1.546775 0.015682
v -0.663864 1.551349 0.015682
v -0.669099 1.531583 0.019960
v -0.669798 1.537043 0.022878
v -0.667384 1.542286 0.022878
v -0.662781 1.545306 0.019960
v -0.660675 1.549881 0.019960
v -0.665214 1.529794 0.023470
v -0.665344 1.534993 0.026901
v -0.662930 1.540236 0.026901
v -0.658896 1.543518 0.023470
v -0.656790 1.548092 0.023470
v -0.660781 1.527753 0.026079
v -0.660263 1.532654 0.029891
v -0.657849 1.537897 0.029891
v -0.654463 1.541477 0.026079
v -0.652357 1.546052 0.026079
v -0.655971 1.525539 0.027685
v -0.654750 1.530116 0.031732
v -0.652336 1.535359 0.031732
v -0.649653 1.539263 0.027685
v -0.647547 1.543837 0.027685
v -0.644650 1.536960 0.037424
v -0.646756 1.532385 0.037424
v -0.640124 1.529332 0.036705
v -0.638018 1.533907 0.036705
v -0.633747 1.526396 0.034575
v -0.631641 1.530971 0.034575
v -0.627870 1.523691 0.031117
v -0.625764 1.528265 0.031117
v -0.622719 1.521319 0.026463
v -0.620613 1.525894 0.026463
v -0.618491 1.519373 0.020791
v -0.616385 1.523948 0.020791
v -0.615350 1.517927 0.014321
v -0.613244 1.522501 0.014321
v -0.613415 1.517036 0.007301
v -0.611309 1.521611 0.007301
v -0.612762 1.516735 0.000000
v -0.610656 1.521310 -0.000000
v -0.613415 1.517036 -0.007301
v -0.611309 1.521611 -0.007301
v -0.615350 1.517927 -0.014321
v -0.613244 1.522501 -0.014321
v -0.618491 1.519373 -0.020791
v -0.616385 1.523948 -0.020791
v -0.622719 1.521319 -0.026463
v -0.620613 1.525894 -0.026463
v -0.627870 1.523691 -0.031117
v -0.625764 1.528265 -0.031117
v -0.633747 1.526396 -0.034575
v -0.631641 1.530971 -0.034575
v -0.640124 1.529332 -0.036705
v -0.638018 1.533907 -0.036705
v -0.646756 1.532385 -0.037424
v -0.644650 1.536960 -0.037424
v -0.653388 1.535438 -0.036705
v -0.651282 1.540013 -0.036705
v -0.659765 1.538374 -0.034575
v -0.657660 1.542949 -0.034575
v -0.665643 1.541080 -0.031117
v -0.663537 1.545654 -0.031117
v -0.670794 1.543451 -0.026463
v -0.668688 1.548026 -0.026463
v -0.675022 1.545397 -0.020791
v -0.672916 1.549972 -0.020791
v -0.678163 1.546844 -0.014321
v -0.676057 1.551418 -0.014321
v -0.680098 1.547734 -0.007301
v -0.677992 1.552309 -0.007301
v -0.680751 1.548035 0.000000
v -0.678645 1.552609 0.000000
v -0.680098 1.547734 0.007301
v -0.677992 1.552309 0.007301
v -0.678163 1.546844 0.014321
v -0.676057 1.551418 0.014321
v -0.675022 1.545397 0.020791
v -0.672916 1.549972 0.020791
v -0.670794 1.543451 0.026463
v -0.668688 1.548026 0.026463
v -0.665643 1.541080 0.031117
v -0.663537 1.545654 0.031117
v -0.659765 1.538374 0.034575
v -0.657660 1.542949 0.034575
v -0.653388 1.535438 0.036705
v -0.651282 1.540013 0.036705
v -0.642544 1.541534 0.030642
v -0.644650 1.536960 0.030642
v -0.639220 1.534460 0.030053
v -0.637114 1.539034 0.030053
v -0.633999 1.532056 0.028309
v -0.631893 1.536631 0.028309
v -0.629187 1.529841 0.025478
v -0.627081 1.534415 0.025478
v -0.624969 1.527899 0.021667
v -0.622863 1.532474 0.021667
v -0.621507 1.526306 0.017024
v -0.619401 1.530880 0.017024
v -0.618935 1.525121 0.011726
v -0.616829 1.529696 0.011726
v -0.617351 1.524392 0.005978
v -0.615245 1.528967 0.005978
v -0.616816 1.524146 0.000000
v -0.614711 1.528721 0.000000
v -0.617351 1.524392 -0.005978
v -0.615245 1.528967 -0.005978
v -0.618935 1.525121 -0.011726
v -0.616829 1.529696 -0.011726
v -0.621507 1.526306 -0.017024
v -0.619401 1.530880 -0.017024
v -0.624969 1.527899 -0.021667
v -0.622863 1.532474 -0.021667
v -0.629187 1.529841 -0.025478
v -0.627081 1.534415 -0.025478
v -0.633999 1.532056 -0.028309
v -0.631893 1.536631 -0.028309
v -0.639220 1.534460 -0.030053
v -0.637114 1.539034 -0.030053
v -0.644650 1.536960 -0.030642
v -0.642544 1.541534 -0.030642
v -0.650081 1.539460 -0.030053
v -0.647975 1.544034 -0.030053
v -0.655302 1.541863 -0.028309
v -0.653196 1.546438 -0.028309
v -0.660114 1.544079 -0.025478
v -0.658008 1.548653 -0.025478
v -0.664332 1.546020 -0.021667
v -0.662226 1.550595 -0.021667
v -0.667794 1.547614 -0.017024
v -0.665688 1.552189 -0.017024
v -0.670366 1.548798 -0.011726
v -0.668260 1.553373 -0.011726
v -0.671950 1.549527 -0.005978
v -0.669844 1.554102 -0.005978
v -0.672484 1.549773 0.000000
v -0.670378 1.554348 0.000000
v -0.671950 1.549527 0.005978
v -0.669844 1.554102 0.005978
v -0.670366 1.548798 0.011726
v -0.668260 1.553373 0.011726
v -0.667794 1.547614 0.017024
v -0.665688 1.552189 0.017024
v -0.664332 1.546020 0.021667
v -0.662226 1.550595 0.021667
v -0.660114 1.544079 0.025478
v -0.658008 1.548653 0.025478
v -0.655302 1.541863 0.028309
v -0.653196 1.546438 0.028309
v -0.650081 1.539460 0.030053
v -0.647975 1.544034 0.030053
v -0.654666 1.515204 0.028228
v -0.657053 1.510018 0.034897
v -0.661331 1.500727 0.039382
v -0.666489 1.489521 0.039382
v -0.670767 1.480229 0.034897
v -0.673154 1.475044 0.028228
v -0.668152 1.472741 0.027685
v -0.664583 1.477382 0.034226
v -0.659510 1.486308 0.038625
v -0.654352 1.497514 0.038625
v -0.650869 1.507171 0.034226
v -0.649664 1.512901 0.027685
v -0.663342 1.470526 0.026079
v -0.658636 1.474645 0.032240
v -0.652799 1.483219 0.036384
v -0.647641 1.494424 0.036384
v -0.644922 1.504434 0.032240
v -0.644854 1.510687 0.026079
v -0.658909 1.468486 0.023470
v -0.653156 1.472122 0.029015
v -0.646615 1.480371 0.032745
v -0.641456 1.491577 0.032745
v -0.639442 1.501911 0.029015
v -0.640421 1.508646 0.023470
v -0.655023 1.466697 0.019960
v -0.648352 1.469911 0.024676
v -0.641194 1.477876 0.027847
v -0.636035 1.489082 0.027847
v -0.634639 1.499699 0.024676
v -0.636535 1.506857 0.019960
v -0.651834 1.465229 0.015682
v -0.644410 1.468096 0.019387
v -0.636745 1.475828 0.021879
v -0.631586 1.487034 0.021879
v -0.630697 1.497885 0.019387
v -0.633346 1.505389 0.015682
v -0.649465 1.464138 0.010802
v -0.641481 1.466747 0.013354
v -0.633439 1.474306 0.015071
v -0.628280 1.485512 0.015071
v -0.627767 1.496536 0.013354
v -0.630977 1.504298 0.010802
v -0.648006 1.463467 0.005507
v -0.639677 1.465917 0.006808
v -0.631403 1.473369 0.007683
v -0.626245 1.484575 0.007683
v -0.625963 1.495706 0.006808
v -0.629518 1.503627 0.005507
v -0.647513 1.463240 0.000000
v -0.639068 1.465636 0.000000
v -0.630716 1.473052 0.000000
v -0.625557 1.484258 0.000000
v -0.625354 1.495425 0.000000
v -0.629025 1.503400 0.000000
v -0.648006 1.463467 -0.005507
v -0.639677 1.465917 -0.006808
v -0.631403 1.473369 -0.007683
v -0.626245 1.484575 -0.007683
v -0.625963 1.495706 -0.006808
v -0.629518 1.503627 -0.005507
v -0.649465 1.464138 -0.010802
v -0.641481 1.466747 -0.013354
v -0.633439 1.474306 -0.015071
v -0.628280 1.485512 -0.015071
v -0.627767 1.496536 -0.013354
v -0.630977 1.504298 -0.010802
v -0.651834 1.465229 -0.015682
v -0.644410 1.468096 -0.019387
v -0.636745 1.475828 -0.021879
v -0.631586 1.487034 -0.021879
v -0.630697 1.497885 -0.019387
v -0.633346 1.505389 -0.015682
v -0.655023 1.466697 -0.019960
v -0.648352 1.469911 -0.024676
v -0.641194 1.477876 -0.027847
v -0.636035 1.489082 -0.027847
v -0.634639 1.499699 -0.024676
v -0.636535 1.506857 -0.019960
v -0.658909 1.468486 -0.023470
v -0.653156 1.472122 -0.029015
v -0.646615 1.480371 -0.032745
v -0.641456 1.491577 -0.032745
v -0.639442 1.501911 -0.029015
v -0.640421 1.508646 -0.023470
v -0.663342 1.470526 -0.026079
v -0.658636 1.474645 -0.032240
v -0.652799 1.483219 -0.036384
v -0.647641 1.494424 -0.036384
v -0.644922 1.504434 -0.032240
v -0.644854 1.510687 -0.026079
v -0.668152 1.472741 -0.027685
v -0.664583 1.477382 -0.034226
v -0.659510 1.486308 -0.038625
v -0.654352 1.497514 -0.038625
v -0.650869 1.507171 -0.034226
v -0.649664 1.512901 -0.027685
v -0.673154 1.475044 -0.028228
v -0.670767 1.480229 -0.034897
v -0.666489 1.489521 -0.039382
v -0.661331 1.500727 -0.039382
v -0.657053 1.510018 -0.034897
v -0.654666 1.515204 -0.028228
v -0.678156 1.477347 -0.027685
v -0.676951 1.483076 -0.034226
v -0.673468 1.492734 -0.038625
v -0.668310 1.503940 -0.038625
v -0.663237 1.512865 -0.034226
v -0.659668 1.517507 -0.027685
v -0.682966 1.479561 -0.026079
v -0.682897 1.485814 -0.032240
v -0.680179 1.495823 -0.036384
v -0.675020 1.507029 -0.036384
v -0.669184 1.515603 -0.032240
v -0.664478 1.519721 -0.026079
v -0.687399 1.481602 -0.023470
v -0.688378 1.488337 -0.029015
v -0.686364 1.498670 -0.032745
v -0.681205 1.509876 -0.032745
v -0.674664 1.518126 -0.029015
v -0.668911 1.521762 -0.023470
v -0.691285 1.483390 -0.019960
v -0.693181 1.490548 -0.024676
v -0.691785 1.501166 -0.027847
v -0.686626 1.512372 -0.027847
v -0.679468 1.520337 -0.024676
v -0.672797 1.523551 -0.019960
v -0.694474 1.484859 -0.015682
v -0.697123 1.492363 -0.019387
v -0.696234 1.503214 -0.021879
v -0.691075 1.514420 -0.021879
v -0.683410 1.522152 -0.019387
v -0.675986 1.525019 -0.015682
v -0.696843 1.485949 -0.010802
v -0.700053 1.493711 -0.013354
v -0.699539 1.504736 -0.015071
v -0.694381 1.515942 -0.015071
v -0.686339 1.523500 -0.013354
v -0.678355 1.526109 -0.010802
v -0.698302 1.486621 -0.005507
v -0.701856 1.494542 -0.006808
v -0.701575 1.505673 -0.007683
v -0.696416 1.516879 -0.007683
v -0.688143 1.524331 -0.006808
v -0.679814 1.526781 -0.005507
v -0.698795 1.486848 0.000000
v -0.702466 1.494822 0.000000
v -0.702263 1.505989 0.000000
v -0.697104 1.517195 0.000000
v -0.688752 1.524611 0.000000
v -0.680307 1.527008 0.000000
v -0.698302 1.486621 0.005507
v -0.701856 1.494542 0.006808
v -0.701575 1.505673 0.007683
v -0.696416 1.516879 0.007683
v -0.688143 1.524331 0.006808
v -0.679814 1.526781 0.005507
v -0.696843 1.485949 0.010802
v -0.700053 1.493711 0.013354
v -0.699539 1.504736 0.015071
v -0.694381 1.515942 0.015071
v -0.686339 1.523500 0.013354
v -0.678355 1.526109 0.010802
v -0.694474 1.484859 0.015682
v -0.697123 1.492363 0.019388
v -0.696234 1.503214 0.021879
v -0.691075 1.514420 0.021879
v -0.683410 1.522152 0.019387
v -0.675986 1.525019 0.015682
v -0.691285 1.483390 0.019960
v -0.693181 1.490548 0.024676
v -0.691785 1.501166 0.027847
v -0.686626 1.512372 0.027847
v -0.679468 1.520337 0.024676
v -0.672797 1.523551 0.019960
v -0.687399 1.481602 0.023470
v -0.688378 1.488337 0.029015
v -0.686364 1.498670 0.032745
v -0.681205 1.509876 0.032745
v -0.674664 1.518126 0.029015
v -0.668911 1.521762 0.023470
v -0.682966 1.479561 0.026079
v -0.682897 1.485814 0.032240
v -0.680179 1.495823 0.036384
v -0.675020 1.507029 0.036384
v -0.669184 1.515603 0.032240
v -0.664478 1.519721 0.026079
v -0.678156 1.477347 0.027685
v -0.676951 1.483076 0.034226
v -0.673468 1.492734 0.038625
v -0.668310 1.503940 0.038625
v -0.663237 1.512865 0.034226
v -0.659668 1.517507 0.027685
v -0.675803 1.468083 -0.042234
v -1.006325 0.598480 -0.000574
v -0.647888 1.457473 -0.029864
v -1.005946 0.598336 -0.000406
v -0.636325 1.453078 0.000000
v -1.005789 0.598276 0.000000
v -0.647888 1.457473 0.029864
v -1.005946 0.598336 0.000406
v -0.675803 1.468083 0.042234
v -1.006325 0.598480 0.000574
v -0.703719 1.478693 0.029864
v -1.006705 0.598624 0.000406
v -0.715282 1.483088 0.000000
v -1.006862 0.598683 0.000000
v -0.703719 1.478693 -0.029864
v -1.006705 0.598624 -0.000406
v -0.688674 1.434220 -0.062777
v -0.696456 1.413746 -0.083656
v -0.707334 1.385126 -0.066122
v -0.717801 1.357587 -0.054122
v -0.724496 1.339972 -0.046599
v -0.732533 1.318827 -0.044583
v -0.703065 1.307627 -0.031525
v -0.693695 1.328265 -0.032951
v -0.682028 1.343990 -0.038270
v -0.663630 1.368514 -0.046755
v -0.641161 1.392730 -0.059154
v -0.647180 1.418449 -0.044390
v -0.690859 1.302987 0.000000
v -0.680937 1.323416 0.000000
v -0.667211 1.338358 0.000000
v -0.645526 1.361633 0.000000
v -0.618258 1.384024 0.000000
v -0.629993 1.411916 0.000000
v -0.703065 1.307627 0.031525
v -0.693695 1.328265 0.032951
v -0.682028 1.343990 0.038270
v -0.663630 1.368514 0.046755
v -0.641161 1.392730 0.059154
v -0.647180 1.418449 0.044390
v -0.732533 1.318827 0.044583
v -0.724496 1.339972 0.046599
v -0.717801 1.357587 0.054122
v -0.707334 1.385126 0.066122
v -0.696456 1.413746 0.083656
v -0.688674 1.434220 0.062777
v -0.762001 1.330027 0.031525
v -0.755297 1.351679 0.032951
v -0.753574 1.371184 0.038270
v -0.751039 1.401737 0.046755
v -0.751750 1.434763 0.059154
v -0.730168 1.449991 0.044390
v -0.774207 1.334667 0.000000
v -0.768055 1.356528 0.000000
v -0.768392 1.376815 0.000000
v -0.769142 1.408618 0.000000
v -0.774654 1.443468 0.000000
v -0.747355 1.456524 0.000000
v -0.762001 1.330027 -0.031525
v -0.755297 1.351679 -0.032951
v -0.753574 1.371184 -0.038270
v -0.751039 1.401737 -0.046755
v -0.751750 1.434763 -0.059154
v -0.730168 1.449991 -0.044390
v 0.000000 0.936700 0.042234
v -0.000000 0.448026 0.010954
v -0.029864 0.936700 0.029864
v -0.007745 0.448026 0.007745
v -0.042234 0.936700 0.000000
v -0.010954 0.448026 0.000000
v -0.029864 0.936700 -0.029864
v -0.007745 0.448026 -0.007745
v 0.000000 0.936700 -0.042234
v -0.000000 0.448026 -0.010954
v 0.029864 0.936700 -0.029864
v 0.007745 0.448026 -0.007745
v 0.042234 0.936700 0.000000
v 0.010954 0.448026 0.000000
v 0.029864 0.936700 0.029864
v 0.007745 0.448026 0.007745
v 0.000000 0.900474 0.062777
v 0.000000 0.878571 0.083656
v 0.000000 0.847953 0.066122
v 0.000000 0.818492 0.054122
v 0.000000 0.799647 0.046599
v 0.000000 0.777027 0.044583
v -0.031525 0.777027 0.031525
v -0.032951 0.799647 0.032951
v -0.038270 0.818492 0.038270
v -0.046755 0.847953 0.046755
v -0.059154 0.878571 0.059154
v -0.044390 0.900474 0.044390
v -0.044583 0.777027 0.000000
v -0.046599 0.799647 0.000000
v -0.054121 0.818492 0.000000
v -0.066121 0.847953 0.000000
v -0.083656 0.878571 0.000000
v -0.062777 0.900474 0.000000
v -0.031525 0.777027 -0.031525
v -0.032951 0.799647 -0.032951
v -0.038270 0.818492 -0.038270
v -0.046755 0.847953 -0.046755
v -0.059154 0.878571 -0.059154
v -0.044390 0.900474 -0.044390
v 0.000000 0.777027 -0.044583
v 0.000000 0.799647 -0.046599
v 0.000000 0.818492 -0.054122
v 0.000000 0.847953 -0.066122
v 0.000000 0.878571 -0.083656
v 0.000000 0.900474 -0.062777
v 0.031525 0.777027 -0.031525
v 0.032951 0.799647 -0.032951
v 0.038270 0.818492 -0.038270
v 0.046755 0.847953 -0.046755
v 0.059154 0.878571 -0.059154
v 0.044390 0.900474 -0.044390
v 0.044583 0.777027 0.000000
v 0.046599 0.799647 0.000000
v 0.054122 0.818492 0.000000
v 0.066122 0.847953 0.000000
v 0.083656 0.878571 0.000000
v 0.062777 0.900474 0.000000
v 0.031525 0.777027 0.031525
v 0.032951 0.799647 0.032951
v 0.038270 0.818492 0.038270
v 0.046755 0.847953 0.046755
v 0.059154 0.878571 0.059154
v 0.044390 0.900474 0.044390
v 0.612089 1.527609 0.000000
v 0.674555 1.575328 0.045383
v 0.588230 1.575328 0.073432
v 0.534878 1.575328 0.000000
v 0.588230 1.575328 -0.073432
v 0.674555 1.575328 -0.045383
v 0.635949 1.652541 0.073432
v 0.549624 1.652541 0.045383
v 0.549624 1.652541 -0.045383
v 0.635949 1.652541 -0.073432
v 0.689301 1.652540 0.000000
v 0.612089 1.700259 0.000000
v 0.598065 1.540502 0.043162
v 0.648805 1.540502 0.026675
v 0.634781 1.568550 0.069838
v 0.685521 1.568550 0.000000
v 0.648805 1.540502 -0.026675
v 0.566706 1.540502 0.000000
v 0.552681 1.568550 0.043162
v 0.598065 1.540502 -0.043162
v 0.552681 1.568550 -0.043162
v 0.634781 1.568550 -0.069838
v 0.694189 1.613934 0.026675
v 0.694189 1.613934 -0.026675
v 0.612089 1.613934 0.086325
v 0.662830 1.613934 0.069838
v 0.529989 1.613934 0.026675
v 0.561349 1.613934 0.069838
v 0.561349 1.613934 -0.069838
v 0.529989 1.613934 -0.026675
v 0.662830 1.613934 -0.069838
v 0.612089 1.613934 -0.086325
v 0.671497 1.659318 0.043162
v 0.589397 1.659319 0.069838
v 0.538657 1.659318 0.000000
v 0.589397 1.659319 -0.069838
v 0.671497 1.659318 -0.043162
v 0.626113 1.687367 0.043162
v 0.657473 1.687367 0.000000
v 0.575373 1.687367 0.026675
v 0.575373 1.687367 -0.026675
v 0.626113 1.687367 -0.043162
v 0.440384 1.606288 -0.028228
v 0.557414 1.614284 -0.028228
v 0.440759 1.600794 -0.027685
v 0.557789 1.608790 -0.027685
v 0.441120 1.595511 -0.026079
v 0.558150 1.603507 -0.026079
v 0.441453 1.590642 -0.023470
v 0.558483 1.598638 -0.023470
v 0.441744 1.586375 -0.019960
v 0.558774 1.594370 -0.019960
v 0.441984 1.582872 -0.015682
v 0.559013 1.590868 -0.015682
v 0.442162 1.580270 -0.010802
v 0.559191 1.588265 -0.010802
v 0.442271 1.578667 -0.005507
v 0.559301 1.586663 -0.005507
v 0.442308 1.578126 -0.000000
v 0.559338 1.586122 -0.000000
v 0.442271 1.578667 0.005507
v 0.559301 1.586663 0.005507
v 0.442162 1.580270 0.010802
v 0.559191 1.588265 0.010802
v 0.441984 1.582872 0.015682
v 0.559013 1.590868 0.015682
v 0.441744 1.586375 0.019960
v 0.558774 1.594370 0.019960
v 0.441453 1.590642 0.023470
v 0.558483 1.598638 0.023470
v 0.441120 1.595511 0.026079
v 0.558150 1.603507 0.026079
v 0.440759 1.600794 0.027685
v 0.557789 1.608790 0.027685
v 0.440384 1.606288 0.028228
v 0.557414 1.614284 0.028228
v 0.440009 1.611782 0.027685
v 0.557038 1.619778 0.027685
v 0.439648 1.617065 0.026079
v 0.556677 1.625061 0.026079
v 0.439315 1.621934 0.023470
v 0.556345 1.629930 0.023470
v 0.439023 1.626202 0.019960
v 0.556053 1.634197 0.019960
v 0.438784 1.629704 0.015682
v 0.555814 1.637700 0.015682
v 0.438606 1.632306 0.010802
v 0.555636 1.640302 0.010802
v 0.438497 1.633909 0.005507
v 0.555526 1.641905 0.005507
v 0.438460 1.634450 -0.000000
v 0.555490 1.642446 -0.000000
v 0.438497 1.633909 -0.005507
v 0.555526 1.641905 -0.005507
v 0.438606 1.632306 -0.010802
v 0.555636 1.640302 -0.010802
v 0.438784 1.629704 -0.015682
v 0.555814 1.637700 -0.015682
v 0.439023 1.626202 -0.019960
v 0.556053 1.634197 -0.019960
v 0.439315 1.621934 -0.023470
v 0.556345 1.629930 -0.023470
v 0.439648 1.617065 -0.026079
v 0.556677 1.625061 -0.026079
v 0.440009 1.611782 -0.027685
v 0.557038 1.619778 -0.027685
v 0.475564 1.608692 -0.028228
v 0.480589 1.609035 -0.028228
v 0.485246 1.609353 -0.032354
v 0.491004 1.609747 -0.032354
v 0.495662 1.610065 -0.028228
v 0.496037 1.604571 -0.027685
v 0.491435 1.603449 -0.031732
v 0.485676 1.603056 -0.031732
v 0.480964 1.603541 -0.027685
v 0.475940 1.603198 -0.027685
v 0.496398 1.599288 -0.026079
v 0.491848 1.597394 -0.029891
v 0.486090 1.597001 -0.029891
v 0.481325 1.598258 -0.026079
v 0.476300 1.597915 -0.026079
v 0.496731 1.594419 -0.023470
v 0.492230 1.591814 -0.026901
v 0.486471 1.591420 -0.026901
v 0.481657 1.593389 -0.023470
v 0.476633 1.593046 -0.023470
v 0.497022 1.590151 -0.019960
v 0.492564 1.586922 -0.022878
v 0.486805 1.586529 -0.022878
v 0.481949 1.589121 -0.019960
v 0.476925 1.588778 -0.019960
v 0.497261 1.586649 -0.015682
v 0.492838 1.582908 -0.017975
v 0.487079 1.582515 -0.017975
v 0.482188 1.585619 -0.015682
v 0.477164 1.585276 -0.015682
v 0.497439 1.584047 -0.010802
v 0.493042 1.579925 -0.012381
v 0.487283 1.579532 -0.012381
v 0.482366 1.583017 -0.010802
v 0.477342 1.582673 -0.010802
v 0.497549 1.582444 -0.005507
v 0.493167 1.578088 -0.006312
v 0.487409 1.577695 -0.006312
v 0.482476 1.581414 -0.005507
v 0.477451 1.581071 -0.005507
v 0.497586 1.581903 0.000000
v 0.493210 1.577468 0.000000
v 0.487451 1.577075 0.000000
v 0.482513 1.580873 0.000000
v 0.477488 1.580530 0.000000
v 0.497549 1.582444 0.005507
v 0.493167 1.578088 0.006312
v 0.487409 1.577695 0.006312
v 0.482476 1.581414 0.005507
v 0.477451 1.581071 0.005507
v 0.497439 1.584047 0.010802
v 0.493042 1.579925 0.012381
v 0.487283 1.579532 0.012381
v 0.482366 1.583017 0.010802
v 0.477342 1.582673 0.010802
v 0.497261 1.586649 0.015682
v 0.492838 1.582908 0.017975
v 0.487079 1.582515 0.017975
v 0.482188 1.585619 0.015682
v 0.477164 1.585276 0.015682
v 0.497022 1.590151 0.019960
v 0.492564 1.586922 0.022878
v 0.486805 1.586529 0.022878
v 0.481949 1.589121 0.019960
v 0.476925 1.588778 0.019960
v 0.496731 1.594419 0.023470
v 0.492230 1.591814 0.026901
v 0.486471 1.591420 0.026901
v 0.481657 1.593389 0.023470
v 0.476633 1.593046 0.023470
v 0.496398 1.599288 0.026079
v 0.491848 1.597394 0.029891
v 0.486090 1.597001 0.029891
v 0.481325 1.598258 0.026079
v 0.476300 1.597915 0.026079
v 0.496037 1.604571 0.027685
v 0.491435 1.603449 0.031732
v 0.485676 1.603056 0.031732
v 0.480964 1.603541 0.027685
v 0.475940 1.603198 0.027685
v 0.495662 1.610065 0.028228
v 0.491004 1.609747 0.032354
v 0.485246 1.609353 0.032354
v 0.480589 1.609035 0.028228
v 0.475564 1.608692 0.028228
v 0.495286 1.615559 0.027685
v 0.490574 1.616044 0.031732
v 0.484815 1.615650 0.031732
v 0.480213 1.614529 0.027685
v 0.475189 1.614186 0.027685
v 0.494925 1.620842 0.026079
v 0.490161 1.622099 0.029891
v 0.484402 1.621706 0.029891
v 0.479852 1.619812 0.026079
v 0.474828 1.619469 0.026079
v 0.494593 1.625711 0.023470
v 0.489779 1.627680 0.026901
v 0.484020 1.627286 0.026901
v 0.479520 1.624681 0.023470
v 0.474495 1.624338 0.023470
v 0.494301 1.629978 0.019960
v 0.489445 1.632571 0.022878
v 0.483686 1.632178 0.022878
v 0.479228 1.628949 0.019960
v 0.474204 1.628605 0.019960
v 0.494062 1.633481 0.015682
v 0.489171 1.636585 0.017975
v 0.483412 1.636192 0.017975
v 0.478989 1.632451 0.015682
v 0.473964 1.632107 0.015682
v 0.493884 1.636083 0.010802
v 0.488967 1.639568 0.012381
v 0.483208 1.639175 0.012381
v 0.478811 1.635053 0.010802
v 0.473787 1.634710 0.010802
v 0.493775 1.637686 0.005507
v 0.488842 1.641405 0.006312
v 0.483083 1.641012 0.006312
v 0.478701 1.636656 0.005507
v 0.473677 1.636313 0.005507
v 0.493738 1.638227 0.000000
v 0.488799 1.642025 0.000000
v 0.483040 1.641632 0.000000
v 0.478665 1.637197 0.000000
v 0.473640 1.636854 0.000000
v 0.493775 1.637686 -0.005507
v 0.488842 1.641405 -0.006312
v 0.483083 1.641012 -0.006312
v 0.478701 1.636656 -0.005507
v 0.473677 1.636313 -0.005507
v 0.493884 1.636083 -0.010802
v 0.488967 1.639568 -0.012381
v 0.483208 1.639175 -0.012381
v 0.478811 1.635053 -0.010802
v 0.473787 1.634710 -0.010802
v 0.494062 1.633481 -0.015682
v 0.489171 1.636585 -0.017975
v 0.483412 1.636192 -0.017975
v 0.478989 1.632451 -0.015682
v 0.473964 1.632107 -0.015682
v 0.494301 1.629978 -0.019960
v 0.489445 1.632571 -0.022878
v 0.483686 1.632178 -0.022878
v 0.479228 1.628949 -0.019960
v 0.474204 1.628605 -0.019960
v 0.494593 1.625711 -0.023470
v 0.489779 1.627680 -0.026901
v 0.484020 1.627286 -0.026901
v 0.479520 1.624681 -0.023470
v 0.474495 1.624338 -0.023470
v 0.494925 1.620842 -0.026079
v 0.490161 1.622099 -0.029891
v 0.484402 1.621706 -0.029891
v 0.479852 1.619812 -0.026079
v 0.474828 1.619469 -0.026079
v 0.495286 1.615559 -0.027685
v 0.490574 1.616044 -0.031732
v 0.484815 1.615650 -0.031732
v 0.480213 1.614529 -0.027685
v 0.475189 1.614186 -0.027685
v 0.480589 1.609035 -0.037424
v 0.485613 1.609378 -0.037424
v 0.486111 1.602094 -0.036705
v 0.481086 1.601751 -0.036705
v 0.486589 1.595090 -0.034575
v 0.481565 1.594747 -0.034575
v 0.487030 1.588635 -0.031117
v 0.482006 1.588292 -0.031117
v 0.487417 1.582977 -0.026463
v 0.482392 1.582634 -0.026463
v 0.487734 1.578334 -0.020791
v 0.482709 1.577991 -0.020791
v 0.487970 1.574884 -0.014321
v 0.482945 1.574540 -0.014321
v 0.488115 1.572759 -0.007301
v 0.483090 1.572416 -0.007301
v 0.488164 1.572042 0.000000
v 0.483139 1.571698 0.000000
v 0.488115 1.572759 0.007301
v 0.483090 1.572416 0.007301
v 0.487970 1.574884 0.014321
v 0.482945 1.574540 0.014321
v 0.487734 1.578334 0.020791
v 0.482709 1.577991 0.020791
v 0.487417 1.582977 0.026463
v 0.482392 1.582634 0.026463
v 0.487030 1.588635 0.031117
v 0.482006 1.588292 0.031117
v 0.486589 1.595090 0.034575
v 0.481565 1.594747 0.034575
v 0.486111 1.602094 0.036705
v 0.481086 1.601751 0.036705
v 0.485613 1.609378 0.037424
v 0.480589 1.609035 0.037424
v 0.485115 1.616662 0.036705
v 0.480091 1.616319 0.036705
v 0.484637 1.623666 0.034575
v 0.479612 1.623323 0.034575
v 0.484196 1.630121 0.031117
v 0.479171 1.629778 0.031117
v 0.483809 1.635779 0.026463
v 0.478785 1.635436 0.026463
v 0.483492 1.640423 0.020791
v 0.478468 1.640079 0.020791
v 0.483256 1.643873 0.014321
v 0.478232 1.643530 0.014321
v 0.483111 1.645998 0.007301
v 0.478087 1.645654 0.007301
v 0.483062 1.646715 0.000000
v 0.478038 1.646372 0.000000
v 0.483111 1.645998 -0.007301
v 0.478087 1.645654 -0.007301
v 0.483256 1.643873 -0.014321
v 0.478232 1.643530 -0.014321
v 0.483492 1.640423 -0.020791
v 0.478468 1.640079 -0.020791
v 0.483809 1.635779 -0.026463
v 0.478785 1.635436 -0.026463
v 0.484196 1.630121 -0.031117
v 0.479171 1.629778 -0.031117
v 0.484637 1.623666 -0.034575
v 0.479612 1.623323 -0.034575
v 0.485115 1.616662 -0.036705
v 0.480091 1.616319 -0.036705
v 0.475564 1.608692 -0.030642
v 0.480589 1.609035 -0.030642
v 0.480996 1.603071 -0.030053
v 0.475972 1.602728 -0.030053
v 0.481388 1.597336 -0.028309
v 0.476363 1.596993 -0.028309
v 0.481749 1.592051 -0.025478
v 0.476725 1.591708 -0.025478
v 0.482065 1.587418 -0.021667
v 0.477041 1.587075 -0.021667
v 0.482325 1.583617 -0.017024
v 0.477301 1.583273 -0.017024
v 0.482518 1.580792 -0.011726
v 0.477494 1.580448 -0.011726
v 0.482637 1.579052 -0.005978
v 0.477613 1.578709 -0.005978
v 0.482677 1.578465 0.000000
v 0.477653 1.578121 0.000000
v 0.482637 1.579052 0.005978
v 0.477613 1.578709 0.005978
v 0.482518 1.580792 0.011726
v 0.477494 1.580448 0.011726
v 0.482325 1.583617 0.017024
v 0.477301 1.583273 0.017024
v 0.482065 1.587418 0.021667
v 0.477041 1.587075 0.021667
v 0.481749 1.592051 0.025478
v 0.476725 1.591708 0.025478
v 0.481388 1.597336 0.028309
v 0.476363 1.596993 0.028309
v 0.480996 1.603071 0.030053
v 0.475972 1.602728 0.030053
v 0.480589 1.609035 0.030642
v 0.475564 1.608692 0.030642
v 0.480181 1.614999 0.030053
v 0.475157 1.614656 0.030053
v 0.479789 1.620734 0.028309
v 0.474765 1.620391 0.028309
v 0.479428 1.626019 0.025478
v 0.474404 1.625676 0.025478
v 0.479112 1.630652 0.021667
v 0.474087 1.630308 0.021667
v 0.478852 1.634453 0.017024
v 0.473828 1.634110 0.017024
v 0.478659 1.637278 0.011726
v 0.473635 1.636935 0.011726
v 0.478540 1.639018 0.005978
v 0.473516 1.638675 0.005978
v 0.478500 1.639606 0.000000
v 0.473476 1.639262 0.000000
v 0.478540 1.639018 -0.005978
v 0.473516 1.638675 -0.005978
v 0.478659 1.637278 -0.011726
v 0.473635 1.636935 -0.011726
v 0.478852 1.634453 -0.017024
v 0.473828 1.634110 -0.017024
v 0.479112 1.630652 -0.021667
v 0.474087 1.630308 -0.021667
v 0.479428 1.626019 -0.025478
v 0.474404 1.625676 -0.025478
v 0.479789 1.620734 -0.028309
v 0.474765 1.620391 -0.028309
v 0.480181 1.614999 -0.030053
v 0.475157 1.614656 -0.030053
v 0.627799 1.573565 -0.028228
v 0.676852 1.467012 -0.028228
v 0.622797 1.571262 -0.027685
v 0.671849 1.464709 -0.027685
v 0.617987 1.569048 -0.026079
v 0.667039 1.462494 -0.026079
v 0.613553 1.567007 -0.023470
v 0.662606 1.460454 -0.023470
v 0.609668 1.565219 -0.019960
v 0.658721 1.458665 -0.019960
v 0.606479 1.563751 -0.015682
v 0.655532 1.457197 -0.015682
v 0.604110 1.562660 -0.010802
v 0.653163 1.456106 -0.010802
v 0.602651 1.561988 -0.005507
v 0.651703 1.455434 -0.005507
v 0.602158 1.561761 -0.000000
v 0.651211 1.455208 -0.000000
v 0.602651 1.561988 0.005507
v 0.651703 1.455434 0.005507
v 0.604110 1.562660 0.010802
v 0.653163 1.456106 0.010802
v 0.606479 1.563751 0.015682
v 0.655532 1.457197 0.015682
v 0.609668 1.565219 0.019960
v 0.658721 1.458665 0.019960
v 0.613553 1.567007 0.023470
v 0.662606 1.460454 0.023470
v 0.617987 1.569048 0.026079
v 0.667039 1.462494 0.026079
v 0.622797 1.571262 0.027685
v 0.671849 1.464709 0.027685
v 0.627799 1.573565 0.028228
v 0.676852 1.467012 0.028228
v 0.632801 1.575868 0.027685
v 0.681854 1.469315 0.027685
v 0.637611 1.578083 0.026079
v 0.686664 1.471529 0.026079
v 0.642044 1.580123 0.023470
v 0.691097 1.473570 0.023470
v 0.645930 1.581912 0.019960
v 0.694983 1.475358 0.019960
v 0.649119 1.583380 0.015682
v 0.698172 1.476826 0.015682
v 0.651488 1.584471 0.010802
v 0.700541 1.477917 0.010802
v 0.652947 1.585143 0.005507
v 0.702000 1.478589 0.005507
v 0.653440 1.585369 -0.000000
v 0.702493 1.478816 -0.000000
v 0.652947 1.585143 -0.005507
v 0.702000 1.478589 -0.005507
v 0.651488 1.584471 -0.010802
v 0.700541 1.477917 -0.010802
v 0.649119 1.583380 -0.015682
v 0.698172 1.476826 -0.015682
v 0.645930 1.581912 -0.019960
v 0.694983 1.475358 -0.019960
v 0.642044 1.580123 -0.023470
v 0.691097 1.473570 -0.023470
v 0.637611 1.578083 -0.026079
v 0.686664 1.471529 -0.026079
v 0.632801 1.575868 -0.027685
v 0.681854 1.469315 -0.027685
v 0.642545 1.541534 -0.028228
v 0.644651 1.536960 -0.028228
v 0.646603 1.532719 -0.032354
v 0.649016 1.527476 -0.032354
v 0.650968 1.523236 -0.028228
v 0.645966 1.520933 -0.027685
v 0.643283 1.524837 -0.031732
v 0.640869 1.530080 -0.031732
v 0.639648 1.534657 -0.027685
v 0.637542 1.539232 -0.027685
v 0.641156 1.518719 -0.026079
v 0.637770 1.522299 -0.029891
v 0.635356 1.527542 -0.029891
v 0.634838 1.532442 -0.026079
v 0.632732 1.537017 -0.026079
v 0.636723 1.516678 -0.023470
v 0.632689 1.519960 -0.026901
v 0.630275 1.525203 -0.026901
v 0.630405 1.530402 -0.023470
v 0.628299 1.534976 -0.023470
v 0.632838 1.514889 -0.019960
v 0.628235 1.517909 -0.022878
v 0.625821 1.523153 -0.022878
v 0.626520 1.528613 -0.019960
v 0.624414 1.533188 -0.019960
v 0.629649 1.513421 -0.015682
v 0.624580 1.516227 -0.017975
v 0.622166 1.521470 -0.017975
v 0.623331 1.527145 -0.015682
v 0.621225 1.531720 -0.015682
v 0.627279 1.512330 -0.010802
v 0.621864 1.514977 -0.012381
v 0.619451 1.520220 -0.012381
v 0.620961 1.526054 -0.010802
v 0.618855 1.530629 -0.010802
v 0.625820 1.511659 -0.005507
v 0.620192 1.514207 -0.006312
v 0.617778 1.519450 -0.006312
v 0.619502 1.525383 -0.005507
v 0.617396 1.529957 -0.005507
v 0.625327 1.511432 0.000000
v 0.619627 1.513947 0.000000
v 0.617213 1.519190 0.000000
v 0.619010 1.525156 0.000000
v 0.616904 1.529730 0.000000
v 0.625820 1.511659 0.005507
v 0.620192 1.514207 0.006312
v 0.617778 1.519450 0.006312
v 0.619502 1.525383 0.005507
v 0.617396 1.529957 0.005507
v 0.627279 1.512330 0.010802
v 0.621864 1.514977 0.012381
v 0.619451 1.520220 0.012381
v 0.620961 1.526054 0.010802
v 0.618855 1.530629 0.010802
v 0.629649 1.513421 0.015682
v 0.624580 1.516227 0.017975
v 0.622166 1.521470 0.017975
v 0.623331 1.527145 0.015682
v 0.621225 1.531720 0.015682
v 0.632838 1.514889 0.019960
v 0.628235 1.517909 0.022878
v 0.625821 1.523153 0.022878
v 0.626520 1.528613 0.019960
v 0.624414 1.533188 0.019960
v 0.636723 1.516678 0.023470
v 0.632689 1.519960 0.026901
v 0.630275 1.525203 0.026901
v 0.630405 1.530402 0.023470
v 0.628299 1.534976 0.023470
v 0.641156 1.518719 0.026079
v 0.637770 1.522299 0.029891
v 0.635356 1.527542 0.029891
v 0.634838 1.532442 0.026079
v 0.632732 1.537017 0.026079
v 0.645966 1.520933 0.027685
v 0.643283 1.524837 0.031732
v 0.640869 1.530080 0.031732
v 0.639648 1.534657 0.027685
v 0.637542 1.539232 0.027685
v 0.650968 1.523236 0.028228
v 0.649016 1.527476 0.032354
v 0.646603 1.532719 0.032354
v 0.644651 1.536960 0.028228
v 0.642545 1.541534 0.028228
v 0.655971 1.525539 0.027685
v 0.654750 1.530116 0.031732
v 0.652336 1.535359 0.031732
v 0.649653 1.539263 0.027685
v 0.647547 1.543837 0.027685
v 0.660781 1.527753 0.026079
v 0.660263 1.532654 0.029891
v 0.657849 1.537897 0.029891
v 0.654463 1.541477 0.026079
v 0.652357 1.546052 0.026079
v 0.665214 1.529794 0.023470
v 0.665344 1.534993 0.026901
v 0.662930 1.540236 0.026901
v 0.658896 1.543518 0.023470
v 0.656790 1.548092 0.023470
v 0.669099 1.531583 0.019960
v 0.669798 1.537043 0.022878
v 0.667384 1.542286 0.022878
v 0.662782 1.545306 0.019960
v 0.660676 1.549881 0.019960
v 0.672288 1.533051 0.015682
v 0.673453 1.538726 0.017975
v 0.671039 1.543969 0.017975
v 0.665970 1.546775 0.015682
v 0.663864 1.551349 0.015682
v 0.674658 1.534141 0.010802
v 0.676169 1.539976 0.012381
v 0.673755 1.545219 0.012381
v 0.668340 1.547865 0.010802
v 0.666234 1.552440 0.010802
v 0.676117 1.534813 0.005507
v 0.677841 1.540746 0.006312
v 0.675427 1.545989 0.006312
v 0.669799 1.548537 0.005507
v 0.667693 1.553112 0.005507
v 0.676610 1.535040 0.000000
v 0.678406 1.541006 0.000000
v 0.675992 1.546249 0.000000
v 0.670292 1.548764 0.000000
v 0.668186 1.553338 0.000000
v 0.676117 1.534813 -0.005507
v 0.677841 1.540746 -0.006312
v 0.675427 1.545989 -0.006312
v 0.669799 1.548537 -0.005507
v 0.667693 1.553112 -0.005507
v 0.674658 1.534141 -0.010802
v 0.676169 1.539976 -0.012381
v 0.673755 1.545219 -0.012381
v 0.668340 1.547865 -0.010802
v 0.666234 1.552440 -0.010802
v 0.672288 1.533051 -0.015682
v 0.673453 1.538726 -0.017975
v 0.671039 1.543969 -0.017975
v 0.665970 1.546775 -0.015682
v 0.663864 1.551349 -0.015682
v 0.669099 1.531583 -0.019960
v 0.669798 1.537043 -0.022878
v 0.667384 1.542286 -0.022878
v 0.662782 1.545306 -0.019960
v 0.660676 1.549881 -0.019960
v 0.665214 1.529794 -0.023470
v 0.665344 1.534993 -0.026901
v 0.662930 1.540236 -0.026901
v 0.658896 1.543518 -0.023470
v 0.656790 1.548092 -0.023470
v 0.660781 1.527753 -0.026079
v 0.660263 1.532654 -0.029891
v 0.657849 1.537897 -0.029891
v 0.654463 1.541477 -0.026079
v 0.652357 1.546052 -0.026079
v 0.655971 1.525539 -0.027685
v 0.654750 1.530116 -0.031732
v 0.652336 1.535359 -0.031732
v 0.649653 1.539263 -0.027685
v 0.647547 1.543837 -0.027685
v 0.644651 1.536960 -0.037424
v 0.646757 1.532385 -0.037424
v 0.640125 1.529332 -0.036705
v 0.638019 1.533907 -0.036705
v 0.633747 1.526396 -0.034575
v 0.631642 1.530971 -0.034575
v 0.627870 1.523691 -0.031117
v 0.625764 1.528265 -0.031117
v 0.622719 1.521319 -0.026463
v 0.620613 1.525894 -0.026463
v 0.618491 1.519373 -0.020791
v 0.616385 1.523948 -0.020791
v 0.615350 1.517927 -0.014321
v 0.613244 1.522501 -0.014321
v 0.613415 1.517036 -0.007301
v 0.611309 1.521611 -0.007301
v 0.612762 1.516735 0.000000
v 0.610656 1.521310 0.000000
v 0.613415 1.517036 0.007301
v 0.611309 1.521611 0.007301
v 0.615350 1.517927 0.014321
v 0.613244 1.522501 0.014321
v 0.618491 1.519373 0.020791
v 0.616385 1.523948 0.020791
v 0.622719 1.521319 0.026463
v 0.620613 1.525894 0.026463
v 0.627870 1.523691 0.031117
v 0.625764 1.528265 0.031117
v 0.633747 1.526396 0.034575
v 0.631642 1.530971 0.034575
v 0.640125 1.529332 0.036705
v 0.638019 1.533907 0.036705
v 0.646757 1.532385 0.037424
v 0.644651 1.536960 0.037424
v 0.653389 1.535438 0.036705
v 0.651283 1.540013 0.036705
v 0.659766 1.538374 0.034575
v 0.657660 1.542949 0.034575
v 0.665643 1.541080 0.031117
v 0.663537 1.545654 0.031117
v 0.670794 1.543451 0.026463
v 0.668688 1.548026 0.026463
v 0.675022 1.545397 0.020791
v 0.672916 1.549972 0.020791
v 0.678163 1.546844 0.014321
v 0.676057 1.551418 0.014321
v 0.680098 1.547734 0.007301
v 0.677992 1.552309 0.007301
v 0.680751 1.548035 0.000000
v 0.678645 1.552609 0.000000
v 0.680098 1.547734 -0.007301
v 0.677992 1.552309 -0.007301
v 0.678163 1.546844 -0.014321
v 0.676057 1.551418 -0.014321
v 0.675022 1.545397 -0.020791
v 0.672916 1.549972 -0.020791
v 0.670794 1.543451 -0.026463
v 0.668688 1.548026 -0.026463
v 0.665643 1.541080 -0.031117
v 0.663537 1.545654 -0.031117
v 0.659766 1.538374 -0.034575
v 0.657660 1.542949 -0.034575
v 0.653389 1.535438 -0.036705
v 0.651283 1.540013 -0.036705
v 0.642545 1.541534 -0.030642
v 0.644651 1.536960 -0.030642
v 0.639220 1.534460 -0.030053
v 0.637115 1.539034 -0.030053
v 0.633999 1.532056 -0.028309
v 0.631893 1.536631 -0.028309
v 0.629187 1.529841 -0.025478
v 0.627081 1.534415 -0.025478
v 0.624969 1.527899 -0.021667
v 0.622863 1.532474 -0.021667
v 0.621508 1.526306 -0.017024
v 0.619402 1.530880 -0.017024
v 0.618935 1.525121 -0.011726
v 0.616829 1.529696 -0.011726
v 0.617351 1.524392 -0.005978
v 0.615245 1.528967 -0.005978
v 0.616817 1.524146 0.000000
v 0.614711 1.528721 0.000000
v 0.617351 1.524392 0.005978
v 0.615245 1.528967 0.005978
v 0.618935 1.525121 0.011726
v 0.616829 1.529696 0.011726
v 0.621508 1.526306 0.017024
v 0.619402 1.530880 0.017024
v 0.624969 1.527899 0.021667
v 0.622863 1.532474 0.021667
v 0.629187 1.529841 0.025478
v 0.627081 1.534415 0.025478
v 0.633999 1.532056 0.028309
v 0.631893 1.536631 0.028309
v 0.639220 1.534460 0.030053
v 0.637115 1.539034 0.030053
v 0.644651 1.536960 0.030642
v 0.642545 1.541534 0.030642
v 0.650081 1.539460 0.030053
v 0.647975 1.544034 0.030053
v 0.655302 1.541863 0.028309
v 0.653196 1.546438 0.028309
v 0.660114 1.544079 0.025478
v 0.658008 1.548653 0.025478
v 0.664332 1.546020 0.021667
v 0.662226 1.550595 0.021667
v 0.667794 1.547614 0.017024
v 0.665688 1.552189 0.017024
v 0.670366 1.548798 0.011726
v 0.668260 1.553373 0.011726
v 0.671950 1.549527 0.005978
v 0.669844 1.554102 0.005978
v 0.672485 1.549773 0.000000
v 0.670379 1.554348 0.000000
v 0.671950 1.549527 -0.005978
v 0.669844 1.554102 -0.005978
v 0.670366 1.548798 -0.011726
v 0.668260 1.553373 -0.011726
v 0.667794 1.547614 -0.017024
v 0.665688 1.552189 -0.017024
v 0.664332 1.546020 -0.021667
v 0.662226 1.550595 -0.021667
v 0.660114 1.544079 -0.025478
v 0.658008 1.548653 -0.025478
v 0.655302 1.541863 -0.028309
v 0.653196 1.546438 -0.028309
v 0.650081 1.539460 -0.030053
v 0.647975 1.544034 -0.030053
v 0.654666 1.515204 -0.028228
v 0.657053 1.510018 -0.034897
v 0.661331 1.500727 -0.039382
v 0.666489 1.489521 -0.039382
v 0.670767 1.480229 -0.034897
v 0.673154 1.475044 -0.028228
v 0.668152 1.472741 -0.027685
v 0.664583 1.477382 -0.034226
v 0.659510 1.486308 -0.038625
v 0.654352 1.497514 -0.038625
v 0.650869 1.507171 -0.034226
v 0.649664 1.512901 -0.027685
v 0.663342 1.470526 -0.026079
v 0.658636 1.474645 -0.032240
v 0.652800 1.483219 -0.036384
v 0.647641 1.494424 -0.036384
v 0.644923 1.504434 -0.032240
v 0.644854 1.510687 -0.026079
v 0.658909 1.468486 -0.023470
v 0.653156 1.472122 -0.029015
v 0.646615 1.480371 -0.032745
v 0.641456 1.491577 -0.032745
v 0.639442 1.501911 -0.029015
v 0.640421 1.508646 -0.023470
v 0.655023 1.466697 -0.019960
v 0.648352 1.469911 -0.024676
v 0.641194 1.477876 -0.027847
v 0.636035 1.489082 -0.027847
v 0.634639 1.499699 -0.024676
v 0.636535 1.506857 -0.019960
v 0.651834 1.465229 -0.015682
v 0.644410 1.468096 -0.019387
v 0.636745 1.475828 -0.021879
v 0.631586 1.487034 -0.021879
v 0.630697 1.497885 -0.019387
v 0.633346 1.505389 -0.015682
v 0.649465 1.464138 -0.010802
v 0.641481 1.466747 -0.013354
v 0.633439 1.474306 -0.015071
v 0.628281 1.485512 -0.015071
v 0.627767 1.496536 -0.013354
v 0.630977 1.504298 -0.010802
v 0.648006 1.463467 -0.005507
v 0.639677 1.465917 -0.006808
v 0.631404 1.473369 -0.007683
v 0.626245 1.484575 -0.007683
v 0.625964 1.495706 -0.006808
v 0.629518 1.503627 -0.005507
v 0.647513 1.463240 -0.000000
v 0.639068 1.465636 -0.000000
v 0.630716 1.473052 -0.000000
v 0.625557 1.484258 -0.000000
v 0.625354 1.495425 -0.000000
v 0.629025 1.503400 -0.000000
v 0.648006 1.463467 0.005507
v 0.639677 1.465917 0.006808
v 0.631404 1.473369 0.007683
v 0.626245 1.484575 0.007683
v 0.625964 1.495706 0.006808
v 0.629518 1.503627 0.005507
v 0.649465 1.464138 0.010802
v 0.641481 1.466747 0.013354
v 0.633439 1.474306 0.015071
v 0.628281 1.485512 0.015071
v 0.627767 1.496536 0.013354
v 0.630977 1.504298 0.010802
v 0.651834 1.465229 0.015682
v 0.644410 1.468096 0.019387
v 0.636745 1.475828 0.021879
v 0.631586 1.487034 0.021879
v 0.630697 1.497885 0.019387
v 0.633346 1.505389 0.015682
v 0.655023 1.466697 0.019960
v 0.648352 1.469911 0.024676
v 0.641194 1.477876 0.027847
v 0.636035 1.489082 0.027847
v 0.634639 1.499699 0.024676
v 0.636535 1.506857 0.019960
v 0.658909 1.468486 0.023470
v 0.653156 1.472122 0.029015
v 0.646615 1.480371 0.032745
v 0.641456 1.491577 0.032745
v 0.639442 1.501911 0.029015
v 0.640421 1.508646 0.023470
v 0.663342 1.470526 0.026079
v 0.658636 1.474645 0.032240
v 0.652800 1.483219 0.036384
v 0.647641 1.494424 0.036384
v 0.644923 1.504434 0.032240
v 0.644854 1.510687 0.026079
v 0.668152 1.472741 0.027685
v 0.664583 1.477382 0.034226
v 0.659510 1.486308 0.038625
v 0.654352 1.497514 0.038625
v 0.650869 1.507171 0.034226
v 0.649664 1.512901 0.027685
v 0.673154 1.475044 0.028228
v 0.670767 1.480229 0.034897
v 0.666489 1.489521 0.039382
v 0.661331 1.500727 0.039382
v 0.657053 1.510018 0.034897
v 0.654666 1.515204 0.028228
v 0.678156 1.477347 0.027685
v 0.676951 1.483076 0.034226
v 0.673468 1.492734 0.038625
v 0.668310 1.503940 0.038625
v 0.663237 1.512865 0.034226
v 0.659668 1.517507 0.027685
v 0.682967 1.479561 0.026079
v 0.682898 1.485814 0.032240
v 0.680179 1.495823 0.036384
v 0.675021 1.507029 0.036384
v 0.669184 1.515603 0.032240
v 0.664479 1.519721 0.026079
v 0.687400 1.481602 0.023470
v 0.688378 1.488337 0.029015
v 0.686364 1.498670 0.032745
v 0.681205 1.509876 0.032745
v 0.674664 1.518126 0.029015
v 0.668912 1.521762 0.023470
v 0.691285 1.483390 0.019960
v 0.693181 1.490548 0.024676
v 0.691785 1.501166 0.027847
v 0.686626 1.512372 0.027847
v 0.679468 1.520337 0.024676
v 0.672797 1.523551 0.019960
v 0.694474 1.484859 0.015682
v 0.697124 1.492363 0.019387
v 0.696234 1.503214 0.021879
v 0.691075 1.514420 0.021879
v 0.683410 1.522152 0.019387
v 0.675986 1.525019 0.015682
v 0.696843 1.485949 0.010802
v 0.700053 1.493711 0.013354
v 0.699540 1.504736 0.015071
v 0.694381 1.515942 0.015071
v 0.686339 1.523500 0.013354
v 0.678355 1.526109 0.010802
v 0.698303 1.486621 0.005507
v 0.701857 1.494542 0.006808
v 0.701575 1.505673 0.007683
v 0.696417 1.516879 0.007683
v 0.688143 1.524331 0.006808
v 0.679814 1.526781 0.005507
v 0.698795 1.486848 -0.000000
v 0.702466 1.494822 -0.000000
v 0.702263 1.505989 -0.000000
v 0.697104 1.517195 -0.000000
v 0.688752 1.524611 -0.000000
v 0.680307 1.527008 -0.000000
v 0.698303 1.486621 -0.005507
v 0.701857 1.494542 -0.006808
v 0.701575 1.505673 -0.007683
v 0.696417 1.516879 -0.007683
v 0.688143 1.524331 -0.006808
v 0.679814 1.526781 -0.005507
v 0.696843 1.485949 -0.010802
v 0.700053 1.493711 -0.013354
v 0.699540 1.504736 -0.015071
v 0.694381 1.515942 -0.015071
v 0.686339 1.523500 -0.013354
v 0.678355 1.526109 -0.010802
v 0.694474 1.484859 -0.015682
v 0.697124 1.492363 -0.019387
v 0.696234 1.503214 -0.021879
v 0.691075 1.514420 -0.021879
v 0.683410 1.522152 -0.019387
v 0.675986 1.525019 -0.015682
v 0.691285 1.483390 -0.019960
v 0.693181 1.490548 -0.024676
v 0.691785 1.501166 -0.027847
v 0.686626 1.512372 -0.027847
v 0.679468 1.520337 -0.024676
v 0.672797 1.523551 -0.019960
v 0.687400 1.481602 -0.023470
v 0.688378 1.488337 -0.029015
v 0.686364 1.498670 -0.032745
v 0.681205 1.509876 -0.032745
v 0.674664 1.518126 -0.029015
v 0.668912 1.521762 -0.023470
v 0.682967 1.479561 -0.026079
v 0.682898 1.485814 -0.032240
v 0.680179 1.495823 -0.036384
v 0.675021 1.507029 -0.036384
v 0.669184 1.515603 -0.032240
v 0.664479 1.519721 -0.026079
v 0.678156 1.477347 -0.027685
v 0.676951 1.483076 -0.034226
v 0.673468 1.492734 -0.038625
v 0.668310 1.503940 -0.038625
v 0.663237 1.512865 -0.034226
v 0.659668 1.517507 -0.027685
v 0.675803 1.468083 0.042234
v 1.006326 0.598480 0.000574
v 0.647888 1.457473 0.029864
v 1.005947 0.598336 0.000406
v 0.636325 1.453078 0.000000
v 1.005790 0.598276 0.000000
v 0.647888 1.457473 -0.029864
v 1.005947 0.598336 -0.000406
v 0.675803 1.468083 -0.042234
v 1.006326 0.598480 -0.000574
v 0.703719 1.478693 -0.029864
v 1.006705 0.598624 -0.000406
v 0.715282 1.483088 0.000000
v 1.006862 0.598683 0.000000
v 0.703719 1.478693 0.029864
v 1.006705 0.598624 0.000406
v 0.688674 1.434220 0.062777
v 0.696456 1.413746 0.083656
v 0.707334 1.385126 0.066122
v 0.717801 1.357587 0.054122
v 0.724496 1.339972 0.046599
v 0.732533 1.318827 0.044583
v 0.703065 1.307627 0.031525
v 0.693695 1.328265 0.032951
v 0.682028 1.343990 0.038270
v 0.663630 1.368514 0.046755
v 0.641161 1.392730 0.059154
v 0.647180 1.418449 0.044390
v 0.690859 1.302987 0.000000
v 0.680937 1.323416 0.000000
v 0.667211 1.338358 0.000000
v 0.645527 1.361633 0.000000
v 0.618258 1.384024 0.000000
v 0.629993 1.411916 0.000000
v 0.703065 1.307627 -0.031525
v 0.693695 1.328265 -0.032951
v 0.682028 1.343990 -0.038270
v 0.663630 1.368514 -0.046755
v 0.641161 1.392730 -0.059154
v 0.647180 1.418449 -0.044390
v 0.732533 1.318827 -0.044583
v 0.724496 1.339972 -0.046599
v 0.717801 1.357587 -0.054122
v 0.707334 1.385126 -0.066122
v 0.696456 1.413746 -0.083656
v 0.688674 1.434220 -0.062777
v 0.762001 1.330027 -0.031525
v 0.755297 1.351679 -0.032951
v 0.753574 1.371184 -0.038270
v 0.751039 1.401737 -0.046755
v 0.751751 1.434763 -0.059154
v 0.730168 1.449991 -0.044390
v 0.774207 1.334667 0.000000
v 0.768056 1.356528 0.000000
v 0.768392 1.376815 0.000000
v 0.769142 1.408618 0.000000
v 0.774654 1.443468 0.000000
v 0.747355 1.456524 0.000000
v 0.762001 1.330027 0.031525
v 0.755297 1.351679 0.032951
v 0.753574 1.371184 0.038270
v 0.751039 1.401737 0.046755
v 0.751751 1.434763 0.059154
v 0.730168 1.449991 0.044390
v 0.004779 2.148347 -0.304468
v 0.001479 2.142942 -0.306322
v -0.001819 2.148321 -0.304391
v 0.002842 2.305273 -0.415961
v 0.099069 2.148347 -0.472306
v 0.001361 2.146941 -0.306388
v -0.000576 2.303867 -0.417881
v 0.095651 2.146941 -0.474226
v 0.095703 2.148321 -0.477981
v 0.095769 2.142942 -0.474159
v -0.096726 2.142173 -0.471897
v 0.095753 2.147107 -0.474169
v -0.096743 2.146337 -0.471907
v 0.001463 2.147107 -0.306331
v -0.096792 2.147552 -0.475719
v -0.100024 2.147552 -0.469966
v -0.003756 2.305247 -0.415884
v -0.096642 2.146173 -0.471966
v -0.000374 2.303867 -0.417883
v 0.001564 2.146942 -0.306390
v -0.000524 2.305247 -0.421636
v -0.000473 2.303867 -0.417707
v -0.096741 2.146173 -0.471790
v 0.095755 2.146942 -0.474052
v 0.043265 2.800602 -0.462591
v 0.042076 2.803336 -0.446670
v 0.012209 2.841716 -0.459297
v 0.106094 2.718296 -0.469810
v 0.040130 2.794482 -0.459511
v 0.045501 2.781756 -0.469255
v 0.010978 2.835802 -0.455255
v 0.101745 2.713058 -0.467115
v 0.183951 2.614022 -0.473647
v 0.088328 2.717889 -0.483241
v 0.050889 2.733827 -0.489875
v 0.156945 2.622275 -0.497528
v 0.223437 2.535107 -0.502634
v 0.090810 2.639672 -0.514783
v 0.129062 2.553138 -0.525873
v 0.000000 2.649757 -0.527588
v 0.000000 2.742673 -0.490974
v -0.090810 2.639672 -0.514783
v 0.000000 2.585436 -0.504982
v -0.129062 2.553137 -0.525872
v -0.000000 2.449967 -0.515682
v -0.150912 2.480709 -0.536524
v 0.150912 2.480709 -0.536524
v 0.146167 2.421638 -0.544218
v 0.261244 2.459623 -0.509766
v 0.253015 2.390744 -0.515845
v 0.306484 2.450090 -0.479848
v 0.313190 2.450079 -0.483252
v 0.262021 2.526812 -0.476004
v 0.296781 2.376374 -0.483316
v 0.303217 2.373908 -0.486804
v 0.250582 2.310303 -0.483763
v 0.256054 2.305827 -0.487092
v 0.191994 2.263021 -0.484192
v 0.213695 2.329940 -0.516264
v 0.165229 2.285335 -0.515514
v 0.123444 2.372149 -0.542360
v 0.095853 2.331271 -0.537843
v -0.000000 2.422234 -0.509499
v -0.000000 2.392651 -0.507836
v -0.123444 2.372149 -0.542360
v -0.146167 2.421638 -0.544218
v -0.095853 2.331271 -0.537842
v -0.213695 2.329940 -0.516264
v -0.253015 2.390744 -0.515845
v -0.165230 2.285335 -0.515514
v -0.250582 2.310303 -0.483763
v -0.256054 2.305827 -0.487091
v -0.296781 2.376374 -0.483316
v -0.191994 2.263021 -0.484192
v -0.195974 2.256924 -0.487244
v -0.131432 2.255854 -0.485363
v -0.132551 2.248756 -0.487815
v -0.068449 2.294245 -0.490466
v -0.127059 2.272485 -0.510927
v -0.075122 2.306152 -0.523244
v -0.000000 2.334480 -0.530938
v -0.000000 2.324119 -0.494075
v 0.075121 2.306152 -0.523244
v 0.068449 2.294245 -0.490467
v 0.127059 2.272485 -0.510927
v 0.131431 2.255854 -0.485363
v 0.132551 2.248756 -0.487815
v 0.195974 2.256924 -0.487245
v 0.067435 2.287645 -0.492359
v 0.133411 2.245123 -0.446670
v 0.199772 2.253452 -0.446670
v 0.066598 2.285530 -0.446670
v -0.066598 2.285530 -0.446670
v -0.000000 2.315781 -0.446670
v -0.000000 2.317450 -0.495958
v -0.067435 2.287645 -0.492359
v -0.133411 2.245123 -0.446670
v -0.199772 2.253452 -0.446670
v -0.261502 2.302897 -0.446670
v -0.309669 2.371777 -0.446670
v -0.303218 2.373908 -0.486804
v -0.319853 2.448668 -0.446670
v 0.261502 2.302897 -0.446670
v 0.309669 2.371777 -0.446670
v 0.319853 2.448668 -0.446670
v 0.273760 2.527936 -0.446670
v 0.268057 2.529101 -0.479118
v 0.193077 2.616814 -0.446670
v 0.189054 2.617927 -0.476653
v 0.107910 2.718020 -0.446670
v 0.010645 2.845990 -0.446670
v 0.000000 2.855951 -0.446670
v -0.010645 2.845990 -0.446670
v 0.000000 2.851546 -0.459181
v -0.012209 2.841716 -0.459297
v -0.000000 2.845599 -0.455035
v -0.010978 2.835802 -0.455255
v 0.000000 2.815273 -0.465190
v -0.021776 2.805840 -0.465463
v 0.021776 2.805840 -0.465463
v -0.050889 2.733827 -0.489875
v -0.045501 2.781756 -0.469255
v -0.088328 2.717889 -0.483241
v -0.040130 2.794482 -0.459511
v -0.043265 2.800602 -0.462591
v -0.101745 2.713058 -0.467115
v -0.106094 2.718296 -0.469810
v -0.183951 2.614022 -0.473647
v -0.189054 2.617927 -0.476653
v -0.262021 2.526812 -0.476004
v -0.156945 2.622275 -0.497528
v -0.223437 2.535107 -0.502634
v -0.261244 2.459623 -0.509766
v -0.306484 2.450090 -0.479848
v -0.313190 2.450079 -0.483252
v -0.268057 2.529101 -0.479118
v -0.273761 2.527936 -0.446670
v -0.193077 2.616814 -0.446670
v -0.107910 2.718020 -0.446670
v -0.042076 2.803336 -0.446670
v 0.070458 2.538397 -0.508418
v 0.104578 2.487014 -0.516241
v 0.099236 2.377742 -0.514392
v 0.037561 2.320316 -0.498618
v 0.033299 2.300656 -0.446670
v 0.033718 2.302547 -0.494158
v 0.034224 2.309182 -0.492271
v 0.082711 2.345837 -0.509541
v 0.115946 2.431025 -0.518615
v -0.070458 2.538397 -0.508418
v -0.104578 2.487014 -0.516241
v -0.099236 2.377742 -0.514391
v -0.037561 2.320316 -0.498618
v -0.033299 2.300656 -0.446670
v -0.033718 2.302547 -0.494158
v -0.034224 2.309182 -0.492271
v -0.082710 2.345837 -0.509541
v -0.115946 2.431025 -0.518615
v 0.000000 2.617597 -0.532266
v 0.099760 2.545767 -0.534068
v -0.099760 2.545767 -0.534068
v 0.049949 2.293093 -0.446670
v -0.049949 2.293093 -0.446670
v 0.050577 2.295096 -0.493258
v -0.050577 2.295096 -0.493258
v 0.051336 2.301714 -0.491369
v -0.051336 2.301714 -0.491369
v -0.089282 2.338554 -0.540922
v -0.131057 2.426332 -0.551133
v 0.089282 2.338554 -0.540922
v 0.131057 2.426332 -0.551133
v 0.127745 2.483861 -0.545448
v 0.111340 2.374946 -0.546935
v 0.056341 2.313234 -0.525168
v -0.127745 2.483861 -0.545448
v -0.111340 2.374946 -0.546935
v -0.056341 2.313234 -0.525168
v -0.035603 2.490166 -0.516056
v -0.049618 2.396106 -0.511945
v -0.018780 2.327398 -0.514778
v -0.064531 2.601448 -0.526730
v -0.035229 2.561916 -0.506700
v -0.016650 2.308218 -0.446670
v -0.016859 2.309999 -0.495058
v -0.017112 2.316650 -0.493173
v -0.041654 2.380293 -0.502502
v -0.057973 2.435719 -0.517149
v -0.049880 2.581682 -0.533167
v 0.035603 2.490166 -0.516056
v 0.049618 2.396106 -0.511945
v 0.018780 2.327398 -0.514778
v 0.064531 2.601448 -0.526730
v 0.035229 2.561916 -0.506700
v 0.016650 2.308218 -0.446670
v 0.016859 2.309999 -0.495058
v 0.017112 2.316650 -0.493173
v 0.041654 2.380293 -0.502502
v 0.057973 2.435719 -0.517149
v 0.049880 2.581682 -0.533167
v 0.000000 2.528127 -0.511022
v -0.000000 2.423164 -0.512106
v -0.023945 2.446679 -0.516415
v 0.023945 2.446679 -0.516415
v -0.039217 2.477727 -0.515962
v 0.039217 2.477727 -0.515962
v -0.000000 2.472082 -0.553849
v -0.000000 2.500341 -0.553950
v -0.049860 2.502144 -0.554147
v 0.049860 2.502144 -0.554147
v -0.000000 2.383578 -0.547778
v -0.000000 2.435147 -0.553960
v -0.044178 2.382352 -0.550892
v 0.044178 2.382352 -0.550892
v -0.000000 2.544162 -0.548770
v 0.027929 2.452523 -0.553948
v -0.000000 2.449887 -0.553748
v -0.060480 2.468538 -0.554048
v 0.060480 2.468538 -0.554048
v -0.027929 2.452523 -0.553948
v -0.030965 2.435952 -0.554531
v 0.030965 2.435952 -0.554531
v -0.043265 2.800602 -0.430764
v -0.042076 2.803336 -0.446685
v -0.012209 2.841716 -0.434058
v -0.106094 2.718296 -0.423545
v -0.040130 2.794482 -0.433844
v -0.045501 2.781756 -0.424100
v -0.010978 2.835802 -0.438100
v -0.101745 2.713058 -0.426240
v -0.183951 2.614022 -0.419708
v -0.088328 2.717889 -0.410114
v -0.050889 2.733827 -0.403480
v -0.156945 2.622275 -0.395827
v -0.223437 2.535107 -0.390721
v -0.090810 2.639672 -0.378572
v -0.129062 2.553137 -0.367483
v 0.000000 2.649757 -0.365767
v 0.000000 2.742673 -0.402381
v 0.090810 2.639672 -0.378572
v 0.000000 2.585436 -0.388373
v 0.129062 2.553137 -0.367483
v -0.000000 2.449967 -0.377673
v 0.150912 2.480709 -0.356831
v -0.150912 2.480709 -0.356831
v -0.146167 2.421638 -0.349137
v -0.261244 2.459623 -0.383589
v -0.253015 2.390744 -0.377510
v -0.306484 2.450090 -0.413507
v -0.313190 2.450079 -0.410103
v -0.262022 2.526811 -0.417351
v -0.296781 2.376374 -0.410039
v -0.303218 2.373908 -0.406551
v -0.250582 2.310303 -0.409592
v -0.256054 2.305827 -0.406263
v -0.191994 2.263021 -0.409163
v -0.213695 2.329940 -0.377091
v -0.165229 2.285335 -0.377841
v -0.123444 2.372149 -0.350995
v -0.095853 2.331271 -0.355513
v -0.000000 2.422234 -0.383856
v -0.000000 2.392651 -0.385519
v 0.123444 2.372149 -0.350995
v 0.146167 2.421638 -0.349137
v 0.095853 2.331271 -0.355513
v 0.213695 2.329940 -0.377092
v 0.253015 2.390745 -0.377510
v 0.165230 2.285335 -0.377841
v 0.250582 2.310303 -0.409592
v 0.256054 2.305827 -0.406264
v 0.296781 2.376374 -0.410039
v 0.191994 2.263021 -0.409164
v 0.195974 2.256924 -0.406111
v 0.131432 2.255854 -0.407992
v 0.132551 2.248756 -0.405541
v 0.068449 2.294245 -0.402889
v 0.127059 2.272485 -0.382428
v 0.075122 2.306152 -0.370111
v 0.000000 2.334480 -0.362417
v 0.000000 2.324119 -0.399280
v -0.075121 2.306151 -0.370111
v -0.068449 2.294245 -0.402889
v -0.127059 2.272485 -0.382428
v -0.131431 2.255854 -0.407992
v -0.132551 2.248756 -0.405540
v -0.195974 2.256924 -0.406110
v -0.067435 2.287645 -0.400996
v -0.133411 2.245123 -0.446685
v -0.199772 2.253452 -0.446685
v -0.066598 2.285530 -0.446685
v 0.066598 2.285530 -0.446685
v -0.000000 2.315781 -0.446685
v -0.000000 2.317450 -0.397397
v 0.067435 2.287645 -0.400997
v 0.133411 2.245123 -0.446685
v 0.199772 2.253452 -0.446685
v 0.261502 2.302898 -0.446685
v 0.309669 2.371777 -0.446685
v 0.303218 2.373908 -0.406552
v 0.319853 2.448669 -0.446685
v -0.261502 2.302897 -0.446685
v -0.309669 2.371777 -0.446685
v -0.319853 2.448668 -0.446685
v -0.273760 2.527936 -0.446685
v -0.268057 2.529100 -0.414237
v -0.193077 2.616814 -0.446685
v -0.189054 2.617927 -0.416702
v -0.107910 2.718020 -0.446685
v -0.010645 2.845990 -0.446685
v 0.000000 2.855951 -0.446685
v 0.010645 2.845990 -0.446685
v 0.000000 2.851546 -0.434174
v 0.012209 2.841716 -0.434059
v 0.000000 2.845599 -0.438320
v 0.010978 2.835802 -0.438100
v -0.000000 2.815273 -0.428165
v 0.021776 2.805840 -0.427892
v -0.021776 2.805840 -0.427892
v 0.050889 2.733827 -0.403480
v 0.045501 2.781756 -0.424100
v 0.088328 2.717889 -0.410114
v 0.040130 2.794482 -0.433844
v 0.043265 2.800602 -0.430764
v 0.101745 2.713058 -0.426240
v 0.106094 2.718296 -0.423546
v 0.183951 2.614022 -0.419708
v 0.189054 2.617927 -0.416702
v 0.262021 2.526812 -0.417351
v 0.156945 2.622275 -0.395827
v 0.223437 2.535107 -0.390721
v 0.261244 2.459623 -0.383589
v 0.306484 2.450090 -0.413508
v 0.313190 2.450079 -0.410103
v 0.268057 2.529101 -0.414237
v 0.273761 2.527936 -0.446685
v 0.193077 2.616814 -0.446685
v 0.107910 2.718020 -0.446685
v 0.042076 2.803336 -0.446685
v -0.070458 2.538397 -0.384937
v -0.104578 2.487014 -0.377115
v -0.099236 2.377742 -0.378964
v -0.037561 2.320316 -0.394737
v -0.033299 2.300656 -0.446685
v -0.033718 2.302547 -0.399197
v -0.034224 2.309182 -0.401084
v -0.082711 2.345837 -0.383814
v -0.115946 2.431025 -0.374740
v 0.070458 2.538397 -0.384937
v 0.104578 2.487014 -0.377115
v 0.099236 2.377742 -0.378964
v 0.037561 2.320316 -0.394737
v 0.033299 2.300656 -0.446685
v 0.033718 2.302547 -0.399197
v 0.034224 2.309182 -0.401084
v 0.082710 2.345837 -0.383814
v 0.115946 2.431025 -0.374740
v 0.000000 2.617597 -0.361089
v -0.099760 2.545767 -0.359287
v 0.099760 2.545767 -0.359287
v -0.049949 2.293093 -0.446685
v 0.049949 2.293093 -0.446685
v -0.050577 2.295096 -0.400097
v 0.050577 2.295096 -0.400097
v -0.051336 2.301714 -0.401987
v 0.051336 2.301714 -0.401987
v 0.089282 2.338554 -0.352433
v 0.131057 2.426332 -0.342222
v -0.089282 2.338554 -0.352433
v -0.131057 2.426332 -0.342222
v -0.127745 2.483861 -0.347907
v -0.111340 2.374946 -0.346420
v -0.056341 2.313234 -0.368187
v 0.127745 2.483861 -0.347907
v 0.111340 2.374946 -0.346420
v 0.056341 2.313234 -0.368187
v 0.035603 2.490166 -0.377299
v 0.049618 2.396106 -0.381410
v 0.018780 2.327398 -0.378577
v 0.064531 2.601448 -0.366625
v 0.035229 2.561916 -0.386655
v 0.016650 2.308218 -0.446685
v 0.016859 2.309999 -0.398297
v 0.017112 2.316650 -0.400182
v 0.041654 2.380293 -0.390853
v 0.057973 2.435719 -0.376207
v 0.049880 2.581682 -0.360188
v -0.035603 2.490166 -0.377299
v -0.049618 2.396106 -0.381410
v -0.018780 2.327398 -0.378577
v -0.064531 2.601448 -0.366625
v -0.035229 2.561916 -0.386655
v -0.016650 2.308218 -0.446685
v -0.016859 2.309999 -0.398297
v -0.017112 2.316650 -0.400182
v -0.041654 2.380293 -0.390853
v -0.057973 2.435719 -0.376207
v -0.049880 2.581682 -0.360188
v 0.000000 2.528127 -0.382333
v -0.000000 2.423164 -0.381249
v 0.023945 2.446679 -0.376940
v -0.023945 2.446679 -0.376940
v 0.039217 2.477727 -0.377393
v -0.039217 2.477727 -0.377393
v 0.000000 2.472082 -0.339506
v 0.000000 2.500341 -0.339405
v 0.049860 2.502144 -0.339208
v -0.049860 2.502144 -0.339208
v 0.000000 2.383578 -0.345577
v 0.000000 2.435147 -0.339395
v 0.044178 2.382352 -0.342463
v -0.044178 2.382352 -0.342463
v 0.000000 2.544162 -0.344585
v -0.027929 2.452523 -0.339407
v 0.000000 2.449886 -0.339607
v 0.060480 2.468538 -0.339308
v -0.060480 2.468538 -0.339308
v 0.027929 2.452523 -0.339407
v 0.030965 2.435952 -0.338824
v -0.030965 2.435952 -0.338824
v 0.000000 2.500341 -0.339405
v 0.049860 2.502144 -0.339208
v 0.317829 2.207853 -0.445006
v 0.315079 2.223428 -0.409170
v 0.294393 2.239240 -0.445006
v 0.315079 2.223428 -0.480842
v 0.348549 2.197844 -0.422858
v 0.348549 2.197844 -0.467153
v 0.383094 2.207834 -0.482686
v 0.353440 2.223417 -0.502990
v 0.386910 2.197834 -0.445006
v 0.383094 2.207834 -0.407325
v 0.415511 2.223400 -0.422858
v 0.415511 2.223400 -0.467153
v 0.431752 2.251330 -0.445006
v 0.423426 2.264778 -0.480842
v 0.394825 2.239212 -0.502990
v 0.396559 2.278231 -0.505974
v 0.361355 2.264795 -0.516678
v 0.326151 2.251359 -0.505974
v 0.369270 2.306174 -0.502990
v 0.327885 2.290379 -0.502990
v 0.339617 2.321757 -0.482686
v 0.307199 2.306191 -0.467153
v 0.299285 2.264812 -0.480842
v 0.290959 2.278260 -0.445006
v 0.299285 2.264812 -0.409169
v 0.307199 2.306191 -0.422858
v 0.339617 2.321757 -0.407325
v 0.335800 2.331757 -0.445006
v 0.327885 2.290379 -0.387021
v 0.326151 2.251359 -0.384037
v 0.369270 2.306174 -0.387022
v 0.361355 2.264795 -0.373333
v 0.396559 2.278231 -0.384037
v 0.394825 2.239212 -0.387021
v 0.353441 2.223417 -0.387022
v 0.423426 2.264778 -0.409169
v 0.407631 2.306163 -0.409170
v 0.428317 2.290351 -0.445006
v 0.404881 2.321738 -0.445006
v 0.407631 2.306163 -0.480842
v 0.374162 2.331746 -0.467153
v 0.374162 2.331746 -0.422858
v 0.249281 2.342472 -0.468442
v 0.246758 2.338659 -0.467992
v 0.251803 2.346285 -0.467992
v 0.273699 2.326319 -0.468442
v 0.276221 2.330133 -0.467992
v 0.271176 2.322506 -0.467992
v 0.273699 2.326319 -0.470446
v 0.277186 2.324012 -0.470446
v 0.276437 2.330459 -0.469958
v 0.270960 2.322180 -0.469958
v 0.274448 2.319873 -0.469958
v 0.268327 2.318199 -0.468510
v 0.268751 2.318839 -0.466658
v 0.271815 2.315892 -0.468510
v 0.265901 2.314531 -0.466159
v 0.266515 2.315460 -0.464492
v 0.269388 2.312224 -0.466159
v 0.263774 2.311316 -0.462995
v 0.267261 2.309009 -0.462995
v 0.262028 2.308677 -0.459140
v 0.264556 2.312498 -0.461578
v 0.240138 2.328650 -0.461578
v 0.262948 2.310067 -0.458026
v 0.238530 2.326220 -0.458026
v 0.261753 2.308260 -0.453974
v 0.237335 2.324413 -0.453974
v 0.260731 2.306716 -0.454741
v 0.261017 2.307148 -0.449578
v 0.236599 2.323301 -0.449578
v 0.259932 2.305509 -0.449969
v 0.260768 2.306773 -0.445006
v 0.236351 2.322925 -0.445006
v 0.259663 2.305101 -0.445006
v 0.261017 2.307148 -0.440433
v 0.236599 2.323301 -0.440433
v 0.261753 2.308260 -0.436037
v 0.259932 2.305509 -0.440042
v 0.263420 2.303202 -0.440042
v 0.260731 2.306716 -0.435270
v 0.264218 2.304409 -0.435270
v 0.262028 2.308677 -0.430871
v 0.265515 2.306370 -0.430871
v 0.263774 2.311316 -0.427016
v 0.262948 2.310067 -0.431985
v 0.238530 2.326220 -0.431985
v 0.264556 2.312498 -0.428434
v 0.240138 2.328650 -0.428434
v 0.266515 2.315460 -0.425519
v 0.242097 2.331613 -0.425519
v 0.265901 2.314531 -0.423852
v 0.268750 2.318839 -0.423353
v 0.244333 2.334992 -0.423353
v 0.271176 2.322506 -0.422019
v 0.268327 2.318199 -0.421501
v 0.271815 2.315892 -0.421501
v 0.270960 2.322180 -0.420054
v 0.274448 2.319873 -0.420054
v 0.273699 2.326319 -0.419565
v 0.277186 2.324012 -0.419565
v 0.276437 2.330459 -0.420054
v 0.273699 2.326319 -0.421569
v 0.249281 2.342472 -0.421569
v 0.276221 2.330133 -0.422019
v 0.251803 2.346285 -0.422019
v 0.278647 2.333799 -0.423353
v 0.254229 2.349952 -0.423353
v 0.279070 2.334439 -0.421501
v 0.280882 2.337179 -0.425519
v 0.256465 2.353332 -0.425519
v 0.282842 2.340141 -0.428434
v 0.281497 2.338108 -0.423852
v 0.284984 2.335801 -0.423852
v 0.283624 2.341323 -0.427016
v 0.287111 2.339016 -0.427016
v 0.285369 2.343962 -0.430871
v 0.288857 2.341655 -0.430871
v 0.286667 2.345922 -0.435270
v 0.284450 2.342572 -0.431985
v 0.260032 2.358725 -0.431985
v 0.285645 2.344378 -0.436037
v 0.261227 2.360531 -0.436037
v 0.286381 2.345490 -0.440433
v 0.261963 2.361643 -0.440433
v 0.287465 2.347130 -0.440042
v 0.286629 2.345866 -0.445006
v 0.262211 2.362019 -0.445006
v 0.287735 2.347538 -0.445006
v 0.286381 2.345490 -0.449578
v 0.261963 2.361643 -0.449578
v 0.285645 2.344378 -0.453974
v 0.287465 2.347130 -0.449969
v 0.290953 2.344823 -0.449969
v 0.286666 2.345922 -0.454741
v 0.290154 2.343616 -0.454741
v 0.285369 2.343962 -0.459140
v 0.284450 2.342572 -0.458026
v 0.288857 2.341655 -0.459140
v 0.283624 2.341323 -0.462995
v 0.282842 2.340141 -0.461578
v 0.287111 2.339016 -0.462995
v 0.281497 2.338108 -0.466159
v 0.280882 2.337179 -0.464492
v 0.284984 2.335801 -0.466159
v 0.279070 2.334439 -0.468510
v 0.282557 2.332132 -0.468510
v 0.278647 2.333799 -0.466658
v 0.254229 2.349952 -0.466658
v 0.256465 2.353332 -0.464492
v 0.258424 2.356294 -0.461578
v 0.260032 2.358725 -0.458026
v 0.261227 2.360531 -0.453974
v 0.279924 2.328152 -0.469958
v 0.282134 2.331493 -0.466658
v 0.279709 2.327826 -0.467992
v 0.284370 2.334872 -0.464492
v 0.283746 2.333930 -0.473712
v 0.287234 2.331623 -0.473712
v 0.280530 2.329068 -0.475480
v 0.286710 2.338410 -0.470841
v 0.290197 2.336103 -0.470841
v 0.289308 2.342337 -0.466976
v 0.286329 2.337834 -0.461578
v 0.292795 2.340030 -0.466976
v 0.291440 2.345560 -0.462268
v 0.287937 2.340265 -0.458026
v 0.294927 2.343253 -0.462268
v 0.293024 2.347954 -0.456896
v 0.296511 2.345647 -0.456896
v 0.293999 2.349429 -0.451067
v 0.289132 2.342071 -0.453974
v 0.289868 2.343184 -0.449578
v 0.290116 2.343559 -0.445006
v 0.294329 2.349927 -0.445006
v 0.291222 2.345231 -0.445006
v 0.289868 2.343184 -0.440433
v 0.290953 2.344823 -0.440042
v 0.293999 2.349429 -0.438944
v 0.289132 2.342071 -0.436037
v 0.293024 2.347954 -0.433115
v 0.290154 2.343616 -0.435270
v 0.287937 2.340265 -0.431985
v 0.286329 2.337834 -0.428434
v 0.291440 2.345560 -0.427743
v 0.294927 2.343253 -0.427743
v 0.289308 2.342337 -0.423035
v 0.292795 2.340030 -0.423035
v 0.286710 2.338410 -0.419170
v 0.284370 2.334872 -0.425519
v 0.290197 2.336103 -0.419170
v 0.283746 2.333930 -0.416299
v 0.282134 2.331493 -0.423353
v 0.287234 2.331623 -0.416299
v 0.280530 2.329068 -0.414531
v 0.279709 2.327826 -0.422019
v 0.284018 2.326761 -0.414531
v 0.277186 2.324012 -0.413934
v 0.280673 2.321706 -0.413934
v 0.273842 2.318957 -0.414531
v 0.277186 2.324012 -0.421569
v 0.274663 2.320199 -0.422019
v 0.272238 2.316532 -0.423353
v 0.270002 2.313153 -0.425519
v 0.270626 2.314095 -0.416299
v 0.274113 2.311788 -0.416299
v 0.267662 2.309615 -0.419170
v 0.271149 2.307308 -0.419170
v 0.265064 2.305688 -0.423035
v 0.268043 2.310191 -0.428434
v 0.268552 2.303381 -0.423035
v 0.262932 2.302465 -0.427743
v 0.266420 2.300158 -0.427743
v 0.261348 2.300070 -0.433115
v 0.266435 2.307760 -0.431985
v 0.265240 2.305954 -0.436037
v 0.264504 2.304841 -0.440433
v 0.264256 2.304466 -0.445006
v 0.260373 2.298596 -0.438944
v 0.263860 2.296289 -0.438944
v 0.260043 2.298098 -0.445006
v 0.263531 2.295791 -0.445006
v 0.260373 2.298596 -0.451067
v 0.264504 2.304841 -0.449578
v 0.263860 2.296289 -0.451067
v 0.261348 2.300070 -0.456896
v 0.264836 2.297763 -0.456896
v 0.262932 2.302465 -0.462268
v 0.265240 2.305954 -0.453974
v 0.266435 2.307760 -0.458026
v 0.264218 2.304409 -0.454741
v 0.263420 2.303202 -0.449969
v 0.265515 2.306370 -0.459140
v 0.263150 2.302794 -0.445006
v 0.268043 2.310191 -0.461578
v 0.270002 2.313153 -0.464492
v 0.265064 2.305688 -0.466976
v 0.268552 2.303381 -0.466976
v 0.267662 2.309615 -0.470841
v 0.271149 2.307308 -0.470841
v 0.270626 2.314095 -0.473712
v 0.272238 2.316532 -0.466658
v 0.274113 2.311788 -0.473712
v 0.273842 2.318957 -0.475480
v 0.274663 2.320199 -0.467992
v 0.277329 2.316650 -0.475480
v 0.277186 2.324012 -0.476077
v 0.280673 2.321705 -0.476077
v 0.277186 2.324012 -0.468442
v 0.284018 2.326761 -0.475480
v 0.280418 2.321874 -0.471868
v 0.284416 2.319230 -0.471868
v 0.283310 2.326245 -0.471352
v 0.277527 2.317503 -0.471352
v 0.281524 2.314859 -0.471352
v 0.274747 2.313301 -0.469823
v 0.278744 2.310656 -0.469823
v 0.272185 2.309427 -0.467341
v 0.276182 2.306783 -0.467341
v 0.269939 2.306032 -0.464000
v 0.273936 2.303388 -0.464000
v 0.268096 2.303246 -0.459929
v 0.272093 2.300602 -0.459929
v 0.266726 2.301176 -0.455285
v 0.266420 2.300158 -0.462268
v 0.270723 2.298532 -0.455285
v 0.265883 2.299901 -0.450246
v 0.269880 2.297256 -0.450246
v 0.265598 2.299470 -0.445006
v 0.269595 2.296826 -0.445006
v 0.265883 2.299901 -0.439765
v 0.269880 2.297256 -0.439765
v 0.266726 2.301176 -0.434726
v 0.270723 2.298532 -0.434726
v 0.268096 2.303246 -0.430082
v 0.264836 2.297764 -0.433115
v 0.272093 2.300602 -0.430082
v 0.269939 2.306032 -0.426011
v 0.273936 2.303388 -0.426011
v 0.272185 2.309427 -0.422670
v 0.276182 2.306783 -0.422670
v 0.274747 2.313301 -0.420188
v 0.278744 2.310656 -0.420188
v 0.277527 2.317503 -0.418659
v 0.281524 2.314859 -0.418659
v 0.280418 2.321874 -0.418143
v 0.277329 2.316650 -0.414531
v 0.284416 2.319230 -0.418143
v 0.283310 2.326245 -0.418659
v 0.287307 2.323601 -0.418659
v 0.286090 2.330448 -0.420188
v 0.290087 2.327804 -0.420188
v 0.288652 2.334321 -0.422670
v 0.292649 2.331677 -0.422670
v 0.290898 2.337716 -0.426011
v 0.294895 2.335072 -0.426011
v 0.292741 2.340502 -0.430082
v 0.296738 2.337858 -0.430082
v 0.294111 2.342573 -0.434726
v 0.296511 2.345647 -0.433115
v 0.298108 2.339929 -0.434726
v 0.294954 2.343848 -0.439765
v 0.297487 2.347122 -0.438944
v 0.298951 2.341203 -0.439765
v 0.295239 2.344278 -0.445006
v 0.297816 2.347620 -0.445006
v 0.299236 2.341634 -0.445006
v 0.294954 2.343848 -0.450246
v 0.298951 2.341203 -0.450246
v 0.294111 2.342573 -0.455285
v 0.297487 2.347122 -0.451067
v 0.298108 2.339929 -0.455285
v 0.292741 2.340502 -0.459929
v 0.296738 2.337858 -0.459929
v 0.290898 2.337716 -0.464000
v 0.294895 2.335072 -0.464000
v 0.288652 2.334321 -0.467341
v 0.292649 2.331677 -0.467341
v 0.286090 2.330448 -0.469823
v 0.290087 2.327804 -0.469823
v 0.292596 2.324572 -0.466658
v 0.287307 2.323601 -0.471352
v 0.290171 2.320905 -0.467992
v 0.333031 2.292552 -0.467992
v 0.287648 2.317092 -0.468442
v 0.330509 2.288739 -0.468442
v 0.285125 2.313278 -0.467992
v 0.327986 2.284925 -0.467992
v 0.282700 2.309612 -0.466658
v 0.325561 2.281259 -0.466658
v 0.280464 2.306232 -0.464492
v 0.323325 2.277879 -0.464492
v 0.278505 2.303270 -0.461578
v 0.321366 2.274917 -0.461578
v 0.276897 2.300839 -0.458026
v 0.319758 2.272486 -0.458026
v 0.275702 2.299033 -0.453974
v 0.318563 2.270680 -0.453974
v 0.274966 2.297920 -0.449578
v 0.317827 2.269568 -0.449578
v 0.274718 2.297545 -0.445006
v 0.317578 2.269192 -0.445006
v 0.274966 2.297921 -0.440433
v 0.317827 2.269568 -0.440433
v 0.275702 2.299033 -0.436037
v 0.318563 2.270680 -0.436037
v 0.276897 2.300839 -0.431985
v 0.319758 2.272486 -0.431985
v 0.278505 2.303270 -0.428434
v 0.321366 2.274917 -0.428434
v 0.280464 2.306232 -0.425519
v 0.323325 2.277879 -0.425519
v 0.282700 2.309612 -0.423353
v 0.325561 2.281259 -0.423353
v 0.285125 2.313278 -0.422019
v 0.327986 2.284925 -0.422019
v 0.287648 2.317092 -0.421569
v 0.330509 2.288739 -0.421569
v 0.290171 2.320905 -0.422019
v 0.333031 2.292552 -0.422019
v 0.292596 2.324572 -0.423353
v 0.335457 2.296219 -0.423353
v 0.294832 2.327951 -0.425519
v 0.337693 2.299598 -0.425519
v 0.296791 2.330913 -0.428434
v 0.339652 2.302560 -0.428434
v 0.298399 2.333344 -0.431985
v 0.341260 2.304991 -0.431985
v 0.299594 2.335150 -0.436037
v 0.342455 2.306798 -0.436037
v 0.300330 2.336263 -0.440433
v 0.343191 2.307910 -0.440433
v 0.300578 2.336638 -0.445006
v 0.343439 2.308285 -0.445006
v 0.300330 2.336263 -0.449578
v 0.343191 2.307910 -0.449578
v 0.299594 2.335150 -0.453974
v 0.342455 2.306798 -0.453974
v 0.298399 2.333344 -0.458026
v 0.341260 2.304991 -0.458026
v 0.296791 2.330913 -0.461578
v 0.339652 2.302560 -0.461578
v 0.294832 2.327951 -0.464492
v 0.337693 2.299598 -0.464492
v 0.335457 2.296219 -0.466658
v 0.267261 2.309009 -0.427016
v 0.269388 2.312224 -0.423852
v 0.279924 2.328152 -0.420054
v 0.282557 2.332132 -0.421501
v 0.258424 2.356294 -0.428434
v 0.246758 2.338659 -0.422019
v 0.237335 2.324413 -0.436037
v 0.242097 2.331613 -0.464492
v 0.244333 2.334992 -0.466658
v 0.385422 2.237236 -0.423276
v 0.380458 2.237625 -0.420861
v 0.390363 2.237930 -0.425668
v 0.400826 2.236921 -0.391557
v 0.405767 2.237616 -0.393950
v 0.395862 2.237311 -0.389143
v 0.400876 2.234508 -0.391606
v 0.403076 2.234463 -0.387076
v 0.406240 2.235262 -0.394203
v 0.395488 2.234931 -0.388985
v 0.397688 2.234886 -0.384455
v 0.390282 2.236515 -0.386441
v 0.391066 2.238770 -0.386799
v 0.392482 2.236470 -0.381911
v 0.385458 2.239199 -0.384072
v 0.386622 2.241242 -0.384617
v 0.387658 2.239154 -0.379542
v 0.381203 2.242879 -0.381969
v 0.383402 2.242834 -0.377439
v 0.377678 2.247415 -0.380212
v 0.382702 2.244633 -0.382679
v 0.367298 2.244947 -0.414398
v 0.379455 2.248811 -0.381061
v 0.364051 2.249125 -0.412780
v 0.377007 2.253617 -0.379825
v 0.361603 2.253932 -0.411543
v 0.375020 2.252632 -0.378870
v 0.375451 2.258866 -0.379017
v 0.360047 2.259180 -0.410735
v 0.373331 2.258329 -0.377993
v 0.374847 2.264355 -0.378670
v 0.359444 2.264669 -0.410388
v 0.372676 2.264288 -0.377616
v 0.375219 2.269875 -0.378795
v 0.359816 2.270189 -0.410514
v 0.376552 2.275212 -0.379390
v 0.373080 2.270280 -0.377753
v 0.375280 2.270235 -0.373223
v 0.374527 2.276074 -0.378398
v 0.376727 2.276029 -0.373868
v 0.376962 2.281448 -0.379527
v 0.379162 2.281403 -0.374997
v 0.380291 2.286195 -0.381097
v 0.378796 2.280163 -0.380430
v 0.363392 2.280477 -0.412149
v 0.381863 2.284536 -0.381876
v 0.366459 2.284850 -0.413595
v 0.385635 2.288163 -0.383673
v 0.370232 2.288477 -0.415391
v 0.384387 2.290133 -0.383047
v 0.389969 2.290906 -0.385750
v 0.374566 2.291220 -0.417469
v 0.394698 2.292658 -0.388029
v 0.389092 2.293110 -0.385302
v 0.391292 2.293065 -0.380772
v 0.394224 2.295012 -0.387776
v 0.396424 2.294967 -0.383246
v 0.399588 2.295766 -0.390373
v 0.401788 2.295721 -0.385843
v 0.404976 2.295343 -0.392994
v 0.399639 2.293353 -0.390422
v 0.384235 2.293667 -0.422140
v 0.404602 2.292963 -0.392836
v 0.389199 2.293278 -0.424555
v 0.409398 2.291504 -0.395180
v 0.393995 2.291818 -0.426898
v 0.410182 2.293759 -0.395538
v 0.413842 2.289032 -0.397362
v 0.398438 2.289346 -0.429081
v 0.417763 2.285641 -0.399300
v 0.415006 2.291075 -0.397907
v 0.417206 2.291031 -0.393377
v 0.419262 2.287395 -0.400010
v 0.421462 2.287350 -0.395480
v 0.422786 2.282859 -0.401767
v 0.424986 2.282815 -0.397237
v 0.425444 2.277642 -0.403109
v 0.421009 2.281463 -0.400918
v 0.405606 2.281777 -0.432636
v 0.423458 2.276657 -0.402155
v 0.408054 2.276971 -0.433873
v 0.425014 2.271409 -0.402962
v 0.409610 2.271723 -0.434681
v 0.427133 2.271945 -0.403986
v 0.425617 2.265919 -0.403310
v 0.410214 2.266233 -0.435028
v 0.427788 2.265986 -0.404363
v 0.425245 2.260399 -0.403184
v 0.409842 2.260714 -0.434902
v 0.423912 2.255062 -0.402589
v 0.427385 2.259994 -0.404227
v 0.429584 2.259949 -0.399697
v 0.425937 2.254200 -0.403581
v 0.428137 2.254155 -0.399051
v 0.423502 2.248827 -0.402452
v 0.421669 2.250111 -0.401549
v 0.425702 2.248781 -0.397922
v 0.420173 2.244079 -0.400882
v 0.418602 2.245739 -0.400103
v 0.422373 2.244035 -0.396352
v 0.416077 2.240142 -0.398932
v 0.414829 2.242111 -0.398306
v 0.418277 2.240097 -0.394402
v 0.411373 2.237164 -0.396677
v 0.413573 2.237120 -0.392147
v 0.410495 2.239368 -0.396229
v 0.395091 2.239683 -0.427947
v 0.399425 2.242425 -0.430025
v 0.403198 2.246053 -0.431821
v 0.406265 2.250426 -0.433267
v 0.408509 2.255376 -0.434308
v 0.408440 2.235218 -0.389673
v 0.412695 2.239324 -0.391699
v 0.407967 2.237571 -0.389420
v 0.417029 2.242066 -0.393776
v 0.416038 2.230929 -0.393406
v 0.418238 2.230884 -0.388876
v 0.409770 2.228605 -0.390384
v 0.421784 2.234565 -0.396160
v 0.423984 2.234520 -0.391630
v 0.426786 2.239374 -0.398542
v 0.420802 2.245694 -0.395573
v 0.428986 2.239329 -0.394012
v 0.430852 2.245171 -0.400459
v 0.423869 2.250067 -0.397019
v 0.433052 2.245126 -0.395929
v 0.433826 2.251734 -0.401838
v 0.436026 2.251690 -0.397308
v 0.435594 2.258811 -0.402626
v 0.426112 2.255017 -0.398059
v 0.427445 2.260355 -0.398654
v 0.427817 2.265874 -0.398780
v 0.436087 2.266129 -0.402793
v 0.429988 2.265941 -0.399833
v 0.427214 2.271364 -0.398432
v 0.429333 2.271900 -0.399456
v 0.435287 2.273407 -0.402333
v 0.425658 2.276612 -0.397625
v 0.433224 2.280365 -0.401262
v 0.427644 2.277597 -0.398579
v 0.423209 2.281418 -0.396388
v 0.419962 2.285597 -0.394770
v 0.429978 2.286737 -0.399622
v 0.432178 2.286692 -0.395092
v 0.425673 2.292276 -0.397477
v 0.427873 2.292232 -0.392947
v 0.420476 2.296772 -0.394908
v 0.416042 2.288987 -0.392832
v 0.422676 2.296727 -0.390378
v 0.414584 2.300049 -0.392015
v 0.411598 2.291459 -0.390650
v 0.416784 2.300004 -0.387485
v 0.408226 2.301983 -0.388908
v 0.406802 2.292918 -0.388306
v 0.410426 2.301939 -0.384378
v 0.401645 2.302500 -0.385707
v 0.403845 2.302455 -0.381177
v 0.395095 2.301579 -0.382535
v 0.401839 2.293308 -0.385892
v 0.396898 2.292613 -0.383499
v 0.392169 2.290861 -0.381220
v 0.387835 2.288118 -0.379143
v 0.388826 2.299256 -0.379513
v 0.391026 2.299211 -0.374983
v 0.383080 2.295620 -0.376759
v 0.385280 2.295575 -0.372229
v 0.378078 2.290811 -0.374378
v 0.384062 2.284491 -0.377346
v 0.380278 2.290766 -0.369848
v 0.374012 2.285013 -0.372460
v 0.376212 2.284968 -0.367930
v 0.371038 2.278450 -0.371081
v 0.380995 2.280118 -0.375900
v 0.378752 2.275167 -0.374860
v 0.377419 2.269830 -0.374265
v 0.377047 2.264310 -0.374140
v 0.369270 2.271374 -0.370293
v 0.371470 2.271328 -0.365763
v 0.368777 2.264056 -0.370126
v 0.370977 2.264011 -0.365596
v 0.369577 2.256778 -0.370587
v 0.377650 2.258821 -0.374487
v 0.371777 2.256733 -0.366057
v 0.371640 2.249819 -0.371657
v 0.373840 2.249774 -0.367127
v 0.374886 2.243448 -0.373297
v 0.379206 2.253572 -0.375295
v 0.381655 2.248766 -0.376531
v 0.377220 2.252587 -0.374340
v 0.375531 2.258285 -0.373463
v 0.379878 2.247370 -0.375682
v 0.374876 2.264244 -0.373086
v 0.384902 2.244588 -0.378149
v 0.388822 2.241197 -0.380087
v 0.379191 2.237908 -0.375442
v 0.381391 2.237863 -0.370912
v 0.384389 2.233413 -0.378011
v 0.386588 2.233368 -0.373481
v 0.390280 2.230135 -0.380904
v 0.393266 2.238725 -0.382269
v 0.392480 2.230090 -0.376374
v 0.396638 2.228201 -0.384011
v 0.398062 2.237266 -0.384613
v 0.398838 2.228156 -0.379481
v 0.403219 2.227684 -0.387212
v 0.405419 2.227639 -0.382682
v 0.403026 2.236876 -0.387027
v 0.411969 2.228560 -0.385854
v 0.405151 2.232710 -0.382912
v 0.407673 2.232659 -0.377719
v 0.410815 2.233507 -0.385654
v 0.399462 2.233157 -0.380144
v 0.401983 2.233106 -0.374952
v 0.393965 2.234829 -0.377458
v 0.396487 2.234778 -0.372266
v 0.388872 2.237663 -0.374957
v 0.391393 2.237611 -0.369764
v 0.384378 2.241549 -0.372736
v 0.386900 2.241498 -0.367544
v 0.380657 2.246338 -0.370881
v 0.383178 2.246287 -0.365689
v 0.377850 2.251847 -0.369464
v 0.377086 2.243403 -0.368767
v 0.380372 2.251795 -0.364272
v 0.376067 2.257863 -0.368538
v 0.378589 2.257811 -0.363346
v 0.375375 2.264154 -0.368140
v 0.377897 2.264103 -0.362948
v 0.375802 2.270481 -0.368284
v 0.378323 2.270430 -0.363092
v 0.377330 2.276599 -0.368966
v 0.379851 2.276547 -0.363773
v 0.379901 2.282273 -0.370158
v 0.373238 2.278405 -0.366551
v 0.382422 2.282221 -0.364966
v 0.383416 2.287285 -0.371815
v 0.385938 2.287233 -0.366623
v 0.387741 2.291443 -0.373874
v 0.390262 2.291391 -0.368682
v 0.392708 2.294586 -0.376256
v 0.395230 2.294535 -0.371063
v 0.398128 2.296595 -0.378868
v 0.400649 2.296543 -0.373675
v 0.403791 2.297391 -0.381610
v 0.397295 2.301534 -0.378005
v 0.406312 2.297339 -0.376418
v 0.409480 2.296944 -0.384377
v 0.412002 2.296893 -0.379185
v 0.414977 2.295272 -0.387063
v 0.417499 2.295220 -0.381871
v 0.420070 2.292438 -0.389565
v 0.422592 2.292387 -0.384373
v 0.424564 2.288552 -0.391786
v 0.427086 2.288501 -0.386593
v 0.428286 2.283763 -0.393640
v 0.430807 2.283711 -0.388448
v 0.431092 2.278255 -0.395058
v 0.435424 2.280320 -0.396732
v 0.433613 2.278203 -0.389866
v 0.432875 2.272239 -0.395983
v 0.437487 2.273362 -0.397803
v 0.435397 2.272187 -0.390791
v 0.433567 2.265947 -0.396382
v 0.438287 2.266084 -0.398263
v 0.436089 2.265895 -0.391190
v 0.433141 2.259620 -0.396237
v 0.435662 2.259569 -0.391045
v 0.431613 2.253502 -0.395556
v 0.437794 2.258766 -0.398096
v 0.434134 2.253451 -0.390364
v 0.429041 2.247828 -0.394363
v 0.431563 2.247777 -0.389171
v 0.425526 2.242816 -0.392706
v 0.428047 2.242765 -0.387514
v 0.421202 2.238659 -0.390647
v 0.423723 2.238607 -0.385455
v 0.416234 2.235515 -0.388266
v 0.418756 2.235464 -0.383074
v 0.419294 2.239189 -0.378109
v 0.413336 2.233455 -0.380462
v 0.414566 2.237437 -0.375830
v 0.418429 2.237358 -0.367876
v 0.409625 2.236742 -0.373437
v 0.404661 2.237132 -0.371023
v 0.413488 2.236663 -0.365484
v 0.416122 2.229946 -0.360483
v 0.408524 2.237053 -0.363069
v 0.409985 2.230428 -0.357498
v 0.403728 2.238512 -0.360726
v 0.399866 2.238590 -0.368680
v 0.404056 2.232231 -0.354601
v 0.399285 2.240984 -0.358543
v 0.395422 2.241063 -0.366497
v 0.398563 2.235288 -0.351903
v 0.395364 2.244374 -0.356606
v 0.391501 2.244453 -0.364560
v 0.393716 2.239479 -0.349508
v 0.392117 2.248553 -0.354988
v 0.388254 2.248632 -0.362941
v 0.389702 2.244645 -0.347507
v 0.389669 2.253359 -0.353751
v 0.385806 2.253438 -0.361705
v 0.386675 2.250586 -0.345978
v 0.388113 2.258607 -0.352943
v 0.384250 2.258686 -0.360897
v 0.384752 2.257075 -0.344980
v 0.387509 2.264097 -0.352596
v 0.383647 2.264176 -0.360550
v 0.384005 2.263861 -0.344550
v 0.387881 2.269617 -0.352722
v 0.384019 2.269695 -0.360676
v 0.384465 2.270685 -0.344706
v 0.389214 2.274954 -0.353316
v 0.385352 2.275033 -0.361270
v 0.386114 2.277284 -0.345441
v 0.391458 2.279904 -0.354357
v 0.387595 2.279983 -0.362310
v 0.388887 2.283403 -0.346727
v 0.394525 2.284277 -0.355803
v 0.390662 2.284356 -0.363757
v 0.392678 2.288810 -0.348515
v 0.398298 2.287905 -0.357599
v 0.394435 2.287984 -0.365553
v 0.397343 2.293294 -0.350736
v 0.402632 2.290648 -0.359677
v 0.398769 2.290726 -0.367630
v 0.402701 2.296685 -0.353304
v 0.407360 2.292400 -0.361956
v 0.403497 2.292479 -0.369909
v 0.408546 2.298851 -0.356121
v 0.412301 2.293094 -0.364348
v 0.408438 2.293173 -0.372302
v 0.414654 2.299710 -0.359079
v 0.417265 2.292705 -0.366763
v 0.413402 2.292784 -0.374716
v 0.420791 2.299228 -0.362064
v 0.422060 2.291246 -0.369106
v 0.418198 2.291325 -0.377060
v 0.426720 2.297424 -0.364961
v 0.426504 2.288774 -0.371289
v 0.422642 2.288852 -0.379242
v 0.432213 2.294368 -0.367659
v 0.430425 2.285383 -0.373226
v 0.426562 2.285462 -0.381180
v 0.437060 2.290176 -0.370054
v 0.433672 2.281205 -0.374844
v 0.429809 2.281283 -0.382798
v 0.441074 2.285011 -0.372055
v 0.436120 2.276399 -0.376081
v 0.432257 2.276478 -0.384035
v 0.444101 2.279069 -0.373584
v 0.437676 2.271150 -0.376889
v 0.433813 2.271229 -0.384842
v 0.446024 2.272581 -0.374582
v 0.438279 2.265661 -0.377236
v 0.434417 2.265739 -0.385190
v 0.446770 2.265794 -0.375012
v 0.437907 2.260141 -0.377110
v 0.434045 2.260220 -0.385064
v 0.446311 2.258971 -0.374856
v 0.436574 2.254803 -0.376516
v 0.432712 2.254882 -0.384469
v 0.444662 2.252372 -0.374121
v 0.434331 2.249853 -0.375475
v 0.430468 2.249932 -0.383429
v 0.441889 2.246252 -0.372835
v 0.431264 2.245480 -0.374029
v 0.427401 2.245559 -0.381983
v 0.438098 2.240846 -0.371047
v 0.427491 2.241853 -0.372233
v 0.423628 2.241931 -0.380186
v 0.433433 2.236362 -0.368826
v 0.423157 2.239110 -0.370155
v 0.428075 2.232971 -0.366258
v 0.434174 2.228785 -0.357890
v 0.422230 2.230805 -0.363441
v 0.427578 2.226341 -0.354710
v 0.432966 2.226231 -0.343614
v 0.420684 2.225371 -0.351372
v 0.426073 2.225261 -0.340276
v 0.413759 2.225915 -0.348004
v 0.419148 2.225805 -0.336907
v 0.407068 2.227951 -0.344734
v 0.412457 2.227840 -0.333638
v 0.400868 2.231400 -0.341689
v 0.406257 2.231290 -0.330593
v 0.395399 2.236130 -0.338986
v 0.400787 2.236020 -0.327890
v 0.390869 2.241960 -0.336729
v 0.396257 2.241849 -0.325632
v 0.387453 2.248664 -0.335003
v 0.392842 2.248554 -0.323907
v 0.385282 2.255987 -0.333877
v 0.390671 2.255877 -0.322780
v 0.384440 2.263646 -0.333392
v 0.389829 2.263536 -0.322295
v 0.384959 2.271347 -0.333567
v 0.390348 2.271237 -0.322471
v 0.386819 2.278793 -0.334397
v 0.392208 2.278683 -0.323300
v 0.389949 2.285700 -0.335848
v 0.395337 2.285590 -0.324752
v 0.394228 2.291801 -0.337866
v 0.399616 2.291691 -0.326769
v 0.399492 2.296862 -0.340372
v 0.404880 2.296752 -0.329275
v 0.405538 2.300688 -0.343271
v 0.410927 2.300578 -0.332174
v 0.412135 2.303133 -0.346450
v 0.417524 2.303023 -0.335353
v 0.419028 2.304102 -0.349788
v 0.424417 2.303992 -0.338691
v 0.425953 2.303558 -0.353156
v 0.431342 2.303448 -0.342060
v 0.432644 2.301523 -0.356426
v 0.438033 2.301413 -0.345329
v 0.438844 2.298074 -0.359471
v 0.444233 2.297964 -0.348374
v 0.444314 2.293344 -0.362174
v 0.449703 2.293233 -0.351077
v 0.448844 2.287514 -0.364432
v 0.454233 2.287404 -0.353335
v 0.452260 2.280809 -0.366157
v 0.457648 2.280699 -0.355060
v 0.454430 2.273486 -0.367284
v 0.459819 2.273376 -0.356187
v 0.455272 2.265828 -0.367769
v 0.460661 2.265718 -0.356672
v 0.454753 2.258127 -0.367593
v 0.460142 2.258017 -0.356496
v 0.452893 2.250680 -0.366763
v 0.458282 2.250570 -0.355667
v 0.449764 2.243773 -0.365312
v 0.455152 2.243664 -0.354215
v 0.445485 2.237673 -0.363294
v 0.450874 2.237563 -0.352198
v 0.440221 2.232612 -0.360788
v 0.445610 2.232502 -0.349692
v 0.447758 2.236069 -0.339328
v 0.439563 2.228675 -0.346793
v 0.442401 2.232679 -0.336760
v 0.442470 2.238716 -0.330387
v 0.436555 2.230513 -0.333943
v 0.437741 2.236964 -0.328108
v 0.430447 2.229654 -0.330985
v 0.432800 2.236269 -0.325716
v 0.424310 2.230135 -0.328000
v 0.427837 2.236659 -0.323301
v 0.418381 2.231939 -0.325103
v 0.423041 2.238118 -0.320958
v 0.412888 2.234995 -0.322405
v 0.418597 2.240590 -0.318775
v 0.408041 2.239187 -0.320009
v 0.414677 2.243980 -0.316838
v 0.404027 2.244353 -0.318009
v 0.411430 2.248159 -0.315220
v 0.401000 2.250294 -0.316480
v 0.408981 2.252964 -0.313983
v 0.399077 2.256783 -0.315482
v 0.407425 2.258213 -0.313175
v 0.398331 2.263569 -0.315052
v 0.406822 2.263703 -0.312828
v 0.398791 2.270393 -0.315208
v 0.407194 2.269222 -0.312954
v 0.400439 2.276991 -0.315943
v 0.408527 2.274560 -0.313548
v 0.403212 2.283111 -0.317229
v 0.410770 2.279510 -0.314589
v 0.407004 2.288517 -0.319017
v 0.413837 2.283883 -0.316035
v 0.411668 2.293002 -0.321237
v 0.417610 2.287511 -0.317831
v 0.417026 2.296392 -0.323806
v 0.421944 2.290253 -0.319909
v 0.422871 2.298558 -0.326623
v 0.426672 2.292006 -0.322187
v 0.428980 2.299417 -0.329581
v 0.431614 2.292700 -0.324580
v 0.435116 2.298936 -0.332566
v 0.436577 2.292311 -0.326994
v 0.441045 2.297132 -0.335463
v 0.441373 2.290852 -0.329338
v 0.446538 2.294076 -0.338161
v 0.445817 2.288379 -0.331520
v 0.451385 2.289884 -0.340556
v 0.449737 2.284989 -0.333458
v 0.455399 2.284719 -0.342557
v 0.452984 2.280811 -0.335076
v 0.458426 2.278777 -0.344085
v 0.455433 2.276005 -0.336313
v 0.460350 2.272289 -0.345084
v 0.456988 2.270756 -0.337120
v 0.461096 2.265502 -0.345513
v 0.457592 2.265266 -0.337468
v 0.460636 2.258678 -0.345358
v 0.457220 2.259747 -0.337342
v 0.458988 2.252080 -0.344623
v 0.455887 2.254409 -0.336747
v 0.456214 2.245960 -0.343337
v 0.453644 2.249459 -0.335707
v 0.452423 2.240554 -0.341549
v 0.450577 2.245086 -0.334261
v 0.454439 2.245007 -0.326307
v 0.446804 2.241459 -0.332465
v 0.450666 2.241380 -0.324511
v 0.446332 2.238637 -0.322433
v 0.441604 2.236885 -0.320155
v 0.436663 2.236190 -0.317762
v 0.431699 2.236580 -0.315348
v 0.426903 2.238039 -0.313004
v 0.422460 2.240511 -0.310822
v 0.418539 2.243901 -0.308884
v 0.415292 2.248080 -0.307266
v 0.412844 2.252886 -0.306029
v 0.411288 2.258134 -0.305222
v 0.410684 2.263624 -0.304874
v 0.411056 2.269144 -0.305000
v 0.412390 2.274481 -0.305595
v 0.414633 2.279432 -0.306635
v 0.417700 2.283804 -0.308081
v 0.421473 2.287432 -0.309877
v 0.425807 2.290174 -0.311955
v 0.430535 2.291927 -0.314234
v 0.435476 2.292622 -0.316626
v 0.440440 2.292232 -0.319041
v 0.445236 2.290773 -0.321384
v 0.449679 2.288301 -0.323567
v 0.453600 2.284910 -0.325504
v 0.456847 2.280732 -0.327123
v 0.459295 2.275926 -0.328359
v 0.460851 2.270677 -0.329167
v 0.461455 2.265188 -0.329514
v 0.461083 2.259668 -0.329388
v 0.459749 2.254331 -0.328794
v 0.457506 2.249380 -0.327753
v 0.382491 2.286150 -0.376567
v 0.386587 2.290088 -0.378517
v 0.407176 2.295298 -0.388464
v 0.412382 2.293714 -0.391008
v 0.402359 2.285956 -0.431018
v 0.379294 2.292972 -0.419748
v 0.361149 2.275527 -0.411108
v 0.371219 2.241557 -0.416335
v 0.375663 2.239084 -0.418518
v -0.404881 2.321738 -0.445006
v -0.389130 2.320304 -0.409170
v -0.368444 2.336116 -0.445006
v -0.389130 2.320304 -0.480842
v -0.422600 2.294721 -0.422858
v -0.422600 2.294721 -0.467153
v -0.422025 2.258765 -0.482686
v -0.399207 2.283290 -0.502990
v -0.432676 2.257707 -0.445006
v -0.422025 2.258765 -0.407325
v -0.415511 2.223399 -0.422858
v -0.415511 2.223399 -0.467153
v -0.392821 2.200398 -0.445006
v -0.377660 2.204904 -0.480842
v -0.394825 2.239211 -0.502990
v -0.357628 2.227299 -0.505974
v -0.361355 2.264795 -0.516678
v -0.365083 2.302291 -0.505974
v -0.323504 2.246300 -0.502990
v -0.327885 2.290379 -0.502990
v -0.300685 2.270824 -0.482686
v -0.307199 2.306190 -0.467153
v -0.345051 2.324686 -0.480842
v -0.329890 2.329191 -0.445006
v -0.345051 2.324686 -0.409169
v -0.307199 2.306190 -0.422858
v -0.300685 2.270824 -0.407325
v -0.290034 2.271883 -0.445006
v -0.327885 2.290379 -0.387021
v -0.365083 2.302291 -0.384037
v -0.323504 2.246300 -0.387022
v -0.361355 2.264795 -0.373333
v -0.357628 2.227299 -0.384037
v -0.394825 2.239211 -0.387021
v -0.399207 2.283290 -0.387022
v -0.377660 2.204904 -0.409169
v -0.333580 2.209285 -0.409170
v -0.354266 2.193474 -0.445006
v -0.317829 2.207852 -0.445006
v -0.333580 2.209285 -0.480842
v -0.300111 2.234869 -0.467153
v -0.300111 2.234869 -0.422858
v -0.256991 2.352559 -0.468442
v -0.260009 2.355994 -0.467992
v -0.253974 2.349124 -0.467992
v -0.278985 2.333235 -0.468442
v -0.275968 2.329800 -0.467992
v -0.282003 2.336670 -0.467992
v -0.278985 2.333235 -0.470446
v -0.282127 2.330475 -0.470446
v -0.275710 2.329507 -0.469958
v -0.282261 2.336964 -0.469958
v -0.285403 2.334204 -0.469958
v -0.285411 2.340549 -0.468510
v -0.284905 2.339973 -0.466658
v -0.288553 2.337789 -0.468510
v -0.288314 2.343853 -0.466159
v -0.287579 2.343017 -0.464492
v -0.291456 2.341094 -0.466159
v -0.290859 2.346750 -0.462995
v -0.294000 2.343990 -0.462995
v -0.292947 2.349126 -0.459140
v -0.289923 2.345685 -0.461578
v -0.267929 2.365008 -0.461578
v -0.291847 2.347874 -0.458026
v -0.269853 2.367198 -0.458026
v -0.293277 2.349501 -0.453974
v -0.271283 2.368825 -0.453974
v -0.294499 2.350893 -0.454741
v -0.294157 2.350503 -0.449578
v -0.272163 2.369827 -0.449578
v -0.295454 2.351980 -0.449969
v -0.294454 2.350842 -0.445006
v -0.272460 2.370165 -0.445006
v -0.295777 2.352347 -0.445006
v -0.294157 2.350503 -0.440433
v -0.272163 2.369827 -0.440433
v -0.293277 2.349501 -0.436037
v -0.295454 2.351980 -0.440042
v -0.298596 2.349220 -0.440042
v -0.294499 2.350893 -0.435270
v -0.297640 2.348133 -0.435270
v -0.292947 2.349126 -0.430871
v -0.296088 2.346367 -0.430871
v -0.290859 2.346750 -0.427016
v -0.291847 2.347874 -0.431985
v -0.269853 2.367198 -0.431985
v -0.289923 2.345685 -0.428433
v -0.267929 2.365008 -0.428433
v -0.287579 2.343017 -0.425519
v -0.265585 2.362340 -0.425519
v -0.288314 2.343853 -0.423852
v -0.284905 2.339973 -0.423353
v -0.262911 2.359297 -0.423353
v -0.282003 2.336670 -0.422019
v -0.285411 2.340549 -0.421501
v -0.288553 2.337789 -0.421501
v -0.282261 2.336964 -0.420054
v -0.285403 2.334204 -0.420054
v -0.278985 2.333235 -0.419565
v -0.282127 2.330475 -0.419565
v -0.275710 2.329507 -0.420054
v -0.278985 2.333235 -0.421569
v -0.256991 2.352559 -0.421569
v -0.275968 2.329800 -0.422019
v -0.253974 2.349124 -0.422019
v -0.273066 2.326498 -0.423353
v -0.251072 2.345821 -0.423353
v -0.272560 2.325921 -0.421501
v -0.270392 2.323454 -0.425519
v -0.248397 2.342777 -0.425519
v -0.268047 2.320786 -0.428433
v -0.269657 2.322617 -0.423852
v -0.272798 2.319857 -0.423852
v -0.267112 2.319721 -0.427016
v -0.270253 2.316961 -0.427016
v -0.265024 2.317344 -0.430871
v -0.268165 2.314584 -0.430871
v -0.263472 2.315578 -0.435270
v -0.266124 2.318596 -0.431985
v -0.244130 2.337920 -0.431985
v -0.264694 2.316969 -0.436037
v -0.242700 2.336293 -0.436037
v -0.263814 2.315967 -0.440433
v -0.241820 2.335291 -0.440433
v -0.262516 2.314490 -0.440042
v -0.263517 2.315629 -0.445006
v -0.241523 2.334952 -0.445006
v -0.262194 2.314123 -0.445006
v -0.263814 2.315967 -0.449578
v -0.241820 2.335291 -0.449578
v -0.264694 2.316969 -0.453974
v -0.262516 2.314490 -0.449969
v -0.265658 2.311730 -0.449969
v -0.263472 2.315578 -0.454741
v -0.266613 2.312818 -0.454741
v -0.265024 2.317344 -0.459140
v -0.266124 2.318596 -0.458026
v -0.268165 2.314584 -0.459140
v -0.267112 2.319721 -0.462995
v -0.268047 2.320786 -0.461578
v -0.270253 2.316961 -0.462995
v -0.269657 2.322617 -0.466159
v -0.270392 2.323454 -0.464492
v -0.272798 2.319857 -0.466159
v -0.272560 2.325921 -0.468510
v -0.275701 2.323162 -0.468510
v -0.273066 2.326498 -0.466658
v -0.251072 2.345821 -0.466658
v -0.248397 2.342777 -0.464492
v -0.246053 2.340109 -0.461578
v -0.244130 2.337920 -0.458026
v -0.242700 2.336293 -0.453974
v -0.278851 2.326747 -0.469958
v -0.276207 2.323738 -0.466658
v -0.279109 2.327041 -0.467992
v -0.273533 2.320694 -0.464492
v -0.274279 2.321543 -0.473712
v -0.277420 2.318783 -0.473712
v -0.278126 2.325922 -0.475480
v -0.270733 2.317507 -0.470841
v -0.273874 2.314747 -0.470841
v -0.267625 2.313970 -0.466976
v -0.271189 2.318026 -0.461578
v -0.270766 2.311210 -0.466976
v -0.265075 2.311067 -0.462268
v -0.269265 2.315836 -0.458026
v -0.268216 2.308307 -0.462268
v -0.263180 2.308910 -0.456896
v -0.266321 2.306150 -0.456896
v -0.262013 2.307582 -0.451067
v -0.267835 2.314209 -0.453974
v -0.266955 2.313207 -0.449578
v -0.266658 2.312869 -0.445006
v -0.261619 2.307133 -0.445006
v -0.265335 2.311363 -0.445006
v -0.266955 2.313207 -0.440433
v -0.265658 2.311730 -0.440042
v -0.262013 2.307582 -0.438944
v -0.267835 2.314209 -0.436037
v -0.263180 2.308910 -0.433115
v -0.266613 2.312818 -0.435270
v -0.269265 2.315836 -0.431985
v -0.271189 2.318026 -0.428433
v -0.265075 2.311067 -0.427743
v -0.268216 2.308307 -0.427743
v -0.267625 2.313970 -0.423035
v -0.270766 2.311210 -0.423035
v -0.270733 2.317507 -0.419170
v -0.273533 2.320694 -0.425519
v -0.273874 2.314747 -0.419170
v -0.274279 2.321543 -0.416299
v -0.276207 2.323738 -0.423353
v -0.277420 2.318783 -0.416299
v -0.278126 2.325922 -0.414531
v -0.279109 2.327041 -0.422019
v -0.281267 2.323162 -0.414531
v -0.282127 2.330475 -0.413934
v -0.285268 2.327716 -0.413934
v -0.286128 2.335029 -0.414531
v -0.282127 2.330475 -0.421569
v -0.285144 2.333910 -0.422019
v -0.288046 2.337213 -0.423353
v -0.290721 2.340257 -0.425519
v -0.289975 2.339408 -0.416299
v -0.293116 2.336648 -0.416299
v -0.293520 2.343444 -0.419170
v -0.296661 2.340684 -0.419170
v -0.296628 2.346981 -0.423035
v -0.293065 2.342925 -0.428433
v -0.299769 2.344221 -0.423035
v -0.299178 2.349884 -0.427743
v -0.302320 2.347124 -0.427743
v -0.301074 2.352041 -0.433115
v -0.294988 2.345115 -0.431985
v -0.296418 2.346742 -0.436037
v -0.297298 2.347744 -0.440433
v -0.297595 2.348082 -0.445006
v -0.302241 2.353369 -0.438944
v -0.305382 2.350609 -0.438944
v -0.302635 2.353818 -0.445006
v -0.305776 2.351058 -0.445006
v -0.302241 2.353369 -0.451067
v -0.297298 2.347744 -0.449578
v -0.305382 2.350609 -0.451067
v -0.301074 2.352041 -0.456896
v -0.304215 2.349281 -0.456896
v -0.299178 2.349884 -0.462268
v -0.296418 2.346742 -0.453974
v -0.294988 2.345115 -0.458026
v -0.297640 2.348133 -0.454741
v -0.298596 2.349220 -0.449969
v -0.296088 2.346367 -0.459140
v -0.298918 2.349588 -0.445006
v -0.293065 2.342925 -0.461578
v -0.290721 2.340257 -0.464492
v -0.296628 2.346981 -0.466976
v -0.299769 2.344221 -0.466976
v -0.293520 2.343444 -0.470841
v -0.296661 2.340684 -0.470841
v -0.289975 2.339408 -0.473712
v -0.288046 2.337213 -0.466658
v -0.293116 2.336648 -0.473712
v -0.286128 2.335029 -0.475480
v -0.285144 2.333910 -0.467992
v -0.289269 2.332269 -0.475480
v -0.282127 2.330475 -0.476077
v -0.285268 2.327716 -0.476077
v -0.282127 2.330475 -0.468442
v -0.281267 2.323162 -0.475480
v -0.285038 2.327917 -0.471868
v -0.288639 2.324754 -0.471868
v -0.281579 2.323980 -0.471352
v -0.288497 2.331854 -0.471352
v -0.292097 2.328691 -0.471352
v -0.291823 2.335640 -0.469823
v -0.295423 2.332477 -0.469823
v -0.294888 2.339129 -0.467341
v -0.298489 2.335966 -0.467341
v -0.297575 2.342187 -0.464000
v -0.301175 2.339024 -0.464000
v -0.299780 2.344697 -0.459929
v -0.303380 2.341533 -0.459929
v -0.301418 2.346561 -0.455285
v -0.302320 2.347124 -0.462268
v -0.305019 2.343398 -0.455285
v -0.302427 2.347710 -0.450246
v -0.306028 2.344547 -0.450246
v -0.302768 2.348098 -0.445006
v -0.306368 2.344934 -0.445006
v -0.302427 2.347710 -0.439765
v -0.306028 2.344547 -0.439765
v -0.301418 2.346561 -0.434726
v -0.305019 2.343398 -0.434726
v -0.299780 2.344697 -0.430082
v -0.304215 2.349281 -0.433115
v -0.303380 2.341533 -0.430082
v -0.297575 2.342187 -0.426011
v -0.301175 2.339024 -0.426011
v -0.294888 2.339129 -0.422670
v -0.298489 2.335966 -0.422670
v -0.291823 2.335640 -0.420188
v -0.295423 2.332477 -0.420188
v -0.288497 2.331854 -0.418659
v -0.292097 2.328691 -0.418659
v -0.285038 2.327917 -0.418143
v -0.289269 2.332269 -0.414531
v -0.288639 2.324754 -0.418143
v -0.281579 2.323980 -0.418659
v -0.285180 2.320817 -0.418659
v -0.278253 2.320195 -0.420188
v -0.281854 2.317032 -0.420188
v -0.275188 2.316706 -0.422670
v -0.278788 2.313543 -0.422670
v -0.272501 2.313648 -0.426011
v -0.276102 2.310485 -0.426011
v -0.270296 2.311138 -0.430082
v -0.273897 2.307975 -0.430082
v -0.268658 2.309273 -0.434726
v -0.266321 2.306150 -0.433115
v -0.272258 2.306110 -0.434726
v -0.267649 2.308125 -0.439765
v -0.265154 2.304822 -0.438944
v -0.271249 2.304962 -0.439765
v -0.267308 2.307737 -0.445006
v -0.264760 2.304373 -0.445006
v -0.270909 2.304574 -0.445006
v -0.267649 2.308125 -0.450246
v -0.271249 2.304962 -0.450246
v -0.268658 2.309273 -0.455285
v -0.265154 2.304822 -0.451067
v -0.272258 2.306110 -0.455285
v -0.270296 2.311138 -0.459929
v -0.273897 2.307975 -0.459929
v -0.272501 2.313648 -0.464000
v -0.276102 2.310485 -0.464000
v -0.275188 2.316706 -0.467341
v -0.278788 2.313543 -0.467341
v -0.278253 2.320195 -0.469823
v -0.281854 2.317032 -0.469823
v -0.285631 2.315458 -0.466658
v -0.285180 2.320817 -0.471352
v -0.288532 2.318761 -0.467992
v -0.327139 2.284842 -0.467992
v -0.291550 2.322196 -0.468442
v -0.330157 2.288277 -0.468442
v -0.294568 2.325631 -0.467992
v -0.333174 2.291712 -0.467992
v -0.297470 2.328934 -0.466658
v -0.336076 2.295015 -0.466658
v -0.300144 2.331978 -0.464492
v -0.338750 2.298059 -0.464492
v -0.302488 2.334646 -0.461578
v -0.341095 2.300727 -0.461578
v -0.304412 2.336835 -0.458026
v -0.343018 2.302917 -0.458026
v -0.305841 2.338462 -0.453974
v -0.344448 2.304543 -0.453974
v -0.306722 2.339464 -0.449578
v -0.345328 2.305545 -0.449578
v -0.307019 2.339803 -0.445006
v -0.345625 2.305884 -0.445006
v -0.306722 2.339464 -0.440433
v -0.345328 2.305545 -0.440433
v -0.305841 2.338462 -0.436037
v -0.344448 2.304543 -0.436037
v -0.304412 2.336835 -0.431985
v -0.343018 2.302917 -0.431985
v -0.302488 2.334646 -0.428433
v -0.341095 2.300727 -0.428433
v -0.300144 2.331978 -0.425519
v -0.338750 2.298059 -0.425519
v -0.297470 2.328934 -0.423353
v -0.336076 2.295015 -0.423353
v -0.294568 2.325631 -0.422019
v -0.333174 2.291712 -0.422019
v -0.291550 2.322196 -0.421569
v -0.330157 2.288277 -0.421569
v -0.288532 2.318761 -0.422019
v -0.327139 2.284842 -0.422019
v -0.285631 2.315458 -0.423353
v -0.324237 2.281540 -0.423353
v -0.282956 2.312415 -0.425519
v -0.321563 2.278496 -0.425519
v -0.280612 2.309747 -0.428433
v -0.319219 2.275828 -0.428433
v -0.278688 2.307557 -0.431985
v -0.317295 2.273638 -0.431985
v -0.277259 2.305930 -0.436037
v -0.315865 2.272011 -0.436037
v -0.276379 2.304928 -0.440433
v -0.314985 2.271009 -0.440433
v -0.276081 2.304590 -0.445006
v -0.314688 2.270671 -0.445006
v -0.276379 2.304928 -0.449578
v -0.314985 2.271009 -0.449578
v -0.277259 2.305930 -0.453974
v -0.315865 2.272011 -0.453974
v -0.278688 2.307557 -0.458026
v -0.317295 2.273638 -0.458026
v -0.280612 2.309747 -0.461578
v -0.319219 2.275828 -0.461578
v -0.282956 2.312415 -0.464492
v -0.321563 2.278496 -0.464492
v -0.324237 2.281540 -0.466658
v -0.294000 2.343990 -0.427016
v -0.291456 2.341094 -0.423852
v -0.278851 2.326747 -0.420054
v -0.275701 2.323162 -0.421501
v -0.246053 2.340109 -0.428433
v -0.260009 2.355994 -0.422019
v -0.271283 2.368825 -0.436037
v -0.265585 2.362340 -0.464492
v -0.262911 2.359297 -0.466658
v -0.394264 2.248803 -0.423276
v -0.392586 2.253491 -0.420861
v -0.394891 2.243853 -0.425668
v -0.398610 2.234022 -0.391557
v -0.399236 2.229072 -0.393950
v -0.396931 2.238709 -0.389143
v -0.400952 2.234606 -0.391606
v -0.401572 2.232495 -0.387076
v -0.401631 2.229233 -0.394203
v -0.399130 2.239695 -0.388985
v -0.399750 2.237584 -0.384455
v -0.396235 2.244303 -0.386441
v -0.394265 2.242954 -0.386799
v -0.396856 2.242192 -0.381911
v -0.392380 2.248253 -0.384072
v -0.390713 2.246593 -0.384617
v -0.393000 2.246142 -0.379542
v -0.387712 2.251394 -0.381969
v -0.388332 2.249283 -0.377439
v -0.382410 2.253605 -0.380212
v -0.386413 2.249487 -0.382679
v -0.382068 2.264268 -0.414398
v -0.381529 2.251524 -0.381061
v -0.377183 2.266305 -0.412780
v -0.376249 2.252625 -0.379825
v -0.371904 2.267406 -0.411543
v -0.376678 2.254801 -0.378870
v -0.370776 2.252749 -0.379017
v -0.366431 2.267530 -0.410735
v -0.370737 2.254935 -0.377993
v -0.365320 2.251891 -0.378669
v -0.360975 2.266672 -0.410388
v -0.364815 2.254004 -0.377616
v -0.360092 2.250084 -0.378795
v -0.355746 2.264865 -0.410514
v -0.355291 2.247397 -0.379390
v -0.359139 2.252042 -0.377752
v -0.359760 2.249931 -0.373223
v -0.353928 2.249125 -0.378398
v -0.354549 2.247014 -0.373868
v -0.349382 2.245365 -0.379527
v -0.350002 2.243254 -0.374997
v -0.345675 2.240907 -0.381097
v -0.351103 2.243933 -0.380430
v -0.346758 2.258714 -0.412149
v -0.347688 2.239826 -0.381876
v -0.343343 2.254607 -0.413595
v -0.345178 2.235233 -0.383673
v -0.340832 2.250015 -0.415391
v -0.342950 2.235921 -0.383047
v -0.343668 2.230332 -0.385750
v -0.339323 2.245113 -0.417469
v -0.343218 2.225309 -0.388029
v -0.341311 2.230600 -0.385302
v -0.341932 2.228489 -0.380772
v -0.340823 2.225148 -0.387776
v -0.341443 2.223037 -0.383246
v -0.341503 2.219775 -0.390373
v -0.342123 2.217664 -0.385843
v -0.343325 2.214686 -0.392994
v -0.343844 2.220359 -0.390422
v -0.339499 2.235140 -0.422140
v -0.345523 2.215672 -0.392836
v -0.341178 2.230453 -0.424555
v -0.348189 2.211427 -0.395180
v -0.343844 2.226208 -0.426898
v -0.346219 2.210078 -0.395538
v -0.351741 2.207788 -0.397362
v -0.347396 2.222569 -0.429080
v -0.356041 2.204894 -0.399300
v -0.350074 2.206128 -0.397907
v -0.350695 2.204017 -0.393377
v -0.354743 2.202987 -0.400010
v -0.355363 2.200876 -0.395480
v -0.360044 2.200776 -0.401767
v -0.360665 2.198665 -0.397237
v -0.365776 2.199581 -0.403109
v -0.360925 2.202857 -0.400918
v -0.356580 2.217638 -0.432636
v -0.366205 2.201756 -0.402154
v -0.361860 2.216537 -0.433873
v -0.371678 2.201632 -0.402962
v -0.367333 2.216413 -0.434680
v -0.371717 2.199446 -0.403986
v -0.377134 2.202490 -0.403310
v -0.372789 2.217271 -0.435028
v -0.377639 2.200377 -0.404363
v -0.382362 2.204297 -0.403184
v -0.378017 2.219079 -0.434902
v -0.387163 2.206984 -0.402589
v -0.383315 2.202339 -0.404226
v -0.383935 2.200228 -0.399696
v -0.388526 2.205256 -0.403581
v -0.389147 2.203145 -0.399051
v -0.393073 2.209016 -0.402452
v -0.391351 2.210448 -0.401549
v -0.393693 2.206905 -0.397922
v -0.396779 2.213474 -0.400882
v -0.394766 2.214555 -0.400103
v -0.397400 2.211363 -0.396352
v -0.399504 2.218460 -0.398932
v -0.397277 2.219148 -0.398306
v -0.400125 2.216349 -0.394402
v -0.401143 2.223781 -0.396677
v -0.401763 2.221670 -0.392147
v -0.398786 2.224049 -0.396229
v -0.394441 2.238831 -0.427947
v -0.392931 2.233929 -0.430025
v -0.390421 2.229336 -0.431821
v -0.387006 2.225229 -0.433267
v -0.382818 2.221766 -0.434307
v -0.402252 2.227122 -0.389673
v -0.399406 2.221938 -0.391699
v -0.399856 2.226961 -0.389420
v -0.397897 2.217036 -0.393776
v -0.408384 2.220915 -0.393406
v -0.409005 2.218804 -0.388876
v -0.408981 2.227574 -0.390384
v -0.406384 2.214417 -0.396160
v -0.407004 2.212305 -0.391630
v -0.403056 2.208328 -0.398541
v -0.395387 2.212444 -0.395573
v -0.403676 2.206217 -0.394011
v -0.398528 2.202883 -0.400459
v -0.391972 2.208337 -0.397019
v -0.399149 2.200771 -0.395929
v -0.392975 2.198290 -0.401838
v -0.393596 2.196179 -0.397308
v -0.386611 2.194728 -0.402626
v -0.387784 2.204873 -0.398059
v -0.382983 2.202186 -0.398654
v -0.377754 2.200379 -0.398780
v -0.379679 2.192332 -0.402793
v -0.378260 2.198266 -0.399833
v -0.372299 2.199521 -0.398432
v -0.372337 2.197335 -0.399456
v -0.372446 2.191194 -0.402332
v -0.366826 2.199645 -0.397624
v -0.365190 2.191359 -0.401262
v -0.366396 2.197469 -0.398579
v -0.361546 2.200746 -0.396388
v -0.356662 2.202783 -0.394770
v -0.358190 2.192819 -0.399622
v -0.358810 2.190708 -0.395092
v -0.351715 2.195519 -0.397477
v -0.352335 2.193408 -0.392947
v -0.346013 2.199355 -0.394908
v -0.352362 2.205677 -0.392832
v -0.346634 2.197244 -0.390378
v -0.341305 2.204180 -0.392015
v -0.348810 2.209316 -0.390650
v -0.341925 2.202069 -0.387485
v -0.337770 2.209808 -0.388908
v -0.346144 2.213561 -0.388306
v -0.338390 2.207697 -0.384378
v -0.335544 2.216022 -0.385707
v -0.336165 2.213912 -0.381177
v -0.334714 2.222585 -0.382535
v -0.344465 2.218248 -0.385892
v -0.343839 2.223198 -0.383499
v -0.344289 2.228221 -0.381220
v -0.345798 2.233122 -0.379143
v -0.335311 2.229244 -0.379513
v -0.335931 2.227133 -0.374983
v -0.337312 2.235743 -0.376759
v -0.337932 2.233632 -0.372229
v -0.340640 2.241832 -0.374378
v -0.348308 2.237715 -0.377346
v -0.341260 2.239720 -0.369848
v -0.345167 2.247277 -0.372460
v -0.345788 2.245165 -0.367930
v -0.350720 2.251868 -0.371081
v -0.351723 2.241822 -0.375900
v -0.355912 2.245286 -0.374860
v -0.360712 2.247973 -0.374265
v -0.365941 2.249780 -0.374139
v -0.357085 2.255431 -0.370293
v -0.357705 2.253320 -0.365763
v -0.364017 2.257827 -0.370126
v -0.364637 2.255716 -0.365596
v -0.371249 2.258965 -0.370587
v -0.371396 2.250638 -0.374487
v -0.371870 2.256854 -0.366057
v -0.378505 2.258801 -0.371657
v -0.379126 2.256689 -0.367127
v -0.385505 2.257340 -0.373297
v -0.376869 2.250514 -0.375295
v -0.382149 2.249413 -0.376531
v -0.377299 2.252690 -0.374340
v -0.371358 2.252824 -0.373463
v -0.383030 2.251494 -0.375682
v -0.365436 2.251893 -0.373086
v -0.387033 2.247376 -0.378149
v -0.391334 2.244483 -0.380087
v -0.391981 2.254640 -0.375442
v -0.392601 2.252529 -0.370912
v -0.397682 2.250804 -0.378011
v -0.398303 2.248693 -0.373481
v -0.402391 2.245979 -0.380904
v -0.394885 2.240843 -0.382269
v -0.403011 2.243868 -0.376374
v -0.405926 2.240351 -0.384011
v -0.397552 2.236598 -0.384613
v -0.406546 2.238240 -0.379481
v -0.408151 2.234136 -0.387212
v -0.408772 2.232025 -0.382682
v -0.399230 2.231911 -0.387027
v -0.409602 2.225462 -0.385854
v -0.403808 2.230953 -0.382911
v -0.404520 2.228533 -0.377719
v -0.404526 2.225279 -0.385654
v -0.401884 2.236326 -0.380144
v -0.402596 2.233906 -0.374952
v -0.398828 2.241191 -0.377458
v -0.399540 2.238771 -0.372266
v -0.394758 2.245362 -0.374957
v -0.395469 2.242943 -0.369764
v -0.389828 2.248679 -0.372736
v -0.390540 2.246259 -0.367544
v -0.384230 2.251013 -0.370881
v -0.384942 2.248593 -0.365689
v -0.378179 2.252275 -0.369464
v -0.386126 2.255229 -0.368767
v -0.378890 2.249856 -0.364271
v -0.371906 2.252418 -0.368538
v -0.372617 2.249998 -0.363346
v -0.365653 2.251434 -0.368140
v -0.366364 2.249015 -0.362948
v -0.359660 2.249363 -0.368284
v -0.360371 2.246943 -0.363092
v -0.354157 2.246283 -0.368966
v -0.354869 2.243863 -0.363773
v -0.349357 2.242313 -0.370158
v -0.351341 2.249758 -0.366551
v -0.350068 2.239893 -0.364966
v -0.345443 2.237605 -0.371815
v -0.346154 2.235186 -0.366623
v -0.342566 2.232341 -0.373874
v -0.343277 2.229922 -0.368682
v -0.340836 2.226723 -0.376256
v -0.341547 2.224304 -0.371063
v -0.340320 2.220967 -0.378868
v -0.341031 2.218547 -0.373675
v -0.341038 2.215293 -0.381610
v -0.335335 2.220474 -0.378005
v -0.341749 2.212873 -0.376418
v -0.342961 2.209920 -0.384377
v -0.343673 2.207500 -0.379185
v -0.346017 2.205055 -0.387063
v -0.346729 2.202635 -0.381871
v -0.350088 2.200883 -0.389565
v -0.350800 2.198464 -0.384373
v -0.355017 2.197567 -0.391786
v -0.355729 2.195148 -0.386593
v -0.360615 2.195233 -0.393640
v -0.361327 2.192813 -0.388448
v -0.366667 2.193970 -0.395058
v -0.365811 2.189248 -0.396732
v -0.367378 2.191550 -0.389866
v -0.372940 2.193828 -0.395983
v -0.373066 2.189083 -0.397803
v -0.373651 2.191408 -0.390791
v -0.379193 2.194811 -0.396382
v -0.380299 2.190221 -0.398263
v -0.379904 2.192392 -0.391189
v -0.385186 2.196883 -0.396237
v -0.385897 2.194463 -0.391045
v -0.390688 2.199963 -0.395556
v -0.387231 2.192617 -0.398096
v -0.391400 2.197543 -0.390364
v -0.395489 2.203933 -0.394363
v -0.396200 2.201513 -0.389171
v -0.399403 2.208640 -0.392706
v -0.400114 2.206221 -0.387514
v -0.402280 2.213904 -0.390647
v -0.402992 2.211485 -0.385455
v -0.404010 2.219522 -0.388266
v -0.404721 2.217103 -0.383074
v -0.401268 2.215605 -0.378109
v -0.405237 2.222859 -0.380462
v -0.401718 2.220628 -0.375830
v -0.402808 2.216921 -0.367876
v -0.401092 2.225578 -0.373437
v -0.399414 2.230265 -0.371023
v -0.402182 2.221871 -0.365484
v -0.409354 2.221092 -0.360483
v -0.400503 2.226559 -0.363069
v -0.407279 2.226887 -0.357498
v -0.397837 2.230804 -0.360726
v -0.396747 2.234510 -0.368679
v -0.403983 2.232135 -0.354601
v -0.394285 2.234443 -0.358543
v -0.393196 2.238149 -0.366497
v -0.399592 2.236634 -0.351903
v -0.389985 2.237336 -0.356606
v -0.388895 2.241043 -0.364560
v -0.394276 2.240211 -0.349508
v -0.385101 2.239373 -0.354988
v -0.384011 2.243080 -0.362941
v -0.388238 2.242729 -0.347507
v -0.379821 2.240475 -0.353751
v -0.378731 2.244181 -0.361705
v -0.381711 2.244091 -0.345978
v -0.374348 2.240599 -0.352943
v -0.373258 2.244305 -0.360897
v -0.374945 2.244244 -0.344980
v -0.368892 2.239741 -0.352596
v -0.367803 2.243447 -0.360550
v -0.368200 2.243183 -0.344550
v -0.363664 2.237933 -0.352722
v -0.362574 2.241640 -0.360675
v -0.361736 2.240949 -0.344706
v -0.358863 2.235246 -0.353316
v -0.357773 2.238953 -0.361270
v -0.355801 2.237627 -0.345441
v -0.354675 2.231782 -0.354357
v -0.353585 2.235489 -0.362310
v -0.350624 2.233345 -0.346727
v -0.351260 2.227675 -0.355803
v -0.350170 2.231382 -0.363757
v -0.346402 2.228268 -0.348515
v -0.348750 2.223083 -0.357599
v -0.347660 2.226789 -0.365553
v -0.343299 2.222590 -0.350735
v -0.347240 2.218181 -0.359677
v -0.346151 2.221888 -0.367630
v -0.341433 2.216530 -0.353304
v -0.346790 2.213159 -0.361956
v -0.345701 2.216865 -0.369909
v -0.340876 2.210321 -0.356121
v -0.347416 2.208209 -0.364348
v -0.346327 2.211915 -0.372302
v -0.341651 2.204202 -0.359079
v -0.349095 2.203521 -0.366763
v -0.348005 2.207227 -0.374716
v -0.343726 2.198407 -0.362064
v -0.351761 2.199276 -0.369106
v -0.350672 2.202983 -0.377060
v -0.347022 2.193159 -0.364961
v -0.355313 2.195637 -0.371288
v -0.354223 2.199343 -0.379242
v -0.351413 2.188660 -0.367659
v -0.359613 2.192743 -0.373226
v -0.358524 2.196450 -0.381180
v -0.356729 2.185083 -0.370054
v -0.364497 2.190707 -0.374844
v -0.363408 2.194413 -0.382798
v -0.362767 2.182565 -0.372055
v -0.369777 2.189605 -0.376081
v -0.368688 2.193312 -0.384035
v -0.369294 2.181203 -0.373584
v -0.375250 2.189481 -0.376888
v -0.374161 2.193188 -0.384842
v -0.376060 2.181050 -0.374582
v -0.380706 2.190339 -0.377236
v -0.379616 2.194046 -0.385190
v -0.382805 2.182111 -0.375012
v -0.385934 2.192147 -0.377110
v -0.384845 2.195853 -0.385064
v -0.389269 2.184345 -0.374856
v -0.390735 2.194834 -0.376515
v -0.389645 2.198540 -0.384469
v -0.395204 2.187667 -0.374121
v -0.394923 2.198298 -0.375475
v -0.393834 2.202004 -0.383429
v -0.400381 2.191949 -0.372835
v -0.398338 2.202404 -0.374029
v -0.397249 2.206111 -0.381983
v -0.404603 2.197026 -0.371047
v -0.400849 2.206997 -0.372233
v -0.399759 2.210703 -0.380186
v -0.407706 2.202704 -0.368826
v -0.402358 2.211899 -0.370155
v -0.409572 2.208764 -0.366258
v -0.415212 2.203977 -0.357890
v -0.410129 2.214973 -0.363441
v -0.415840 2.210984 -0.354710
v -0.417360 2.205813 -0.343614
v -0.414966 2.217890 -0.351372
v -0.416486 2.212719 -0.340276
v -0.412624 2.224430 -0.348004
v -0.414144 2.219259 -0.336907
v -0.408904 2.230352 -0.344734
v -0.410425 2.225181 -0.333638
v -0.403949 2.235430 -0.341689
v -0.405469 2.230258 -0.330593
v -0.397949 2.239466 -0.338986
v -0.399470 2.234295 -0.327890
v -0.391135 2.242308 -0.336729
v -0.392656 2.237137 -0.325632
v -0.383769 2.243845 -0.335003
v -0.385289 2.238674 -0.323907
v -0.376133 2.244018 -0.333876
v -0.377654 2.238847 -0.322780
v -0.368522 2.242821 -0.333392
v -0.370042 2.237649 -0.322295
v -0.361227 2.240299 -0.333567
v -0.362748 2.235128 -0.322471
v -0.354530 2.236550 -0.334397
v -0.356050 2.231379 -0.323300
v -0.348686 2.231718 -0.335848
v -0.350207 2.226547 -0.324752
v -0.343922 2.225988 -0.337866
v -0.345442 2.220817 -0.326769
v -0.340420 2.219580 -0.340372
v -0.341940 2.214409 -0.329275
v -0.338314 2.212742 -0.343270
v -0.339834 2.207571 -0.332174
v -0.337686 2.205735 -0.346450
v -0.339206 2.200564 -0.335353
v -0.338560 2.198828 -0.349788
v -0.340080 2.193657 -0.338691
v -0.340902 2.192289 -0.353156
v -0.342422 2.187117 -0.342060
v -0.344622 2.186366 -0.356426
v -0.346142 2.181195 -0.345329
v -0.349577 2.181289 -0.359471
v -0.351097 2.176118 -0.348374
v -0.355577 2.177252 -0.362174
v -0.357097 2.172081 -0.351077
v -0.362391 2.174411 -0.364432
v -0.363911 2.169240 -0.353335
v -0.369757 2.172874 -0.366157
v -0.371277 2.167703 -0.355060
v -0.377393 2.172701 -0.367284
v -0.378913 2.167530 -0.356187
v -0.385004 2.173898 -0.367768
v -0.386524 2.168727 -0.356672
v -0.392299 2.176419 -0.367593
v -0.393819 2.171248 -0.356496
v -0.398996 2.180169 -0.366763
v -0.400516 2.174997 -0.355667
v -0.404840 2.185001 -0.365312
v -0.406360 2.179830 -0.354215
v -0.409604 2.190731 -0.363294
v -0.411124 2.185560 -0.352198
v -0.413106 2.197138 -0.360788
v -0.414626 2.191967 -0.349692
v -0.411747 2.188957 -0.339328
v -0.416732 2.198806 -0.346793
v -0.413613 2.195017 -0.336760
v -0.407806 2.193366 -0.330387
v -0.414170 2.201226 -0.333943
v -0.408256 2.198389 -0.328108
v -0.413396 2.207346 -0.330985
v -0.407630 2.203339 -0.325716
v -0.411320 2.213141 -0.328000
v -0.405951 2.208026 -0.323301
v -0.408024 2.218389 -0.325103
v -0.403285 2.212271 -0.320958
v -0.403634 2.222888 -0.322405
v -0.399733 2.215910 -0.318775
v -0.398317 2.226465 -0.320009
v -0.395433 2.218804 -0.316838
v -0.392279 2.228982 -0.318009
v -0.390549 2.220841 -0.315219
v -0.385752 2.230344 -0.316480
v -0.385269 2.221942 -0.313983
v -0.378986 2.230498 -0.315482
v -0.379796 2.222066 -0.313175
v -0.372241 2.229437 -0.315052
v -0.374340 2.221208 -0.312828
v -0.365777 2.227203 -0.315208
v -0.369112 2.219401 -0.312954
v -0.359843 2.223881 -0.315943
v -0.364311 2.216714 -0.313548
v -0.354665 2.219599 -0.317229
v -0.360123 2.213250 -0.314589
v -0.350443 2.214521 -0.319017
v -0.356708 2.209143 -0.316035
v -0.347340 2.208844 -0.321237
v -0.354198 2.204550 -0.317831
v -0.345474 2.202784 -0.323806
v -0.352688 2.199649 -0.319908
v -0.344918 2.196575 -0.326623
v -0.352238 2.194626 -0.322187
v -0.345692 2.190455 -0.329581
v -0.352864 2.189676 -0.324580
v -0.347767 2.184660 -0.332566
v -0.354543 2.184988 -0.326994
v -0.351063 2.179412 -0.335463
v -0.357209 2.180744 -0.329338
v -0.355454 2.174913 -0.338161
v -0.360761 2.177104 -0.331520
v -0.360770 2.171336 -0.340556
v -0.365061 2.174211 -0.333458
v -0.366808 2.168818 -0.342557
v -0.369945 2.172174 -0.335076
v -0.373336 2.167457 -0.344085
v -0.375225 2.171073 -0.336313
v -0.380101 2.167303 -0.345084
v -0.380698 2.170949 -0.337120
v -0.386846 2.168364 -0.345513
v -0.386154 2.171807 -0.337468
v -0.393310 2.170599 -0.345358
v -0.391382 2.173614 -0.337342
v -0.399245 2.173920 -0.344623
v -0.396183 2.176301 -0.336747
v -0.404422 2.178202 -0.343337
v -0.400371 2.179765 -0.335707
v -0.408644 2.183280 -0.341549
v -0.403786 2.183872 -0.334261
v -0.404876 2.180166 -0.326307
v -0.406297 2.188465 -0.332465
v -0.407386 2.184758 -0.324511
v -0.408895 2.189660 -0.322433
v -0.409346 2.194682 -0.320155
v -0.408719 2.199632 -0.317762
v -0.407041 2.204320 -0.315347
v -0.404374 2.208565 -0.313004
v -0.400823 2.212204 -0.310822
v -0.396522 2.215097 -0.308884
v -0.391638 2.217134 -0.307266
v -0.386358 2.218236 -0.306029
v -0.380885 2.218360 -0.305222
v -0.375430 2.217502 -0.304874
v -0.370201 2.215694 -0.305000
v -0.365401 2.213007 -0.305595
v -0.361212 2.209544 -0.306635
v -0.357798 2.205436 -0.308081
v -0.355287 2.200844 -0.309877
v -0.353778 2.195942 -0.311955
v -0.353328 2.190920 -0.314234
v -0.353954 2.185970 -0.316626
v -0.355633 2.181282 -0.319041
v -0.358299 2.177037 -0.321384
v -0.361851 2.173398 -0.323567
v -0.366151 2.170505 -0.325504
v -0.371035 2.168468 -0.327122
v -0.376315 2.167366 -0.328359
v -0.381788 2.167242 -0.329167
v -0.387244 2.168100 -0.329514
v -0.392472 2.169908 -0.329388
v -0.397273 2.172595 -0.328794
v -0.401461 2.176058 -0.327753
v -0.346295 2.238796 -0.376567
v -0.343570 2.233810 -0.378517
v -0.343945 2.212575 -0.388464
v -0.346840 2.207967 -0.391008
v -0.351696 2.219675 -0.431018
v -0.338873 2.240091 -0.419748
v -0.350946 2.262178 -0.411108
v -0.386368 2.261375 -0.416335
v -0.389920 2.257736 -0.418518
v 0.405019 2.592199 -0.307100
v 0.468254 2.624529 -0.306064
v 0.405019 2.592199 -0.307224
v 0.468254 2.624528 -0.308260
v 0.405410 2.589469 -0.307100
v 0.475187 2.576234 -0.306064
v 0.405410 2.589469 -0.307223
v 0.475187 2.576234 -0.308260
v 0.405313 2.590151 -0.307408
v 0.405215 2.590834 -0.307453
v 0.405117 2.591516 -0.307408
v 0.469414 2.616442 -0.311538
v 0.466844 2.599681 -0.313943
v 0.474026 2.584321 -0.311538
v 0.405117 2.591516 -0.306915
v 0.405215 2.590834 -0.306871
v 0.405313 2.590151 -0.306915
v 0.474026 2.584321 -0.302785
v 0.466844 2.599681 -0.300380
v 0.469414 2.616442 -0.302785
v 0.432393 2.609176 -0.306064
v 0.440607 2.614219 -0.306064
v 0.440607 2.614219 -0.308260
v 0.432393 2.609176 -0.308260
v 0.445756 2.578350 -0.308260
v 0.436455 2.580879 -0.308260
v 0.445756 2.578350 -0.306064
v 0.436455 2.580879 -0.306063
v 0.451705 2.588133 -0.302785
v 0.439456 2.587670 -0.302785
v 0.450386 2.597319 -0.299114
v 0.438320 2.595586 -0.299114
v 0.449067 2.606504 -0.302785
v 0.437183 2.603503 -0.302785
v 0.449067 2.606504 -0.311538
v 0.437183 2.603503 -0.311538
v 0.450386 2.597319 -0.315210
v 0.438320 2.595586 -0.315210
v 0.451705 2.588133 -0.311538
v 0.439456 2.587670 -0.311538
v 0.405019 2.592199 -0.307193
v 0.405019 2.592199 -0.307162
v 0.405019 2.592199 -0.307131
v 0.468254 2.624528 -0.306613
v 0.468253 2.624529 -0.307162
v 0.468254 2.624529 -0.307711
v 0.405410 2.589469 -0.307131
v 0.405410 2.589469 -0.307162
v 0.405410 2.589469 -0.307193
v 0.475187 2.576234 -0.307711
v 0.475187 2.576234 -0.307162
v 0.475187 2.576234 -0.306613
v 0.473453 2.588307 -0.309350
v 0.473453 2.588307 -0.307162
v 0.473453 2.588307 -0.304973
v 0.471720 2.600381 -0.310552
v 0.478635 2.601374 -0.307162
v 0.471720 2.600381 -0.303771
v 0.469987 2.612455 -0.309350
v 0.469987 2.612455 -0.307162
v 0.469987 2.612455 -0.304973
v 0.405117 2.591516 -0.307285
v 0.405117 2.591516 -0.307162
v 0.405117 2.591516 -0.307038
v 0.405215 2.590834 -0.307307
v 0.405215 2.590834 -0.307162
v 0.405215 2.590834 -0.307016
v 0.405313 2.590151 -0.307285
v 0.405313 2.590151 -0.307162
v 0.405313 2.590151 -0.307038
v 0.433493 2.581645 -0.307711
v 0.433493 2.581645 -0.307162
v 0.433493 2.581645 -0.306613
v 0.445756 2.578350 -0.307711
v 0.445756 2.578350 -0.307162
v 0.445756 2.578350 -0.306613
v 0.429766 2.607607 -0.306613
v 0.429766 2.607607 -0.307162
v 0.429766 2.607607 -0.307711
v 0.440607 2.614219 -0.306613
v 0.440607 2.614219 -0.307162
v 0.440607 2.614219 -0.307711
v 0.335243 2.605434 -0.306063
v 0.335243 2.605434 -0.308260
v 0.342176 2.557139 -0.306064
v 0.342176 2.557139 -0.308260
v 0.336403 2.597347 -0.311538
v 0.343585 2.581986 -0.313943
v 0.341015 2.565226 -0.311538
v 0.341015 2.565226 -0.302785
v 0.343585 2.581986 -0.300380
v 0.336403 2.597347 -0.302785
v 0.373974 2.600789 -0.306064
v 0.364673 2.603318 -0.306064
v 0.364673 2.603318 -0.308260
v 0.373974 2.600789 -0.308260
v 0.369823 2.567449 -0.308260
v 0.378036 2.572492 -0.308260
v 0.369823 2.567449 -0.306064
v 0.378036 2.572492 -0.306064
v 0.361362 2.575164 -0.302785
v 0.373246 2.578165 -0.302785
v 0.360043 2.584349 -0.299114
v 0.372109 2.586082 -0.299114
v 0.358725 2.593535 -0.302785
v 0.370973 2.593998 -0.302785
v 0.358725 2.593535 -0.311538
v 0.370973 2.593998 -0.311538
v 0.360043 2.584349 -0.315210
v 0.372109 2.586082 -0.315210
v 0.361362 2.575164 -0.311538
v 0.373246 2.578165 -0.311538
v 0.335243 2.605434 -0.306613
v 0.335243 2.605434 -0.307162
v 0.335243 2.605434 -0.307711
v 0.342176 2.557139 -0.307711
v 0.342176 2.557139 -0.307162
v 0.342176 2.557139 -0.306613
v 0.340442 2.569213 -0.309350
v 0.340442 2.569213 -0.307162
v 0.340442 2.569213 -0.304973
v 0.338709 2.581286 -0.310552
v 0.331794 2.580294 -0.307162
v 0.338709 2.581286 -0.303771
v 0.336976 2.593360 -0.309350
v 0.336976 2.593360 -0.307162
v 0.336976 2.593360 -0.304973
v 0.380663 2.574060 -0.307711
v 0.380663 2.574060 -0.307162
v 0.380663 2.574060 -0.306613
v 0.369823 2.567449 -0.307711
v 0.369823 2.567449 -0.307162
v 0.369823 2.567449 -0.306613
v 0.376936 2.600023 -0.306613
v 0.376936 2.600023 -0.307162
v 0.376936 2.600023 -0.307711
v 0.364673 2.603318 -0.306613
v 0.364673 2.603318 -0.307162
v 0.364673 2.603318 -0.307711
v 0.403850 2.590638 -0.307100
v 0.371520 2.653873 -0.306064
v 0.403850 2.590638 -0.307224
v 0.371520 2.653873 -0.308260
v 0.406579 2.591030 -0.307100
v 0.419815 2.660806 -0.306064
v 0.406579 2.591030 -0.307224
v 0.419815 2.660806 -0.308260
v 0.405897 2.590932 -0.307408
v 0.405215 2.590834 -0.307453
v 0.404532 2.590736 -0.307408
v 0.379606 2.655034 -0.311538
v 0.396367 2.652463 -0.313943
v 0.411728 2.659645 -0.311538
v 0.404532 2.590736 -0.306915
v 0.405215 2.590834 -0.306871
v 0.405897 2.590932 -0.306915
v 0.411728 2.659645 -0.302785
v 0.396367 2.652463 -0.300380
v 0.379606 2.655034 -0.302785
v 0.386873 2.618012 -0.306064
v 0.381830 2.626226 -0.306064
v 0.381830 2.626226 -0.308260
v 0.386873 2.618012 -0.308260
v 0.417699 2.631375 -0.308260
v 0.415170 2.622075 -0.308260
v 0.417699 2.631375 -0.306063
v 0.415170 2.622075 -0.306064
v 0.407915 2.637324 -0.302785
v 0.408379 2.625076 -0.302785
v 0.398730 2.636005 -0.299114
v 0.400462 2.623939 -0.299114
v 0.389544 2.634686 -0.302785
v 0.392545 2.622803 -0.302785
v 0.389544 2.634686 -0.311538
v 0.392545 2.622803 -0.311538
v 0.398730 2.636005 -0.315210
v 0.400462 2.623939 -0.315210
v 0.407915 2.637324 -0.311538
v 0.408379 2.625076 -0.311538
v 0.403850 2.590638 -0.307193
v 0.403850 2.590638 -0.307162
v 0.403850 2.590638 -0.307131
v 0.371520 2.653873 -0.306613
v 0.371520 2.653873 -0.307162
v 0.371520 2.653873 -0.307711
v 0.406579 2.591030 -0.307131
v 0.406579 2.591030 -0.307162
v 0.406579 2.591030 -0.307193
v 0.419815 2.660806 -0.307711
v 0.419815 2.660806 -0.307162
v 0.419815 2.660806 -0.306613
v 0.407741 2.659073 -0.309350
v 0.407741 2.659073 -0.307162
v 0.407741 2.659073 -0.304973
v 0.395667 2.657340 -0.310552
v 0.394675 2.664254 -0.307162
v 0.395667 2.657340 -0.303771
v 0.383593 2.655606 -0.309350
v 0.383593 2.655606 -0.307162
v 0.383593 2.655606 -0.304973
v 0.404532 2.590736 -0.307285
v 0.404532 2.590736 -0.307162
v 0.404532 2.590736 -0.307038
v 0.405215 2.590834 -0.307307
v 0.405215 2.590834 -0.307162
v 0.405215 2.590834 -0.307016
v 0.405897 2.590932 -0.307285
v 0.405897 2.590932 -0.307162
v 0.405897 2.590932 -0.307038
v 0.414404 2.619112 -0.307711
v 0.414404 2.619112 -0.307162
v 0.414404 2.619112 -0.306613
v 0.417699 2.631375 -0.307711
v 0.417699 2.631375 -0.307162
v 0.417699 2.631375 -0.306613
v 0.388441 2.615386 -0.306613
v 0.388441 2.615386 -0.307162
v 0.388441 2.615386 -0.307711
v 0.381830 2.626226 -0.306613
v 0.381830 2.626226 -0.307162
v 0.381830 2.626226 -0.307711
v 0.390615 2.520862 -0.306064
v 0.390614 2.520862 -0.308260
v 0.438909 2.527795 -0.306064
v 0.438909 2.527795 -0.308260
v 0.398701 2.522023 -0.311538
v 0.414062 2.529204 -0.313943
v 0.430823 2.526634 -0.311538
v 0.430823 2.526634 -0.302785
v 0.414062 2.529204 -0.300380
v 0.398701 2.522023 -0.302785
v 0.395259 2.559593 -0.306063
v 0.392730 2.550292 -0.306063
v 0.392730 2.550292 -0.308260
v 0.395259 2.559593 -0.308260
v 0.428600 2.555442 -0.308260
v 0.423556 2.563655 -0.308260
v 0.428600 2.555442 -0.306064
v 0.423556 2.563655 -0.306064
v 0.420885 2.546981 -0.302785
v 0.417884 2.558865 -0.302785
v 0.411699 2.545662 -0.299114
v 0.409967 2.557729 -0.299114
v 0.402514 2.544344 -0.302785
v 0.402050 2.556592 -0.302785
v 0.402514 2.544344 -0.311538
v 0.402050 2.556592 -0.311538
v 0.411699 2.545662 -0.315210
v 0.409967 2.557729 -0.315210
v 0.420885 2.546981 -0.311538
v 0.417884 2.558865 -0.311538
v 0.390614 2.520862 -0.306613
v 0.390614 2.520862 -0.307162
v 0.390615 2.520862 -0.307711
v 0.438909 2.527795 -0.307711
v 0.438909 2.527795 -0.307162
v 0.438909 2.527795 -0.306613
v 0.426836 2.526062 -0.309350
v 0.426836 2.526062 -0.307162
v 0.426836 2.526062 -0.304973
v 0.414762 2.524328 -0.310552
v 0.415755 2.517413 -0.307162
v 0.414762 2.524328 -0.303771
v 0.402688 2.522595 -0.309350
v 0.402688 2.522595 -0.307162
v 0.402688 2.522595 -0.304973
v 0.421988 2.566282 -0.307711
v 0.421988 2.566283 -0.307162
v 0.421988 2.566282 -0.306613
v 0.428600 2.555442 -0.307711
v 0.428600 2.555442 -0.307162
v 0.428600 2.555442 -0.306613
v 0.396025 2.562555 -0.306613
v 0.396025 2.562555 -0.307162
v 0.396025 2.562555 -0.307711
v 0.392730 2.550292 -0.306613
v 0.392730 2.550292 -0.307162
v 0.392730 2.550292 -0.307711
v 0.418079 2.512634 -0.285450
v 0.402796 2.511177 -0.291809
v 0.433363 2.514091 -0.291809
v 0.419847 2.494095 -0.274889
v 0.420916 2.482886 -0.264155
v 0.442565 2.496261 -0.284341
v 0.397130 2.491929 -0.284341
v 0.390644 2.479999 -0.276751
v 0.387720 2.491031 -0.307162
v 0.396465 2.510573 -0.307162
v 0.378104 2.478803 -0.307162
v 0.397130 2.491929 -0.329982
v 0.402796 2.511177 -0.322514
v 0.390644 2.479999 -0.337572
v 0.419847 2.494095 -0.339434
v 0.418079 2.512634 -0.328874
v 0.420916 2.482886 -0.350168
v 0.442565 2.496261 -0.329982
v 0.433363 2.514091 -0.322514
v 0.451189 2.485773 -0.337572
v 0.451974 2.497159 -0.307162
v 0.439693 2.514695 -0.307162
v 0.463728 2.486969 -0.307162
v 0.456249 2.470443 -0.307162
v 0.451189 2.485773 -0.276751
v 0.446338 2.469498 -0.283126
v 0.443433 2.454007 -0.287488
v 0.422411 2.467216 -0.273170
v 0.423848 2.452139 -0.279339
v 0.398483 2.464935 -0.283126
v 0.404263 2.450272 -0.287488
v 0.388572 2.463989 -0.307162
v 0.396151 2.449498 -0.307162
v 0.398483 2.464935 -0.331198
v 0.404263 2.450272 -0.326836
v 0.422411 2.467216 -0.341154
v 0.423848 2.452139 -0.334985
v 0.446338 2.469498 -0.331198
v 0.443433 2.454007 -0.326836
v 0.441631 2.444104 -0.324101
v 0.451546 2.454781 -0.307162
v 0.448616 2.444770 -0.307162
v 0.448688 2.433095 -0.307162
v 0.441631 2.444104 -0.290222
v 0.442005 2.432458 -0.290955
v 0.424768 2.442495 -0.283206
v 0.425872 2.430919 -0.284242
v 0.407905 2.440887 -0.290222
v 0.409739 2.429380 -0.290955
v 0.400920 2.440221 -0.307162
v 0.403056 2.428743 -0.307162
v 0.407905 2.440887 -0.324101
v 0.409739 2.429380 -0.323368
v 0.424768 2.442495 -0.331118
v 0.425872 2.430919 -0.330081
v 0.463482 2.036541 -0.319084
v 0.442005 2.432458 -0.323368
v 0.471874 2.037343 -0.315592
v 0.475350 2.037674 -0.307162
v 0.471874 2.037343 -0.298732
v 0.463482 2.036541 -0.295240
v 0.455090 2.035742 -0.298732
v 0.451614 2.035409 -0.307162
v 0.455090 2.035742 -0.315592
v -0.333509 2.498120 -0.173385
v -0.396744 2.528001 -0.160999
v -0.333509 2.498069 -0.173272
v -0.396744 2.527096 -0.158998
v -0.333901 2.495633 -0.174510
v -0.403677 2.484002 -0.180911
v -0.333901 2.495582 -0.174398
v -0.403677 2.483097 -0.178910
v -0.333803 2.496128 -0.173948
v -0.333705 2.496731 -0.173626
v -0.333607 2.497371 -0.173385
v -0.397905 2.518377 -0.159346
v -0.395334 2.502115 -0.164065
v -0.402516 2.489112 -0.172590
v -0.333607 2.497574 -0.173835
v -0.333705 2.496971 -0.174156
v -0.333803 2.496331 -0.174397
v -0.402516 2.492721 -0.180564
v -0.395334 2.507707 -0.176422
v -0.397905 2.521986 -0.167320
v -0.360883 2.514014 -0.167329
v -0.369097 2.518609 -0.165250
v -0.369097 2.517703 -0.163249
v -0.360883 2.513108 -0.165329
v -0.374246 2.485024 -0.178038
v -0.364946 2.487329 -0.176995
v -0.374246 2.485930 -0.180039
v -0.364946 2.488234 -0.178996
v -0.380195 2.496195 -0.178992
v -0.367947 2.495773 -0.179183
v -0.378876 2.506077 -0.178550
v -0.366810 2.504499 -0.179264
v -0.377558 2.512932 -0.171418
v -0.365674 2.510198 -0.172655
v -0.377558 2.509323 -0.163443
v -0.365674 2.506589 -0.164681
v -0.378876 2.499441 -0.163886
v -0.366810 2.497863 -0.164600
v -0.380195 2.492586 -0.171018
v -0.367947 2.492164 -0.171209
v -0.333509 2.498082 -0.173300
v -0.333509 2.498095 -0.173329
v -0.333509 2.498107 -0.173357
v -0.396744 2.527775 -0.160499
v -0.396744 2.527549 -0.159999
v -0.396744 2.527322 -0.159499
v -0.333901 2.495620 -0.174482
v -0.333901 2.495607 -0.174454
v -0.333901 2.495595 -0.174426
v -0.403677 2.483323 -0.179411
v -0.403677 2.483550 -0.179911
v -0.403677 2.483776 -0.180411
v -0.401944 2.493647 -0.172939
v -0.401944 2.494549 -0.174933
v -0.401944 2.495451 -0.176927
v -0.400210 2.504151 -0.166866
v -0.407125 2.506454 -0.169546
v -0.400210 2.506947 -0.173044
v -0.398477 2.515647 -0.162983
v -0.398477 2.516549 -0.164977
v -0.398477 2.517451 -0.166971
v -0.333607 2.497422 -0.173498
v -0.333607 2.497473 -0.173610
v -0.333607 2.497524 -0.173722
v -0.333705 2.496791 -0.173759
v -0.333705 2.496851 -0.173891
v -0.333705 2.496911 -0.174024
v -0.333803 2.496178 -0.174060
v -0.333803 2.496229 -0.174173
v -0.333803 2.496280 -0.174285
v -0.361983 2.488253 -0.177180
v -0.361983 2.488479 -0.177680
v -0.361983 2.488705 -0.178180
v -0.374246 2.485251 -0.178538
v -0.374246 2.485477 -0.179039
v -0.374246 2.485703 -0.179539
v -0.358256 2.512359 -0.167476
v -0.358256 2.512132 -0.166976
v -0.358256 2.511906 -0.166475
v -0.369097 2.518382 -0.164750
v -0.369097 2.518156 -0.164250
v -0.369097 2.517930 -0.163749
v -0.263733 2.510605 -0.168872
v -0.263733 2.509700 -0.166871
v -0.270666 2.466606 -0.188784
v -0.270666 2.465701 -0.186783
v -0.264894 2.500981 -0.167219
v -0.272075 2.485995 -0.171361
v -0.269505 2.471716 -0.180462
v -0.269505 2.475325 -0.188437
v -0.272075 2.491587 -0.183717
v -0.264894 2.504590 -0.175193
v -0.302464 2.506373 -0.170787
v -0.293164 2.508677 -0.169745
v -0.293164 2.507772 -0.167744
v -0.302464 2.505468 -0.168786
v -0.298313 2.475093 -0.182533
v -0.306526 2.479688 -0.180453
v -0.298313 2.475999 -0.184533
v -0.306526 2.480594 -0.182454
v -0.289852 2.484379 -0.184339
v -0.301736 2.487113 -0.183102
v -0.288533 2.494261 -0.183897
v -0.300600 2.495840 -0.183183
v -0.287215 2.501116 -0.176765
v -0.299463 2.501538 -0.176574
v -0.287215 2.497507 -0.168791
v -0.299463 2.497929 -0.168600
v -0.288533 2.487625 -0.169233
v -0.300600 2.489203 -0.168519
v -0.289852 2.480770 -0.176365
v -0.301736 2.483504 -0.175128
v -0.263733 2.510379 -0.168372
v -0.263733 2.510152 -0.167872
v -0.263733 2.509926 -0.167372
v -0.270666 2.465927 -0.187284
v -0.270666 2.466154 -0.187784
v -0.270666 2.466380 -0.188284
v -0.268933 2.476251 -0.180812
v -0.268933 2.477153 -0.182806
v -0.268933 2.478055 -0.184799
v -0.267199 2.486755 -0.174739
v -0.260284 2.487248 -0.178237
v -0.267199 2.489551 -0.180917
v -0.265466 2.498250 -0.170856
v -0.265466 2.499153 -0.172850
v -0.265466 2.500055 -0.174843
v -0.309153 2.481343 -0.180307
v -0.309153 2.481570 -0.180807
v -0.309153 2.481796 -0.181307
v -0.298313 2.475320 -0.183033
v -0.298313 2.475546 -0.183533
v -0.298313 2.475772 -0.184033
v -0.305426 2.505449 -0.170603
v -0.305426 2.505223 -0.170103
v -0.305426 2.504997 -0.169602
v -0.293164 2.508451 -0.169244
v -0.293164 2.508224 -0.168744
v -0.293164 2.507998 -0.168244
v -0.332340 2.496698 -0.174028
v -0.300010 2.554735 -0.148901
v -0.332340 2.496647 -0.173916
v -0.300010 2.553830 -0.146900
v -0.335070 2.497055 -0.173867
v -0.348305 2.561052 -0.146042
v -0.335070 2.497004 -0.173754
v -0.348305 2.560146 -0.144041
v -0.334387 2.496839 -0.173626
v -0.333705 2.496731 -0.173626
v -0.333022 2.496660 -0.173707
v -0.308097 2.553536 -0.143435
v -0.324857 2.550202 -0.142303
v -0.340218 2.557737 -0.141533
v -0.333022 2.496863 -0.174156
v -0.333705 2.496971 -0.174156
v -0.334387 2.497042 -0.174076
v -0.340218 2.561346 -0.149508
v -0.324857 2.555794 -0.154660
v -0.308097 2.557145 -0.151409
v -0.315363 2.522065 -0.163686
v -0.310320 2.529548 -0.160300
v -0.310320 2.528642 -0.158299
v -0.315363 2.521159 -0.161685
v -0.346189 2.533333 -0.156176
v -0.343660 2.524860 -0.160010
v -0.346189 2.534239 -0.158177
v -0.343660 2.525766 -0.162011
v -0.336406 2.541010 -0.158711
v -0.336869 2.529851 -0.163761
v -0.327220 2.541323 -0.162599
v -0.328952 2.530330 -0.167574
v -0.318035 2.538607 -0.159798
v -0.321036 2.527781 -0.164698
v -0.318035 2.534998 -0.151824
v -0.321036 2.524172 -0.156723
v -0.327220 2.534686 -0.147935
v -0.328952 2.523693 -0.152910
v -0.336406 2.537401 -0.150736
v -0.336869 2.526242 -0.155786
v -0.332340 2.496660 -0.173944
v -0.332340 2.496673 -0.173972
v -0.332340 2.496685 -0.174000
v -0.300010 2.554509 -0.148401
v -0.300010 2.554283 -0.147900
v -0.300010 2.554056 -0.147400
v -0.335070 2.497042 -0.173839
v -0.335070 2.497030 -0.173811
v -0.335070 2.497017 -0.173782
v -0.348305 2.560372 -0.144542
v -0.348305 2.560599 -0.145042
v -0.348305 2.560825 -0.145542
v -0.336231 2.558117 -0.143763
v -0.336231 2.559020 -0.145756
v -0.336231 2.559922 -0.147750
v -0.324157 2.556043 -0.143382
v -0.323165 2.563741 -0.143620
v -0.324157 2.558839 -0.149560
v -0.312084 2.554959 -0.145192
v -0.312084 2.555862 -0.147186
v -0.312084 2.556764 -0.149179
v -0.333022 2.496711 -0.173819
v -0.333022 2.496762 -0.173932
v -0.333022 2.496813 -0.174044
v -0.333705 2.496791 -0.173759
v -0.333705 2.496851 -0.173891
v -0.333705 2.496911 -0.174024
v -0.334387 2.496890 -0.173739
v -0.334387 2.496940 -0.173851
v -0.334387 2.496991 -0.173963
v -0.342894 2.522388 -0.161732
v -0.342894 2.522614 -0.162232
v -0.342894 2.522840 -0.162732
v -0.346189 2.533560 -0.156676
v -0.346189 2.533786 -0.157176
v -0.346189 2.534012 -0.157676
v -0.316931 2.519445 -0.164269
v -0.316931 2.519218 -0.163769
v -0.316931 2.518992 -0.163269
v -0.310320 2.529321 -0.159799
v -0.310320 2.529095 -0.159299
v -0.310320 2.528868 -0.158799
v -0.319105 2.433556 -0.203741
v -0.319105 2.432650 -0.201740
v -0.367400 2.439872 -0.200883
v -0.367400 2.438967 -0.198882
v -0.327191 2.432356 -0.198275
v -0.342552 2.437908 -0.193123
v -0.359313 2.436557 -0.196374
v -0.359313 2.440166 -0.204348
v -0.342552 2.443500 -0.205479
v -0.327191 2.435965 -0.206249
v -0.323750 2.468842 -0.187772
v -0.321221 2.460369 -0.191607
v -0.321221 2.459463 -0.189606
v -0.323750 2.467937 -0.185771
v -0.357090 2.464154 -0.187483
v -0.352047 2.471637 -0.184097
v -0.357090 2.465060 -0.189484
v -0.352047 2.472543 -0.186097
v -0.349375 2.458704 -0.195959
v -0.346374 2.469530 -0.191059
v -0.340190 2.459016 -0.199848
v -0.338457 2.470009 -0.194873
v -0.331004 2.456301 -0.197046
v -0.330541 2.467460 -0.191996
v -0.331004 2.452692 -0.189072
v -0.330541 2.463850 -0.184022
v -0.340189 2.452379 -0.185183
v -0.338457 2.463372 -0.180208
v -0.349375 2.455095 -0.187985
v -0.346374 2.465921 -0.183085
v -0.319105 2.433330 -0.203241
v -0.319105 2.433103 -0.202741
v -0.319105 2.432877 -0.202241
v -0.367400 2.439193 -0.199382
v -0.367400 2.439420 -0.199882
v -0.367400 2.439646 -0.200383
v -0.355326 2.436938 -0.198603
v -0.355326 2.437840 -0.200597
v -0.355326 2.438743 -0.202591
v -0.343252 2.434863 -0.198222
v -0.344245 2.429961 -0.204163
v -0.343252 2.437659 -0.204401
v -0.331178 2.433780 -0.200033
v -0.331178 2.434682 -0.202026
v -0.331178 2.435585 -0.204020
v -0.350478 2.474257 -0.183514
v -0.350478 2.474483 -0.184014
v -0.350478 2.474710 -0.184514
v -0.357090 2.464381 -0.187983
v -0.357090 2.464607 -0.188483
v -0.357090 2.464833 -0.188984
v -0.324515 2.471314 -0.186051
v -0.324515 2.471088 -0.185551
v -0.324515 2.470861 -0.185050
v -0.321221 2.460142 -0.191107
v -0.321221 2.459916 -0.190607
v -0.321221 2.459690 -0.190106
v -0.346570 2.434559 -0.225914
v -0.331286 2.430609 -0.220721
v -0.361853 2.433265 -0.219519
v -0.348338 2.422023 -0.243179
v -0.349407 2.416237 -0.257579
v -0.371055 2.420100 -0.233674
v -0.325620 2.416152 -0.235460
v -0.319134 2.408413 -0.247294
v -0.316211 2.405926 -0.215040
v -0.324956 2.423729 -0.206983
v -0.306594 2.394785 -0.220082
v -0.325620 2.397335 -0.193880
v -0.331286 2.417949 -0.192747
v -0.319134 2.383337 -0.191884
v -0.348338 2.395411 -0.184375
v -0.346570 2.416655 -0.186353
v -0.349407 2.380774 -0.179217
v -0.371055 2.401282 -0.192093
v -0.361853 2.420605 -0.191545
v -0.379679 2.388597 -0.189503
v -0.380464 2.411508 -0.212514
v -0.368184 2.427485 -0.205283
v -0.392219 2.402225 -0.216715
v -0.384739 2.387169 -0.223528
v -0.379679 2.413673 -0.244913
v -0.374828 2.396218 -0.245816
v -0.371924 2.380307 -0.248229
v -0.350901 2.398244 -0.255827
v -0.352339 2.381965 -0.256423
v -0.326973 2.392061 -0.247698
v -0.332754 2.376904 -0.249769
v -0.317062 2.381289 -0.226189
v -0.324641 2.368087 -0.232164
v -0.326973 2.372241 -0.203902
v -0.332754 2.360681 -0.213921
v -0.350901 2.370214 -0.193890
v -0.352339 2.359022 -0.205727
v -0.374828 2.376398 -0.202020
v -0.371924 2.364084 -0.212381
v -0.370121 2.356189 -0.218956
v -0.380036 2.372900 -0.229986
v -0.377106 2.363780 -0.234114
v -0.377178 2.353143 -0.238927
v -0.370121 2.370157 -0.249821
v -0.370496 2.359244 -0.253955
v -0.353258 2.371585 -0.256876
v -0.354362 2.360610 -0.260705
v -0.336395 2.367227 -0.251147
v -0.338229 2.356441 -0.255223
v -0.329410 2.359636 -0.235989
v -0.331546 2.349179 -0.240721
v -0.336395 2.353258 -0.220282
v -0.338229 2.343077 -0.225694
v -0.353258 2.351830 -0.213226
v -0.354362 2.341711 -0.218944
v -0.391972 1.986948 -0.391565
v -0.370496 2.345881 -0.224425
v -0.400365 1.989118 -0.394416
v -0.403840 1.992896 -0.401959
v -0.400365 1.996069 -0.409776
v -0.391972 1.996779 -0.413288
v -0.383581 1.994611 -0.410436
v -0.380104 1.990832 -0.402893
v -0.383581 1.987660 -0.395076
v 0.000000 2.515192 0.000081
v 0.000000 2.515192 0.000041
v 0.000000 2.514285 0.000324
v 0.038816 2.532179 0.001444
v -0.038815 2.532179 0.001444
v -0.050452 2.537210 0.001444
v -0.043992 2.523898 0.005757
v -0.035102 2.530628 0.000722
v -0.035102 2.530628 -0.000000
v -0.050452 2.537210 0.000722
v -0.017250 2.548480 0.000722
v -0.018801 2.552193 0.001444
v -0.017250 2.548480 -0.000000
v -0.023832 2.563830 0.000722
v -0.001814 2.513378 0.000041
v -0.001814 2.513378 0.000081
v -0.001814 2.513378 -0.000000
v -0.000907 2.513378 0.000162
v -0.017250 2.478276 0.000722
v 0.000000 2.511564 0.000041
v 0.000000 2.511564 0.000081
v 0.000000 2.511564 -0.000000
v 0.035102 2.496127 0.000722
v 0.000000 2.512471 0.000162
v -0.035102 2.496127 0.000722
v 0.001814 2.513378 0.000041
v 0.001814 2.513378 0.000081
v 0.001814 2.513378 -0.000000
v 0.017251 2.548480 0.000722
v 0.000907 2.513378 0.000162
v 0.017251 2.478276 0.000722
v 0.018802 2.474562 0.001444
v 0.017251 2.478276 -0.000000
v 0.023833 2.462925 0.000722
v 0.023833 2.462925 0.001444
v 0.023833 2.462925 -0.000000
v 0.032089 2.425001 0.000722
v 0.032089 2.425001 0.001444
v 0.032089 2.425001 -0.000000
v 0.016044 2.425001 0.002878
v 0.021343 2.425001 0.005757
v 0.016044 2.425001 -0.000000
v 0.000000 2.425001 0.004460
v 0.000000 2.431481 0.008920
v 0.000000 2.415812 -0.000000
v -0.016044 2.425001 0.002878
v -0.021342 2.425001 0.005757
v -0.016044 2.425001 -0.000000
v -0.032088 2.425001 0.000722
v -0.032088 2.425001 0.001444
v -0.032088 2.425001 -0.000000
v -0.023832 2.462925 0.000722
v -0.023832 2.462925 0.001444
v -0.023832 2.462925 -0.000000
v -0.023832 2.462925 -0.000722
v -0.017250 2.478276 -0.000000
v -0.017250 2.478276 -0.000722
v -0.035102 2.496127 -0.000000
v -0.035102 2.496127 -0.000722
v -0.050452 2.489545 -0.000000
v -0.050452 2.489545 -0.000722
v -0.050452 2.489545 0.000722
v -0.088376 2.481289 -0.000000
v -0.088376 2.481289 -0.000722
v -0.088376 2.481289 0.000722
v -0.088376 2.497334 -0.000000
v -0.088376 2.497334 -0.002878
v -0.088376 2.497334 0.002878
v -0.097566 2.513378 -0.000000
v -0.088376 2.513378 -0.004460
v -0.088376 2.513378 0.004460
v -0.088376 2.529422 -0.000000
v -0.088376 2.529422 -0.002878
v -0.088376 2.529422 0.002878
v -0.088376 2.545466 -0.000000
v -0.088376 2.545466 0.000722
v -0.088376 2.545466 -0.000722
v -0.050452 2.537210 -0.000000
v -0.050452 2.537210 -0.000722
v -0.050452 2.537210 -0.001445
v -0.035102 2.530628 -0.000722
v -0.038815 2.532179 -0.001444
v 0.000000 2.515192 -0.000041
v -0.017250 2.548480 -0.000722
v -0.018801 2.552193 -0.001444
v -0.023832 2.563830 -0.000722
v -0.001814 2.513378 -0.000041
v 0.000000 2.511564 -0.000041
v -0.001814 2.513378 -0.000081
v -0.000907 2.513378 -0.000162
v -0.000907 2.513378 -0.000324
v -0.000907 2.513378 -0.000000
v 0.000000 2.513378 -0.000191
v 0.000000 2.513378 -0.000383
v 0.000000 2.513378 -0.000000
v 0.000907 2.513378 -0.000162
v 0.000907 2.513378 -0.000324
v 0.000907 2.513378 -0.000000
v 0.001814 2.513378 -0.000041
v 0.001814 2.513378 -0.000081
v 0.017251 2.548480 -0.000722
v 0.017251 2.478276 -0.000722
v 0.018802 2.474562 -0.001444
v 0.023833 2.462925 -0.000722
v 0.035102 2.496127 -0.000722
v 0.038816 2.494576 -0.001444
v 0.035102 2.496127 -0.000000
v 0.050453 2.489545 -0.000722
v 0.050453 2.489545 -0.001444
v 0.050453 2.489545 -0.000000
v 0.088377 2.481289 -0.000722
v 0.088377 2.481289 -0.001444
v 0.088377 2.481289 -0.000000
v 0.088377 2.497334 -0.002878
v 0.088377 2.492035 -0.005757
v 0.088377 2.497334 -0.000000
v 0.088377 2.513378 -0.004460
v 0.081897 2.513378 -0.008920
v 0.097566 2.513378 -0.000000
v 0.088377 2.529422 -0.002878
v 0.088377 2.534720 -0.005757
v 0.088377 2.529422 -0.000000
v 0.088377 2.545466 -0.000722
v 0.088377 2.545466 -0.001444
v 0.088377 2.545466 -0.000000
v 0.050453 2.537210 -0.000722
v 0.050453 2.537210 -0.001444
v 0.050453 2.537210 -0.000000
v 0.035102 2.530628 -0.000722
v 0.038816 2.532179 -0.001444
v 0.035102 2.530628 -0.000000
v 0.035102 2.530628 0.000722
v 0.017251 2.548480 -0.000000
v 0.023833 2.563830 -0.000000
v 0.023833 2.563830 -0.000722
v 0.023833 2.563830 0.000722
v 0.032089 2.601754 -0.000000
v 0.032089 2.601754 -0.000722
v 0.032089 2.601754 0.000722
v 0.016044 2.601754 -0.000000
v 0.016044 2.601754 -0.002878
v 0.016044 2.601754 0.002878
v 0.000000 2.610943 -0.000000
v 0.000000 2.601754 -0.004460
v 0.000000 2.601754 0.004460
v -0.016044 2.601754 -0.000000
v -0.016044 2.601754 -0.002878
v -0.016044 2.601754 0.002878
v -0.032088 2.601754 -0.000000
v -0.032088 2.601754 0.000722
v -0.032088 2.601754 -0.000722
v -0.023832 2.563830 -0.000000
v -0.032088 2.601754 -0.001444
v -0.021342 2.601754 -0.005757
v -0.023832 2.563830 -0.001444
v -0.012206 2.573404 -0.005757
v -0.010520 2.557370 -0.005757
v 0.000000 2.573404 -0.010586
v 0.000000 2.595274 -0.008920
v 0.000000 2.557370 -0.010586
v 0.012206 2.573404 -0.005757
v 0.021343 2.601754 -0.005757
v 0.010520 2.557370 -0.005757
v 0.023833 2.563830 -0.001444
v 0.032089 2.601754 -0.001445
v 0.018802 2.552193 -0.001445
v -0.032088 2.601754 0.001444
v -0.023832 2.563830 0.001444
v -0.021342 2.601754 0.005757
v 0.000000 2.595274 0.008920
v -0.012206 2.573404 0.005757
v -0.010520 2.557370 0.005757
v 0.000000 2.573404 0.010586
v 0.000000 2.557370 0.010586
v 0.012206 2.573404 0.005757
v 0.021343 2.601754 0.005757
v 0.010520 2.557370 0.005757
v 0.023833 2.563830 0.001444
v 0.032089 2.601754 0.001444
v 0.018802 2.552193 0.001444
v 0.000907 2.513378 0.000324
v 0.000000 2.513378 0.000383
v 0.010520 2.469385 0.005757
v 0.012207 2.453351 0.005757
v 0.000000 2.469385 0.010586
v 0.000000 2.453351 0.010586
v -0.010520 2.469385 0.005757
v -0.000907 2.513378 0.000324
v -0.012206 2.453351 0.005757
v -0.018801 2.474562 0.001444
v 0.000000 2.513378 0.000191
v 0.050453 2.537210 0.000722
v 0.050453 2.537210 0.001444
v 0.088377 2.545466 0.000722
v 0.088377 2.545466 0.001444
v 0.088377 2.529422 0.002878
v 0.088377 2.534720 0.005757
v 0.088377 2.513378 0.004460
v 0.081897 2.513378 0.008920
v 0.088377 2.497334 0.002878
v 0.088377 2.492035 0.005757
v 0.088377 2.481289 0.000722
v 0.088377 2.481289 0.001444
v 0.050453 2.489545 0.000722
v 0.050453 2.489545 0.001444
v 0.038816 2.494576 0.001444
v 0.060027 2.501171 0.005757
v 0.043992 2.502858 0.005757
v 0.060027 2.513378 0.010586
v 0.043992 2.513378 0.010586
v 0.060027 2.525584 0.005757
v 0.043992 2.523898 0.005757
v 0.000000 2.513378 0.000383
v 0.000000 2.512471 0.000324
v 0.000000 2.513378 0.000191
v -0.043992 2.513378 0.010586
v -0.060026 2.513378 0.010586
v -0.043992 2.502858 0.005757
v -0.060026 2.501171 0.005757
v -0.038815 2.494576 0.001444
v -0.050452 2.489545 0.001444
v -0.088376 2.481289 0.001444
v -0.088376 2.492035 0.005757
v -0.081897 2.513378 0.008920
v -0.088376 2.534720 0.005757
v -0.088376 2.545466 0.001444
v -0.060026 2.525584 0.005757
v 0.000000 2.513378 -0.000000
v 0.000000 2.514285 0.000162
v 0.000000 2.514285 -0.000000
v 0.000000 2.514285 -0.000162
v 0.000000 2.515192 -0.000000
v 0.000000 2.514285 -0.000324
v 0.000000 2.513378 -0.000191
v 0.000000 2.513378 -0.000383
v 0.000000 2.512471 -0.000162
v 0.000000 2.512471 -0.000324
v 0.000000 2.512471 -0.000000
v 0.000000 2.511564 -0.000081
v 0.043992 2.502858 -0.005757
v -0.043992 2.502858 -0.005757
v -0.060026 2.501171 -0.005757
v -0.043992 2.513378 -0.010586
v -0.038815 2.494576 -0.001444
v -0.050452 2.489545 -0.001444
v -0.088376 2.481289 -0.001444
v -0.088376 2.492035 -0.005757
v -0.081897 2.513378 -0.008920
v -0.088376 2.534720 -0.005757
v -0.060026 2.513378 -0.010586
v -0.060026 2.525584 -0.005757
v -0.043992 2.523898 -0.005757
v -0.088376 2.545466 -0.001444
v 0.060027 2.501171 -0.005757
v 0.043992 2.513378 -0.010586
v 0.060027 2.513378 -0.010586
v 0.043992 2.523898 -0.005757
v 0.060027 2.525584 -0.005757
v 0.000000 2.515192 -0.000081
v 0.023833 2.462925 -0.001444
v 0.032089 2.425001 -0.000722
v 0.032089 2.425001 -0.001444
v 0.016044 2.425001 -0.002878
v 0.021343 2.425001 -0.005757
v 0.000000 2.425001 -0.004460
v 0.000000 2.431481 -0.008920
v -0.016044 2.425001 -0.002878
v -0.021342 2.425001 -0.005757
v -0.032088 2.425001 -0.000722
v -0.032088 2.425001 -0.001444
v -0.023832 2.462925 -0.001444
v -0.018801 2.474562 -0.001444
v -0.012206 2.453351 -0.005757
v -0.010520 2.469385 -0.005757
v 0.000000 2.453351 -0.010586
v 0.000000 2.469385 -0.010586
v 0.012207 2.453351 -0.005757
v 0.010520 2.469385 -0.005757
v 0.006054 2.130749 0.205099
v 0.009795 2.120424 0.210195
v -0.006053 2.130749 0.205099
v 0.192647 2.131441 0.069532
v 0.006054 2.253008 0.009523
v 0.003887 2.125939 0.202092
v 0.190481 2.126631 0.066525
v 0.003887 2.248198 0.006517
v -0.006053 2.253008 0.009523
v 0.009795 2.253067 -0.001991
v 0.000000 2.253103 -0.009107
v 0.196388 2.131500 0.058017
v 0.125115 2.132622 -0.161337
v 0.006289 2.248236 -0.000876
v 0.192883 2.126669 0.059132
v 0.121609 2.127791 -0.160223
v 0.115320 2.132658 -0.168453
v 0.131168 2.122333 -0.163357
v 0.125115 2.116011 -0.171721
v 0.202442 2.121211 0.055998
v 0.202442 1.925638 -0.066264
v 0.125496 2.121185 -0.161520
v 0.196770 2.120063 0.057835
v 0.196770 1.924490 -0.064427
v 0.196388 1.919316 -0.074628
v 0.202442 1.919221 -0.055998
v 0.196388 1.908932 -0.058018
v 0.202442 2.114794 0.066264
v 0.131168 1.918099 0.163357
v 0.196770 1.920369 -0.057835
v 0.196770 2.115942 0.064427
v 0.125496 1.919247 0.161519
v 0.125115 1.907810 0.161337
v 0.125115 1.924421 0.171721
v 0.115320 1.918040 0.174871
v 0.196388 2.121116 0.074628
v 0.121609 1.923307 0.166890
v 0.006289 2.119309 0.205364
v 0.192883 2.120001 0.069798
v 0.115320 1.907773 0.168453
v 0.000000 2.114042 0.213345
v -0.115320 1.918040 0.174871
v 0.115320 1.919209 0.168913
v 0.000000 2.115212 0.207387
v -0.115320 1.919209 0.168913
v -0.115320 1.907773 0.168453
v -0.125115 1.924421 0.171721
v -0.131168 1.918098 0.163356
v -0.009795 2.120424 0.210195
v -0.196388 2.121115 0.074628
v -0.121609 1.923306 0.166890
v -0.006289 2.119309 0.205364
v -0.192882 2.120001 0.069797
v -0.202441 2.114793 0.066264
v -0.192647 2.131441 0.069532
v -0.196388 2.131499 0.058017
v -0.190480 2.126631 0.066525
v -0.003887 2.125939 0.202092
v -0.003887 2.248198 0.006517
v -0.202441 2.121211 0.055998
v -0.009794 2.253067 -0.001991
v -0.125115 2.132622 -0.161337
v -0.192882 2.126669 0.059132
v -0.006289 2.248236 -0.000876
v -0.121609 2.127791 -0.160223
v -0.131168 2.122333 -0.163357
v -0.115320 2.132658 -0.168454
v -0.115320 2.122392 -0.174871
v -0.115320 2.127814 -0.164792
v 0.000000 2.248259 -0.005446
v 0.115320 2.127815 -0.164792
v -0.125115 2.116011 -0.171721
v 0.115320 2.122392 -0.174871
v 0.000000 1.926389 -0.213345
v -0.115320 2.121222 -0.168913
v 0.115320 2.121223 -0.168913
v 0.000000 1.925220 -0.207387
v 0.009795 1.920008 -0.210195
v -0.009794 1.920008 -0.210195
v -0.006053 1.909683 -0.205099
v -0.196388 1.919316 -0.074629
v -0.006289 1.921123 -0.205365
v -0.121609 2.117125 -0.166891
v -0.192882 1.920430 -0.069798
v -0.202441 1.925638 -0.066264
v -0.192647 1.908991 -0.069532
v -0.196388 1.908932 -0.058018
v -0.006053 1.787424 -0.009524
v -0.190480 1.913801 -0.066525
v -0.003887 1.792233 -0.006517
v -0.003887 1.914493 -0.202092
v -0.009794 1.787365 0.001990
v 0.006054 1.787424 -0.009524
v 0.009795 1.787365 0.001990
v 0.192647 1.908991 -0.069532
v 0.006054 1.909683 -0.205099
v 0.003887 1.792233 -0.006517
v 0.190481 1.913801 -0.066525
v 0.003887 1.914493 -0.202092
v 0.000000 1.787329 0.009107
v 0.006289 1.792196 0.000876
v 0.121609 1.912641 0.160223
v 0.192883 1.913763 -0.059132
v 0.000000 1.792172 0.005446
v 0.115320 1.912617 0.164792
v -0.115320 1.912617 0.164792
v -0.125115 1.907810 0.161337
v -0.006289 1.792196 0.000876
v -0.121609 1.912640 0.160223
v -0.192882 1.913763 -0.059132
v -0.202441 1.919221 -0.055998
v -0.196769 1.920369 -0.057835
v -0.125496 1.919247 0.161519
v -0.196769 2.115942 0.064427
v -0.196769 1.924490 -0.064427
v -0.196769 2.120062 0.057835
v -0.125496 2.121185 -0.161520
v 0.006289 1.921123 -0.205365
v 0.192883 1.920430 -0.069798
v 0.121609 2.117125 -0.166891
v 0.000000 2.202332 -0.088704
v 0.044352 2.202332 -0.076820
v -0.044352 2.202332 -0.076820
v 0.000000 2.219394 -0.142764
v 0.000000 2.235486 -0.188300
v -0.071382 2.219394 -0.123637
v 0.071382 2.219394 -0.123637
v 0.094150 2.235486 -0.163073
v 0.123637 2.219394 -0.071382
v 0.076820 2.202332 -0.044352
v 0.163073 2.235486 -0.094150
v 0.142764 2.219394 -0.000000
v 0.088704 2.202332 -0.000000
v 0.188300 2.235486 -0.000000
v 0.123637 2.219394 0.071382
v 0.076820 2.202332 0.044352
v 0.163073 2.235486 0.094150
v 0.071382 2.219394 0.123637
v 0.044352 2.202332 0.076820
v 0.094150 2.235486 0.163073
v 0.000000 2.219394 0.142764
v 0.000000 2.202332 0.088704
v 0.000000 2.235486 0.188300
v -0.071382 2.219394 0.123637
v -0.044352 2.202332 0.076820
v -0.094150 2.235486 0.163073
v -0.123637 2.219394 0.071382
v -0.076820 2.202332 0.044352
v -0.163073 2.235486 0.094150
v -0.142764 2.219394 -0.000000
v -0.088704 2.202332 -0.000000
v -0.188300 2.235486 -0.000000
v -0.123637 2.219394 -0.071382
v -0.076820 2.202332 -0.044352
v -0.163073 2.235486 -0.094150
v -0.171022 2.249431 -0.098740
v -0.094150 2.235486 -0.163073
v -0.098739 2.249431 -0.171022
v -0.061456 2.247563 -0.106445
v 0.000000 2.249431 -0.197479
v 0.000000 2.247563 -0.122912
v 0.098740 2.249431 -0.171022
v 0.061456 2.247563 -0.106445
v 0.171022 2.249431 -0.098740
v 0.106445 2.247563 -0.061456
v 0.197479 2.249431 -0.000000
v 0.122912 2.247563 -0.000000
v 0.171022 2.249431 0.098739
v 0.106445 2.247563 0.061456
v 0.098740 2.249431 0.171022
v 0.061456 2.247563 0.106445
v 0.000000 2.249431 0.197479
v 0.000000 2.247563 0.122912
v -0.098739 2.249431 0.171022
v -0.061456 2.247563 0.106445
v -0.171022 2.249431 0.098739
v -0.106445 2.247563 0.061456
v -0.197479 2.249431 -0.000000
v -0.122912 2.247563 -0.000000
v -0.006530 2.419758 0.009521
v -0.106445 2.247563 -0.061456
v -0.005655 2.419758 0.006256
v -0.003265 2.419758 0.003866
v 0.000000 2.419758 0.002991
v 0.003265 2.419758 0.003866
v 0.005656 2.419758 0.006256
v 0.006530 2.419758 0.009521
v 0.005656 2.419758 0.012786
v 0.003265 2.419758 0.015177
v 0.000000 2.419758 0.016051
v -0.003265 2.419758 0.015176
v -0.005655 2.419758 0.012786
vn 0.6529 0.7421 0.1515
vn 0.1366 0.9843 0.1117
vn 0.6859 -0.6750 0.2718
vn 0.8228 -0.5584 0.1056
vn -0.5476 0.8333 0.0756
vn -0.4443 0.8940 0.0583
vn -0.4443 0.8940 -0.0583
vn -0.5476 0.8333 -0.0756
vn 0.8228 -0.5584 -0.1056
vn 0.6859 -0.6750 -0.2718
vn 0.7611 -0.6431 0.0850
vn 0.8747 -0.4665 0.1312
vn 0.8747 -0.4665 -0.1312
vn 0.7611 -0.6431 -0.0850
vn 0.1366 0.9843 -0.1117
vn 0.6529 0.7421 -0.1515
vn 0.8263 0.5321 -0.1849
vn 0.9744 0.1190 -0.1906
vn 0.9744 0.1190 0.1906
vn 0.8263 0.5321 0.1849
vn 0.7934 -0.6063 -0.0544
vn 0.8159 -0.5766 -0.0436
vn 0.8159 -0.5766 0.0436
vn 0.7934 -0.6063 0.0544
vn -0.6499 0.7471 0.1396
vn -0.1343 0.9851 0.1074
vn -0.6859 -0.6750 0.2718
vn -0.8228 -0.5584 0.1056
vn 0.5476 0.8333 0.0756
vn -0.0643 0.0034 0.9979
vn 0.2271 -0.2261 -0.9473
vn 0.4443 0.8940 0.0583
vn 0.0563 -0.3565 0.9326
vn 0.5407 0.8393 -0.0571
vn 0.4337 0.9003 -0.0371
vn -0.3658 -0.0500 0.9294
vn -0.0620 -0.3822 0.9220
vn -0.6409 -0.7417 -0.1976
vn -0.8181 -0.5735 -0.0429
vn 0.1736 0.0909 0.9806
vn 0.0858 -0.0207 0.9961
vn -0.2227 -0.2283 -0.9478
vn -0.0858 -0.0207 -0.9961
vn 0.3205 -0.2489 0.9140
vn 0.2034 -0.1918 -0.9601
vn 0.2719 -0.2881 0.9182
vn -0.3305 -0.2559 0.9084
vn -0.2719 -0.2881 -0.9182
vn -0.7611 -0.6431 0.0850
vn 0.0643 0.0034 -0.9979
vn -0.2776 -0.2970 -0.9136
vn -0.8699 -0.4708 0.1468
vn -0.1311 0.0503 -0.9901
vn -0.7628 -0.6374 -0.1084
vn -0.8747 -0.4665 -0.1312
vn 0.3818 -0.0510 0.9228
vn 0.2776 -0.2970 0.9136
vn -0.6529 0.7421 -0.1515
vn -0.1366 0.9843 -0.1117
vn 0.0620 -0.3822 -0.9220
vn -0.0563 -0.3565 -0.9326
vn 0.1364 0.0120 -0.9906
vn -0.2034 -0.1918 0.9601
vn 0.2227 -0.2283 0.9478
vn 0.2811 -0.2974 -0.9125
vn -0.9757 0.1168 -0.1851
vn -0.8358 0.5255 -0.1594
vn -0.1736 0.0909 -0.9806
vn -0.2271 -0.2261 0.9473
vn -0.2691 0.2667 0.9254
vn -0.3818 -0.0510 -0.9228
vn 0.1692 0.0958 -0.9809
vn -0.9744 0.1190 0.1906
vn -0.2954 0.1556 -0.9426
vn -0.1979 0.1326 -0.9712
vn -0.8263 0.5321 0.1849
vn 0.1479 -0.0003 0.9890
vn 0.3305 -0.2559 -0.9084
vn -0.2789 0.0784 0.9571
vn -0.3205 -0.2489 -0.9140
vn 0.1268 0.0545 -0.9904
vn -0.1268 0.0545 0.9904
vn 0.2789 0.0784 -0.9571
vn -0.1364 0.0120 0.9906
vn -0.1479 -0.0003 -0.9890
vn -0.8165 -0.5746 -0.0563
vn -0.7951 -0.5996 -0.0909
vn 0.1979 0.1326 0.9712
vn -0.8159 -0.5766 0.0436
vn 0.3658 -0.0500 -0.9294
vn -0.2811 -0.2974 0.9125
vn -0.7934 -0.6063 0.0544
vn 0.2954 0.1556 0.9426
vn 0.1311 0.0503 0.9901
vn -0.1692 0.0958 0.9809
vn 0.2691 0.2667 -0.9254
vn 0.1296 0.2994 -0.9453
vn -0.0116 0.5014 -0.8651
vn -0.0255 0.3276 -0.9445
vn 0.1007 0.1604 -0.9819
vn 0.1401 0.6443 0.7518
vn 0.3743 0.4263 0.8236
vn 0.4383 -0.3873 0.8111
vn 0.2199 -0.2692 0.9377
vn -0.3233 0.7988 0.5073
vn -0.4274 0.7246 0.5407
vn -0.4274 0.7246 -0.5407
vn -0.3233 0.7988 -0.5073
vn 0.2199 -0.2692 -0.9377
vn 0.4383 -0.3873 -0.8111
vn 0.2679 -0.2799 0.9219
vn 0.2171 -0.2670 0.9389
vn 0.0966 -0.1393 0.9855
vn 0.1944 -0.2557 0.9470
vn 0.1007 0.1604 0.9819
vn -0.0255 0.3276 0.9445
vn -0.0116 0.5014 0.8651
vn 0.1296 0.2994 0.9453
vn 0.5186 -0.2797 0.8079
vn 0.4795 -0.4531 0.7515
vn 0.4795 -0.4531 -0.7515
vn 0.5186 -0.2797 -0.8079
vn 0.3743 0.4263 -0.8236
vn 0.1401 0.6443 -0.7518
vn 0.1944 -0.2557 -0.9470
vn 0.3625 -0.2898 -0.8858
vn 0.2171 -0.2670 -0.9389
vn 0.2679 -0.2799 -0.9219
vn 0.4929 0.0552 -0.8683
vn 0.4358 0.2409 -0.8672
vn 0.2011 0.2721 0.9410
vn 0.1438 0.0148 0.9895
vn 0.2181 -0.0644 0.9738
vn -0.1728 0.0192 0.9848
vn 0.4358 0.2409 0.8672
vn 0.4929 0.0552 0.8683
vn 0.2302 -0.1084 -0.9671
vn 0.2181 -0.0644 -0.9738
vn 0.1438 0.0148 -0.9895
vn 0.2011 0.2721 -0.9410
vn 0.0789 -0.2246 -0.9712
vn 0.0412 -0.1718 -0.9843
vn 0.2106 -0.2314 -0.9498
vn 0.1355 -0.2600 -0.9560
vn 0.7173 -0.5373 -0.4436
vn 0.6255 -0.4481 -0.6388
vn 0.6255 -0.4481 0.6388
vn 0.7173 -0.5373 0.4436
vn 0.1355 -0.2600 0.9560
vn 0.2106 -0.2314 0.9498
vn 0.0412 -0.1718 0.9843
vn 0.0789 -0.2246 0.9712
vn -0.1296 0.2994 -0.9453
vn -0.1076 0.1573 -0.9817
vn 0.0255 0.3276 -0.9445
vn 0.0116 0.5014 -0.8651
vn -0.3771 0.4469 0.8112
vn -0.0965 0.7408 0.6648
vn -0.2199 -0.2692 0.9377
vn -0.4383 -0.3873 0.8111
vn 0.4274 0.7246 0.5407
vn 0.3233 0.7988 0.5073
vn 0.4277 0.7481 -0.5074
vn 0.3107 0.8733 -0.3753
vn -0.1214 -0.3146 -0.9414
vn -0.5154 -0.5690 -0.6408
vn -0.2209 -0.2992 0.9282
vn -0.1944 -0.2557 0.9470
vn 0.0764 -0.1908 0.9787
vn -0.2894 -0.1784 0.9404
vn -0.1007 0.1604 0.9819
vn -0.1231 0.1668 0.9783
vn 0.0047 0.3412 0.9400
vn 0.0172 0.2972 0.9547
vn -0.5086 -0.4591 0.7284
vn -0.5264 -0.2780 0.8035
vn -0.4795 -0.4531 -0.7515
vn -0.5186 -0.2797 -0.8079
vn -0.3743 0.4263 -0.8236
vn -0.1401 0.6443 -0.7518
vn -0.1944 -0.2557 -0.9470
vn -0.2679 -0.2799 -0.9219
vn -0.2171 -0.2670 -0.9389
vn -0.3495 -0.2703 -0.8971
vn -0.4929 0.0552 -0.8683
vn -0.4925 0.2345 -0.8381
vn -0.1440 0.0140 0.9895
vn 0.1727 0.0192 0.9848
vn -0.2208 -0.0535 0.9738
vn -0.1438 0.0148 0.9895
vn -0.4968 0.0595 0.8658
vn -0.4358 0.2409 0.8672
vn -0.2211 0.1551 -0.9628
vn -0.2011 0.2721 -0.9410
vn -0.2061 -0.0501 -0.9772
vn -0.2181 -0.0644 -0.9738
vn -0.0789 -0.2246 -0.9712
vn -0.1355 -0.2600 -0.9560
vn -0.2106 -0.2314 -0.9498
vn -0.1974 -0.2890 -0.9368
vn -0.6237 -0.4659 -0.6276
vn -0.6255 -0.4481 -0.6388
vn -0.7173 -0.5373 0.4436
vn -0.4767 -0.3924 0.7866
vn -0.2247 -0.2645 0.9378
vn -0.0530 -0.2326 0.9711
vn -0.0412 -0.1718 0.9843
vn -0.2566 -0.2302 0.9387
vn 0.0416 0.3868 0.9212
vn -0.0972 -0.1435 0.9849
vn 0.2009 -0.3345 0.9207
vn -0.7235 0.5633 0.3989
vn 0.0976 0.0237 -0.9949
vn 0.0415 0.3867 -0.9213
vn 0.0866 -0.1312 -0.9876
vn -0.0884 -0.1333 -0.9871
vn -0.2303 -0.1085 0.9671
vn 0.3484 -0.2708 0.8974
vn -0.2470 -0.5328 0.8093
vn -0.3487 -0.2704 0.8974
vn -0.2199 0.1563 0.9629
vn 0.2192 0.1570 0.9630
vn 0.2436 -0.5333 0.8101
vn -0.2302 -0.1083 -0.9671
vn -0.0415 0.3867 -0.9213
vn 0.2213 0.1549 -0.9628
vn 0.0761 -0.1908 -0.9787
vn -0.0975 0.0238 -0.9949
vn 0.2581 -0.5313 -0.8069
vn -0.2555 -0.5316 -0.8075
vn 0.0911 -0.1397 -0.9860
vn -0.1024 -0.9435 -0.3151
vn -0.7002 -0.6617 -0.2680
vn 0.2680 -0.9435 -0.1947
vn 0.2680 -0.9435 0.1947
vn -0.1024 -0.9435 0.3151
vn -0.9050 -0.3304 -0.2680
vn -0.0247 -0.3304 -0.9435
vn 0.8897 -0.3304 -0.3151
vn 0.5746 -0.3304 0.7488
vn -0.5346 -0.3304 0.7779
vn -0.8026 -0.1256 -0.5831
vn 0.3066 -0.1256 -0.9435
vn 0.9921 -0.1256 -0.0000
vn 0.3066 -0.1256 0.9435
vn -0.8026 -0.1256 0.5831
vn -0.4089 0.6617 -0.6284
vn 0.4713 0.6617 -0.5831
vn 0.7002 0.6617 0.2680
vn -0.0385 0.6617 0.7488
vn -0.7240 0.6617 0.1947
vn -0.2680 0.9435 0.1947
vn -0.4911 0.7947 0.3568
vn -0.4089 0.6617 0.6284
vn 0.1024 0.9435 0.3151
vn 0.1876 0.7947 0.5773
vn 0.4713 0.6617 0.5831
vn 0.3313 0.9435 -0.0000
vn 0.6071 0.7947 -0.0000
vn 0.7002 0.6617 -0.2680
vn 0.1024 0.9435 -0.3151
vn 0.1876 0.7947 -0.5773
vn -0.0385 0.6617 -0.7488
vn -0.2680 0.9435 -0.1947
vn -0.4911 0.7947 -0.3568
vn -0.7240 0.6617 -0.1947
vn -0.8897 0.3304 0.3151
vn -0.7947 0.1876 0.5773
vn -0.5746 0.3304 0.7488
vn 0.0247 0.3304 0.9435
vn 0.3035 0.1876 0.9342
vn 0.5346 0.3304 0.7779
vn 0.9050 0.3304 0.2680
vn 0.9822 0.1876 -0.0000
vn 0.9050 0.3304 -0.2680
vn 0.5346 0.3304 -0.7779
vn 0.3035 0.1876 -0.9342
vn 0.0247 0.3304 -0.9435
vn -0.5746 0.3304 -0.7488
vn -0.7947 0.1876 -0.5773
vn -0.8897 0.3304 -0.3151
vn -0.3066 0.1256 0.9435
vn -0.3035 -0.1876 0.9342
vn -0.0247 -0.3304 0.9435
vn 0.8026 0.1256 0.5831
vn 0.7947 -0.1876 0.5773
vn 0.8897 -0.3304 0.3151
vn 0.8026 0.1256 -0.5831
vn 0.7947 -0.1876 -0.5773
vn 0.5746 -0.3304 -0.7488
vn -0.3066 0.1256 -0.9435
vn -0.3035 -0.1876 -0.9342
vn -0.5346 -0.3304 -0.7779
vn -0.9921 0.1256 -0.0000
vn -0.9822 -0.1876 -0.0000
vn -0.9050 -0.3304 0.2680
vn -0.4713 -0.6617 0.5831
vn -0.1876 -0.7947 0.5773
vn 0.0385 -0.6617 0.7488
vn 0.4089 -0.6617 0.6284
vn 0.4911 -0.7947 0.3568
vn 0.7240 -0.6617 0.1947
vn 0.7240 -0.6617 -0.1947
vn 0.4911 -0.7947 -0.3568
vn 0.4089 -0.6617 -0.6284
vn -0.7002 -0.6617 0.2680
vn -0.6071 -0.7947 -0.0000
vn -0.3313 -0.9435 -0.0000
vn 0.0385 -0.6617 -0.7488
vn -0.1876 -0.7947 -0.5773
vn -0.4713 -0.6617 -0.5831
vn -0.0067 -0.0978 0.9952
vn -0.0198 -0.2896 0.9569
vn -0.0321 -0.4703 0.8819
vn -0.0432 -0.6329 0.7730
vn -0.0527 -0.7712 0.6344
vn -0.0601 -0.8799 0.4714
vn -0.0652 -0.9547 0.2903
vn -0.0678 -0.9929 0.0980
vn -0.0678 -0.9929 -0.0980
vn -0.0652 -0.9547 -0.2903
vn -0.0601 -0.8799 -0.4714
vn -0.0527 -0.7712 -0.6344
vn -0.0432 -0.6329 -0.7730
vn -0.0321 -0.4703 -0.8819
vn -0.0198 -0.2896 -0.9569
vn -0.0067 -0.0978 -0.9952
vn 0.0067 0.0978 -0.9952
vn 0.0198 0.2896 -0.9569
vn 0.0321 0.4703 -0.8819
vn 0.0432 0.6329 -0.7730
vn 0.0527 0.7712 -0.6344
vn 0.0601 0.8799 -0.4714
vn 0.0652 0.9547 -0.2903
vn 0.0678 0.9929 -0.0980
vn 0.0678 0.9929 0.0980
vn 0.0652 0.9547 0.2903
vn 0.0601 0.8799 0.4714
vn 0.0527 0.7712 0.6344
vn 0.0432 0.6329 0.7730
vn 0.0321 0.4703 0.8819
vn -0.9977 0.0682 -0.0000
vn 0.0198 0.2896 0.9569
vn 0.0067 0.0978 0.9952
vn 0.9977 -0.0682 -0.0000
vn -0.6539 0.1184 0.7472
vn -0.9945 0.0751 -0.0724
vn -0.6441 0.2625 0.7185
vn -0.9994 0.0039 0.0343
vn -0.6348 0.3981 0.6622
vn -0.6265 0.5202 0.5804
vn -0.6194 0.6241 0.4763
vn -0.9955 0.0609 0.0724
vn -0.6138 0.7057 0.3539
vn -0.6100 0.7619 0.2179
vn -0.9912 0.1241 0.0462
vn -0.6080 0.7905 0.0736
vn 0.9977 -0.0682 0.0001
vn -0.6080 0.7905 -0.0736
vn -0.9903 0.1375 -0.0211
vn -0.6100 0.7619 -0.2180
vn -0.9989 0.0119 -0.0462
vn -0.6138 0.7057 -0.3539
vn -0.9977 0.0681 -0.0000
vn -0.6194 0.6241 -0.4763
vn -0.6265 0.5202 -0.5804
vn 0.9977 -0.0681 -0.0000
vn -0.9936 0.0891 -0.0696
vn -0.6348 0.3981 -0.6622
vn -0.9998 -0.0015 0.0211
vn -0.6441 0.2625 -0.7185
vn -0.6539 0.1184 -0.7472
vn -0.6640 -0.0284 -0.7472
vn -0.9965 0.0469 0.0696
vn -0.6738 -0.1724 -0.7185
vn -0.6831 -0.3081 -0.6622
vn -0.9919 0.1140 0.0562
vn -0.6914 -0.4302 -0.5804
vn -0.6985 -0.5340 -0.4763
vn -0.9901 0.1402 -0.0071
vn -0.7041 -0.6156 -0.3539
vn -0.9982 0.0219 -0.0563
vn -0.7079 -0.6718 -0.2179
vn -0.7099 -0.7005 -0.0736
vn -0.7099 -0.7005 0.0736
vn -0.9927 0.1022 -0.0642
vn -0.7079 -0.6718 0.2179
vn -1.0000 -0.0043 0.0071
vn -0.7041 -0.6156 0.3539
vn -0.6985 -0.5340 0.4763
vn -0.6914 -0.4302 0.5804
vn -0.9974 0.0338 0.0642
vn -0.6831 -0.3081 0.6622
vn -0.6738 -0.1724 0.7185
vn -0.9927 0.1022 0.0642
vn -0.6640 -0.0284 0.7472
vn -0.9994 0.0040 -0.0343
vn -0.9907 0.1320 -0.0343
vn -0.9955 0.0609 -0.0724
vn -0.9907 0.1320 0.0343
vn -0.9945 0.0751 0.0724
vn -0.9989 0.0119 0.0462
vn -0.9998 -0.0015 -0.0211
vn -0.9912 0.1241 -0.0461
vn -0.9965 0.0469 -0.0696
vn -0.9903 0.1375 0.0211
vn -0.9936 0.0891 0.0696
vn -0.9982 0.0219 0.0563
vn -1.0000 -0.0043 -0.0071
vn -0.9919 0.1140 -0.0563
vn -0.9974 0.0338 -0.0642
vn -0.9901 0.1402 0.0071
vn -0.9977 0.0682 0.0001
vn 0.0890 -0.0410 0.9952
vn 0.2637 -0.1214 0.9569
vn 0.4282 -0.1971 0.8819
vn 0.5763 -0.2653 0.7730
vn 0.7022 -0.3233 0.6344
vn 0.8011 -0.3688 0.4714
vn 0.8692 -0.4002 0.2903
vn 0.9040 -0.4162 0.0980
vn 0.9040 -0.4162 -0.0980
vn 0.8693 -0.4002 -0.2903
vn 0.8011 -0.3688 -0.4714
vn 0.7022 -0.3233 -0.6344
vn 0.5763 -0.2653 -0.7730
vn 0.4282 -0.1971 -0.8819
vn 0.2637 -0.1214 -0.9569
vn 0.0890 -0.0410 -0.9952
vn -0.0890 0.0410 -0.9952
vn -0.2637 0.1214 -0.9569
vn -0.4282 0.1971 -0.8819
vn -0.5763 0.2653 -0.7730
vn -0.7022 0.3233 -0.6344
vn -0.8011 0.3688 -0.4714
vn -0.8692 0.4002 -0.2903
vn -0.9040 0.4162 -0.0980
vn -0.9040 0.4162 0.0980
vn -0.8693 0.4002 0.2903
vn -0.8011 0.3688 0.4714
vn -0.7022 0.3233 0.6344
vn -0.5763 0.2653 0.7730
vn -0.4282 0.1971 0.8819
vn -0.4182 -0.9084 -0.0000
vn -0.2637 0.1214 0.9569
vn -0.0890 0.0410 0.9952
vn 0.4182 0.9084 -0.0000
vn -0.3431 -0.5692 0.7472
vn -0.4235 -0.9030 -0.0724
vn -0.4742 -0.5088 0.7185
vn -0.3588 -0.9328 0.0343
vn -0.5977 -0.4520 0.6622
vn -0.7089 -0.4008 0.5804
vn -0.8034 -0.3573 0.4763
vn -0.4106 -0.9089 0.0724
vn -0.8777 -0.3231 0.3539
vn -0.8692 0.4002 0.2903
vn -0.9289 -0.2995 0.2179
vn -0.4682 -0.8824 0.0462
vn -0.9549 -0.2875 0.0736
vn -0.9549 -0.2875 -0.0736
vn -0.4803 -0.8768 -0.0211
vn -0.8693 0.4002 -0.2903
vn -0.9289 -0.2995 -0.2180
vn -0.3660 -0.9295 -0.0462
vn -0.8777 -0.3231 -0.3539
vn -0.8034 -0.3573 -0.4763
vn -0.7089 -0.4008 -0.5804
vn -0.4363 -0.8971 -0.0696
vn -0.5977 -0.4520 -0.6622
vn -0.3538 -0.9351 0.0211
vn -0.4742 -0.5088 -0.7185
vn -0.3431 -0.5692 -0.7472
vn -0.2093 -0.6307 -0.7472
vn -0.3979 -0.9148 0.0696
vn -0.0782 -0.6911 -0.7185
vn 0.0453 -0.7480 -0.6622
vn -0.4590 -0.8867 0.0562
vn 0.1565 -0.7992 -0.5804
vn 0.7022 -0.3232 -0.6344
vn 0.2510 -0.8427 -0.4763
vn -0.4828 -0.8757 -0.0071
vn 0.3253 -0.8769 -0.3539
vn -0.3751 -0.9253 -0.0563
vn 0.3765 -0.9004 -0.2179
vn 0.4025 -0.9124 -0.0736
vn 0.4025 -0.9124 0.0736
vn 0.8693 -0.4002 0.2903
vn -0.4482 -0.8916 -0.0642
vn 0.3765 -0.9004 0.2179
vn -0.3513 -0.9362 0.0071
vn 0.3253 -0.8769 0.3539
vn 0.7022 -0.3232 0.6344
vn 0.2510 -0.8427 0.4763
vn 0.1565 -0.7992 0.5804
vn -0.3859 -0.9203 0.0642
vn 0.0453 -0.7480 0.6622
vn -0.0782 -0.6911 0.7185
vn -0.4482 -0.8916 0.0642
vn -0.2093 -0.6307 0.7472
vn -0.3588 -0.9328 -0.0343
vn -0.4754 -0.8791 -0.0343
vn -0.4106 -0.9089 -0.0724
vn -0.4754 -0.8791 0.0343
vn -0.4235 -0.9030 0.0724
vn -0.3660 -0.9295 0.0462
vn -0.3538 -0.9351 -0.0211
vn -0.4682 -0.8824 -0.0462
vn -0.3979 -0.9148 -0.0696
vn -0.4803 -0.8768 0.0211
vn -0.4363 -0.8971 0.0696
vn -0.3751 -0.9253 0.0563
vn -0.3513 -0.9362 -0.0071
vn -0.4590 -0.8867 -0.0562
vn -0.3859 -0.9203 -0.0642
vn -0.4828 -0.8757 0.0071
vn 0.2590 0.7154 0.6490
vn 0.0857 0.4009 0.9121
vn -0.2489 -0.3258 0.9121
vn -0.3751 -0.6619 0.6490
vn 0.1451 0.7678 0.6240
vn -0.0744 0.4746 0.8771
vn -0.4089 -0.2521 0.8771
vn -0.4890 -0.6095 0.6240
vn 0.0378 0.8172 0.5751
vn -0.2252 0.5440 0.8083
vn -0.5597 -0.1827 0.8083
vn -0.5962 -0.5601 0.5751
vn -0.0588 0.8617 0.5041
vn -0.3609 0.6065 0.7085
vn -0.6954 -0.1202 0.7085
vn -0.6928 -0.5157 0.5041
vn -0.7022 0.3232 0.6344
vn -0.1409 0.8994 0.4137
vn -0.4763 0.6596 0.5814
vn -0.8108 -0.0670 0.5814
vn -0.7749 -0.4779 0.4137
vn -0.2054 0.9291 0.3074
vn -0.5670 0.7013 0.4320
vn -0.9015 -0.0253 0.4321
vn -0.8394 -0.4482 0.3074
vn -0.2498 0.9496 0.1893
vn -0.6294 0.7301 0.2661
vn -0.9639 0.0034 0.2661
vn -0.8839 -0.4277 0.1893
vn -0.2725 0.9600 0.0639
vn -0.6613 0.7447 0.0898
vn -0.9958 0.0181 0.0898
vn -0.9065 -0.4173 0.0639
vn -0.2725 0.9600 -0.0639
vn -0.6613 0.7447 -0.0898
vn -0.9958 0.0181 -0.0898
vn -0.9065 -0.4173 -0.0639
vn -0.2498 0.9496 -0.1893
vn -0.6294 0.7301 -0.2661
vn -0.9639 0.0034 -0.2661
vn -0.8839 -0.4277 -0.1893
vn -0.2054 0.9292 -0.3074
vn -0.5670 0.7013 -0.4320
vn -0.9015 -0.0253 -0.4320
vn -0.8394 -0.4482 -0.3074
vn -0.7022 0.3232 -0.6344
vn -0.1409 0.8995 -0.4137
vn -0.4763 0.6596 -0.5814
vn -0.8108 -0.0670 -0.5814
vn -0.7749 -0.4779 -0.4137
vn -0.0588 0.8616 -0.5041
vn -0.3609 0.6065 -0.7085
vn -0.6954 -0.1202 -0.7085
vn -0.6928 -0.5157 -0.5041
vn 0.0378 0.8172 -0.5751
vn -0.2252 0.5440 -0.8083
vn -0.5597 -0.1827 -0.8083
vn -0.5962 -0.5601 -0.5751
vn 0.1451 0.7678 -0.6240
vn -0.0744 0.4746 -0.8771
vn -0.4089 -0.2521 -0.8771
vn -0.4890 -0.6095 -0.6240
vn 0.2590 0.7154 -0.6490
vn 0.0857 0.4009 -0.9121
vn -0.2489 -0.3258 -0.9121
vn -0.3751 -0.6619 -0.6490
vn 0.3751 0.6619 -0.6490
vn 0.2489 0.3258 -0.9121
vn -0.0857 -0.4009 -0.9121
vn -0.2590 -0.7154 -0.6490
vn 0.4890 0.6095 -0.6240
vn 0.4089 0.2521 -0.8771
vn 0.0744 -0.4746 -0.8771
vn -0.1451 -0.7678 -0.6240
vn 0.5963 0.5601 -0.5751
vn 0.5597 0.1826 -0.8083
vn 0.2252 -0.5440 -0.8083
vn -0.0378 -0.8172 -0.5751
vn 0.6928 0.5157 -0.5041
vn 0.6954 0.1202 -0.7085
vn 0.3609 -0.6065 -0.7085
vn 0.0588 -0.8617 -0.5041
vn 0.7749 0.4779 -0.4137
vn 0.8108 0.0671 -0.5814
vn 0.4763 -0.6596 -0.5814
vn 0.1409 -0.8995 -0.4137
vn 0.8394 0.4482 -0.3074
vn 0.9015 0.0253 -0.4321
vn 0.5670 -0.7013 -0.4321
vn 0.2054 -0.9292 -0.3074
vn 0.8839 0.4277 -0.1893
vn 0.9640 -0.0034 -0.2660
vn 0.6294 -0.7301 -0.2660
vn 0.2498 -0.9496 -0.1893
vn 0.9065 0.4173 -0.0639
vn 0.9958 -0.0181 -0.0898
vn 0.6613 -0.7447 -0.0898
vn 0.2725 -0.9600 -0.0639
vn 0.9065 0.4173 0.0639
vn 0.9958 -0.0181 0.0898
vn 0.6613 -0.7447 0.0898
vn 0.2725 -0.9600 0.0639
vn 0.8839 0.4277 0.1893
vn 0.9640 -0.0034 0.2661
vn 0.6294 -0.7301 0.2660
vn 0.2498 -0.9496 0.1893
vn 0.8394 0.4482 0.3074
vn 0.9015 0.0253 0.4321
vn 0.5670 -0.7013 0.4321
vn 0.2054 -0.9292 0.3074
vn 0.7749 0.4779 0.4137
vn 0.8108 0.0670 0.5814
vn 0.4763 -0.6596 0.5814
vn 0.1409 -0.8995 0.4137
vn 0.6928 0.5157 0.5041
vn 0.6954 0.1202 0.7085
vn 0.3609 -0.6065 0.7085
vn 0.0588 -0.8617 0.5041
vn 0.5963 0.5601 0.5751
vn 0.5597 0.1826 0.8083
vn 0.2252 -0.5440 0.8083
vn -0.0378 -0.8172 0.5751
vn 0.4890 0.6095 0.6240
vn 0.4089 0.2521 0.8771
vn 0.0744 -0.4746 0.8771
vn -0.1451 -0.7678 0.6240
vn 0.3751 0.6619 0.6490
vn 0.2489 0.3257 0.9121
vn -0.0857 -0.4009 0.9121
vn -0.2590 -0.7154 0.6490
vn 0.3385 -0.1850 -0.9226
vn 0.8437 -0.3770 -0.3822
vn 0.8436 -0.3770 0.3824
vn 0.3385 -0.1850 0.9226
vn -0.3759 0.0865 0.9226
vn -0.8811 0.2785 0.3821
vn -0.3554 -0.9347 -0.0002
vn -0.8812 0.2786 -0.3820
vn -0.3759 0.0865 -0.9226
vn 0.3553 0.9348 -0.0000
vn -0.1520 0.5542 -0.8184
vn -0.0336 0.7198 -0.6933
vn -0.4823 -0.3170 -0.8166
vn -0.4599 -0.2020 -0.8647
vn -0.4586 -0.1959 -0.8668
vn -0.3857 0.0588 -0.9208
vn -0.6001 0.7245 -0.3390
vn -0.4133 0.8641 -0.2872
vn -0.9295 -0.1470 -0.3383
vn -0.9334 -0.0220 -0.3582
vn -0.9332 -0.0155 -0.3590
vn -0.8899 0.2504 -0.3814
vn -0.6001 0.7246 0.3390
vn -0.4133 0.8641 0.2872
vn -0.9295 -0.1470 0.3383
vn -0.9334 -0.0220 0.3582
vn -0.9332 -0.0155 0.3590
vn -0.8899 0.2504 0.3814
vn -0.1520 0.5542 0.8184
vn -0.0336 0.7198 0.6933
vn -0.4823 -0.3170 0.8166
vn -0.4599 -0.2020 0.8647
vn -0.4586 -0.1959 0.8668
vn -0.3857 0.0588 0.9208
vn 0.4817 0.3134 0.8184
vn 0.5033 0.5158 0.6933
vn 0.1500 -0.5573 0.8166
vn 0.2097 -0.4565 0.8647
vn 0.2127 -0.4510 0.8668
vn 0.3273 -0.2122 0.9208
vn 0.9299 0.1430 0.3390
vn 0.8829 0.3715 0.2872
vn 0.5972 -0.7273 0.3383
vn 0.6831 -0.6364 0.3582
vn 0.6873 -0.6314 0.3590
vn 0.8315 -0.4039 0.3814
vn 0.9299 0.1430 -0.3390
vn 0.8829 0.3715 -0.2872
vn 0.5972 -0.7273 -0.3383
vn 0.6831 -0.6364 -0.3582
vn 0.6873 -0.6314 -0.3590
vn 0.8315 -0.4039 -0.3814
vn 0.4817 0.3134 -0.8184
vn 0.5033 0.5158 -0.6933
vn 0.1500 -0.5573 -0.8166
vn 0.2097 -0.4565 -0.8647
vn 0.2127 -0.4510 -0.8668
vn 0.3273 -0.2122 -0.9208
vn -0.3810 -0.0940 0.9198
vn -0.9198 -0.0940 0.3810
vn -0.9198 -0.0940 -0.3810
vn -0.3810 -0.0940 -0.9198
vn 0.3810 -0.0940 -0.9198
vn 0.9198 -0.0940 -0.3810
vn -0.0000 -1.0000 -0.0000
vn 0.9198 -0.0940 0.3810
vn 0.3810 -0.0940 0.9198
vn -0.0000 1.0000 -0.0000
vn 0.3390 0.4641 0.8184
vn 0.2872 0.6609 0.6933
vn 0.3383 -0.4677 0.8166
vn 0.3582 -0.3522 0.8647
vn 0.3590 -0.3460 0.8668
vn 0.3814 -0.0821 0.9208
vn 0.8184 0.4641 0.3390
vn 0.6933 0.6609 0.2872
vn 0.8166 -0.4677 0.3383
vn 0.8647 -0.3522 0.3582
vn 0.8668 -0.3460 0.3590
vn 0.9208 -0.0821 0.3814
vn 0.8184 0.4641 -0.3390
vn 0.6933 0.6609 -0.2872
vn 0.8166 -0.4677 -0.3383
vn 0.8647 -0.3522 -0.3582
vn 0.8668 -0.3460 -0.3590
vn 0.9208 -0.0821 -0.3814
vn 0.3390 0.4641 -0.8184
vn 0.2872 0.6609 -0.6933
vn 0.3383 -0.4677 -0.8166
vn 0.3582 -0.3522 -0.8647
vn 0.3590 -0.3460 -0.8668
vn 0.3814 -0.0821 -0.9208
vn -0.3390 0.4641 -0.8184
vn -0.2872 0.6609 -0.6933
vn -0.3383 -0.4677 -0.8166
vn -0.3582 -0.3522 -0.8647
vn -0.3590 -0.3460 -0.8668
vn -0.3814 -0.0821 -0.9208
vn -0.8184 0.4641 -0.3390
vn -0.6933 0.6609 -0.2872
vn -0.8166 -0.4677 -0.3383
vn -0.8647 -0.3522 -0.3582
vn -0.8668 -0.3460 -0.3590
vn -0.9208 -0.0821 -0.3814
vn -0.8184 0.4641 0.3390
vn -0.6933 0.6609 0.2872
vn -0.8166 -0.4677 0.3383
vn -0.8647 -0.3522 0.3582
vn -0.8668 -0.3460 0.3590
vn -0.9208 -0.0821 0.3814
vn -0.3390 0.4641 0.8184
vn -0.2872 0.6609 0.6933
vn -0.3383 -0.4677 0.8166
vn -0.3582 -0.3522 0.8647
vn -0.3590 -0.3460 0.8668
vn -0.3814 -0.0821 0.9208
vn 0.1024 -0.9435 0.3151
vn 0.7002 -0.6617 0.2680
vn -0.2680 -0.9435 0.1947
vn -0.2680 -0.9435 -0.1947
vn 0.1024 -0.9435 -0.3151
vn 0.9050 -0.3304 0.2680
vn 0.0247 -0.3304 0.9435
vn -0.8897 -0.3304 0.3151
vn -0.5746 -0.3304 -0.7488
vn 0.5346 -0.3304 -0.7779
vn 0.8026 -0.1256 0.5831
vn -0.3066 -0.1256 0.9435
vn -0.9921 -0.1256 -0.0000
vn -0.3066 -0.1256 -0.9435
vn 0.8026 -0.1256 -0.5831
vn 0.4089 0.6617 0.6284
vn -0.4713 0.6617 0.5831
vn -0.7002 0.6617 -0.2680
vn 0.0385 0.6617 -0.7488
vn 0.7240 0.6617 -0.1947
vn 0.2680 0.9435 -0.1947
vn 0.4911 0.7947 -0.3568
vn 0.4089 0.6617 -0.6284
vn -0.1024 0.9435 -0.3151
vn -0.1876 0.7947 -0.5773
vn -0.4713 0.6617 -0.5831
vn -0.3313 0.9435 -0.0000
vn -0.6071 0.7947 -0.0000
vn -0.7002 0.6617 0.2680
vn -0.1024 0.9435 0.3151
vn -0.1876 0.7947 0.5773
vn 0.0385 0.6617 0.7488
vn 0.2680 0.9435 0.1947
vn 0.4911 0.7947 0.3568
vn 0.7240 0.6617 0.1947
vn 0.8897 0.3304 -0.3151
vn 0.7947 0.1876 -0.5773
vn 0.5746 0.3304 -0.7488
vn -0.0247 0.3304 -0.9435
vn -0.3035 0.1876 -0.9342
vn -0.5346 0.3304 -0.7779
vn -0.9050 0.3304 -0.2680
vn -0.9822 0.1876 -0.0000
vn -0.9050 0.3304 0.2680
vn -0.5346 0.3304 0.7779
vn -0.3035 0.1876 0.9342
vn -0.0247 0.3304 0.9435
vn 0.5746 0.3304 0.7488
vn 0.7947 0.1876 0.5773
vn 0.8897 0.3304 0.3151
vn 0.3066 0.1256 -0.9435
vn 0.3035 -0.1876 -0.9342
vn 0.0247 -0.3304 -0.9435
vn -0.8026 0.1256 -0.5831
vn -0.7947 -0.1876 -0.5773
vn -0.8897 -0.3304 -0.3151
vn -0.8026 0.1256 0.5831
vn -0.7947 -0.1876 0.5773
vn -0.5746 -0.3304 0.7488
vn 0.3066 0.1256 0.9435
vn 0.3035 -0.1876 0.9342
vn 0.5346 -0.3304 0.7779
vn 0.9921 0.1256 -0.0000
vn 0.9822 -0.1876 -0.0000
vn 0.9050 -0.3304 -0.2680
vn 0.4713 -0.6617 -0.5831
vn 0.1876 -0.7947 -0.5773
vn -0.0385 -0.6617 -0.7488
vn -0.4089 -0.6617 -0.6284
vn -0.4911 -0.7947 -0.3568
vn -0.7240 -0.6617 -0.1947
vn -0.7240 -0.6617 0.1947
vn -0.4911 -0.7947 0.3568
vn -0.4089 -0.6617 0.6284
vn 0.7002 -0.6617 -0.2680
vn 0.6071 -0.7947 -0.0000
vn 0.3313 -0.9435 -0.0000
vn -0.0385 -0.6617 0.7488
vn 0.1876 -0.7947 0.5773
vn 0.4713 -0.6617 0.5831
vn 0.0067 -0.0978 -0.9952
vn 0.0198 -0.2896 -0.9569
vn 0.0321 -0.4703 -0.8819
vn 0.0432 -0.6329 -0.7730
vn 0.0527 -0.7712 -0.6344
vn 0.0601 -0.8799 -0.4714
vn 0.0652 -0.9547 -0.2903
vn 0.0678 -0.9929 -0.0980
vn 0.0678 -0.9929 0.0980
vn 0.0652 -0.9547 0.2903
vn 0.0601 -0.8799 0.4714
vn 0.0527 -0.7712 0.6344
vn 0.0432 -0.6329 0.7730
vn 0.0321 -0.4703 0.8819
vn 0.0198 -0.2896 0.9569
vn 0.0067 -0.0978 0.9952
vn -0.0067 0.0978 0.9952
vn -0.0198 0.2896 0.9569
vn -0.0321 0.4703 0.8819
vn -0.0432 0.6329 0.7730
vn -0.0527 0.7712 0.6344
vn -0.0601 0.8799 0.4714
vn -0.0652 0.9547 0.2903
vn -0.0678 0.9929 0.0980
vn -0.0678 0.9929 -0.0980
vn -0.0652 0.9547 -0.2903
vn -0.0601 0.8799 -0.4714
vn -0.0527 0.7712 -0.6344
vn -0.0432 0.6329 -0.7730
vn -0.0321 0.4703 -0.8819
vn 0.9977 0.0682 -0.0000
vn -0.0198 0.2896 -0.9569
vn -0.0067 0.0978 -0.9952
vn -0.9977 -0.0682 -0.0000
vn 0.6539 0.1184 -0.7472
vn 0.9945 0.0751 0.0724
vn 0.6441 0.2625 -0.7185
vn 0.9994 0.0040 -0.0343
vn 0.6348 0.3981 -0.6622
vn 0.6265 0.5202 -0.5804
vn 0.6194 0.6241 -0.4763
vn 0.9955 0.0609 -0.0724
vn 0.6138 0.7057 -0.3539
vn 0.6100 0.7618 -0.2180
vn 0.9912 0.1241 -0.0462
vn 0.6080 0.7905 -0.0736
vn -0.9977 -0.0682 0.0001
vn 0.6080 0.7905 0.0736
vn 0.9977 0.0681 -0.0000
vn 0.9903 0.1375 0.0211
vn 0.6100 0.7618 0.2180
vn 0.9989 0.0119 0.0461
vn 0.6138 0.7057 0.3539
vn 0.6194 0.6241 0.4763
vn 0.6265 0.5202 0.5804
vn 0.9936 0.0891 0.0696
vn 0.6348 0.3981 0.6622
vn 0.9998 -0.0015 -0.0211
vn 0.6441 0.2625 0.7185
vn 0.6539 0.1184 0.7472
vn 0.6640 -0.0284 0.7472
vn 0.9965 0.0469 -0.0697
vn 0.6738 -0.1724 0.7185
vn 0.6831 -0.3081 0.6622
vn 0.9919 0.1140 -0.0562
vn 0.6914 -0.4302 0.5804
vn 0.6985 -0.5340 0.4763
vn 0.9901 0.1402 0.0071
vn 0.7041 -0.6156 0.3539
vn 0.9982 0.0219 0.0562
vn 0.7079 -0.6718 0.2180
vn 0.7099 -0.7005 0.0736
vn 0.7099 -0.7005 -0.0736
vn 0.9927 0.1022 0.0642
vn 0.7079 -0.6718 -0.2180
vn 1.0000 -0.0043 -0.0071
vn 0.7041 -0.6156 -0.3539
vn 0.6985 -0.5340 -0.4763
vn 0.6914 -0.4302 -0.5804
vn 0.9974 0.0338 -0.0642
vn 0.6831 -0.3081 -0.6622
vn 0.6738 -0.1724 -0.7185
vn 0.9927 0.1022 -0.0642
vn 0.6640 -0.0284 -0.7472
vn 0.9994 0.0040 0.0343
vn 0.9907 0.1320 0.0343
vn 0.9955 0.0609 0.0724
vn 0.9907 0.1320 -0.0343
vn 0.9945 0.0751 -0.0724
vn 0.9989 0.0119 -0.0462
vn 0.9998 -0.0015 0.0211
vn 0.9912 0.1241 0.0462
vn 0.9965 0.0469 0.0696
vn 0.9903 0.1375 -0.0211
vn 0.9936 0.0891 -0.0696
vn 0.9982 0.0219 -0.0562
vn 1.0000 -0.0043 0.0071
vn 0.9919 0.1140 0.0563
vn 0.9974 0.0338 0.0642
vn 0.9901 0.1402 -0.0071
vn 0.9977 0.0682 0.0001
vn -0.0890 -0.0410 -0.9952
vn -0.2637 -0.1214 -0.9569
vn -0.4282 -0.1971 -0.8819
vn -0.5763 -0.2653 -0.7730
vn -0.7022 -0.3233 -0.6344
vn -0.8011 -0.3688 -0.4714
vn -0.8692 -0.4002 -0.2903
vn -0.9040 -0.4162 -0.0980
vn -0.9040 -0.4162 0.0980
vn -0.8692 -0.4002 0.2903
vn -0.8011 -0.3688 0.4714
vn -0.7022 -0.3233 0.6344
vn -0.5763 -0.2653 0.7730
vn -0.4282 -0.1971 0.8819
vn -0.2637 -0.1214 0.9569
vn -0.0890 -0.0410 0.9952
vn 0.0890 0.0410 0.9952
vn 0.2637 0.1214 0.9569
vn 0.4282 0.1971 0.8819
vn 0.5763 0.2653 0.7730
vn 0.7022 0.3233 0.6344
vn 0.8011 0.3688 0.4714
vn 0.8693 0.4002 0.2903
vn 0.9040 0.4162 0.0980
vn 0.9040 0.4162 -0.0980
vn 0.8693 0.4002 -0.2903
vn 0.8011 0.3688 -0.4714
vn 0.7022 0.3233 -0.6344
vn 0.5763 0.2653 -0.7730
vn 0.4282 0.1971 -0.8819
vn 0.4182 -0.9084 -0.0000
vn 0.2637 0.1214 -0.9569
vn 0.0890 0.0410 -0.9952
vn -0.4182 0.9084 -0.0000
vn 0.3431 -0.5692 -0.7472
vn 0.4235 -0.9030 0.0724
vn 0.4742 -0.5088 -0.7185
vn 0.3588 -0.9328 -0.0343
vn 0.5977 -0.4520 -0.6622
vn 0.7089 -0.4008 -0.5804
vn 0.8034 -0.3573 -0.4763
vn 0.4106 -0.9089 -0.0724
vn 0.8777 -0.3231 -0.3540
vn 0.9289 -0.2995 -0.2179
vn 0.4682 -0.8824 -0.0462
vn 0.9549 -0.2875 -0.0736
vn 0.9549 -0.2875 0.0736
vn 0.4803 -0.8768 0.0211
vn 0.8692 0.4002 0.2903
vn 0.9289 -0.2995 0.2179
vn 0.3660 -0.9295 0.0462
vn 0.8777 -0.3231 0.3540
vn 0.8034 -0.3573 0.4763
vn 0.7089 -0.4008 0.5804
vn 0.4363 -0.8971 0.0696
vn 0.5977 -0.4520 0.6622
vn 0.3538 -0.9351 -0.0211
vn 0.4742 -0.5088 0.7185
vn 0.3431 -0.5692 0.7472
vn 0.2094 -0.6307 0.7472
vn 0.3979 -0.9148 -0.0696
vn 0.0782 -0.6911 0.7185
vn -0.0453 -0.7480 0.6622
vn 0.4590 -0.8867 -0.0562
vn -0.1565 -0.7992 0.5804
vn -0.2510 -0.8427 0.4763
vn 0.4828 -0.8757 0.0071
vn -0.3253 -0.8769 0.3539
vn -0.8693 -0.4002 0.2903
vn 0.3751 -0.9253 0.0562
vn -0.3765 -0.9004 0.2180
vn -0.4025 -0.9124 0.0736
vn -0.4025 -0.9124 -0.0736
vn -0.8693 -0.4002 -0.2903
vn 0.4482 -0.8916 0.0642
vn -0.3765 -0.9004 -0.2180
vn 0.3513 -0.9362 -0.0071
vn -0.3253 -0.8769 -0.3539
vn -0.2510 -0.8427 -0.4763
vn -0.1565 -0.7992 -0.5804
vn 0.3859 -0.9203 -0.0642
vn -0.0453 -0.7480 -0.6622
vn 0.0782 -0.6911 -0.7185
vn 0.4482 -0.8916 -0.0642
vn 0.2094 -0.6307 -0.7472
vn 0.3588 -0.9328 0.0343
vn 0.4754 -0.8791 0.0343
vn 0.4106 -0.9089 0.0724
vn 0.4754 -0.8791 -0.0343
vn 0.4235 -0.9030 -0.0724
vn 0.3660 -0.9295 -0.0462
vn 0.3538 -0.9351 0.0211
vn 0.4682 -0.8824 0.0462
vn 0.3979 -0.9148 0.0696
vn 0.4803 -0.8768 -0.0211
vn 0.4363 -0.8971 -0.0696
vn 0.3751 -0.9253 -0.0563
vn 0.3513 -0.9362 0.0071
vn 0.4590 -0.8867 0.0562
vn 0.3859 -0.9203 0.0642
vn 0.4828 -0.8757 -0.0071
vn -0.5762 -0.2653 0.7730
vn -0.5762 -0.2653 -0.7730
vn -0.2590 0.7154 -0.6490
vn -0.0857 0.4009 -0.9121
vn 0.2489 -0.3257 -0.9121
vn 0.3751 -0.6619 -0.6490
vn -0.1451 0.7678 -0.6240
vn 0.0744 0.4746 -0.8771
vn 0.4089 -0.2521 -0.8771
vn 0.4890 -0.6095 -0.6240
vn -0.0378 0.8172 -0.5751
vn 0.2252 0.5440 -0.8083
vn 0.5597 -0.1826 -0.8083
vn 0.5963 -0.5601 -0.5751
vn 0.0588 0.8617 -0.5041
vn 0.3609 0.6065 -0.7085
vn 0.6954 -0.1202 -0.7085
vn 0.6928 -0.5157 -0.5041
vn 0.1409 0.8995 -0.4137
vn 0.4763 0.6596 -0.5814
vn 0.8108 -0.0670 -0.5815
vn 0.7749 -0.4779 -0.4137
vn 0.2054 0.9292 -0.3074
vn 0.5670 0.7013 -0.4321
vn 0.9015 -0.0253 -0.4320
vn 0.8394 -0.4482 -0.3074
vn 0.2498 0.9496 -0.1893
vn 0.6294 0.7301 -0.2661
vn 0.9640 0.0034 -0.2660
vn 0.8839 -0.4277 -0.1893
vn 0.2725 0.9600 -0.0639
vn 0.6613 0.7447 -0.0898
vn 0.9958 0.0181 -0.0898
vn 0.9065 -0.4173 -0.0639
vn 0.2725 0.9600 0.0639
vn 0.6613 0.7447 0.0898
vn 0.9958 0.0181 0.0898
vn 0.9065 -0.4173 0.0639
vn 0.2498 0.9496 0.1893
vn 0.6294 0.7301 0.2661
vn 0.9640 0.0034 0.2660
vn 0.8839 -0.4277 0.1893
vn 0.2054 0.9292 0.3074
vn 0.5670 0.7013 0.4321
vn 0.9015 -0.0253 0.4320
vn 0.8394 -0.4482 0.3074
vn 0.1409 0.8995 0.4137
vn 0.4763 0.6596 0.5814
vn 0.8108 -0.0670 0.5815
vn 0.7749 -0.4779 0.4137
vn 0.0588 0.8617 0.5041
vn 0.3609 0.6065 0.7085
vn 0.6954 -0.1202 0.7085
vn 0.6928 -0.5157 0.5041
vn -0.0378 0.8172 0.5751
vn 0.2252 0.5440 0.8083
vn 0.5597 -0.1826 0.8083
vn 0.5963 -0.5601 0.5751
vn -0.1451 0.7678 0.6240
vn 0.0744 0.4746 0.8771
vn 0.4089 -0.2521 0.8771
vn 0.4890 -0.6095 0.6240
vn -0.2590 0.7154 0.6490
vn -0.0857 0.4009 0.9121
vn 0.2489 -0.3257 0.9121
vn 0.3751 -0.6619 0.6490
vn -0.3751 0.6619 0.6490
vn -0.2489 0.3258 0.9121
vn 0.0857 -0.4009 0.9121
vn 0.2590 -0.7154 0.6490
vn -0.4890 0.6095 0.6240
vn -0.4089 0.2521 0.8771
vn -0.0744 -0.4746 0.8771
vn 0.1451 -0.7678 0.6240
vn -0.5963 0.5601 0.5751
vn -0.5597 0.1826 0.8083
vn -0.2252 -0.5440 0.8083
vn 0.0378 -0.8172 0.5751
vn -0.6928 0.5157 0.5041
vn -0.6954 0.1202 0.7085
vn -0.3609 -0.6065 0.7085
vn -0.0588 -0.8617 0.5041
vn -0.7749 0.4779 0.4137
vn -0.8108 0.0671 0.5814
vn -0.4763 -0.6596 0.5814
vn -0.1409 -0.8995 0.4137
vn -0.8394 0.4482 0.3074
vn -0.9015 0.0253 0.4320
vn -0.5670 -0.7013 0.4321
vn -0.2054 -0.9292 0.3074
vn -0.8839 0.4277 0.1893
vn -0.9639 -0.0034 0.2661
vn -0.6294 -0.7301 0.2661
vn -0.2498 -0.9496 0.1893
vn -0.9065 0.4173 0.0639
vn -0.9958 -0.0181 0.0898
vn -0.6613 -0.7447 0.0898
vn -0.2725 -0.9600 0.0639
vn -0.9065 0.4173 -0.0639
vn -0.9958 -0.0181 -0.0898
vn -0.6613 -0.7447 -0.0898
vn -0.2725 -0.9600 -0.0639
vn -0.8839 0.4277 -0.1893
vn -0.9639 -0.0034 -0.2661
vn -0.6294 -0.7301 -0.2661
vn -0.2498 -0.9496 -0.1893
vn -0.8394 0.4482 -0.3074
vn -0.9015 0.0253 -0.4320
vn -0.5670 -0.7013 -0.4321
vn -0.2054 -0.9292 -0.3074
vn -0.7749 0.4779 -0.4137
vn -0.8108 0.0671 -0.5814
vn -0.4763 -0.6596 -0.5814
vn -0.1409 -0.8995 -0.4137
vn -0.6928 0.5157 -0.5041
vn -0.6954 0.1202 -0.7085
vn -0.3609 -0.6065 -0.7085
vn -0.0588 -0.8617 -0.5041
vn -0.5963 0.5601 -0.5751
vn -0.5597 0.1826 -0.8083
vn -0.2252 -0.5440 -0.8083
vn 0.0378 -0.8172 -0.5751
vn -0.4890 0.6095 -0.6240
vn -0.4089 0.2521 -0.8771
vn -0.0744 -0.4746 -0.8771
vn 0.1451 -0.7678 -0.6240
vn -0.3751 0.6619 -0.6490
vn -0.2489 0.3258 -0.9121
vn 0.0857 -0.4009 -0.9121
vn 0.2590 -0.7154 -0.6490
vn -0.3385 -0.1850 0.9226
vn -0.8437 -0.3770 0.3821
vn -0.8436 -0.3770 -0.3824
vn -0.3384 -0.1850 -0.9226
vn 0.3759 0.0865 -0.9226
vn 0.8811 0.2785 -0.3821
vn 0.3553 -0.9347 0.0002
vn 0.8812 0.2786 0.3820
vn 0.3759 0.0865 0.9226
vn -0.3553 0.9348 -0.0000
vn 0.1520 0.5542 0.8184
vn 0.0336 0.7198 0.6933
vn 0.4823 -0.3170 0.8166
vn 0.4599 -0.2020 0.8647
vn 0.4586 -0.1959 0.8668
vn 0.3857 0.0588 0.9208
vn 0.6001 0.7245 0.3390
vn 0.4133 0.8641 0.2872
vn 0.9295 -0.1470 0.3383
vn 0.9334 -0.0220 0.3582
vn 0.9332 -0.0155 0.3590
vn 0.8899 0.2504 0.3814
vn 0.6001 0.7245 -0.3390
vn 0.4133 0.8641 -0.2872
vn 0.9295 -0.1470 -0.3383
vn 0.9334 -0.0220 -0.3582
vn 0.9332 -0.0155 -0.3590
vn 0.8899 0.2504 -0.3814
vn 0.1520 0.5542 -0.8184
vn 0.0336 0.7198 -0.6933
vn 0.4823 -0.3170 -0.8166
vn 0.4599 -0.2020 -0.8647
vn 0.4586 -0.1959 -0.8668
vn 0.3857 0.0588 -0.9208
vn -0.4817 0.3134 -0.8184
vn -0.5033 0.5158 -0.6933
vn -0.1500 -0.5573 -0.8166
vn -0.2097 -0.4565 -0.8647
vn -0.2127 -0.4510 -0.8668
vn -0.3273 -0.2122 -0.9208
vn -0.9299 0.1430 -0.3390
vn -0.8829 0.3715 -0.2872
vn -0.5972 -0.7273 -0.3383
vn -0.6831 -0.6364 -0.3582
vn -0.6873 -0.6314 -0.3590
vn -0.8315 -0.4039 -0.3814
vn -0.9299 0.1430 0.3390
vn -0.8829 0.3715 0.2872
vn -0.5972 -0.7273 0.3383
vn -0.6831 -0.6364 0.3582
vn -0.6873 -0.6314 0.3590
vn -0.8315 -0.4039 0.3814
vn -0.4817 0.3134 0.8184
vn -0.5033 0.5158 0.6933
vn -0.1500 -0.5573 0.8166
vn -0.2097 -0.4565 0.8647
vn -0.2127 -0.4510 0.8668
vn -0.3273 -0.2122 0.9208
vn 0.7142 -0.5736 0.4012
vn 0.0124 -0.3312 0.9435
vn 0.0073 0.5792 0.8151
vn 0.5714 -0.4706 -0.6723
vn -0.2944 0.9413 -0.1654
vn 0.8206 0.3377 0.4610
vn -0.2770 -0.4706 0.8377
vn 0.6999 0.5792 -0.4178
vn 0.8122 -0.3312 -0.4802
vn -0.0073 -0.5792 -0.8151
vn 0.0117 0.0023 0.9999
vn -0.8718 -0.0046 -0.4898
vn 0.0040 -1.0000 0.0023
vn 0.8601 0.0023 -0.5101
vn -0.8206 -0.3377 -0.4610
vn -0.6999 -0.5792 0.4178
vn -0.7142 0.5736 -0.4012
vn 0.3003 -0.4683 0.8310
vn 0.2829 0.9436 -0.1722
vn -0.8122 0.3312 0.4802
vn -0.5832 -0.4752 -0.6588
vn -0.0040 1.0000 -0.0023
vn 0.8659 -0.4683 -0.1758
vn -0.8660 -0.4752 -0.1554
vn -0.0124 0.3312 -0.9435
vn 0.0001 0.9436 0.3312
vn 0.7909 0.6103 -0.0457
vn 0.8010 0.5902 -0.1005
vn -0.6094 -0.3570 -0.7079
vn -0.4140 -0.2311 -0.8805
vn 0.7268 0.5838 -0.3618
vn 0.5103 0.4364 -0.7410
vn -0.3228 -0.2070 -0.9235
vn 0.6933 0.6017 -0.3966
vn 0.2726 0.4059 -0.8723
vn 0.3105 0.3640 -0.8781
vn 0.6478 0.5264 -0.5507
vn 0.3060 0.2529 -0.9178
vn 0.1581 0.1939 -0.9682
vn 0.0698 0.2827 -0.9567
vn -0.0698 0.2827 -0.9567
vn -0.1581 0.1939 -0.9682
vn 0.0215 0.1048 -0.9943
vn 0.0023 0.1293 -0.9916
vn -0.2775 -0.9591 -0.0553
vn -0.3999 -0.8988 0.1793
vn 0.2727 0.2200 -0.9366
vn 0.2454 0.0561 -0.9678
vn 0.5801 0.3725 -0.7244
vn 0.5465 -0.0326 -0.8368
vn -0.3948 -0.1837 -0.9002
vn -0.4502 0.1010 -0.8872
vn -0.3785 0.2660 -0.8866
vn 0.4883 -0.3360 -0.8054
vn -0.2723 0.3373 -0.9012
vn 0.4081 -0.4988 -0.7646
vn 0.2179 -0.1342 -0.9667
vn 0.1792 -0.2109 -0.9609
vn -0.0608 -0.1174 -0.9912
vn -0.2534 -0.3987 -0.8814
vn 0.0608 -0.1174 -0.9912
vn 0.2534 -0.3987 -0.8814
vn -0.2179 -0.1342 -0.9667
vn -0.1792 -0.2109 -0.9609
vn -0.4883 -0.3360 -0.8054
vn -0.4081 -0.4988 -0.7646
vn 0.2395 0.3051 -0.9217
vn 0.3468 0.2486 -0.9044
vn 0.0200 0.3236 -0.9460
vn -0.1083 -0.8247 -0.5551
vn -0.2212 0.2372 -0.9459
vn 0.4429 -0.7843 -0.4345
vn -0.0019 -0.3411 -0.9400
vn -0.1699 0.1525 -0.9736
vn 0.3397 -0.8314 -0.4398
vn 0.1699 0.1525 -0.9736
vn -0.3397 -0.8314 -0.4398
vn -0.0357 -0.4800 -0.8766
vn -0.4429 -0.7843 -0.4345
vn 0.1663 -0.7304 -0.6624
vn -0.0463 0.4229 -0.9050
vn 0.2729 0.3523 -0.8952
vn 0.1240 -0.9876 -0.0961
vn -0.5164 -0.8539 -0.0646
vn -0.4133 -0.9099 -0.0353
vn 0.4133 -0.9099 -0.0353
vn 0.1669 0.2630 -0.9502
vn -0.1611 0.2539 -0.9537
vn 0.5164 -0.8539 -0.0646
vn -0.1240 -0.9876 -0.0961
vn -0.6191 -0.7729 -0.1394
vn -0.8089 -0.5657 -0.1601
vn -0.9747 -0.1291 -0.1825
vn 0.8089 -0.5657 -0.1601
vn 0.6191 -0.7729 -0.1394
vn 0.9747 -0.1291 -0.1825
vn 0.8568 0.4982 -0.1327
vn 0.7384 0.6703 -0.0742
vn 0.7641 0.6430 -0.0523
vn -0.3277 -0.2689 -0.9057
vn 0.6618 0.7072 -0.2490
vn -0.6618 0.7072 -0.2490
vn 0.4187 -0.4514 -0.7880
vn -0.4241 -0.5179 -0.7429
vn -0.2556 0.3070 -0.9167
vn 0.2556 0.3070 -0.9167
vn 0.1320 0.3317 -0.9341
vn -0.0809 0.3492 -0.9336
vn -0.3237 0.4044 -0.8554
vn -0.5103 0.4364 -0.7410
vn -0.7268 0.5838 -0.3618
vn 0.3474 -0.1845 -0.9194
vn 0.4063 -0.2361 -0.8827
vn 0.3556 -0.2322 -0.9053
vn -0.6933 0.6017 -0.3966
vn 0.3508 -0.2873 -0.8913
vn -0.5586 0.5176 -0.6481
vn -0.3234 0.3627 -0.8740
vn -0.2781 0.2662 -0.9229
vn -0.5801 0.3725 -0.7244
vn -0.2699 0.2237 -0.9366
vn -0.2454 0.0561 -0.9678
vn -0.5465 -0.0326 -0.8368
vn 0.4431 -0.2075 -0.8721
vn 0.4443 0.0997 -0.8903
vn -0.8568 0.4982 -0.1327
vn -0.7384 0.6703 -0.0742
vn -0.7641 0.6430 -0.0523
vn -0.7909 0.6103 -0.0457
vn -0.8010 0.5902 -0.1006
vn 0.4360 -0.5885 -0.6809
vn -0.4294 -0.5934 -0.6808
vn 0.1630 0.2536 -0.9535
vn -0.4132 -0.9096 -0.0447
vn -0.6966 -0.6413 -0.3217
vn -0.6673 0.6826 -0.2981
vn -0.8267 0.4440 -0.3456
vn -0.8510 0.2908 -0.4374
vn -0.7834 -0.1333 -0.6070
vn -0.5921 -0.2781 -0.7564
vn -0.1649 0.2631 -0.9506
vn 0.4132 -0.9096 -0.0447
vn 0.1522 -0.4547 -0.8776
vn 0.6673 0.6826 -0.2981
vn 0.8267 0.4440 -0.3456
vn 0.8510 0.2908 -0.4374
vn 0.9074 -0.0107 -0.4201
vn 0.7728 -0.2415 -0.5869
vn -0.2154 0.2054 -0.9547
vn -0.3687 0.0909 -0.9251
vn -0.3116 -0.1781 -0.9334
vn -0.1889 -0.2329 -0.9540
vn 0.0791 -0.4513 -0.8889
vn 0.3527 -0.8542 -0.3821
vn 0.4131 -0.9093 -0.0497
vn 0.2154 0.2054 -0.9547
vn 0.3687 0.0909 -0.9251
vn 0.3523 -0.2097 -0.9121
vn 0.2711 -0.3147 -0.9097
vn -0.0805 -0.4490 -0.8899
vn -0.3527 -0.8542 -0.3821
vn -0.4131 -0.9094 -0.0497
vn 0.1610 0.2491 -0.9550
vn 0.1365 0.2138 -0.9673
vn -0.1365 0.2138 -0.9673
vn -0.1630 0.2584 -0.9522
vn -0.2013 0.2521 -0.9465
vn -0.1669 0.2679 -0.9489
vn 0.4400 -0.5942 -0.6734
vn 0.4132 -0.9097 -0.0399
vn 0.2086 -0.0490 -0.9768
vn 0.0877 -0.1051 -0.9906
vn 0.0308 -0.0694 -0.9971
vn 0.0222 0.0379 -0.9990
vn -0.0044 0.1533 -0.9882
vn 0.1200 0.1429 -0.9824
vn -0.4247 -0.5857 -0.6904
vn 0.1649 0.2582 -0.9519
vn -0.4132 -0.9097 -0.0399
vn -0.1522 -0.4547 -0.8775
vn -0.2086 -0.0490 -0.9768
vn -0.0877 -0.1051 -0.9906
vn -0.0308 -0.0694 -0.9971
vn -0.0018 0.0193 -0.9998
vn 0.0381 0.1294 -0.9909
vn 0.0114 -0.9751 0.2215
vn 0.7484 0.6370 0.1850
vn 0.7640 -0.3833 0.5190
vn 0.1360 -0.9907 0.0021
vn 0.0484 -0.1321 -0.9901
vn -0.0601 -0.1204 -0.9909
vn 0.8756 0.2574 0.4087
vn -0.8662 0.2749 0.4173
vn 0.7197 0.6390 0.2714
vn -0.7024 -0.6408 0.3097
vn 0.0174 0.0129 -0.9998
vn -0.0282 -0.0007 0.9996
vn -0.0187 0.0318 -0.9993
vn 0.0187 0.0318 -0.9993
vn 0.0082 0.1174 -0.9931
vn -0.0082 0.1174 -0.9931
vn -0.0731 -0.1187 -0.9902
vn 0.0731 -0.1187 -0.9902
vn 0.0067 -0.0046 -1.0000
vn -0.0035 -0.0041 -1.0000
vn 0.0038 -0.0036 -1.0000
vn -0.0067 -0.0046 -1.0000
vn -0.7023 0.7087 0.0668
vn -0.6069 0.6644 0.4361
vn -0.7909 0.6103 0.0457
vn -0.8010 0.5902 0.1006
vn 0.6094 -0.3570 0.7079
vn 0.4140 -0.2311 0.8805
vn -0.7268 0.5838 0.3618
vn -0.5103 0.4364 0.7410
vn 0.3228 -0.2070 0.9235
vn -0.6933 0.6017 0.3966
vn -0.2726 0.4059 0.8723
vn -0.3105 0.3640 0.8781
vn -0.6478 0.5264 0.5507
vn -0.3060 0.2529 0.9178
vn -0.1581 0.1939 0.9682
vn -0.0698 0.2827 0.9567
vn 0.0698 0.2827 0.9567
vn 0.1581 0.1939 0.9682
vn -0.0215 0.1048 0.9943
vn -0.0023 0.1293 0.9916
vn 0.2775 -0.9591 0.0553
vn 0.3999 -0.8988 -0.1793
vn -0.2727 0.2200 0.9366
vn -0.2454 0.0561 0.9678
vn -0.5801 0.3725 0.7244
vn -0.5465 -0.0326 0.8368
vn 0.3948 -0.1837 0.9002
vn 0.4502 0.1010 0.8872
vn 0.3785 0.2660 0.8866
vn -0.4883 -0.3360 0.8054
vn 0.2723 0.3373 0.9012
vn -0.4081 -0.4988 0.7646
vn -0.2179 -0.1342 0.9667
vn -0.1792 -0.2109 0.9609
vn 0.0608 -0.1174 0.9912
vn 0.2534 -0.3987 0.8814
vn -0.0608 -0.1174 0.9912
vn -0.2534 -0.3987 0.8814
vn 0.2179 -0.1342 0.9667
vn 0.1792 -0.2109 0.9609
vn 0.4883 -0.3360 0.8054
vn 0.4081 -0.4988 0.7646
vn -0.2395 0.3051 0.9217
vn -0.3468 0.2486 0.9044
vn -0.0200 0.3236 0.9460
vn 0.1083 -0.8247 0.5551
vn 0.2212 0.2372 0.9459
vn -0.4429 -0.7843 0.4345
vn 0.0019 -0.3411 0.9400
vn 0.1699 0.1525 0.9736
vn -0.3397 -0.8314 0.4398
vn -0.1699 0.1525 0.9736
vn 0.3397 -0.8314 0.4398
vn 0.0357 -0.4800 0.8766
vn 0.4429 -0.7843 0.4345
vn -0.1663 -0.7304 0.6624
vn 0.0463 0.4229 0.9050
vn -0.2729 0.3523 0.8952
vn -0.1240 -0.9876 0.0961
vn 0.5164 -0.8539 0.0646
vn 0.4133 -0.9099 0.0353
vn -0.4133 -0.9099 0.0353
vn -0.1669 0.2630 0.9503
vn 0.1611 0.2539 0.9537
vn -0.5164 -0.8539 0.0646
vn 0.1240 -0.9876 0.0961
vn 0.6191 -0.7729 0.1394
vn 0.8089 -0.5657 0.1601
vn 0.9747 -0.1291 0.1825
vn -0.8089 -0.5657 0.1601
vn -0.6191 -0.7729 0.1394
vn -0.9747 -0.1291 0.1825
vn -0.8568 0.4982 0.1327
vn -0.7384 0.6703 0.0742
vn -0.7641 0.6430 0.0523
vn 0.3277 -0.2689 0.9057
vn -0.6618 0.7072 0.2490
vn 0.6618 0.7072 0.2490
vn -0.4187 -0.4514 0.7880
vn 0.4241 -0.5179 0.7429
vn 0.2556 0.3070 0.9167
vn -0.2556 0.3070 0.9168
vn -0.1320 0.3317 0.9341
vn 0.0809 0.3492 0.9336
vn 0.3237 0.4044 0.8554
vn 0.5103 0.4364 0.7410
vn 0.7268 0.5838 0.3618
vn -0.3474 -0.1845 0.9194
vn -0.4063 -0.2362 0.8827
vn -0.3556 -0.2322 0.9053
vn 0.6933 0.6017 0.3966
vn -0.3508 -0.2873 0.8913
vn 0.5586 0.5176 0.6481
vn 0.3234 0.3627 0.8740
vn 0.2781 0.2662 0.9229
vn 0.5801 0.3725 0.7244
vn 0.2699 0.2237 0.9366
vn 0.2454 0.0561 0.9678
vn 0.5465 -0.0326 0.8368
vn -0.4431 -0.2075 0.8721
vn -0.4443 0.0997 0.8903
vn 0.8568 0.4982 0.1327
vn 0.7384 0.6703 0.0742
vn 0.7641 0.6430 0.0523
vn 0.7909 0.6103 0.0457
vn 0.8010 0.5902 0.1006
vn -0.4360 -0.5885 0.6809
vn 0.4294 -0.5934 0.6808
vn -0.1630 0.2536 0.9535
vn 0.4132 -0.9096 0.0447
vn 0.6966 -0.6413 0.3217
vn 0.6673 0.6826 0.2981
vn 0.8267 0.4440 0.3456
vn 0.8510 0.2908 0.4374
vn 0.7834 -0.1333 0.6070
vn 0.5921 -0.2781 0.7564
vn 0.1650 0.2631 0.9506
vn -0.4132 -0.9096 0.0447
vn -0.1522 -0.4547 0.8776
vn -0.6673 0.6826 0.2981
vn -0.8267 0.4440 0.3456
vn -0.8510 0.2908 0.4374
vn -0.9074 -0.0107 0.4201
vn -0.7728 -0.2415 0.5869
vn 0.2154 0.2054 0.9547
vn 0.3687 0.0909 0.9251
vn 0.3116 -0.1781 0.9334
vn 0.1889 -0.2329 0.9540
vn -0.0791 -0.4513 0.8889
vn -0.3527 -0.8542 0.3821
vn -0.4131 -0.9093 0.0497
vn -0.2154 0.2054 0.9547
vn -0.3687 0.0909 0.9251
vn -0.3523 -0.2097 0.9121
vn -0.2711 -0.3147 0.9097
vn 0.0805 -0.4489 0.8899
vn 0.3527 -0.8542 0.3821
vn 0.4131 -0.9093 0.0497
vn -0.1610 0.2491 0.9550
vn -0.1365 0.2138 0.9673
vn 0.1365 0.2138 0.9673
vn 0.1630 0.2584 0.9522
vn 0.2013 0.2521 0.9465
vn 0.1669 0.2679 0.9489
vn -0.4400 -0.5942 0.6734
vn -0.4132 -0.9097 0.0399
vn -0.2086 -0.0490 0.9768
vn -0.0877 -0.1051 0.9906
vn -0.0308 -0.0694 0.9971
vn -0.0222 0.0379 0.9990
vn 0.0044 0.1533 0.9882
vn -0.1200 0.1429 0.9824
vn 0.4247 -0.5857 0.6904
vn -0.1649 0.2582 0.9519
vn 0.4132 -0.9097 0.0399
vn 0.1522 -0.4547 0.8776
vn 0.2086 -0.0490 0.9768
vn 0.0877 -0.1051 0.9906
vn 0.0308 -0.0694 0.9971
vn 0.0018 0.0193 0.9998
vn -0.0381 0.1294 0.9909
vn -0.0114 -0.9751 -0.2215
vn -0.7484 0.6370 -0.1850
vn -0.7640 -0.3833 -0.5190
vn -0.1360 -0.9907 -0.0021
vn -0.0485 -0.1321 0.9901
vn 0.0601 -0.1204 0.9909
vn -0.8756 0.2574 -0.4087
vn 0.8662 0.2749 -0.4173
vn -0.7197 0.6390 -0.2714
vn 0.7024 -0.6408 -0.3097
vn -0.0174 0.0129 0.9998
vn 0.0282 -0.0007 -0.9996
vn 0.0187 0.0318 0.9993
vn -0.0187 0.0318 0.9993
vn -0.0082 0.1174 0.9931
vn 0.0082 0.1174 0.9931
vn 0.0731 -0.1187 0.9902
vn -0.0731 -0.1187 0.9902
vn -0.0067 -0.0046 1.0000
vn 0.0035 -0.0041 1.0000
vn -0.0038 -0.0036 1.0000
vn 0.0067 -0.0046 1.0000
vn 0.7023 0.7087 -0.0668
vn 0.6069 0.6644 -0.4361
vn 0.5183 0.8552 0.0054
vn 0.4113 0.9115 0.0048
vn 0.4123 0.9111 0.0012
vn 0.4123 0.9111 0.0013
vn 0.4123 0.9111 0.0011
vn -0.4122 0.9111 -0.0000
vn -0.4129 0.9108 -0.0012
vn -0.4132 0.9106 -0.0012
vn -0.4123 0.9111 0.0024
vn -0.5165 0.8563 -0.0043
vn 0.1245 0.9922 -0.0072
vn 0.6265 0.7794 -0.0037
vn 0.8196 0.5729 0.0055
vn 0.9913 0.1314 0.0070
vn 0.8651 -0.5015 0.0077
vn 0.7409 -0.6715 0.0153
vn 0.7642 -0.6449 0.0058
vn 0.7920 -0.6105 -0.0071
vn 0.8060 -0.5919 -0.0023
vn 0.6830 -0.7304 -0.0038
vn -0.6827 -0.7307 0.0006
vn -0.8041 -0.5945 0.0036
vn -0.7899 -0.6132 0.0039
vn -0.7659 -0.6430 0.0053
vn -0.7396 -0.6729 -0.0092
vn -0.8638 -0.5037 -0.0137
vn -0.9913 0.1316 -0.0030
vn -0.8186 0.5744 -0.0020
vn -0.6255 0.7802 -0.0030
vn -0.1245 0.9922 0.0071
vn -0.7859 -0.5868 0.1947
vn -0.4916 -0.8118 0.3151
vn -0.7859 -0.5868 -0.1947
vn -0.4916 -0.8118 -0.3151
vn -0.3098 -0.9508 -0.0000
vn 0.1545 -0.9509 -0.2680
vn -0.0274 -0.8119 -0.5831
vn -0.3335 -0.7453 -0.5773
vn -0.0003 -1.0000 -0.0000
vn 0.5184 -0.8121 0.2680
vn 0.1545 -0.9509 0.2680
vn 0.5184 -0.8121 -0.2680
vn 0.6665 -0.7455 -0.0000
vn 0.8645 -0.5027 -0.0000
vn 0.9075 -0.2778 -0.3151
vn 0.5614 -0.5872 -0.5831
vn 0.7453 -0.3335 -0.5773
vn 0.2241 -0.5871 -0.7779
vn 0.3199 -0.0864 -0.9435
vn 0.6572 -0.0865 -0.7488
vn 0.1272 -0.3334 -0.9342
vn 0.1810 0.2775 -0.9435
vn -0.1810 -0.2775 -0.9435
vn -0.3199 0.0864 -0.9435
vn -0.1272 0.3334 -0.9342
vn -0.6572 0.0865 -0.7488
vn -0.5614 0.5872 -0.5831
vn -0.2241 0.5871 -0.7779
vn -0.7453 0.3335 -0.5773
vn -0.7267 -0.2774 -0.6284
vn -0.9771 -0.0860 -0.1947
vn -0.9075 0.2778 -0.3151
vn -0.8728 -0.3331 -0.3568
vn -0.9771 -0.0860 0.1947
vn -0.9075 0.2778 0.3151
vn -0.8645 0.5027 -0.0000
vn -0.5614 0.5872 0.5831
vn -0.5184 0.8121 0.2680
vn -0.6665 0.7455 -0.0000
vn -0.7453 0.3335 0.5773
vn -0.2241 0.5871 0.7779
vn -0.6572 0.0865 0.7488
vn -0.3199 0.0864 0.9435
vn -0.1272 0.3334 0.9342
vn -0.1810 -0.2775 0.9435
vn 0.3199 -0.0864 0.9435
vn 0.1810 0.2775 0.9435
vn 0.1272 -0.3334 0.9342
vn -0.4325 -0.5023 0.7488
vn -0.0274 -0.8119 0.5831
vn 0.2241 -0.5871 0.7779
vn -0.3335 -0.7453 0.5773
vn 0.6572 -0.0865 0.7488
vn 0.5614 -0.5872 0.5831
vn 0.7453 -0.3335 0.5773
vn 0.7267 0.2774 0.6284
vn 0.9075 -0.2778 0.3151
vn 0.9771 0.0860 0.1947
vn 0.8728 0.3331 0.3568
vn 0.7859 0.5868 0.1947
vn 0.7859 0.5868 -0.1947
vn 0.9771 0.0860 -0.1947
vn 0.8728 0.3331 -0.3568
vn 0.7267 0.2774 -0.6284
vn 0.4325 0.5023 -0.7488
vn 0.4916 0.8118 -0.3151
vn 0.3335 0.7453 -0.5773
vn 0.0274 0.8119 -0.5831
vn -0.1545 0.9509 -0.2680
vn 0.3098 0.9508 -0.0000
vn 0.0003 1.0000 -0.0000
vn -0.1545 0.9509 0.2680
vn 0.0274 0.8119 0.5831
vn 0.4916 0.8118 0.3151
vn 0.3335 0.7453 0.5773
vn 0.4324 0.5023 0.7488
vn -0.7267 -0.2774 0.6284
vn -0.5184 0.8121 -0.2680
vn -0.8728 -0.3331 0.3568
vn -0.4325 -0.5023 -0.7488
vn -0.0541 -0.0818 -0.9952
vn -0.8340 0.5517 -0.0000
vn 0.0541 0.0817 -0.9952
vn -0.1602 -0.2421 -0.9569
vn -0.2601 -0.3932 -0.8819
vn -0.3500 -0.5291 -0.7730
vn -0.4265 -0.6447 -0.6344
vn -0.4866 -0.7355 -0.4714
vn -0.5280 -0.7981 -0.2903
vn -0.5491 -0.8300 -0.0980
vn -0.5491 -0.8300 0.0980
vn -0.5280 -0.7981 0.2903
vn -0.5279 -0.7981 0.2903
vn -0.4866 -0.7356 0.4714
vn -0.4265 -0.6447 0.6344
vn -0.4866 -0.7355 0.4714
vn -0.3500 -0.5291 0.7730
vn -0.2601 -0.3932 0.8819
vn -0.1602 -0.2421 0.9569
vn -0.0541 -0.0817 0.9952
vn 0.0541 0.0817 0.9952
vn -0.0541 -0.0818 0.9952
vn 0.1602 0.2421 0.9569
vn 0.2601 0.3932 0.8819
vn 0.3500 0.5291 0.7730
vn 0.4265 0.6447 0.6344
vn -0.8340 0.5518 -0.0000
vn 0.4866 0.7355 0.4714
vn 0.4866 0.7356 0.4714
vn 0.5280 0.7981 0.2903
vn 0.5491 0.8300 0.0980
vn 0.5491 0.8300 -0.0980
vn 0.5280 0.7981 -0.2903
vn 0.4866 0.7355 -0.4714
vn 0.4265 0.6447 -0.6344
vn 0.3500 0.5291 -0.7730
vn 0.2601 0.3932 -0.8819
vn 0.1602 0.2421 -0.9569
vn 0.8340 -0.5517 -0.0000
vn 0.2601 0.3931 -0.8819
vn 0.5279 0.7981 -0.2903
vn 0.8341 -0.5517 -0.0000
vn 0.0541 0.0818 0.9952
vn -0.5279 -0.7981 -0.2903
vn 0.8340 -0.5518 -0.0000
vn -0.2601 -0.3931 -0.8819
vn 0.8279 -0.5562 0.0724
vn 0.8357 -0.5443 0.0724
vn -0.0541 -0.0817 -0.9952
vn 0.0541 0.0818 -0.9952
vn 0.8435 -0.5326 0.0696
vn 0.8507 -0.5216 0.0642
vn 0.8573 -0.5117 0.0562
vn 0.8629 -0.5033 0.0462
vn -0.4866 -0.7356 -0.4714
vn 0.8672 -0.4967 0.0343
vn 0.8702 -0.4922 0.0211
vn 0.8718 -0.4899 0.0071
vn 0.8718 -0.4898 -0.0071
vn 0.8702 -0.4922 -0.0211
vn 0.8672 -0.4967 -0.0343
vn 0.8628 -0.5034 -0.0462
vn 0.8573 -0.5118 -0.0563
vn 0.8507 -0.5217 -0.0642
vn 0.8435 -0.5326 -0.0696
vn 0.8358 -0.5443 -0.0724
vn 0.8279 -0.5562 -0.0724
vn 0.8202 -0.5679 -0.0696
vn 0.8129 -0.5789 -0.0642
vn 0.8064 -0.5888 -0.0562
vn 0.8008 -0.5972 -0.0462
vn 0.7964 -0.6038 -0.0343
vn 0.7934 -0.6084 -0.0211
vn 0.7919 -0.6107 -0.0071
vn 0.7919 -0.6106 0.0071
vn 0.7934 -0.6083 0.0211
vn 0.4866 0.7356 -0.4714
vn 0.7964 -0.6038 0.0343
vn 0.8008 -0.5972 0.0462
vn 0.8063 -0.5888 0.0562
vn 0.8129 -0.5789 0.0642
vn 0.8202 -0.5679 0.0696
vn 0.7462 -0.0692 -0.6622
vn 0.6711 -0.1826 -0.7185
vn 0.5915 -0.3030 -0.7472
vn 0.5103 -0.4258 -0.7472
vn 0.4306 -0.5462 -0.7185
vn 0.3556 -0.6596 -0.6622
vn 0.2881 -0.7617 -0.5804
vn 0.2306 -0.8485 -0.4763
vn 0.1856 -0.9167 -0.3539
vn 0.1545 -0.9637 -0.2179
vn 0.1386 -0.9876 -0.0736
vn 0.1386 -0.9876 0.0736
vn 0.1545 -0.9637 0.2180
vn 0.1856 -0.9167 0.3539
vn 0.2306 -0.8485 0.4763
vn 0.2881 -0.7617 0.5804
vn 0.3556 -0.6596 0.6622
vn 0.4306 -0.5462 0.7185
vn 0.5103 -0.4258 0.7472
vn 0.5915 -0.3030 0.7472
vn 0.6711 -0.1826 0.7185
vn 0.7462 -0.0692 0.6622
vn 0.8137 0.0329 0.5804
vn 0.8711 0.1197 0.4763
vn 0.9162 0.1879 0.3539
vn 0.9473 0.2348 0.2180
vn 0.9631 0.2588 0.0736
vn 0.9631 0.2588 -0.0736
vn 0.9473 0.2348 -0.2180
vn 0.9162 0.1879 -0.3539
vn 0.8711 0.1197 -0.4763
vn 0.8137 0.0329 -0.5804
vn -0.0672 -0.9975 0.0228
vn -0.4368 0.0089 -0.8995
vn 0.1091 -0.9920 -0.0628
vn -0.2409 -0.9646 0.1074
vn -0.4369 0.0089 -0.8995
vn -0.4054 -0.8946 0.1880
vn -0.5543 -0.7903 0.2613
vn -0.6818 -0.6555 0.3246
vn -0.5543 -0.7902 0.2613
vn -0.7832 -0.4956 0.3754
vn -0.8545 -0.3167 0.4118
vn -0.8929 -0.1255 0.4324
vn -0.8970 0.0704 0.4363
vn -0.8667 0.2637 0.4235
vn -0.8030 0.4468 0.3944
vn -0.7085 0.6127 0.3501
vn -0.5868 0.7551 0.2924
vn -0.4425 0.8685 0.2235
vn -0.2812 0.9485 0.1459
vn -0.1091 0.9920 0.0628
vn 0.0672 0.9975 -0.0228
vn -0.1091 0.9921 0.0628
vn 0.2409 0.9646 -0.1074
vn 0.4054 0.8946 -0.1880
vn 0.5543 0.7902 -0.2613
vn 0.5543 0.7903 -0.2613
vn 0.6818 0.6555 -0.3246
vn 0.7832 0.4956 -0.3754
vn 0.8545 0.3167 -0.4118
vn 0.8929 0.1255 -0.4324
vn 0.8970 -0.0704 -0.4363
vn 0.8667 -0.2636 -0.4235
vn 0.8030 -0.4468 -0.3944
vn 0.7085 -0.6127 -0.3502
vn 0.5868 -0.7551 -0.2924
vn 0.4425 -0.8685 -0.2235
vn 0.2812 -0.9485 -0.1459
vn 0.7085 -0.6127 -0.3501
vn 0.4368 -0.0089 0.8995
vn 0.8667 -0.2637 -0.4235
vn -0.2812 0.9485 0.1460
vn -0.5542 -0.7903 0.2613
vn -0.2409 -0.9646 0.1075
vn -0.0672 -0.9975 0.0227
vn 0.4277 0.0633 0.9017
vn 0.4406 0.0637 0.8955
vn 0.1090 -0.9921 -0.0628
vn 0.4532 0.0613 0.8893
vn 0.4652 0.0562 0.8834
vn 0.4760 0.0486 0.8781
vn 0.4853 0.0388 0.8735
vn 0.4927 0.0272 0.8698
vn 0.4978 0.0142 0.8672
vn 0.5007 0.0003 0.8656
vn 0.5009 -0.0140 0.8654
vn 0.4987 -0.0281 0.8663
vn 0.4941 -0.0414 0.8684
vn 0.4872 -0.0535 0.8716
vn 0.4784 -0.0638 0.8758
vn 0.4679 -0.0721 0.8809
vn 0.4561 -0.0779 0.8865
vn 0.4436 -0.0811 0.8926
vn 0.4308 -0.0815 0.8988
vn 0.4181 -0.0791 0.9049
vn 0.2409 0.9646 -0.1075
vn 0.4062 -0.0740 0.9108
vn 0.3953 -0.0664 0.9161
vn 0.3860 -0.0566 0.9207
vn 0.3787 -0.0450 0.9244
vn 0.3735 -0.0319 0.9271
vn 0.8545 0.3166 -0.4118
vn 0.3707 -0.0180 0.9286
vn 0.3704 -0.0038 0.9289
vn 0.3726 0.0103 0.9279
vn 0.3772 0.0236 0.9258
vn 0.3841 0.0357 0.9226
vn 0.3930 0.0461 0.9184
vn 0.4035 0.0543 0.9134
vn 0.4152 0.0601 0.9077
vn 0.6207 -0.6580 0.4263
vn 0.4997 -0.7180 0.4845
vn 0.3704 -0.7508 0.5470
vn 0.2381 -0.7548 0.6112
vn -0.3750 -0.6437 -0.6671
vn -0.2600 -0.6402 -0.7229
vn -0.4883 -0.6223 -0.6119
vn -0.5955 -0.5766 -0.5593
vn -0.6926 -0.5086 -0.5115
vn -0.7758 -0.4207 -0.4703
vn -0.8419 -0.3164 -0.4371
vn -0.8884 -0.1997 -0.4134
vn -0.9134 -0.0751 -0.4000
vn -0.9161 0.0527 -0.3974
vn -0.8963 0.1787 -0.4058
vn -0.8548 0.2981 -0.4247
vn -0.7932 0.4063 -0.4536
vn -0.7138 0.4992 -0.4912
vn -0.6197 0.5731 -0.5362
vn -0.5145 0.6253 -0.5868
vn -0.4023 0.6537 -0.6410
vn -0.2873 0.6572 -0.6968
vn 0.2410 0.9646 -0.1074
vn -0.1740 0.6358 -0.7520
vn -0.0668 0.5902 -0.8045
vn 0.0303 0.5221 -0.8523
vn 0.1135 0.4342 -0.8936
vn 0.1796 0.3300 -0.9268
vn 0.2260 0.2133 -0.9505
vn 0.2511 0.0886 -0.9639
vn 0.2538 -0.0392 -0.9665
vn 0.2340 -0.1652 -0.9581
vn 0.1925 -0.2846 -0.9391
vn 0.1309 -0.3928 -0.9103
vn 0.0515 -0.4857 -0.8726
vn -0.0426 -0.5596 -0.8277
vn -0.1478 -0.6118 -0.7771
vn 0.2308 -0.7924 -0.5646
vn 0.0830 -0.8658 -0.4935
vn -0.0747 -0.9057 -0.4173
vn -0.2363 -0.9107 -0.3389
vn -0.3955 -0.8805 -0.2613
vn -0.5463 -0.8164 -0.1875
vn -0.6827 -0.7207 -0.1203
vn -0.7996 -0.5973 -0.0622
vn -0.8925 -0.4507 -0.0157
vn -0.9579 -0.2867 0.0177
vn -0.9931 -0.1115 0.0365
vn -0.9969 0.0681 0.0401
vn -0.9691 0.2452 0.0284
vn -0.9107 0.4130 0.0017
vn -0.8241 0.5651 -0.0389
vn -0.7125 0.6957 -0.0918
vn -0.5803 0.7996 -0.1549
vn -0.4324 0.8729 -0.2260
vn -0.2747 0.9128 -0.3022
vn -0.1131 0.9178 -0.3806
vn 0.0461 0.8876 -0.4582
vn 0.1968 0.8235 -0.5321
vn 0.3333 0.7279 -0.5993
vn 0.4502 0.6044 -0.6573
vn 0.5431 0.4578 -0.7039
vn 0.6084 0.2938 -0.7372
vn 0.6437 0.1186 -0.7561
vn 0.6474 -0.0610 -0.7597
vn 0.6196 -0.2381 -0.7479
vn 0.5613 -0.4059 -0.7213
vn 0.4746 -0.5580 -0.6807
vn 0.3631 -0.6885 -0.6278
vn 0.7125 -0.6956 0.0917
vn 0.5803 -0.7996 0.1549
vn 0.4324 -0.8729 0.2260
vn 0.6197 -0.5731 0.5362
vn 0.5145 -0.6253 0.5868
vn 0.4023 -0.6537 0.6410
vn 0.2747 -0.9128 0.3022
vn 0.1131 -0.9178 0.3806
vn 0.2873 -0.6572 0.6968
vn 0.1741 -0.6358 0.7520
vn -0.0461 -0.8876 0.4583
vn 0.0668 -0.5901 0.8045
vn -0.1968 -0.8235 0.5321
vn -0.0303 -0.5221 0.8524
vn -0.3333 -0.7279 0.5993
vn -0.1135 -0.4342 0.8936
vn -0.4502 -0.6044 0.6573
vn -0.1795 -0.3299 0.9268
vn -0.5431 -0.4578 0.7039
vn -0.2260 -0.2132 0.9505
vn -0.6084 -0.2938 0.7372
vn -0.2511 -0.0886 0.9639
vn -0.6437 -0.1186 0.7561
vn -0.2538 0.0392 0.9665
vn -0.6474 0.0610 0.7597
vn -0.2340 0.1652 0.9581
vn -0.6196 0.2381 0.7479
vn -0.1925 0.2846 0.9391
vn -0.5613 0.4059 0.7213
vn -0.1309 0.3928 0.9103
vn -0.4746 0.5580 0.6807
vn -0.0515 0.4857 0.8726
vn -0.3631 0.6885 0.6278
vn 0.0426 0.5596 0.8277
vn -0.2308 0.7924 0.5646
vn 0.1478 0.6118 0.7771
vn -0.0830 0.8658 0.4935
vn 0.2600 0.6402 0.7229
vn 0.0748 0.9057 0.4173
vn 0.3750 0.6437 0.6671
vn 0.2363 0.9107 0.3389
vn 0.4883 0.6222 0.6119
vn 0.3955 0.8805 0.2613
vn 0.5955 0.5766 0.5593
vn 0.5463 0.8164 0.1875
vn 0.6926 0.5086 0.5115
vn 0.6827 0.7207 0.1202
vn 0.7758 0.4207 0.4703
vn 0.7996 0.5973 0.0622
vn 0.8419 0.3164 0.4371
vn 0.8925 0.4507 0.0157
vn 0.8884 0.1997 0.4134
vn 0.9579 0.2867 -0.0177
vn 0.9134 0.0751 0.4000
vn 0.9931 0.1115 -0.0365
vn 0.9161 -0.0527 0.3974
vn 0.9969 -0.0681 -0.0401
vn 0.8963 -0.1787 0.4058
vn 0.9691 -0.2452 -0.0284
vn 0.8548 -0.2981 0.4247
vn 0.9107 -0.4130 -0.0017
vn 0.7932 -0.4063 0.4536
vn 0.8241 -0.5651 0.0389
vn 0.7138 -0.4992 0.4912
vn 0.5867 -0.7551 -0.2924
vn -0.1090 0.9921 0.0628
vn 0.7291 -0.5728 0.3745
vn 0.8205 -0.4659 0.3312
vn 0.8915 -0.3413 0.2980
vn 0.9393 -0.2038 0.2761
vn 0.9620 -0.0588 0.2665
vn 0.9589 0.0884 0.2695
vn 0.9301 0.2319 0.2849
vn 0.8766 0.3662 0.3122
vn 0.8005 0.4863 0.3504
vn 0.7047 0.5875 0.3979
vn 0.5929 0.6658 0.4530
vn 0.4694 0.7184 0.5134
vn 0.3390 0.7430 0.5770
vn 0.2066 0.7390 0.6413
vn 0.0774 0.7063 0.7037
vn -0.0437 0.6462 0.7619
vn -0.1520 0.5611 0.8137
vn -0.2434 0.4542 0.8570
vn -0.3144 0.3296 0.8902
vn -0.3622 0.1921 0.9121
vn -0.3850 0.0470 0.9217
vn -0.3819 -0.1001 0.9188
vn -0.3530 -0.2437 0.9033
vn -0.2995 -0.3780 0.8760
vn -0.2234 -0.4981 0.8379
vn -0.1276 -0.5992 0.7903
vn -0.0159 -0.6776 0.7353
vn 0.1076 -0.7301 0.6748
vn 0.4369 -0.0089 0.8995
vn -0.3600 0.9124 0.1947
vn -0.6543 0.6874 0.3151
vn -0.3600 0.9124 -0.1947
vn -0.6543 0.6874 -0.3151
vn -0.8362 0.5484 -0.0000
vn -0.9582 0.1005 -0.2680
vn -0.7763 0.2395 -0.5831
vn -0.6316 0.5174 -0.5773
vn -0.9649 0.2627 -0.0000
vn -0.9196 -0.2871 0.2680
vn -0.9582 0.1005 0.2680
vn -0.9196 -0.2871 -0.2680
vn -0.8943 -0.4475 -0.0000
vn -0.7119 -0.7023 -0.0000
vn -0.5062 -0.8028 -0.3151
vn -0.7140 -0.3876 -0.5831
vn -0.5174 -0.6316 -0.5773
vn -0.6254 -0.0622 -0.7779
vn -0.1673 -0.2860 -0.9435
vn -0.2559 -0.6114 -0.7488
vn -0.3551 -0.0353 -0.9342
vn 0.2203 -0.2475 -0.9435
vn -0.2203 0.2475 -0.9435
vn 0.1673 0.2860 -0.9435
vn 0.3551 0.0353 -0.9342
vn 0.2559 0.6114 -0.7488
vn 0.7140 0.3876 -0.5831
vn 0.6254 0.0622 -0.7779
vn 0.5174 0.6316 -0.5773
vn -0.0769 0.7741 -0.6284
vn 0.1734 0.9654 -0.1947
vn 0.5062 0.8028 -0.3151
vn -0.0924 0.9296 -0.3568
vn 0.1734 0.9654 0.1947
vn 0.5062 0.8028 0.3151
vn 0.7119 0.7023 -0.0000
vn 0.7140 0.3876 0.5831
vn 0.9196 0.2871 0.2680
vn 0.8943 0.4475 -0.0000
vn 0.5174 0.6316 0.5773
vn 0.6254 0.0622 0.7779
vn 0.2559 0.6114 0.7488
vn 0.1673 0.2860 0.9435
vn 0.3551 0.0353 0.9342
vn -0.2203 0.2475 0.9435
vn -0.1673 -0.2860 0.9435
vn 0.2203 -0.2475 0.9435
vn -0.3551 -0.0353 0.9342
vn -0.3712 0.5491 0.7488
vn -0.7763 0.2395 0.5831
vn -0.6253 -0.0622 0.7779
vn -0.6316 0.5174 0.5773
vn -0.2559 -0.6114 0.7488
vn -0.7140 -0.3876 0.5831
vn -0.5174 -0.6316 0.5773
vn 0.0769 -0.7741 0.6284
vn -0.5062 -0.8028 0.3151
vn -0.1734 -0.9654 0.1947
vn 0.0924 -0.9296 0.3568
vn 0.3600 -0.9124 0.1947
vn 0.3600 -0.9124 -0.1947
vn -0.1734 -0.9654 -0.1947
vn 0.0924 -0.9296 -0.3568
vn 0.0769 -0.7741 -0.6284
vn 0.3712 -0.5491 -0.7488
vn 0.6543 -0.6874 -0.3151
vn 0.6316 -0.5174 -0.5773
vn 0.7763 -0.2395 -0.5831
vn 0.9582 -0.1005 -0.2680
vn 0.8362 -0.5484 -0.0000
vn 0.9649 -0.2627 -0.0000
vn 0.9582 -0.1005 0.2680
vn 0.7763 -0.2395 0.5831
vn 0.6543 -0.6874 0.3151
vn 0.6316 -0.5174 0.5773
vn 0.3712 -0.5491 0.7488
vn -0.0769 0.7741 0.6284
vn 0.9196 0.2871 -0.2680
vn -0.0924 0.9296 0.3568
vn -0.3712 0.5491 -0.7488
vn -0.0647 0.0736 -0.9952
vn 0.7513 0.6600 -0.0000
vn 0.0647 -0.0736 -0.9952
vn 0.7512 0.6600 -0.0000
vn -0.1916 0.2181 -0.9569
vn -0.3111 0.3541 -0.8819
vn 0.7512 0.6601 -0.0000
vn -0.4187 0.4766 -0.7730
vn -0.5102 0.5807 -0.6344
vn -0.5821 0.6625 -0.4714
vn -0.6316 0.7189 -0.2903
vn -0.6569 0.7476 -0.0980
vn -0.6569 0.7476 0.0980
vn -0.6316 0.7189 0.2903
vn -0.6568 0.7476 0.0980
vn -0.5821 0.6625 0.4714
vn -0.5102 0.5807 0.6344
vn -0.4187 0.4766 0.7730
vn -0.3111 0.3541 0.8819
vn -0.1916 0.2181 0.9569
vn -0.0647 0.0736 0.9952
vn 0.0647 -0.0736 0.9952
vn 0.1916 -0.2181 0.9569
vn 0.3111 -0.3541 0.8819
vn 0.4187 -0.4766 0.7730
vn 0.5102 -0.5807 0.6344
vn 0.5821 -0.6625 0.4714
vn 0.6316 -0.7189 0.2903
vn 0.6569 -0.7476 0.0980
vn 0.6568 -0.7476 -0.0980
vn 0.6316 -0.7189 -0.2903
vn 0.6569 -0.7476 -0.0980
vn 0.5821 -0.6625 -0.4714
vn 0.5102 -0.5807 -0.6344
vn 0.4187 -0.4766 -0.7730
vn 0.3111 -0.3541 -0.8819
vn 0.1916 -0.2181 -0.9569
vn -0.7513 -0.6600 -0.0000
vn -0.7512 -0.6601 -0.0000
vn -0.7512 -0.6600 -0.0000
vn -0.6568 0.7476 -0.0980
vn -0.7540 -0.6529 0.0724
vn -0.7445 -0.6636 0.0724
vn -0.7353 -0.6742 0.0696
vn -0.7266 -0.6840 0.0642
vn -0.7188 -0.6930 0.0563
vn -0.7121 -0.7005 0.0462
vn -0.7069 -0.7065 0.0343
vn -0.7033 -0.7106 0.0211
vn -0.7015 -0.7127 0.0071
vn -0.7014 -0.7127 -0.0071
vn -0.7033 -0.7106 -0.0211
vn -0.7069 -0.7065 -0.0343
vn -0.7121 -0.7005 -0.0461
vn -0.7188 -0.6930 -0.0563
vn -0.7266 -0.6840 -0.0642
vn -0.7353 -0.6741 -0.0697
vn -0.7445 -0.6636 -0.0724
vn -0.7540 -0.6529 -0.0724
vn -0.7632 -0.6424 -0.0696
vn -0.7719 -0.6325 -0.0642
vn -0.7797 -0.6236 -0.0562
vn -0.7864 -0.6160 -0.0462
vn -0.7916 -0.6101 -0.0343
vn -0.7952 -0.6060 -0.0211
vn -0.7971 -0.6039 -0.0071
vn -0.7971 -0.6039 0.0071
vn -0.7952 -0.6060 0.0211
vn -0.7916 -0.6100 0.0343
vn -0.7864 -0.6160 0.0462
vn -0.7797 -0.6236 0.0563
vn -0.7719 -0.6325 0.0642
vn -0.7632 -0.6424 0.0696
vn -0.2626 -0.7018 -0.6622
vn -0.3523 -0.5997 -0.7185
vn -0.4476 -0.4913 -0.7472
vn -0.5448 -0.3807 -0.7472
vn -0.6400 -0.2722 -0.7185
vn -0.7298 -0.1700 -0.6622
vn -0.8106 -0.0781 -0.5804
vn -0.8793 0.0001 -0.4763
vn -0.9332 0.0615 -0.3539
vn -0.9704 0.1038 -0.2179
vn -0.9894 0.1254 -0.0736
vn -0.9894 0.1254 0.0736
vn -0.9704 0.1038 0.2179
vn -0.9332 0.0615 0.3539
vn -0.8793 0.0001 0.4763
vn -0.8106 -0.0781 0.5804
vn -0.7298 -0.1701 0.6622
vn -0.6401 -0.2722 0.7185
vn -0.5448 -0.3807 0.7472
vn -0.4476 -0.4912 0.7472
vn -0.3523 -0.5997 0.7185
vn -0.2626 -0.7018 0.6622
vn -0.1818 -0.7938 0.5804
vn -0.1131 -0.8720 0.4763
vn -0.0591 -0.9334 0.3539
vn -0.0220 -0.9757 0.2180
vn 0.6568 -0.7476 0.0980
vn -0.0030 -0.9973 0.0736
vn -0.0030 -0.9973 -0.0736
vn -0.0220 -0.9757 -0.2180
vn -0.0591 -0.9334 -0.3539
vn -0.1131 -0.8720 -0.4763
vn -0.1818 -0.7938 -0.5804
vn -0.9449 0.3266 0.0228
vn 0.1232 0.4192 -0.8995
vn -0.9859 0.1551 -0.0628
vn -0.8676 0.4856 0.1074
vn -0.7569 0.6259 0.1880
vn -0.6171 0.7422 0.2613
vn -0.4537 0.8299 0.3246
vn -0.4537 0.8300 0.3246
vn -0.2727 0.8858 0.3754
vn -0.0813 0.9076 0.4118
vn 0.1132 0.8946 0.4324
vn 0.3033 0.8471 0.4363
vn 0.4818 0.7671 0.4235
vn 0.1232 0.4191 -0.8995
vn 0.6418 0.6577 0.3944
vn 0.7772 0.5229 0.3501
vn 0.6418 0.6576 0.3944
vn 0.7772 0.5229 0.3502
vn 0.8826 0.3681 0.2924
vn 0.9542 0.1991 0.2235
vn 0.9890 0.0224 0.1459
vn 0.9859 -0.1551 0.0628
vn 0.9449 -0.3266 -0.0228
vn 0.8676 -0.4856 -0.1074
vn 0.7569 -0.6259 -0.1880
vn 0.6171 -0.7422 -0.2613
vn 0.4536 -0.8300 -0.3246
vn 0.2727 -0.8858 -0.3754
vn 0.4537 -0.8299 -0.3246
vn 0.0813 -0.9076 -0.4118
vn -0.1132 -0.8946 -0.4324
vn -0.3033 -0.8471 -0.4363
vn -0.4818 -0.7671 -0.4235
vn -0.6418 -0.6577 -0.3944
vn -0.7772 -0.5229 -0.3501
vn -0.8826 -0.3681 -0.2924
vn -0.9542 -0.1991 -0.2235
vn -0.9890 -0.0224 -0.1460
vn -0.9890 -0.0224 -0.1459
vn -0.1232 -0.4192 0.8995
vn -0.7772 -0.5229 -0.3502
vn -0.6418 -0.6576 -0.3944
vn -0.0814 0.9076 0.4118
vn -0.4536 0.8299 0.3246
vn -0.0512 -0.4294 0.9017
vn -0.0542 -0.4418 0.8955
vn -0.8675 0.4856 0.1075
vn -0.0598 -0.4534 0.8893
vn -0.0678 -0.4636 0.8834
vn -0.0780 -0.4721 0.8781
vn -0.4536 0.8300 0.3246
vn -0.0899 -0.4785 0.8735
vn -0.1030 -0.4825 0.8698
vn -0.1170 -0.4841 0.8671
vn -0.1311 -0.4832 0.8657
vn 0.3034 0.8471 0.4363
vn -0.1450 -0.4797 0.8654
vn -0.1580 -0.4739 0.8663
vn -0.1696 -0.4659 0.8684
vn -0.1795 -0.4561 0.8716
vn -0.1871 -0.4449 0.8758
vn 0.8826 0.3680 0.2924
vn -0.1923 -0.4326 0.8809
vn -0.1949 -0.4197 0.8865
vn -0.1946 -0.4068 0.8925
vn -0.1917 -0.3943 0.8988
vn -0.1860 -0.3827 0.9049
vn -0.1780 -0.3725 0.9108
vn -0.1678 -0.3641 0.9161
vn 0.4537 -0.8300 -0.3246
vn -0.1559 -0.3577 0.9207
vn 0.2728 -0.8858 -0.3754
vn -0.1428 -0.3536 0.9244
vn -0.1288 -0.3520 0.9271
vn -0.1147 -0.3530 0.9286
vn -0.1008 -0.3564 0.9289
vn -0.0878 -0.3623 0.9279
vn -0.0762 -0.3702 0.9258
vn -0.0664 -0.3800 0.9226
vn -0.0587 -0.3913 0.9184
vn -0.0535 -0.4036 0.9134
vn -0.0509 -0.4164 0.9077
vn -0.7978 -0.4263 0.4263
vn -0.8240 -0.2937 0.4845
vn -0.8216 -0.1604 0.5470
vn -0.7908 -0.0316 0.6112
vn -0.5227 0.5308 -0.6671
vn -0.5495 0.4189 -0.7229
vn -0.8676 0.4856 0.1075
vn -0.4723 0.6345 -0.6119
vn -0.4001 0.7260 -0.5593
vn -0.3090 0.8018 -0.5115
vn -0.2024 0.8590 -0.4703
vn -0.2728 0.8858 0.3754
vn -0.0844 0.8954 -0.4371
vn 0.0404 0.9097 -0.4134
vn 0.1672 0.9011 -0.4000
vn 0.2912 0.8702 -0.3974
vn 0.4819 0.7671 0.4235
vn 0.4076 0.8180 -0.4058
vn 0.5120 0.7466 -0.4247
vn 0.6002 0.6588 -0.4536
vn 0.6690 0.5578 -0.4912
vn 0.7156 0.4476 -0.5362
vn 0.7384 0.3324 -0.5868
vn 0.7363 0.2167 -0.6410
vn 0.7096 0.1048 -0.6968
vn 0.8675 -0.4856 -0.1074
vn 0.6592 0.0011 -0.7520
vn 0.5870 -0.0904 -0.8045
vn 0.4959 -0.1662 -0.8523
vn 0.3892 -0.2234 -0.8936
vn 0.2713 -0.2599 -0.9268
vn 0.0814 -0.9076 -0.4118
vn 0.1465 -0.2741 -0.9505
vn 0.0196 -0.2656 -0.9639
vn -0.1044 -0.2346 -0.9665
vn -0.2208 -0.1825 -0.9581
vn -0.3251 -0.1111 -0.9391
vn -0.4134 -0.0232 -0.9103
vn -0.4822 0.0778 -0.8726
vn -0.5288 0.1880 -0.8277
vn -0.5515 0.3032 -0.7771
vn -0.8252 -0.0148 -0.5646
vn -0.8572 0.1471 -0.4935
vn -0.8543 0.3098 -0.4173
vn -0.8167 0.4670 -0.3389
vn -0.8675 0.4856 0.1074
vn -0.7459 0.6127 -0.2613
vn -0.6444 0.7413 -0.1875
vn -0.5163 0.8479 -0.1202
vn -0.3665 0.9283 -0.0622
vn -0.2007 0.9795 -0.0157
vn -0.0253 0.9995 0.0177
vn 0.1530 0.9876 0.0365
vn 0.3273 0.9441 0.0401
vn 0.4909 0.8707 0.0284
vn 0.6375 0.7704 0.0017
vn 0.7616 0.6469 -0.0389
vn 0.8582 0.5050 -0.0918
vn 0.9238 0.3501 -0.1550
vn 0.9890 0.0224 0.1460
vn 0.9558 0.1882 -0.2260
vn 0.9529 0.0255 -0.3022
vn 0.9153 -0.1317 -0.3806
vn 0.8675 -0.4856 -0.1075
vn 0.8444 -0.2774 -0.4582
vn 0.7430 -0.4060 -0.5321
vn 0.6149 -0.5126 -0.5993
vn 0.4651 -0.5930 -0.6573
vn 0.2993 -0.6442 -0.7039
vn 0.1238 -0.6642 -0.7372
vn -0.0544 -0.6522 -0.7561
vn -0.2287 -0.6087 -0.7597
vn -0.3923 -0.5354 -0.7479
vn -0.5390 -0.4351 -0.7212
vn -0.6630 -0.3116 -0.6807
vn -0.7597 -0.1697 -0.6278
vn -0.8582 -0.5050 0.0918
vn -0.9238 -0.3501 0.1549
vn -0.9558 -0.1882 0.2260
vn -0.7156 -0.4476 0.5362
vn -0.7384 -0.3324 0.5868
vn -0.7363 -0.2167 0.6410
vn -0.9529 -0.0255 0.3022
vn -0.9153 0.1317 0.3806
vn -0.7096 -0.1048 0.6968
vn -0.6591 -0.0011 0.7520
vn -0.8444 0.2774 0.4583
vn -0.5870 0.0904 0.8045
vn -0.7430 0.4060 0.5321
vn -0.4959 0.1662 0.8523
vn -0.6149 0.5126 0.5993
vn -0.3893 0.2234 0.8936
vn -0.4651 0.5930 0.6573
vn -0.2713 0.2598 0.9268
vn -0.2993 0.6442 0.7039
vn -0.1465 0.2741 0.9505
vn -0.1238 0.6642 0.7372
vn -0.0196 0.2656 0.9639
vn 0.0544 0.6522 0.7561
vn 0.1044 0.2346 0.9665
vn 0.2287 0.6087 0.7597
vn 0.2208 0.1825 0.9581
vn 0.3923 0.5354 0.7479
vn 0.3251 0.1111 0.9391
vn 0.5390 0.4351 0.7213
vn 0.4134 0.0232 0.9103
vn 0.6630 0.3116 0.6807
vn 0.4821 -0.0778 0.8726
vn 0.7597 0.1697 0.6278
vn 0.5288 -0.1880 0.8277
vn 0.8252 0.0148 0.5646
vn 0.5515 -0.3032 0.7771
vn 0.8572 -0.1471 0.4935
vn 0.5495 -0.4189 0.7229
vn 0.8543 -0.3098 0.4173
vn 0.5227 -0.5308 0.6671
vn 0.8167 -0.4670 0.3389
vn 0.4723 -0.6345 0.6119
vn 0.7458 -0.6127 0.2613
vn 0.4001 -0.7260 0.5593
vn 0.6444 -0.7413 0.1875
vn 0.3090 -0.8018 0.5115
vn 0.5163 -0.8479 0.1202
vn 0.2024 -0.8590 0.4702
vn 0.3665 -0.9283 0.0623
vn 0.0845 -0.8954 0.4371
vn 0.2007 -0.9795 0.0157
vn -0.0404 -0.9097 0.4134
vn 0.0253 -0.9995 -0.0177
vn -0.1672 -0.9011 0.4000
vn -0.1530 -0.9876 -0.0365
vn -0.2912 -0.8702 0.3974
vn -0.3273 -0.9441 -0.0401
vn -0.4076 -0.8180 0.4058
vn -0.4909 -0.8708 -0.0284
vn -0.5120 -0.7467 0.4247
vn -0.6375 -0.7704 -0.0017
vn -0.6002 -0.6588 0.4536
vn -0.7616 -0.6469 0.0389
vn -0.6690 -0.5578 0.4912
vn -0.7441 -0.5532 0.3745
vn -0.6649 -0.6695 0.3312
vn -0.5633 -0.7707 0.2980
vn -0.4432 -0.8528 0.2761
vn -0.3091 -0.9129 0.2665
vn -0.1664 -0.9485 0.2695
vn -0.0203 -0.9583 0.2849
vn 0.1234 -0.9420 0.3122
vn 0.2592 -0.9000 0.3504
vn 0.3820 -0.8341 0.3979
vn 0.4869 -0.7468 0.4530
vn 0.5700 -0.6415 0.5134
vn 0.6281 -0.5221 0.5770
vn 0.6589 -0.3933 0.6413
vn 0.6612 -0.2600 0.7037
vn 0.6350 -0.1274 0.7619
vn 0.5813 -0.0005 0.8137
vn 0.5021 0.1157 0.8570
vn 0.4005 0.2169 0.8902
vn 0.2804 0.2991 0.9121
vn 0.1464 0.3592 0.9217
vn 0.0036 0.3948 0.9188
vn -0.1425 0.4046 0.9033
vn -0.2862 0.3882 0.8760
vn -0.4220 0.3463 0.8379
vn -0.5447 0.2804 0.7903
vn -0.6497 0.1931 0.7353
vn -0.7328 0.0877 0.6748
vn -0.3494 0.9370 -0.0000
vn -0.0220 -0.3056 -0.9519
vn -0.0717 -0.9974 -0.0000
vn -0.1071 0.2871 0.9519
vn -0.9899 -0.1420 -0.0000
vn 0.9899 0.1421 -0.0000
vn 0.5676 0.0310 0.8227
vn -0.9899 -0.1419 -0.0000
vn -0.9899 -0.1421 -0.0000
vn -0.9898 -0.1421 0.0005
vn -0.0220 -0.3056 0.9519
vn 0.1221 -0.3532 0.9275
vn 0.0178 0.3733 0.9275
vn -0.1071 0.2871 -0.9519
vn 0.0178 0.3733 -0.9275
vn 0.1221 -0.3532 -0.9275
vn -0.1256 -0.0824 -0.9887
vn 0.0593 -0.4130 -0.9088
vn -0.1437 0.0438 -0.9887
vn -0.0593 0.4130 -0.9088
vn -0.1805 0.2327 -0.9556
vn -0.2134 0.3475 -0.9131
vn -0.1437 0.0436 0.9887
vn -0.0593 0.4130 0.9088
vn -0.1256 -0.0823 0.9887
vn 0.0593 -0.4130 0.9088
vn -0.1078 -0.2742 0.9556
vn -0.1070 -0.3935 0.9131
vn -0.1806 0.2328 0.9556
vn -0.2134 0.3475 0.9131
vn -0.2685 -0.9633 -0.0000
vn -0.2591 -0.9644 0.0526
vn -0.1078 -0.2742 -0.9556
vn -0.1070 -0.3935 -0.9131
vn -0.5290 0.8486 -0.0000
vn -0.5199 0.8526 -0.0527
vn -0.5200 0.8526 0.0527
vn -0.5207 0.8537 -0.0000
vn -0.5207 0.8537 0.0001
vn -0.5281 0.8492 -0.0000
vn -0.0114 -0.0153 0.9998
vn 0.5995 0.8004 -0.0000
vn -0.2592 -0.9644 -0.0528
vn -0.2595 -0.9658 0.0002
vn -0.2595 -0.9658 -0.0000
vn -0.2688 -0.9632 -0.0000
vn -0.0153 0.0114 -0.9998
vn 0.8004 -0.5994 -0.0000
vn -0.9899 -0.1421 -0.0005
vn -0.9898 -0.1421 -0.0000
vn -0.9899 -0.1421 -0.0026
vn -0.9898 -0.1424 -0.0000
vn 0.5676 0.0310 -0.8227
vn 0.4180 0.1493 -0.8961
vn 0.4180 0.1493 0.8961
vn 0.9296 -0.3686 -0.0000
vn 0.9899 0.1421 -0.0003
vn 0.9898 0.1421 0.0003
vn -0.3494 0.9370 0.0001
vn -0.3494 0.9370 -0.0001
vn 0.0717 0.9974 -0.0000
vn 0.1705 -0.3491 -0.9214
vn 0.3494 -0.9370 -0.0002
vn 0.0654 0.3829 0.9215
vn 0.1071 -0.2871 0.9519
vn 0.0747 -0.1528 0.9854
vn -0.1221 0.3532 0.9275
vn 0.0220 0.3056 -0.9519
vn 0.0286 0.1677 -0.9854
vn -0.0178 -0.3733 -0.9275
vn 0.2622 -0.3748 -0.8893
vn 0.1256 0.0823 -0.9887
vn -0.0140 0.3694 -0.9292
vn 0.1078 0.2741 -0.9557
vn 0.1070 0.3935 -0.9131
vn 0.1462 0.4334 0.8893
vn 0.1436 -0.0438 0.9887
vn 0.0905 -0.3584 0.9292
vn 0.1806 -0.2328 0.9556
vn 0.2134 -0.3475 0.9131
vn 0.1382 0.3803 0.9145
vn -0.0123 0.3244 0.9458
vn 0.5289 -0.8487 -0.0000
vn 0.5199 -0.8526 0.0527
vn 0.2397 -0.3261 -0.9145
vn 0.0795 -0.3148 -0.9458
vn 0.2688 0.9632 -0.0000
vn 0.2591 0.9644 -0.0526
vn 0.2624 0.9650 -0.0000
vn 0.2595 0.9657 -0.0000
vn 0.2595 0.9658 -0.0000
vn 0.2685 0.9565 0.1142
vn -0.8004 0.5994 -0.0000
vn -0.8004 0.5995 -0.0000
vn 0.5233 -0.8522 -0.0002
vn 0.5207 -0.8538 -0.0000
vn 0.5207 -0.8537 0.0002
vn 0.5267 -0.8423 -0.1142
vn -0.5994 -0.8004 -0.0000
vn -0.5995 -0.8004 -0.0000
vn -0.5534 -0.1299 -0.8227
vn -0.4431 0.0256 -0.8961
vn -0.9296 0.3686 -0.0000
vn -0.5676 -0.0310 -0.8227
vn -0.4180 -0.1493 -0.8961
vn -0.7883 -0.6153 -0.0000
vn 0.3494 -0.9370 -0.0000
vn -0.9370 -0.3494 -0.0000
vn 0.3056 -0.0220 -0.9519
vn 0.9974 -0.0717 -0.0000
vn -0.2871 -0.1071 0.9519
vn 0.1423 -0.9898 -0.0000
vn -0.1421 0.9899 -0.0000
vn -0.1421 0.9898 -0.0000
vn -0.0310 0.5676 0.8227
vn 0.1421 -0.9898 -0.0000
vn 0.1419 -0.9899 -0.0000
vn 0.1418 -0.9899 -0.0001
vn 0.3056 -0.0220 0.9519
vn 0.3532 0.1221 0.9275
vn -0.3733 0.0178 0.9275
vn -0.2871 -0.1071 -0.9519
vn -0.3733 0.0178 -0.9275
vn 0.3532 0.1221 -0.9275
vn 0.0823 -0.1256 -0.9887
vn 0.4130 0.0593 -0.9088
vn -0.0436 -0.1436 -0.9887
vn -0.4130 -0.0593 -0.9088
vn -0.2328 -0.1805 -0.9556
vn -0.3475 -0.2134 -0.9131
vn -0.0437 -0.1436 0.9887
vn -0.4130 -0.0593 0.9088
vn 0.0823 -0.1256 0.9887
vn 0.4130 0.0593 0.9088
vn 0.2742 -0.1078 0.9556
vn 0.3935 -0.1070 0.9131
vn -0.2328 -0.1806 0.9556
vn -0.3475 -0.2134 0.9131
vn 0.9632 -0.2687 -0.0019
vn 0.9644 -0.2591 0.0525
vn 0.2741 -0.1078 -0.9556
vn 0.3935 -0.1070 -0.9131
vn -0.8489 -0.5285 -0.0000
vn -0.8526 -0.5200 -0.0527
vn -0.8525 -0.5200 0.0526
vn -0.8537 -0.5207 -0.0000
vn -0.8538 -0.5207 -0.0000
vn -0.8491 -0.5282 -0.0000
vn -0.8008 0.5989 -0.0000
vn 0.9644 -0.2591 -0.0526
vn 0.9658 -0.2595 -0.0000
vn 0.9657 -0.2595 -0.0000
vn 0.9634 -0.2680 0.0019
vn 0.0114 0.0153 0.9998
vn 0.1420 -0.9899 -0.0000
vn 0.1421 -0.9899 0.0001
vn 0.1423 -0.9898 -0.0009
vn 0.1422 -0.9898 -0.0000
vn 0.1417 -0.9899 -0.0000
vn 0.1418 -0.9899 -0.0000
vn -0.0310 0.5676 -0.8227
vn -0.1493 0.4180 -0.8961
vn -0.1493 0.4180 0.8961
vn 0.3686 0.9296 -0.0000
vn -0.1421 0.9899 -0.0001
vn -0.1421 0.9899 0.0001
vn 0.1426 -0.9898 -0.0010
vn -0.9370 -0.3494 0.0001
vn -0.9370 -0.3494 -0.0001
vn -0.9974 0.0717 -0.0000
vn 0.3491 0.1705 -0.9215
vn 0.9370 0.3494 -0.0000
vn -0.3830 0.0654 0.9214
vn 0.1421 -0.9899 -0.0000
vn 0.2871 0.1071 0.9519
vn 0.1528 0.0746 0.9854
vn -0.3532 -0.1221 0.9275
vn -0.3056 0.0220 -0.9519
vn -0.1677 0.0286 -0.9854
vn 0.3733 -0.0178 -0.9275
vn 0.3748 0.2622 -0.8893
vn -0.0823 0.1256 -0.9887
vn -0.3694 -0.0140 -0.9292
vn -0.2742 0.1078 -0.9556
vn -0.3935 0.1070 -0.9131
vn -0.4334 0.1461 0.8893
vn 0.0437 0.1437 0.9887
vn 0.3584 0.0905 0.9292
vn 0.2328 0.1805 0.9556
vn 0.3475 0.2134 0.9131
vn -0.3803 0.1383 0.9145
vn -0.3244 -0.0123 0.9458
vn 0.8491 0.5282 -0.0000
vn 0.8526 0.5200 0.0526
vn 0.3261 0.2397 -0.9145
vn 0.3148 0.0795 -0.9458
vn -0.9633 0.2683 -0.0000
vn -0.9644 0.2591 -0.0525
vn -0.9650 0.2624 -0.0000
vn -0.9657 0.2595 -0.0000
vn -0.9565 0.2685 0.1141
vn -0.6003 -0.7998 -0.0000
vn 0.8522 0.5232 0.0001
vn 0.8537 0.5207 -0.0000
vn 0.8538 0.5207 0.0001
vn 0.8424 0.5267 -0.1141
vn 0.8004 -0.5995 -0.0001
vn 0.0153 -0.0114 -0.9998
vn 0.1299 -0.5534 -0.8227
vn -0.0256 -0.4431 -0.8961
vn -0.3686 -0.9296 -0.0000
vn 0.0310 -0.5676 -0.8227
vn 0.1493 -0.4180 -0.8961
vn 0.6152 -0.7883 -0.0000
vn 0.1421 -0.9898 -0.0001
vn 0.9370 0.3494 0.0001
vn 0.9370 0.3494 -0.0001
vn 0.5999 0.8001 -0.0000
vn 0.8006 -0.5992 -0.0000
vn 0.8004 -0.5995 -0.0000
vn -0.3815 0.4298 0.8184
vn -0.0949 0.9955 -0.0000
vn 0.2934 0.4942 0.8184
vn -0.3486 0.6307 0.6933
vn 0.2231 0.6852 0.6933
vn -0.8587 0.3843 0.3390
vn -0.7529 0.5921 0.2872
vn -0.8587 0.3843 -0.3390
vn -0.7529 0.5921 -0.2872
vn -0.3815 0.4298 -0.8184
vn -0.3486 0.6307 -0.6933
vn 0.2934 0.4942 -0.8184
vn 0.2231 0.6852 -0.6933
vn 0.7706 0.5397 -0.3390
vn 0.6275 0.7238 -0.2872
vn 0.7706 0.5397 0.3390
vn 0.6275 0.7238 0.2872
vn 0.8573 -0.3880 -0.3383
vn 0.8573 -0.3880 0.3383
vn 0.3811 -0.4334 0.8166
vn 0.8942 -0.2685 0.3582
vn 0.3900 -0.3166 0.8647
vn -0.2923 -0.4977 0.8166
vn -0.3231 -0.3846 0.8647
vn -0.8273 -0.4327 0.3582
vn -0.7685 -0.5431 0.3383
vn -0.8273 -0.4327 -0.3582
vn -0.7685 -0.5431 -0.3383
vn -0.3231 -0.3846 -0.8647
vn -0.2923 -0.4977 -0.8166
vn 0.3900 -0.3166 -0.8647
vn 0.3811 -0.4334 -0.8166
vn 0.8942 -0.2685 -0.3582
vn 0.3903 -0.3104 -0.8668
vn 0.8957 -0.2621 -0.3590
vn 0.8957 -0.2622 0.3590
vn 0.9244 0.0057 -0.3814
vn 0.9244 0.0057 0.3814
vn 0.3875 -0.0455 0.9208
vn 0.3903 -0.3104 0.8668
vn -0.3246 -0.3785 0.8668
vn -0.3719 -0.1179 0.9208
vn -0.9088 -0.1691 0.3814
vn -0.8301 -0.4267 0.3590
vn -0.9088 -0.1691 -0.3814
vn -0.8300 -0.4267 -0.3591
vn -0.3719 -0.1179 -0.9208
vn -0.3246 -0.3785 -0.8668
vn 0.3875 -0.0455 -0.9208
vn 0.3833 0.0108 -0.9236
vn -0.3784 -0.0618 -0.9236
vn 0.9218 0.0622 -0.3826
vn 0.0949 -0.9955 -0.0000
vn 0.9218 0.0622 0.3826
vn 0.3833 0.0108 0.9236
vn -0.3784 -0.0618 0.9236
vn -0.9170 -0.1132 0.3826
vn -0.9170 -0.1132 -0.3826
vn 0.3494 0.8536 0.3864
vn 0.0496 -0.6584 0.7511
vn 0.0717 -0.9087 -0.4113
vn 0.1292 0.6350 -0.7616
vn 0.9899 -0.1294 -0.0584
vn -0.9899 0.1295 0.0586
vn -0.9899 0.1295 0.0585
vn -0.8551 0.4702 -0.2183
vn -0.5677 0.3674 -0.7367
vn 0.9897 -0.1302 -0.0596
vn 0.9898 -0.1296 -0.0586
vn 0.9899 -0.1295 -0.0580
vn 0.0220 0.1140 -0.9932
vn -0.1221 0.0606 -0.9907
vn -0.0178 0.7225 -0.6911
vn 0.1071 -0.1309 0.9856
vn -0.0178 -0.0423 0.9989
vn -0.1221 -0.7042 0.6994
vn 0.1256 -0.4827 0.8667
vn -0.0158 -0.7559 0.6545
vn 0.2321 -0.3735 0.8981
vn 0.0593 0.0015 0.9982
vn 0.1805 -0.1820 0.9666
vn 0.2134 -0.0599 0.9751
vn 0.1437 0.4475 -0.8827
vn 0.0593 0.7509 -0.6577
vn 0.2143 0.3152 -0.9245
vn -0.0593 -0.0015 -0.9982
vn 0.1077 0.1442 -0.9837
vn 0.1070 0.0180 -0.9941
vn 0.2076 0.5997 -0.7729
vn 0.1080 0.7595 -0.6414
vn 0.2691 -0.8771 -0.3978
vn 0.2591 -0.8569 -0.4456
vn 0.1078 -0.6438 0.7576
vn 0.1070 -0.7350 0.6696
vn 0.5267 0.7746 0.3502
vn 0.5200 0.7550 0.3995
vn 0.5200 0.7984 0.3035
vn 0.5206 0.7778 0.3521
vn 0.5207 0.7778 0.3519
vn 0.5292 0.7726 0.3508
vn 0.0114 0.3983 -0.9172
vn -0.5995 0.7291 0.3301
vn 0.2591 -0.9004 -0.3495
vn 0.2595 -0.8798 -0.3983
vn 0.2686 -0.8788 -0.3945
vn 0.0153 -0.4018 0.9156
vn -0.8004 -0.5461 -0.2472
vn 0.9898 -0.1293 -0.0591
vn 0.9899 -0.1295 -0.0583
vn 0.9899 -0.1293 -0.0588
vn 0.9898 -0.1295 -0.0587
vn 0.9899 -0.1293 -0.0586
vn 0.9900 -0.1294 -0.0569
vn 0.9898 -0.1299 -0.0582
vn 0.9899 -0.1295 -0.0584
vn -0.5479 -0.1924 0.8141
vn -0.3848 -0.0862 0.9190
vn -0.4180 0.5054 -0.7549
vn -0.9296 -0.3359 -0.1520
vn -0.9898 0.1295 0.0586
vn 0.9898 -0.1296 -0.0585
vn 0.9899 -0.1294 -0.0587
vn 0.9899 -0.1294 -0.0586
vn 0.0717 -0.9088 -0.4111
vn 0.3493 0.8537 0.3862
vn 0.3494 0.8537 0.3862
vn -0.0717 0.9087 0.4113
vn -0.1292 -0.6350 0.7617
vn -0.3494 -0.8536 -0.3864
vn -0.0496 0.6583 -0.7511
vn 0.9899 -0.1295 -0.0586
vn 0.5479 0.1924 -0.8141
vn -0.1071 0.1309 -0.9856
vn -0.0747 0.2670 -0.9608
vn 0.1221 0.7042 -0.6994
vn -0.0220 -0.1140 0.9932
vn -0.0286 -0.2535 0.9669
vn 0.0178 -0.7225 0.6911
vn -0.2622 -0.7081 0.6556
vn -0.0593 -0.7509 0.6577
vn -0.1392 0.0273 0.9899
vn 0.0140 -0.0466 0.9988
vn -0.1078 -0.1442 0.9837
vn -0.1070 -0.0180 0.9941
vn -0.1461 0.7615 -0.6315
vn 0.0523 0.7152 -0.6970
vn -0.2554 0.0243 -0.9665
vn -0.0905 0.0566 -0.9943
vn -0.1805 0.1819 -0.9666
vn -0.2134 0.0599 -0.9751
vn -0.1383 0.7235 -0.6763
vn 0.0123 0.6855 -0.7279
vn -0.5283 -0.7736 -0.3498
vn -0.5200 -0.7550 -0.3995
vn -0.2077 -0.5997 0.7728
vn -0.1080 -0.7596 0.6414
vn -0.2687 0.8770 0.3984
vn -0.2591 0.8569 0.4455
vn -0.2624 0.8791 0.3980
vn -0.2595 0.8798 0.3982
vn -0.2595 0.8799 0.3981
vn -0.2684 0.9185 0.2904
vn 0.8004 0.5462 0.2471
vn 0.8005 0.5461 0.2472
vn -0.5232 -0.7764 -0.3513
vn -0.5207 -0.7779 -0.3519
vn -0.5207 -0.7778 -0.3521
vn -0.5267 -0.8144 -0.2435
vn 0.5994 -0.7292 -0.3301
vn 0.5995 -0.7293 -0.3299
vn 0.8552 -0.4702 0.2183
vn 0.9296 0.3358 0.1520
vn 0.5677 -0.3674 0.7367
vn 0.4180 -0.5054 0.7549
vn 0.3848 0.0862 -0.9189
vn 0.9898 -0.1295 -0.0586
vn -0.3494 -0.8537 -0.3862
vn -0.0717 0.9088 0.4111
vn 0.9370 -0.3183 -0.1440
vn -0.3056 -0.4125 0.8582
vn -0.9974 -0.0653 -0.0296
vn 0.2645 0.2764 -0.9240
vn -0.1419 -0.9018 -0.4082
vn 0.1421 0.9018 0.4081
vn 0.1421 0.9018 0.4082
vn 0.0310 0.8563 -0.5155
vn -0.1419 -0.9015 -0.4089
vn -0.2901 0.3489 -0.8911
vn -0.3532 0.4937 -0.7947
vn 0.3733 0.3986 -0.8377
vn 0.2871 -0.4900 0.8231
vn 0.3449 -0.5342 0.7718
vn -0.3784 -0.4396 0.8146
vn -0.0823 -0.5221 0.8489
vn -0.4188 -0.3599 0.8337
vn 0.0437 -0.5385 0.8415
vn 0.4064 -0.4678 0.7849
vn 0.2327 -0.5584 0.7962
vn 0.3475 -0.5708 0.7439
vn 0.0299 0.1894 -0.9814
vn 0.4130 0.3207 -0.8524
vn -0.0940 0.2056 -0.9741
vn -0.4130 0.4287 -0.8035
vn -0.2770 0.2691 -0.9224
vn -0.4406 0.3852 -0.8108
vn 0.2278 0.2031 -0.9523
vn 0.3475 0.1821 -0.9198
vn -0.9634 -0.2438 -0.1113
vn -0.9644 -0.2143 -0.1547
vn -0.2743 -0.4922 0.8261
vn -0.3935 -0.4739 0.7877
vn 0.8496 -0.4813 -0.2160
vn 0.8526 -0.4954 -0.1665
vn 0.8526 -0.4520 -0.2623
vn 0.8537 -0.4744 -0.2147
vn 0.8538 -0.4743 -0.2147
vn 0.8497 -0.4812 -0.2156
vn 0.8004 0.5463 0.2469
vn -0.9644 -0.2578 -0.0589
vn -0.9658 -0.2364 -0.1070
vn -0.9657 -0.2364 -0.1070
vn -0.9634 -0.2449 -0.1090
vn -0.5994 0.7292 0.3300
vn -0.0114 0.4261 -0.9046
vn -0.1423 -0.9018 -0.4081
vn -0.1423 -0.9017 -0.4082
vn -0.1422 -0.9018 -0.4080
vn -0.1419 -0.9017 -0.4083
vn -0.1421 -0.9018 -0.4082
vn -0.1424 -0.9021 -0.4074
vn -0.1442 -0.9014 -0.4082
vn -0.1421 -0.9015 -0.4087
vn -0.1416 -0.9018 -0.4082
vn 0.0310 0.1780 0.9836
vn 0.1493 0.0113 0.9887
vn 0.3003 0.7104 -0.6365
vn 0.3383 0.6172 0.7104
vn -0.3686 0.8469 0.3833
vn 0.1421 0.9018 0.4080
vn -0.1424 -0.9017 -0.4082
vn -0.9974 -0.0654 -0.0297
vn 0.9370 -0.3183 -0.1441
vn 0.9369 -0.3184 -0.1440
vn 0.9370 -0.3184 -0.1441
vn 0.9974 0.0653 0.0296
vn -0.2645 -0.2764 0.9240
vn -0.9370 0.3183 0.1440
vn 0.3830 0.4395 -0.8125
vn -0.1421 -0.9018 -0.4081
vn -0.0002 -0.1816 -0.9834
vn -0.2871 0.4900 -0.8231
vn -0.3449 0.5342 -0.7718
vn 0.1118 0.3240 -0.9394
vn 0.3789 -0.3566 0.8540
vn 0.1677 -0.3802 0.9096
vn -0.3733 -0.3986 0.8377
vn -0.0299 -0.1894 0.9814
vn -0.4130 -0.3207 0.8524
vn 0.4330 -0.2404 0.8687
vn 0.3694 -0.3958 0.8408
vn 0.3813 -0.2531 0.8891
vn 0.2756 -0.3269 0.9040
vn 0.4334 0.4998 -0.7499
vn 0.3642 0.3358 -0.8687
vn -0.0436 0.5385 -0.8415
vn -0.4064 0.4678 -0.7849
vn -0.2328 0.5586 -0.7961
vn -0.3475 0.5708 -0.7439
vn 0.3803 0.5030 -0.7761
vn 0.3244 0.3788 -0.8668
vn -0.8497 0.4805 0.2171
vn -0.8526 0.4954 0.1665
vn -0.2277 -0.2030 0.9523
vn -0.3148 -0.3176 0.8945
vn 0.9632 0.2441 0.1126
vn 0.9644 0.2144 0.1548
vn 0.9650 0.2391 0.1082
vn 0.9657 0.2364 0.1070
vn 0.9565 0.2917 0.0067
vn 0.5992 -0.7293 -0.3303
vn -0.8522 0.4767 0.2157
vn -0.8538 0.4744 0.2147
vn -0.8537 0.4744 0.2147
vn -0.8423 0.4328 0.3211
vn -0.8004 -0.5461 -0.2471
vn -0.0153 -0.4226 0.9062
vn -0.1299 -0.8434 0.5213
vn 0.3686 -0.8469 -0.3833
vn -0.0310 -0.8563 0.5155
vn -0.6153 -0.7182 -0.3250
vn -0.9370 0.3183 0.1441
vn 0.9974 0.0654 0.0296
vn -0.5987 0.7302 0.3293
vn -0.5981 0.7304 0.3299
vn -0.8001 -0.5466 -0.2470
vn -0.8002 -0.5470 -0.2458
vn 0.8001 0.5452 0.2502
vn 0.6004 -0.7283 -0.3303
vn 0.3815 0.7290 -0.5684
vn 0.0949 0.9069 0.4104
vn -0.2934 0.7876 -0.5418
vn 0.3486 0.8604 -0.3716
vn -0.2231 0.9101 -0.3492
vn 0.8587 0.4899 -0.1504
vn 0.7529 0.6579 -0.0175
vn 0.8587 0.2103 0.4673
vn 0.7529 0.4210 0.5058
vn 0.3815 0.0541 0.9228
vn 0.3486 0.2887 0.8917
vn -0.2934 0.1128 0.9493
vn -0.2231 0.3384 0.9142
vn -0.7706 0.3519 0.5313
vn -0.6275 0.5410 0.5600
vn -0.7706 0.6314 -0.0863
vn -0.6275 0.7778 0.0368
vn -0.8573 -0.4930 0.1482
vn -0.8573 -0.2141 -0.4682
vn -0.3811 -0.0582 -0.9227
vn -0.8942 -0.0970 -0.4370
vn -0.3900 0.0681 -0.9183
vn 0.2923 -0.1167 -0.9492
vn 0.3231 0.0061 -0.9463
vn 0.8273 -0.2465 -0.5047
vn 0.7685 -0.3553 -0.5321
vn 0.8273 -0.5419 0.1479
vn 0.7685 -0.6342 0.0843
vn 0.3231 -0.7069 0.6292
vn 0.2923 -0.7901 0.5388
vn -0.3900 -0.6450 0.6572
vn -0.3811 -0.7316 0.5653
vn -0.8942 -0.3923 0.2156
vn -0.3903 -0.6401 0.6618
vn -0.8957 -0.3869 0.2190
vn -0.8957 -0.0908 -0.4352
vn -0.9244 -0.1521 0.3498
vn -0.9244 0.1624 -0.3451
vn -0.3875 0.3382 -0.8576
vn -0.3903 0.0746 -0.9177
vn 0.3246 0.0125 -0.9458
vn 0.3719 0.2722 -0.8875
vn 0.9088 0.0032 -0.4172
vn 0.8301 -0.2407 -0.5031
vn 0.9088 -0.3113 0.2777
vn 0.8301 -0.5368 0.1512
vn 0.3719 -0.4871 0.7902
vn 0.3246 -0.7022 0.6336
vn -0.3875 -0.4211 0.8201
vn -0.3833 -0.3710 0.8459
vn 0.3784 -0.4371 0.8159
vn -0.9218 -0.1011 0.3742
vn -0.0950 -0.9069 -0.4105
vn -0.9218 0.2144 -0.3229
vn -0.3833 0.3906 -0.8370
vn 0.3784 0.3244 -0.8669
vn 0.9170 0.0546 -0.3952
vn 0.9170 -0.2609 0.3019
vn 0.4017 0.9086 0.1142
vn -1.0000 -0.0000 -0.0003
vn -0.4025 0.9154 0.0026
vn 0.1909 0.3568 0.9145
vn -0.1456 0.2560 0.9556
vn 0.3968 0.9179 -0.0000
vn 0.0340 0.3229 0.9458
vn -0.7071 0.7071 -0.0000
vn 0.3941 0.9191 -0.0000
vn -0.0135 0.0135 -0.9998
vn -0.9154 -0.4025 0.0001
vn -0.9178 -0.3935 0.0526
vn -0.9191 -0.3941 -0.0000
vn -0.7071 0.7071 -0.0005
vn -0.9086 0.4017 0.1142
vn -0.0002 -1.0000 -0.0000
vn -0.7071 -0.7071 -0.0000
vn 0.0135 0.0135 0.9998
vn 0.4026 -0.9154 -0.0001
vn -1.0000 -0.0000 -0.0001
vn -0.4026 -0.9154 0.0001
vn -1.0000 -0.0000 -0.0000
vn 0.7071 -0.7071 0.0004
vn 0.0135 -0.0135 -0.9998
vn 0.9154 0.4026 -0.0000
vn 0.9154 -0.4026 -0.0000
vn 0.7071 0.7071 0.0005
vn -0.0135 -0.0135 0.9998
vn 0.7071 -0.7071 -0.0000
vn 0.9178 0.3935 0.0526
vn 0.9191 0.3941 -0.0000
vn 0.9771 0.2127 -0.0000
vn 0.4970 -0.8678 -0.0000
vn -0.4970 -0.8678 -0.0000
vn -0.0000 -1.0000 -0.0001
vn -0.9771 0.2127 -0.0000
vn -0.9179 0.3968 -0.0000
vn -0.9191 0.3941 -0.0000
vn -0.7071 -0.7071 -0.0001
vn 0.3941 -0.9191 -0.0002
vn 0.3941 -0.9191 -0.0000
vn 0.2127 -0.9771 -0.0000
vn -0.4349 -0.0883 -0.8961
vn -0.8678 -0.4970 -0.0000
vn -0.4350 0.0883 -0.8961
vn -0.8678 0.4970 -0.0000
vn 0.2127 0.9771 -0.0000
vn 0.3935 0.9178 -0.0526
vn 0.4026 0.9154 -0.0000
vn -0.9178 -0.3935 -0.0526
vn -0.9154 -0.4026 -0.0005
vn -0.7071 -0.7071 -0.0002
vn -0.9154 0.4026 -0.0005
vn -0.7071 0.7071 -0.0002
vn 0.0001 -1.0000 -0.0000
vn 0.0002 -1.0000 -0.0006
vn -0.0000 -1.0000 0.0006
vn 0.0002 -1.0000 -0.0000
vn 0.9086 0.4017 -0.1142
vn 0.9154 -0.4026 -0.0004
vn 0.7071 0.7072 -0.0024
vn 0.9179 0.3968 -0.0000
vn -0.4026 -0.9154 -0.0001
vn -0.3935 -0.9178 -0.0526
vn -0.3941 -0.9191 -0.0000
vn -0.2127 -0.9771 -0.0000
vn 1.0000 -0.0000 -0.0000
vn 0.8678 -0.4970 -0.0000
vn 0.5663 -0.0500 -0.8227
vn 0.4349 0.0883 -0.8961
vn -0.2127 0.9771 -0.0000
vn -0.3935 0.9178 -0.0526
vn -0.3941 0.9191 -0.0000
vn -0.4025 0.9154 -0.0000
vn 0.7071 0.7071 -0.0000
vn 0.9191 -0.3941 -0.0000
vn 0.9771 -0.2127 -0.0000
vn 0.4970 0.8678 -0.0000
vn -0.0883 0.4349 -0.8961
vn -0.0883 0.4349 0.8961
vn -0.9771 -0.2127 -0.0000
vn -0.2994 -0.0652 -0.9519
vn -0.3743 -0.1618 -0.9131
vn -0.3670 0.0707 -0.9275
vn -0.4172 -0.0000 -0.9088
vn 0.3670 0.0707 -0.9275
vn 0.4172 -0.0000 -0.9088
vn 0.2994 -0.0652 -0.9519
vn 0.3743 -0.1618 -0.9131
vn 0.9178 -0.3935 -0.0526
vn 0.2561 -0.1456 -0.9556
vn 0.0637 -0.1360 -0.9887
vn -0.0637 -0.1360 -0.9887
vn 0.0500 0.5663 -0.8227
vn -0.2561 -0.1456 -0.9556
vn -0.2994 -0.0652 0.9519
vn -0.3670 0.0707 0.9275
vn 0.0500 0.5663 0.8227
vn -0.3743 -0.1618 0.9131
vn -0.4172 -0.0000 0.9088
vn 0.3670 0.0707 0.9275
vn 0.4172 -0.0000 0.9088
vn 0.2994 -0.0652 0.9519
vn 0.3743 -0.1618 0.9131
vn 0.9178 -0.3935 0.0526
vn 0.2561 -0.1456 0.9556
vn 0.0637 -0.1360 0.9887
vn 0.2561 0.1456 0.9556
vn 0.0637 0.1360 0.9887
vn 0.3743 0.1618 0.9131
vn 0.3676 0.0387 0.9292
vn -0.4082 0.2063 0.8893
vn -0.3568 0.1909 0.9145
vn -0.3229 0.0340 0.9458
vn -0.3670 -0.0707 0.9275
vn -0.3698 0.1192 0.9215
vn -0.2561 -0.1456 0.9556
vn -0.0637 -0.1360 0.9887
vn 0.1619 0.0522 0.9854
vn 0.2994 0.0652 0.9519
vn -0.3935 0.9178 0.0526
vn 0.5663 -0.0500 0.8227
vn 0.4350 0.0883 0.8961
vn -0.3935 -0.9178 0.0526
vn -0.0652 -0.2994 0.9519
vn -0.1618 -0.3743 0.9131
vn 0.0707 -0.3670 0.9275
vn -0.0000 -0.4172 0.9088
vn 0.0707 0.3670 0.9275
vn -0.0000 0.4172 0.9088
vn -0.0652 0.2994 0.9519
vn -0.1618 0.3743 0.9131
vn -0.1360 0.0637 0.9887
vn -0.1360 -0.0636 0.9887
vn 0.2063 0.4082 0.8893
vn 0.1359 -0.0636 0.9887
vn -1.0000 -0.0000 0.0001
vn 0.0387 -0.3676 0.9292
vn 0.1456 -0.2561 0.9556
vn 0.1618 -0.3743 0.9131
vn 0.3935 -0.9178 0.0526
vn 0.0652 -0.2994 0.9519
vn 0.0522 -0.1619 0.9854
vn -0.0707 0.3670 0.9275
vn 0.1192 0.3698 0.9215
vn -1.0000 -0.0000 -0.0007
vn -1.0000 -0.0000 0.0004
vn 0.1909 -0.3568 -0.9145
vn -0.1456 -0.2561 -0.9556
vn 0.2063 -0.4082 -0.8893
vn -0.1360 -0.0637 -0.9887
vn 0.0340 -0.3229 -0.9458
vn -0.0000 -0.4172 -0.9088
vn 0.4017 -0.9086 -0.1141
vn 0.3968 -0.9179 -0.0000
vn 0.1192 -0.3698 -0.9215
vn -0.5663 0.0500 -0.8227
vn -0.0707 -0.3670 -0.9275
vn -0.5663 -0.0500 -0.8227
vn 0.0522 0.1619 -0.9854
vn 0.0387 0.3676 -0.9292
vn 0.0652 0.2994 -0.9519
vn 0.1618 0.3743 -0.9131
vn 0.1456 0.2561 -0.9556
vn 0.1360 0.0636 -0.9887
vn -0.1618 -0.3743 -0.9131
vn -0.1360 0.0636 -0.9887
vn -0.0000 0.4172 -0.9088
vn -0.1456 0.2561 -0.9556
vn -0.1618 0.3743 -0.9131
vn 0.0707 0.3670 -0.9275
vn -0.0652 0.2994 -0.9519
vn 0.0707 -0.3670 -0.9275
vn -0.0652 -0.2994 -0.9519
vn -0.1456 -0.2561 0.9556
vn -0.0500 -0.5663 -0.8227
vn 0.0883 -0.4349 -0.8961
vn 0.0500 -0.5663 -0.8227
vn -0.0883 -0.4349 -0.8961
vn -0.2994 0.0652 -0.9519
vn -0.9178 0.3935 -0.0527
vn -0.3743 0.1618 -0.9131
vn -0.1619 0.0522 -0.9854
vn -0.3676 0.0387 -0.9292
vn 0.3670 -0.0707 -0.9275
vn 0.3698 0.1192 -0.9215
vn 0.3229 0.0340 -0.9458
vn 0.3568 0.1909 -0.9145
vn 0.4082 0.2063 -0.8893
vn -0.0637 0.1360 -0.9887
vn -0.2561 0.1456 -0.9556
vn -0.0000 0.4426 0.8967
vn 0.5000 0.5222 0.6909
vn -0.0000 0.8479 0.5301
vn -0.4671 0.6104 -0.6398
vn 0.9342 -0.3026 -0.1891
vn 0.3568 0.7921 0.4952
vn -0.4671 -0.3078 0.8289
vn -0.0000 1.0000 0.0051
vn 0.5000 0.8498 0.1668
vn 0.3090 0.8528 -0.4210
vn 0.1103 -0.2987 -0.9480
vn 0.6455 -0.3071 0.6993
vn 0.5774 0.7956 -0.1835
vn -0.7558 0.6058 0.2487
vn 0.5257 0.4509 -0.7213
vn 0.8090 0.5271 -0.2602
vn 0.8090 0.0030 -0.5878
vn 0.1784 -0.9819 -0.0630
vn 0.1784 0.4868 0.8551
vn 0.9342 0.1891 -0.3026
vn -0.3568 0.4952 -0.7921
vn 0.8507 -0.4458 -0.2787
vn 0.8090 -0.5271 0.2602
vn -0.3568 -0.4952 0.7921
vn 0.1784 0.9819 0.0630
vn 0.9342 -0.1891 0.3026
vn 0.1784 -0.4868 -0.8551
vn 0.5257 -0.4509 0.7213
vn 0.8090 -0.0030 0.5878
vn 0.3090 -0.0049 0.9510
vn 0.6455 0.4941 -0.5824
vn -0.7558 0.4889 0.4357
vn 0.5774 0.1835 0.7956
vn 0.1103 -0.9830 0.1467
vn 0.8507 0.4458 0.2787
vn -0.0000 -0.5301 0.8480
vn -0.8660 -0.4906 -0.0963
vn -0.0000 0.9813 0.1926
vn -0.0000 -0.1926 0.9813
vn 0.8660 -0.4906 -0.0963
vn -0.5257 -0.4509 0.7213
vn -0.3090 -0.0049 0.9510
vn -0.8090 -0.0030 0.5878
vn -0.6455 0.4941 -0.5824
vn 0.7558 0.4889 0.4357
vn -0.5774 0.1835 0.7956
vn -0.1103 -0.9830 0.1467
vn -0.8507 0.4458 0.2787
vn -0.5000 0.5222 0.6909
vn -0.5000 0.8498 0.1668
vn 0.4671 0.6103 -0.6398
vn 0.4671 -0.3078 0.8289
vn -0.3568 0.7921 0.4952
vn -0.9342 -0.3026 -0.1891
vn -0.8090 0.5271 -0.2602
vn -0.1103 -0.2987 -0.9480
vn 0.7558 0.6058 0.2487
vn -0.5774 0.7956 -0.1835
vn -0.6455 -0.3071 0.6993
vn -0.5257 0.4509 -0.7213
vn -0.3090 0.8528 -0.4210
vn -0.0000 0.5301 -0.8479
vn 0.8660 -0.3015 -0.3989
vn -0.0000 0.6030 0.7977
vn -0.0000 0.7977 -0.6030
vn -0.8660 -0.3015 -0.3989
vn -0.3090 0.0049 -0.9510
vn -0.0000 -0.9813 -0.1926
vn 0.8660 0.4906 0.0963
vn -0.0000 0.1926 -0.9813
vn -0.8660 0.4906 0.0963
vn -0.0000 -0.4426 -0.8967
vn 0.3090 0.0049 -0.9510
vn -0.5000 -0.5222 -0.6909
vn -0.6455 -0.4941 0.5824
vn -0.1103 0.9830 -0.1467
vn -0.5774 -0.1835 -0.7956
vn 0.7558 -0.4889 -0.4357
vn -0.8506 -0.4458 -0.2787
vn -0.8090 0.0030 -0.5878
vn -0.5000 -0.8498 -0.1668
vn 0.4671 0.3078 -0.8289
vn 0.4671 -0.6103 0.6398
vn -0.3568 -0.7921 -0.4952
vn -0.9342 0.3026 0.1891
vn -0.0000 -1.0000 -0.0051
vn -0.0000 -0.8479 -0.5301
vn 0.5000 -0.8498 -0.1668
vn -0.4671 0.3078 -0.8289
vn 0.9342 0.3026 0.1891
vn 0.3568 -0.7921 -0.4952
vn -0.4671 -0.6104 0.6398
vn 0.5000 -0.5222 -0.6909
vn 0.3090 -0.8528 0.4210
vn 0.6455 0.3071 -0.6993
vn 0.1103 0.2987 0.9480
vn 0.5774 -0.7956 0.1835
vn -0.7557 -0.6058 -0.2487
vn -0.3090 -0.8528 0.4210
vn -0.8660 0.3015 0.3989
vn 0.8660 0.3015 0.3989
vn -0.0000 -0.7977 0.6030
vn -0.0000 -0.6030 -0.7977
vn -0.6455 0.3071 -0.6993
vn -0.1103 0.2987 0.9480
vn -0.5774 -0.7956 0.1835
vn 0.7558 -0.6058 -0.2487
vn -0.8090 -0.5271 0.2602
vn -0.1784 0.9819 0.0630
vn 0.3568 -0.4952 0.7921
vn -0.9342 -0.1891 0.3026
vn -0.1784 -0.4868 -0.8551
vn 0.3568 0.4952 -0.7921
vn -0.1784 0.4868 0.8551
vn -0.9342 0.1891 -0.3026
vn -0.1784 -0.9819 -0.0630
vn 0.1103 0.9830 -0.1467
vn 0.6455 -0.4941 0.5824
vn 0.5774 -0.1835 -0.7956
vn -0.7558 -0.4889 -0.4357
vn 0.0804 -0.9505 -0.3000
vn -0.0804 -0.9505 -0.3000
vn 0.0889 -0.9391 -0.3319
vn -0.0889 -0.9391 -0.3319
vn 0.2196 -0.9505 -0.2196
vn 0.2429 -0.9391 -0.2429
vn 0.3000 -0.9505 -0.0804
vn 0.3319 -0.9391 -0.0889
vn 0.3000 -0.9505 0.0804
vn 0.3319 -0.9391 0.0889
vn 0.2196 -0.9505 0.2196
vn 0.2429 -0.9391 0.2429
vn 0.0804 -0.9505 0.3000
vn 0.0889 -0.9391 0.3319
vn -0.0804 -0.9505 0.3000
vn -0.0889 -0.9391 0.3319
vn -0.2196 -0.9505 0.2196
vn -0.2429 -0.9391 0.2429
vn -0.3000 -0.9505 0.0804
vn -0.3319 -0.9391 0.0889
vn -0.3000 -0.9505 -0.0804
vn -0.3319 -0.9391 -0.0889
vn -0.2196 -0.9505 -0.2196
vn -0.2429 -0.9391 -0.2429
vn -0.8151 -0.5365 -0.2184
vn -0.5967 -0.5365 -0.5967
vn -0.2184 -0.5365 -0.8151
vn 0.0183 0.9997 0.0183
vn 0.0067 0.9997 0.0250
vn 0.2184 -0.5365 -0.8151
vn -0.0067 0.9997 0.0250
vn 0.5967 -0.5365 -0.5967
vn -0.0183 0.9997 0.0183
vn -0.0250 0.9997 0.0067
vn 0.8151 -0.5365 -0.2184
vn -0.0250 0.9997 -0.0067
vn 0.8151 -0.5365 0.2184
vn 0.5967 -0.5365 0.5967
vn -0.0183 0.9997 -0.0183
vn 0.2184 -0.5365 0.8151
vn -0.0067 0.9997 -0.0250
vn -0.2184 -0.5365 0.8151
vn 0.0067 0.9997 -0.0250
vn -0.5967 -0.5365 0.5967
vn 0.0183 0.9997 -0.0183
vn 0.0250 0.9997 -0.0067
vn -0.8151 -0.5365 0.2184
vn 0.0250 0.9997 0.0067
vn -0.8035 0.5550 -0.2153
vn -0.8141 0.5382 0.2181
vn -0.5815 0.5690 -0.5815
vn -0.2114 0.5769 -0.7890
vn 0.2114 0.5769 -0.7890
vn 0.5815 0.5690 -0.5815
vn 0.8035 0.5550 -0.2153
vn 0.8141 0.5382 0.2181
vn 0.6027 0.5231 0.6027
vn 0.2220 0.5141 0.8285
vn -0.2220 0.5141 0.8285
vn -0.6027 0.5231 0.6027
vn 0.6499 0.7471 0.1396
vn 0.1343 0.9851 0.1074
vn 0.6409 -0.7417 0.1976
vn 0.8181 -0.5735 0.0429
vn -0.5407 0.8393 0.0571
vn -0.4337 0.9003 0.0371
vn -0.4337 0.9003 -0.0371
vn -0.5407 0.8393 -0.0571
vn 0.8181 -0.5735 -0.0429
vn 0.6409 -0.7417 -0.1976
vn 0.7628 -0.6374 0.1084
vn 0.8699 -0.4708 0.1468
vn 0.8699 -0.4708 -0.1468
vn 0.7628 -0.6374 -0.1084
vn 0.1343 0.9851 -0.1074
vn 0.6499 0.7471 -0.1396
vn 0.8358 0.5255 -0.1594
vn 0.9757 0.1168 -0.1851
vn 0.9757 0.1168 0.1851
vn 0.8358 0.5255 0.1594
vn 0.7951 -0.5996 -0.0909
vn 0.8165 -0.5746 -0.0563
vn 0.8165 -0.5746 0.0563
vn 0.7951 -0.5996 0.0909
vn -0.6529 0.7421 0.1515
vn -0.1366 0.9843 0.1117
vn -0.6409 -0.7417 0.1976
vn -0.8181 -0.5735 0.0429
vn 0.5407 0.8393 0.0571
vn -0.1311 0.0503 0.9901
vn 0.2776 -0.2970 -0.9136
vn 0.4337 0.9003 0.0371
vn 0.0620 -0.3822 0.9220
vn 0.5476 0.8333 -0.0756
vn 0.4443 0.8940 -0.0583
vn -0.3818 -0.0510 0.9228
vn -0.0563 -0.3565 0.9326
vn -0.6859 -0.6750 -0.2718
vn -0.8228 -0.5584 -0.1056
vn 0.1268 0.0545 0.9904
vn 0.1364 0.0120 0.9906
vn -0.2034 -0.1918 -0.9601
vn -0.1364 0.0120 -0.9906
vn 0.3305 -0.2559 0.9084
vn 0.2227 -0.2283 -0.9478
vn 0.2811 -0.2974 0.9125
vn -0.3205 -0.2489 0.9140
vn -0.2811 -0.2974 -0.9125
vn -0.7628 -0.6374 0.1084
vn 0.1311 0.0503 -0.9901
vn -0.2271 -0.2261 -0.9473
vn -0.8747 -0.4665 0.1312
vn -0.0643 0.0034 -0.9979
vn -0.7611 -0.6431 -0.0850
vn -0.8699 -0.4708 -0.1468
vn 0.3658 -0.0500 0.9294
vn 0.2271 -0.2261 0.9473
vn -0.6499 0.7471 -0.1396
vn -0.1343 0.9851 -0.1074
vn 0.0563 -0.3565 -0.9326
vn -0.0620 -0.3822 -0.9220
vn 0.0858 -0.0207 -0.9961
vn -0.2227 -0.2283 0.9478
vn 0.2034 -0.1918 0.9601
vn 0.2719 -0.2881 -0.9182
vn -0.9744 0.1190 -0.1906
vn -0.8263 0.5321 -0.1849
vn -0.1268 0.0545 -0.9904
vn -0.2776 -0.2970 0.9136
vn -0.1979 0.1326 0.9712
vn -0.3658 -0.0500 -0.9294
vn 0.2954 0.1556 -0.9426
vn -0.9757 0.1168 0.1851
vn -0.1692 0.0958 -0.9809
vn -0.2691 0.2667 -0.9254
vn -0.8358 0.5255 0.1594
vn 0.2789 0.0784 0.9571
vn 0.3205 -0.2489 -0.9140
vn -0.1479 -0.0003 0.9890
vn -0.3305 -0.2559 -0.9084
vn 0.1736 0.0909 -0.9806
vn -0.1736 0.0909 0.9806
vn 0.1479 -0.0003 -0.9890
vn -0.0858 -0.0207 0.9961
vn -0.2789 0.0784 -0.9571
vn -0.8159 -0.5766 -0.0436
vn -0.7934 -0.6063 -0.0544
vn 0.2691 0.2667 0.9254
vn -0.8165 -0.5746 0.0563
vn 0.3818 -0.0510 -0.9228
vn -0.2719 -0.2881 0.9182
vn -0.7951 -0.5996 0.0909
vn 0.1692 0.0958 0.9809
vn 0.0643 0.0034 0.9979
vn -0.2954 0.1556 0.9426
vn 0.1979 0.1326 -0.9712
vn 0.1231 0.1668 -0.9783
vn -0.0047 0.3412 -0.9400
vn -0.0172 0.2972 -0.9547
vn 0.1076 0.1573 -0.9817
vn 0.0965 0.7408 0.6648
vn 0.3771 0.4469 0.8112
vn 0.5154 -0.5690 0.6408
vn 0.1214 -0.3146 0.9414
vn -0.3107 0.8733 0.3753
vn -0.4277 0.7481 0.5074
vn -0.4277 0.7481 -0.5074
vn -0.3107 0.8733 -0.3753
vn 0.1214 -0.3146 -0.9414
vn 0.5154 -0.5690 -0.6408
vn 0.2209 -0.2992 0.9282
vn 0.2894 -0.1784 0.9404
vn -0.0763 -0.1908 0.9787
vn 0.1076 0.1573 0.9817
vn -0.0172 0.2972 0.9547
vn -0.0047 0.3412 0.9400
vn 0.1231 0.1668 0.9783
vn 0.5264 -0.2780 0.8035
vn 0.5086 -0.4591 0.7284
vn 0.5086 -0.4591 -0.7284
vn 0.5264 -0.2780 -0.8035
vn 0.3771 0.4469 -0.8112
vn 0.0965 0.7408 -0.6648
vn 0.3497 -0.2703 -0.8970
vn 0.2894 -0.1784 -0.9404
vn 0.2209 -0.2992 -0.9282
vn 0.4968 0.0595 -0.8658
vn 0.4925 0.2345 -0.8381
vn 0.1440 0.0140 0.9895
vn 0.2061 -0.0501 0.9772
vn 0.2208 -0.0535 0.9738
vn 0.0963 0.0248 0.9950
vn 0.4925 0.2345 0.8381
vn 0.4968 0.0595 0.8658
vn 0.2009 -0.3343 -0.9208
vn 0.2208 -0.0535 -0.9738
vn 0.2061 -0.0501 -0.9772
vn 0.1440 0.0140 -0.9895
vn 0.0530 -0.2326 -0.9711
vn 0.1974 -0.2890 -0.9368
vn 0.2566 -0.2302 -0.9387
vn 0.2247 -0.2645 -0.9378
vn 0.6237 -0.4659 -0.6276
vn 0.4767 -0.3924 -0.7866
vn 0.4767 -0.3924 0.7866
vn 0.6237 -0.4659 0.6276
vn 0.2247 -0.2645 0.9378
vn 0.2566 -0.2302 0.9387
vn 0.1974 -0.2890 0.9368
vn 0.0530 -0.2326 0.9711
vn -0.1231 0.1668 -0.9783
vn -0.1007 0.1604 -0.9819
vn 0.0172 0.2972 -0.9547
vn 0.0047 0.3412 -0.9400
vn -0.3743 0.4263 0.8236
vn -0.1401 0.6443 0.7518
vn -0.1214 -0.3146 0.9414
vn -0.5154 -0.5690 0.6408
vn 0.4277 0.7481 0.5074
vn 0.3107 0.8733 0.3753
vn 0.4274 0.7246 -0.5407
vn 0.3233 0.7988 -0.5073
vn -0.2199 -0.2692 -0.9377
vn -0.4383 -0.3873 -0.8111
vn -0.2679 -0.2799 0.9219
vn -0.0949 -0.1393 0.9857
vn -0.2171 -0.2670 0.9389
vn -0.1076 0.1573 0.9817
vn -0.1296 0.2994 0.9453
vn 0.0116 0.5014 0.8651
vn 0.0255 0.3276 0.9445
vn -0.4795 -0.4531 0.7515
vn -0.5186 -0.2797 0.8079
vn -0.5086 -0.4591 -0.7284
vn -0.5264 -0.2780 -0.8035
vn -0.3771 0.4469 -0.8112
vn -0.0965 0.7408 -0.6648
vn -0.2209 -0.2992 -0.9282
vn -0.2894 -0.1784 -0.9404
vn -0.3604 -0.2868 -0.8876
vn -0.4968 0.0595 -0.8658
vn -0.4358 0.2409 -0.8672
vn -0.2011 0.2721 0.9410
vn -0.0968 0.0244 0.9950
vn -0.2181 -0.0644 0.9738
vn -0.2061 -0.0501 0.9772
vn -0.4929 0.0552 0.8683
vn -0.4925 0.2345 0.8381
vn -0.1440 0.0140 -0.9895
vn -0.1438 0.0148 -0.9895
vn -0.2208 -0.0535 -0.9738
vn -0.0530 -0.2326 -0.9711
vn -0.2247 -0.2645 -0.9378
vn -0.2566 -0.2302 -0.9387
vn -0.0412 -0.1718 -0.9843
vn -0.7173 -0.5373 -0.4436
vn -0.4767 -0.3924 -0.7866
vn -0.6237 -0.4659 0.6276
vn -0.6255 -0.4481 0.6388
vn -0.1355 -0.2600 0.9560
vn -0.0789 -0.2246 0.9712
vn -0.1974 -0.2890 0.9368
vn -0.2106 -0.2314 0.9498
vn 0.7289 0.5588 0.3957
vn 0.2303 -0.1086 0.9670
vn 0.1021 -0.1492 0.9835
vn -0.0416 0.3868 0.9212
vn -0.1720 0.0198 -0.9849
vn -0.7449 0.5444 -0.3855
vn 0.7413 0.5477 -0.3879
vn -0.2009 -0.3345 0.9207
vn 0.3482 -0.2705 0.8975
vn -0.3522 -0.2757 0.8944
vn -0.2009 -0.3343 -0.9208
vn -0.0918 -0.1396 -0.9859
vn 0.1722 0.0196 -0.9849
vn -0.0760 -0.1909 -0.9787
vn -0.9977 0.0682 -0.0001
vn 0.9977 -0.0682 -0.0001
vn -0.9994 0.0040 0.0343
vn -0.6100 0.7618 0.2180
vn -0.9912 0.1241 0.0461
vn -0.6100 0.7618 -0.2180
vn -0.9919 0.1140 0.0563
vn -0.7079 -0.6718 -0.2180
vn -0.7079 -0.6718 0.2180
vn -0.9994 0.0039 -0.0343
vn -0.9912 0.1241 -0.0462
vn -0.9919 0.1140 -0.0562
vn 0.4182 0.9084 -0.0001
vn 0.4182 0.9084 0.0001
vn -0.9289 -0.2995 0.2180
vn -0.2094 -0.6307 -0.7472
vn 0.3765 -0.9004 -0.2180
vn -0.2094 -0.6308 0.7472
vn -0.2489 -0.3257 0.9121
vn -0.5597 -0.1826 0.8083
vn -0.5963 -0.5601 0.5751
vn -0.0588 0.8616 0.5041
vn -0.1409 0.8995 0.4137
vn -0.8108 -0.0670 0.5815
vn -0.2054 0.9292 0.3074
vn -0.5670 0.7013 0.4321
vn -0.9015 -0.0253 0.4320
vn -0.2054 0.9291 -0.3074
vn -0.5670 0.7013 -0.4321
vn -0.8108 -0.0670 -0.5815
vn -0.5597 -0.1826 -0.8083
vn -0.5963 -0.5601 -0.5751
vn -0.2489 -0.3257 -0.9121
vn 0.9015 0.0253 -0.4320
vn 0.9640 -0.0034 0.2660
vn 0.9015 0.0253 0.4320
vn 0.8108 0.0671 0.5814
vn 0.2489 0.3258 0.9121
vn 0.8436 -0.3770 -0.3824
vn 0.8437 -0.3770 0.3822
vn -0.8812 0.2786 0.3820
vn -0.3554 -0.9347 0.0004
vn -0.3553 -0.9348 -0.0001
vn -0.3554 -0.9347 0.0001
vn -0.3555 -0.9347 -0.0006
vn -0.3553 -0.9348 0.0002
vn -0.8811 0.2785 -0.3821
vn -0.6001 0.7246 -0.3390
vn -0.6001 0.7245 0.3390
vn 0.9977 0.0682 -0.0001
vn -0.9977 -0.0682 -0.0001
vn 0.6540 0.1185 -0.7472
vn 0.6138 0.7056 -0.3539
vn 0.6100 0.7618 -0.2179
vn 0.6100 0.7618 0.2179
vn 0.9989 0.0119 0.0462
vn 0.6138 0.7056 0.3539
vn 0.6540 0.1185 0.7472
vn 0.9965 0.0469 -0.0696
vn 0.9919 0.1140 -0.0563
vn 0.7079 -0.6718 0.2179
vn 0.7079 -0.6718 -0.2179
vn 0.9989 0.0119 -0.0461
vn 0.9965 0.0469 0.0697
vn 0.9919 0.1140 0.0562
vn 0.7022 0.3232 -0.6344
vn 0.8777 -0.3231 -0.3539
vn 0.8777 -0.3231 0.3539
vn 0.7022 0.3232 0.6344
vn 0.2093 -0.6307 0.7472
vn -0.7022 -0.3232 0.6344
vn 0.3751 -0.9253 0.0563
vn -0.7022 -0.3232 -0.6344
vn 0.2093 -0.6307 -0.7472
vn 0.3751 -0.9253 -0.0562
vn 0.2489 -0.3258 -0.9121
vn 0.0588 0.8616 -0.5041
vn 0.1409 0.8994 -0.4137
vn 0.8108 -0.0670 -0.5814
vn 0.5670 0.7013 -0.4320
vn 0.9015 -0.0253 -0.4321
vn 0.8692 0.4002 -0.2903
vn 0.9639 0.0034 -0.2661
vn 0.6294 0.7301 0.2660
vn 0.9639 0.0034 0.2661
vn 0.5670 0.7013 0.4320
vn 0.9015 -0.0253 0.4321
vn 0.1409 0.8994 0.4137
vn 0.8108 -0.0670 0.5814
vn 0.2489 -0.3258 0.9121
vn -0.9015 0.0253 0.4321
vn -0.5670 -0.7013 0.4320
vn -0.9640 -0.0034 0.2660
vn -0.9640 -0.0034 -0.2660
vn -0.9015 0.0253 -0.4321
vn -0.5670 -0.7013 -0.4320
vn -0.3384 -0.1850 0.9226
vn -0.8436 -0.3770 0.3824
vn -0.8437 -0.3770 -0.3821
vn -0.3385 -0.1850 -0.9226
vn 0.8812 0.2786 -0.3820
vn 0.3553 -0.9347 -0.0008
vn 0.3553 -0.9347 -0.0002
vn 0.3553 -0.9347 0.0008
vn 0.8811 0.2785 0.3821
vn 0.3003 -0.4683 0.8309
vn 0.7914 0.6089 -0.0549
vn 0.7954 0.6044 -0.0444
vn -0.4063 -0.2362 -0.8827
vn -0.3474 -0.1845 -0.9194
vn 0.7087 0.5671 -0.4197
vn 0.5647 0.6386 -0.5228
vn -0.3556 -0.2322 -0.9053
vn 0.6434 0.5425 -0.5401
vn 0.3237 0.4044 -0.8554
vn 0.3234 0.3627 -0.8740
vn 0.5586 0.5176 -0.6481
vn 0.2781 0.2662 -0.9229
vn 0.1694 0.3613 -0.9169
vn -0.1694 0.3613 -0.9169
vn -0.0023 0.1293 -0.9916
vn -0.0215 0.1048 -0.9943
vn -0.0114 -0.9751 0.2215
vn -0.1360 -0.9907 0.0021
vn 0.2699 0.2237 -0.9366
vn 0.2826 0.1015 -0.9538
vn 0.5666 0.3541 -0.7440
vn 0.5964 -0.0004 -0.8027
vn -0.4431 -0.2075 -0.8721
vn -0.4442 0.0997 -0.8903
vn -0.3468 0.2486 -0.9044
vn 0.5190 -0.3302 -0.7885
vn -0.2395 0.3052 -0.9217
vn 0.4491 -0.5004 -0.7402
vn 0.2162 -0.1356 -0.9669
vn 0.1653 -0.2179 -0.9619
vn -0.4561 -0.8381 -0.2992
vn 0.4561 -0.8381 -0.2992
vn -0.2162 -0.1356 -0.9669
vn -0.1653 -0.2179 -0.9619
vn -0.5190 -0.3302 -0.7885
vn -0.4491 -0.5004 -0.7402
vn 0.2723 0.3373 -0.9012
vn 0.3785 0.2660 -0.8866
vn 0.0463 0.4229 -0.9050
vn -0.1663 -0.7304 -0.6624
vn -0.2729 0.3523 -0.8952
vn 0.4362 -0.8136 -0.3843
vn 0.0357 -0.4800 -0.8766
vn -0.6845 0.2691 -0.6776
vn 0.1291 -0.9546 -0.2683
vn 0.6845 0.2691 -0.6776
vn -0.1291 -0.9546 -0.2683
vn 0.0018 -0.3411 -0.9400
vn -0.4362 -0.8136 -0.3843
vn 0.1083 -0.8247 -0.5551
vn -0.0200 0.3236 -0.9460
vn 0.2212 0.2372 -0.9459
vn 0.1280 -0.9877 -0.0899
vn -0.5096 -0.8590 -0.0491
vn -0.4027 -0.9148 -0.0310
vn 0.4027 -0.9148 -0.0310
vn 0.1669 0.2679 -0.9489
vn -0.1610 0.2491 -0.9550
vn 0.5096 -0.8590 -0.0491
vn -0.1280 -0.9877 -0.0899
vn -0.6266 -0.7694 -0.1245
vn -0.8130 -0.5626 -0.1503
vn -0.9791 -0.1205 -0.1638
vn 0.8130 -0.5626 -0.1503
vn 0.6266 -0.7694 -0.1245
vn 0.9791 -0.1205 -0.1638
vn 0.8571 0.4967 -0.1370
vn 0.7415 0.6624 -0.1065
vn 0.7657 0.6383 -0.0790
vn -0.3508 -0.2873 -0.8913
vn 0.6155 0.7666 -0.1832
vn -0.6155 0.7666 -0.1832
vn 0.4241 -0.5179 -0.7429
vn -0.4187 -0.4514 -0.7880
vn -0.1471 0.3661 -0.9189
vn 0.1471 0.3661 -0.9189
vn 0.0809 0.3492 -0.9336
vn -0.1320 0.3317 -0.9341
vn -0.2726 0.4059 -0.8723
vn -0.5647 0.6386 -0.5228
vn -0.7087 0.5671 -0.4197
vn 0.4140 -0.2311 -0.8805
vn 0.6094 -0.3570 -0.7079
vn 0.3228 -0.2070 -0.9235
vn -0.6434 0.5425 -0.5401
vn 0.3277 -0.2689 -0.9057
vn -0.6478 0.5264 -0.5507
vn -0.3105 0.3640 -0.8781
vn -0.3060 0.2529 -0.9178
vn -0.5666 0.3541 -0.7440
vn -0.2727 0.2200 -0.9366
vn -0.2826 0.1015 -0.9538
vn -0.5964 -0.0004 -0.8027
vn 0.3948 -0.1837 -0.9002
vn 0.4502 0.1010 -0.8872
vn -0.8571 0.4967 -0.1370
vn -0.7415 0.6624 -0.1066
vn -0.7657 0.6383 -0.0790
vn -0.7914 0.6089 -0.0549
vn -0.7954 0.6044 -0.0444
vn 0.4247 -0.5857 -0.6904
vn -0.4400 -0.5942 -0.6734
vn 0.1630 0.2584 -0.9522
vn -0.4021 -0.9147 -0.0400
vn -0.1522 -0.4547 -0.8776
vn -0.5095 0.6705 -0.5393
vn -0.8698 0.4084 -0.2769
vn -0.8993 0.2538 -0.3563
vn -0.9074 -0.0107 -0.4201
vn -0.7728 -0.2415 -0.5869
vn -0.1649 0.2582 -0.9519
vn 0.4021 -0.9147 -0.0400
vn 0.6966 -0.6413 -0.3217
vn 0.5095 0.6705 -0.5393
vn 0.8698 0.4084 -0.2769
vn 0.8993 0.2538 -0.3563
vn 0.7834 -0.1333 -0.6070
vn 0.5921 -0.2781 -0.7564
vn -0.3781 0.3299 -0.8650
vn -0.4424 0.1134 -0.8896
vn -0.3523 -0.2097 -0.9121
vn -0.2711 -0.3146 -0.9097
vn 0.0805 -0.4489 -0.8899
vn 0.2995 -0.8887 -0.3472
vn 0.4019 -0.9146 -0.0447
vn 0.3781 0.3299 -0.8650
vn 0.4424 0.1134 -0.8896
vn 0.3116 -0.1781 -0.9334
vn 0.1889 -0.2329 -0.9540
vn -0.0791 -0.4513 -0.8889
vn -0.2995 -0.8887 -0.3472
vn -0.4018 -0.9146 -0.0447
vn 0.1611 0.2539 -0.9537
vn 0.2013 0.2521 -0.9465
vn -0.1200 0.1429 -0.9824
vn -0.1630 0.2536 -0.9535
vn -0.1669 0.2630 -0.9503
vn 0.4294 -0.5934 -0.6808
vn 0.4024 -0.9148 -0.0354
vn -0.0428 -0.8958 -0.4423
vn -0.6291 -0.0929 -0.7718
vn 0.4065 -0.3088 -0.8599
vn 0.0899 -0.1110 -0.9897
vn 0.0018 0.0193 -0.9998
vn -0.0381 0.1294 -0.9909
vn -0.4360 -0.5885 -0.6809
vn 0.1650 0.2632 -0.9505
vn -0.4024 -0.9148 -0.0354
vn 0.0428 -0.8958 -0.4423
vn 0.6291 -0.0929 -0.7718
vn -0.4065 -0.3088 -0.8599
vn -0.0899 -0.1110 -0.9897
vn -0.0222 0.0379 -0.9990
vn 0.0044 0.1533 -0.9882
vn 0.2775 -0.9591 -0.0553
vn 0.7023 0.7087 0.0668
vn 0.7024 -0.6408 0.3097
vn 0.3999 -0.8988 0.1793
vn 0.0601 -0.1204 -0.9909
vn -0.0484 -0.1321 -0.9901
vn 0.8662 0.2749 0.4173
vn -0.8756 0.2574 0.4087
vn 0.6069 0.6644 0.4361
vn -0.7640 -0.3833 0.5190
vn 0.0282 -0.0007 0.9996
vn -0.0174 0.0129 -0.9998
vn -0.0103 0.0333 -0.9994
vn 0.0103 0.0333 -0.9994
vn 0.0033 0.0004 -1.0000
vn -0.0038 -0.0036 -1.0000
vn 0.0035 -0.0041 -1.0000
vn -0.0033 0.0004 -1.0000
vn -0.7484 0.6370 0.1850
vn -0.7197 0.6390 0.2714
vn -0.7914 0.6089 0.0549
vn -0.7954 0.6044 0.0444
vn 0.4063 -0.2362 0.8827
vn 0.3474 -0.1845 0.9194
vn -0.7087 0.5671 0.4197
vn -0.5647 0.6386 0.5228
vn 0.3556 -0.2322 0.9053
vn -0.6434 0.5425 0.5401
vn -0.3237 0.4044 0.8554
vn -0.3234 0.3627 0.8740
vn -0.5586 0.5176 0.6481
vn -0.2781 0.2662 0.9229
vn -0.1694 0.3613 0.9169
vn 0.1694 0.3613 0.9169
vn 0.0023 0.1293 0.9916
vn 0.0215 0.1048 0.9943
vn 0.0114 -0.9751 -0.2215
vn 0.1360 -0.9907 -0.0021
vn -0.2699 0.2237 0.9366
vn -0.2826 0.1015 0.9538
vn -0.5666 0.3541 0.7440
vn -0.5964 -0.0004 0.8027
vn 0.4431 -0.2075 0.8721
vn 0.4443 0.0997 0.8903
vn 0.3468 0.2486 0.9044
vn -0.5190 -0.3302 0.7885
vn 0.2395 0.3051 0.9217
vn -0.4491 -0.5004 0.7402
vn -0.2162 -0.1356 0.9669
vn -0.1653 -0.2179 0.9619
vn 0.4561 -0.8381 0.2992
vn -0.4561 -0.8381 0.2992
vn 0.2162 -0.1356 0.9669
vn 0.1653 -0.2179 0.9619
vn 0.5190 -0.3302 0.7885
vn 0.4491 -0.5004 0.7402
vn -0.2723 0.3373 0.9012
vn -0.3785 0.2660 0.8866
vn -0.0463 0.4229 0.9050
vn 0.1663 -0.7304 0.6624
vn 0.2729 0.3523 0.8952
vn -0.4362 -0.8136 0.3843
vn -0.0357 -0.4800 0.8766
vn 0.6845 0.2691 0.6776
vn -0.1291 -0.9546 0.2683
vn -0.6845 0.2691 0.6776
vn 0.1291 -0.9546 0.2683
vn -0.0018 -0.3411 0.9400
vn 0.4362 -0.8136 0.3843
vn -0.1083 -0.8247 0.5551
vn 0.0200 0.3236 0.9460
vn -0.2213 0.2372 0.9459
vn -0.1280 -0.9877 0.0899
vn 0.5096 -0.8590 0.0491
vn 0.4027 -0.9148 0.0310
vn -0.4027 -0.9148 0.0310
vn -0.1669 0.2679 0.9489
vn 0.1610 0.2491 0.9550
vn -0.5096 -0.8590 0.0491
vn 0.1280 -0.9877 0.0899
vn 0.6266 -0.7694 0.1245
vn 0.8130 -0.5626 0.1503
vn 0.9791 -0.1205 0.1638
vn -0.8130 -0.5626 0.1503
vn -0.6266 -0.7694 0.1245
vn -0.9791 -0.1205 0.1638
vn -0.8571 0.4967 0.1370
vn -0.7415 0.6624 0.1066
vn -0.7657 0.6383 0.0790
vn 0.3509 -0.2873 0.8913
vn -0.6155 0.7666 0.1832
vn 0.6155 0.7666 0.1832
vn -0.4241 -0.5179 0.7429
vn 0.4187 -0.4514 0.7880
vn 0.1471 0.3661 0.9189
vn -0.1471 0.3661 0.9189
vn -0.0809 0.3492 0.9336
vn 0.1320 0.3317 0.9341
vn 0.2726 0.4059 0.8723
vn 0.5647 0.6386 0.5228
vn 0.7087 0.5671 0.4197
vn -0.4140 -0.2311 0.8805
vn -0.6094 -0.3570 0.7079
vn -0.3228 -0.2070 0.9235
vn 0.6434 0.5425 0.5401
vn -0.3277 -0.2689 0.9057
vn 0.6478 0.5264 0.5507
vn 0.3105 0.3640 0.8781
vn 0.3060 0.2529 0.9178
vn 0.5666 0.3541 0.7440
vn 0.2727 0.2200 0.9366
vn 0.2826 0.1015 0.9538
vn 0.5964 -0.0004 0.8027
vn -0.3948 -0.1837 0.9002
vn -0.4502 0.1010 0.8872
vn 0.8571 0.4967 0.1370
vn 0.7415 0.6624 0.1066
vn 0.7657 0.6383 0.0790
vn 0.7914 0.6089 0.0549
vn 0.7954 0.6044 0.0444
vn -0.4247 -0.5857 0.6904
vn 0.4400 -0.5942 0.6734
vn -0.1630 0.2584 0.9522
vn 0.4021 -0.9147 0.0400
vn 0.5095 0.6705 0.5393
vn 0.8698 0.4084 0.2769
vn 0.8993 0.2538 0.3563
vn 0.9074 -0.0107 0.4201
vn 0.7728 -0.2415 0.5869
vn 0.1649 0.2582 0.9519
vn -0.4021 -0.9147 0.0400
vn -0.6966 -0.6413 0.3217
vn -0.5095 0.6705 0.5393
vn -0.8698 0.4084 0.2769
vn -0.8993 0.2538 0.3563
vn -0.7834 -0.1333 0.6070
vn -0.5921 -0.2781 0.7564
vn 0.3781 0.3299 0.8650
vn 0.4423 0.1134 0.8896
vn 0.3523 -0.2097 0.9121
vn 0.2711 -0.3146 0.9097
vn -0.0805 -0.4489 0.8899
vn -0.2995 -0.8886 0.3472
vn -0.4018 -0.9146 0.0447
vn -0.3781 0.3299 0.8650
vn -0.4424 0.1134 0.8896
vn -0.3116 -0.1781 0.9334
vn -0.1889 -0.2329 0.9540
vn 0.0791 -0.4513 0.8889
vn 0.2995 -0.8887 0.3472
vn 0.4018 -0.9146 0.0447
vn -0.1611 0.2539 0.9537
vn -0.2013 0.2521 0.9465
vn 0.1200 0.1429 0.9824
vn 0.1630 0.2536 0.9535
vn 0.1669 0.2630 0.9503
vn -0.4294 -0.5934 0.6808
vn -0.4024 -0.9148 0.0354
vn 0.0428 -0.8958 0.4423
vn 0.6291 -0.0929 0.7718
vn -0.4065 -0.3088 0.8599
vn -0.0899 -0.1110 0.9897
vn -0.0018 0.0193 0.9998
vn 0.0381 0.1294 0.9909
vn 0.4360 -0.5885 0.6809
vn -0.1649 0.2631 0.9506
vn 0.4024 -0.9148 0.0354
vn -0.0428 -0.8958 0.4423
vn -0.6291 -0.0929 0.7718
vn 0.4065 -0.3088 0.8599
vn 0.0899 -0.1110 0.9897
vn 0.0222 0.0379 0.9990
vn -0.0044 0.1533 0.9882
vn -0.2775 -0.9591 0.0553
vn -0.7023 0.7087 -0.0668
vn -0.7024 -0.6408 -0.3097
vn -0.3999 -0.8988 -0.1793
vn -0.0601 -0.1204 0.9909
vn 0.0484 -0.1321 0.9901
vn -0.8662 0.2749 -0.4173
vn 0.8756 0.2574 -0.4087
vn -0.6069 0.6644 -0.4361
vn 0.7640 -0.3833 -0.5190
vn -0.0282 -0.0007 -0.9996
vn 0.0174 0.0129 0.9998
vn 0.0103 0.0333 0.9994
vn -0.0103 0.0333 0.9994
vn -0.0033 0.0004 1.0000
vn 0.0038 -0.0036 1.0000
vn -0.0035 -0.0041 1.0000
vn 0.0033 0.0004 1.0000
vn 0.7484 0.6370 -0.1850
vn 0.7197 0.6390 -0.2714
vn 0.5154 0.8569 0.0052
vn 0.4144 0.9101 0.0012
vn 0.4122 0.9111 0.0014
vn 0.4138 0.9104 0.0012
vn 0.4144 0.9101 -0.0000
vn -0.4167 0.9090 -0.0011
vn -0.4144 0.9101 0.0024
vn -0.4144 0.9101 -0.0046
vn -0.5193 0.8545 -0.0096
vn 0.1244 0.9922 -0.0076
vn 0.6251 0.7805 -0.0000
vn 0.8198 0.5726 0.0028
vn 0.9914 0.1306 0.0061
vn 0.8648 -0.5019 0.0154
vn 0.7403 -0.6722 0.0078
vn 0.7661 -0.6427 -0.0072
vn 0.7914 -0.6113 -0.0022
vn 0.8049 -0.5934 -0.0045
vn 0.6829 -0.7305 -0.0006
vn -0.6843 -0.7292 0.0032
vn -0.8036 -0.5952 0.0039
vn -0.7919 -0.6107 0.0044
vn -0.7641 -0.6450 -0.0071
vn -0.7391 -0.6734 -0.0156
vn -0.8657 -0.5005 -0.0077
vn -0.9913 0.1312 -0.0060
vn -0.8197 0.5728 -0.0028
vn -0.6247 0.7809 0.0044
vn -0.1245 0.9922 0.0034
vn -0.8340 0.5518 -0.0001
vn -0.8340 0.5517 0.0001
vn -0.1601 -0.2421 -0.9569
vn -0.5490 -0.8300 0.0980
vn -0.1601 -0.2421 0.9569
vn 0.4865 0.7356 0.4714
vn 0.4865 0.7356 -0.4714
vn 0.1601 0.2421 -0.9569
vn -0.5490 -0.8300 -0.0980
vn 0.8358 -0.5443 0.0724
vn 0.8507 -0.5217 0.0642
vn 0.8573 -0.5118 0.0563
vn 0.8629 -0.5033 0.0461
vn 0.8718 -0.4898 0.0071
vn 0.8718 -0.4899 -0.0071
vn 0.8629 -0.5033 -0.0462
vn 0.8573 -0.5118 -0.0562
vn 0.8507 -0.5216 -0.0642
vn 0.8435 -0.5327 -0.0696
vn 0.8063 -0.5888 -0.0562
vn 0.7934 -0.6083 -0.0211
vn 0.7919 -0.6106 -0.0071
vn 0.7919 -0.6107 0.0071
vn 0.5490 0.8300 -0.0980
vn 0.8064 -0.5888 0.0562
vn 0.7461 -0.0692 -0.6622
vn 0.1545 -0.9637 -0.2180
vn 0.1855 -0.9167 0.3539
vn 0.2601 0.3931 0.8819
vn 0.9473 0.2348 -0.2179
vn 0.8341 -0.5517 0.0001
vn 0.8340 -0.5517 0.0001
vn 0.1601 0.2421 0.9569
vn -0.7085 0.6127 0.3502
vn 0.4979 0.0141 0.8671
vn 0.5006 0.0002 0.8657
vn -0.8667 0.2636 0.4235
vn 0.4436 -0.0811 0.8925
vn 0.3861 -0.0566 0.9207
vn 0.4996 -0.7181 0.4845
vn 0.3704 -0.7507 0.5470
vn 0.2380 -0.7548 0.6112
vn -0.7758 -0.4207 -0.4702
vn -0.1741 0.6358 -0.7520
vn -0.0668 0.5901 -0.8045
vn 0.0303 0.5221 -0.8524
vn -0.0748 -0.9057 -0.4173
vn 0.1091 -0.9921 -0.0628
vn -0.2363 -0.9106 -0.3389
vn -0.3956 -0.8805 -0.2613
vn -0.7996 -0.5972 -0.0622
vn -0.7125 0.6956 -0.0917
vn 0.0461 0.8876 -0.4583
vn 0.5613 -0.4059 -0.7212
vn 0.4747 -0.5580 -0.6807
vn 0.7125 -0.6956 0.0918
vn 0.5802 -0.7996 0.1549
vn -0.1796 -0.3300 0.9268
vn -0.2260 -0.2133 0.9505
vn -0.5613 0.4059 0.7212
vn -0.4747 0.5580 0.6807
vn 0.3956 0.8805 0.2613
vn 0.6827 0.7207 0.1203
vn 0.7758 0.4207 0.4702
vn 0.8926 0.4507 0.0157
vn 0.9392 -0.2038 0.2761
vn 0.5929 0.6658 0.4529
vn 0.4694 0.7183 0.5134
vn -0.1521 0.5611 0.8137
vn -0.3531 -0.2436 0.9033
vn 0.7513 0.6600 -0.0001
vn 0.7512 0.6600 0.0001
vn -0.5821 0.6626 -0.4714
vn -0.7446 -0.6636 0.0724
vn -0.7121 -0.7005 0.0461
vn -0.7014 -0.7127 0.0071
vn -0.7015 -0.7127 -0.0071
vn -0.7121 -0.7005 -0.0462
vn -0.7188 -0.6930 -0.0562
vn -0.7353 -0.6742 -0.0696
vn -0.7797 -0.6236 -0.0563
vn -0.7970 -0.6039 -0.0071
vn -0.7970 -0.6039 0.0071
vn -0.7916 -0.6101 0.0343
vn -0.7797 -0.6236 0.0562
vn -0.4476 -0.4912 -0.7472
vn -0.6401 -0.2722 -0.7185
vn -0.7298 -0.1701 -0.6622
vn -0.9332 0.0615 -0.3540
vn -0.9704 0.1038 -0.2180
vn -0.9704 0.1038 0.2180
vn -0.9332 0.0615 0.3540
vn -0.7298 -0.1700 0.6622
vn -0.0220 -0.9757 -0.2179
vn 0.1232 0.4193 -0.8995
vn -0.9449 0.3266 0.0227
vn 0.1233 0.4192 -0.8995
vn -0.6419 -0.6576 -0.3944
vn -0.8826 -0.3680 -0.2924
vn -0.4819 -0.7671 -0.4235
vn 0.7771 0.5229 0.3502
vn -0.1233 -0.4192 0.8995
vn -0.0541 -0.4418 0.8955
vn -0.1031 -0.4825 0.8698
vn -0.1170 -0.4841 0.8672
vn -0.1794 -0.4561 0.8716
vn -0.1923 -0.4325 0.8809
vn -0.1946 -0.4068 0.8926
vn -0.1427 -0.3536 0.9244
vn -0.0878 -0.3622 0.9279
vn -0.0663 -0.3800 0.9226
vn -0.2024 0.8590 -0.4702
vn 0.5120 0.7467 -0.4247
vn 0.4959 -0.1662 -0.8524
vn -0.4821 0.0778 -0.8726
vn -0.7458 0.6127 -0.2613
vn -0.5163 0.8479 -0.1203
vn -0.3665 0.9283 -0.0623
vn 0.1530 0.9875 0.0365
vn 0.4909 0.8708 0.0284
vn 0.9238 0.3501 -0.1549
vn 0.8444 -0.2774 -0.4583
vn -0.5390 -0.4351 -0.7213
vn -0.6592 -0.0011 0.7520
vn -0.4958 0.1662 0.8524
vn -0.3892 0.2234 0.8936
vn -0.1239 0.6642 0.7372
vn -0.0196 0.2655 0.9639
vn 0.0545 0.6522 0.7561
vn 0.2287 0.6088 0.7597
vn 0.5390 0.4351 0.7212
vn 0.5163 -0.8479 0.1203
vn 0.3665 -0.9283 0.0622
vn 0.0844 -0.8954 0.4371
vn -0.4909 -0.8707 -0.0284
vn -0.5120 -0.7466 0.4248
vn -0.1232 -0.4191 0.8995
vn 0.8676 -0.4856 -0.1075
vn -0.7441 -0.5532 0.3746
vn -0.3092 -0.9129 0.2665
vn -0.1663 -0.9485 0.2695
vn 0.4005 0.2169 0.8903
vn -0.3494 0.9370 -0.0002
vn -0.0654 -0.3830 -0.9215
vn -0.1705 0.3491 0.9214
vn -0.9898 -0.1423 -0.0000
vn 0.9899 0.1421 0.0001
vn 0.5534 0.1299 0.8227
vn -0.0654 -0.3829 0.9215
vn -0.0286 -0.1677 0.9854
vn -0.0747 0.1528 0.9854
vn -0.1705 0.3491 -0.9214
vn -0.0747 0.1528 -0.9854
vn -0.0286 -0.1677 -0.9854
vn -0.1461 -0.4334 -0.8893
vn 0.0140 -0.3694 -0.9292
vn -0.2622 0.3748 -0.8893
vn -0.0905 0.3584 -0.9292
vn -0.2397 0.3261 -0.9145
vn -0.0795 0.3148 -0.9458
vn -0.2622 0.3748 0.8893
vn -0.0905 0.3584 0.9292
vn -0.1461 -0.4334 0.8893
vn 0.0140 -0.3694 0.9292
vn -0.1383 -0.3803 0.9145
vn 0.0123 -0.3244 0.9458
vn -0.2397 0.3261 0.9144
vn -0.0795 0.3148 0.9458
vn -0.2685 -0.9565 0.1141
vn -0.2624 -0.9650 -0.0000
vn -0.1383 -0.3803 -0.9145
vn 0.0123 -0.3244 -0.9458
vn -0.5267 0.8424 -0.1142
vn -0.5233 0.8522 -0.0000
vn -0.5207 0.8538 -0.0000
vn -0.5267 0.8423 0.1142
vn 0.0114 0.0153 -0.9998
vn 0.5994 0.8004 -0.0000
vn -0.2595 -0.9657 -0.0000
vn -0.2685 -0.9565 -0.1144
vn 0.0153 -0.0114 0.9998
vn 0.8004 -0.5994 0.0002
vn -0.9899 -0.1421 0.0006
vn 0.7883 0.6152 -0.0000
vn 0.7883 0.6153 -0.0000
vn 0.5534 0.1299 -0.8227
vn 0.4431 -0.0256 -0.8961
vn 0.4431 -0.0256 0.8961
vn 0.9899 0.1421 -0.0001
vn 0.9898 0.1421 -0.0000
vn -0.3494 0.9370 0.0003
vn 0.1071 -0.2871 -0.9519
vn 0.0220 0.3056 0.9519
vn -0.5676 -0.0310 0.8227
vn -0.5534 -0.1299 0.8227
vn 0.1705 -0.3491 0.9214
vn -0.0178 -0.3733 0.9275
vn 0.0286 0.1677 0.9854
vn 0.0654 0.3830 -0.9215
vn -0.1221 0.3532 -0.9275
vn 0.0747 -0.1528 -0.9854
vn 0.1437 -0.0438 -0.9887
vn 0.0905 -0.3584 -0.9292
vn 0.1461 0.4334 -0.8893
vn 0.1382 0.3803 -0.9145
vn -0.0123 0.3244 -0.9458
vn 0.1256 0.0823 0.9887
vn -0.0140 0.3694 0.9292
vn 0.2622 -0.3748 0.8893
vn 0.2397 -0.3261 0.9145
vn 0.0795 -0.3148 0.9458
vn 0.1078 0.2742 0.9556
vn 0.1070 0.3935 0.9131
vn 0.5267 -0.8423 0.1142
vn 0.5233 -0.8521 -0.0002
vn 0.1805 -0.2328 -0.9556
vn 0.2134 -0.3475 -0.9131
vn 0.2685 0.9565 -0.1141
vn 0.2591 0.9644 0.0526
vn 0.2685 0.9633 -0.0000
vn 0.5200 -0.8526 -0.0527
vn 0.5292 -0.8485 -0.0000
vn -0.4431 0.0256 0.8961
vn -0.4180 -0.1493 0.8961
vn 0.3494 -0.9370 0.0002
vn 0.3829 -0.0654 -0.9215
vn -0.3491 -0.1705 0.9214
vn -0.1420 0.9899 -0.0002
vn -0.1299 0.5534 0.8227
vn 0.1420 -0.9899 0.0001
vn 0.1419 -0.9899 -0.0001
vn 0.3829 -0.0654 0.9215
vn 0.1677 -0.0286 0.9854
vn -0.1529 -0.0747 0.9854
vn -0.3491 -0.1705 -0.9215
vn -0.1528 -0.0746 -0.9854
vn 0.1677 -0.0286 -0.9854
vn 0.4334 -0.1461 -0.8893
vn 0.3694 0.0140 -0.9292
vn -0.3748 -0.2622 -0.8893
vn -0.3584 -0.0905 -0.9292
vn -0.3261 -0.2397 -0.9144
vn -0.3148 -0.0795 -0.9458
vn -0.3748 -0.2622 0.8893
vn -0.3584 -0.0905 0.9292
vn 0.4334 -0.1461 0.8893
vn 0.3694 0.0140 0.9292
vn 0.3803 -0.1383 0.9145
vn 0.3244 0.0123 0.9458
vn -0.3261 -0.2397 0.9145
vn -0.3148 -0.0795 0.9458
vn 0.9565 -0.2685 0.1142
vn 0.9650 -0.2624 -0.0000
vn 0.3803 -0.1383 -0.9145
vn 0.3244 0.0123 -0.9458
vn -0.8424 -0.5267 -0.1141
vn -0.8522 -0.5232 -0.0000
vn -0.8522 -0.5232 0.0002
vn -0.8424 -0.5267 0.1141
vn -0.8001 0.5998 -0.0000
vn 0.9565 -0.2685 -0.1142
vn 0.5994 0.8004 -0.0001
vn -0.0114 -0.0153 -0.9998
vn 0.1420 -0.9899 -0.0010
vn 0.1422 -0.9898 -0.0009
vn 0.1421 -0.9899 -0.0001
vn -0.6152 0.7883 -0.0000
vn -0.6153 0.7883 -0.0000
vn -0.1299 0.5534 -0.8227
vn 0.0256 0.4431 -0.8961
vn 0.0256 0.4431 0.8961
vn 0.2871 0.1071 -0.9519
vn -0.3056 0.0220 0.9519
vn 0.0310 -0.5676 0.8227
vn 0.1299 -0.5534 0.8227
vn 0.3491 0.1705 0.9215
vn 0.3733 -0.0178 0.9275
vn -0.1677 0.0286 0.9854
vn -0.3830 0.0654 -0.9214
vn -0.3532 -0.1221 -0.9275
vn 0.1528 0.0747 -0.9854
vn 0.0437 0.1437 -0.9887
vn 0.3584 0.0905 -0.9292
vn -0.4334 0.1461 -0.8893
vn -0.3803 0.1382 -0.9145
vn -0.3244 -0.0123 -0.9458
vn -0.0824 0.1256 0.9887
vn -0.3694 -0.0140 0.9292
vn 0.3748 0.2622 0.8893
vn 0.3261 0.2397 0.9145
vn 0.3148 0.0795 0.9458
vn -0.2741 0.1078 0.9556
vn -0.3935 0.1070 0.9131
vn 0.8424 0.5267 0.1140
vn 0.8522 0.5232 -0.0000
vn 0.2327 0.1805 -0.9556
vn 0.3475 0.2134 -0.9131
vn -0.9565 0.2685 -0.1141
vn -0.9644 0.2592 0.0525
vn -0.9633 0.2686 -0.0000
vn -0.5991 -0.8006 -0.0000
vn 0.8526 0.5200 -0.0526
vn 0.8538 0.5206 -0.0001
vn 0.8489 0.5285 -0.0000
vn -0.0153 0.0114 0.9998
vn -0.0256 -0.4431 0.8961
vn 0.6152 -0.7883 -0.0001
vn 0.1493 -0.4180 0.8961
vn 0.5993 0.8005 -0.0000
vn 0.8003 -0.5996 -0.0000
vn -0.0152 0.0115 0.9998
vn -0.8001 0.5999 -0.0000
vn -0.5982 -0.8014 -0.0000
vn 0.8957 -0.2622 -0.3590
vn 0.8957 -0.2621 0.3590
vn -0.8300 -0.4267 0.3591
vn -0.8301 -0.4267 -0.3590
vn 0.9218 0.0622 -0.3825
vn 0.0949 -0.9955 -0.0003
vn 0.0950 -0.9955 0.0001
vn 0.0950 -0.9955 -0.0001
vn 0.0949 -0.9955 0.0003
vn 0.0272 -0.7266 0.6865
vn 0.0717 -0.9087 -0.4112
vn 0.1327 0.7057 -0.6960
vn 0.9896 -0.1297 -0.0617
vn -0.9899 0.1294 0.0585
vn -0.5709 0.3387 -0.7479
vn 0.9898 -0.1295 -0.0589
vn 0.0654 0.0310 -0.9974
vn 0.0286 0.2535 -0.9669
vn 0.0747 0.5455 -0.8348
vn 0.1705 -0.0619 0.9834
vn 0.0747 -0.2670 0.9608
vn 0.0286 -0.5591 0.8286
vn 0.1461 -0.7615 0.6315
vn -0.0523 -0.7152 0.6970
vn 0.2554 -0.0243 0.9665
vn 0.0905 -0.0566 0.9943
vn 0.2397 -0.0799 0.9676
vn 0.0795 -0.1032 0.9915
vn 0.2622 0.7081 -0.6556
vn 0.0905 0.7096 -0.6987
vn 0.1392 -0.0273 -0.9899
vn -0.0140 0.0466 -0.9988
vn 0.1382 0.0305 -0.9899
vn -0.0123 0.0944 -0.9955
vn 0.2378 0.6755 -0.6980
vn 0.1494 0.6169 -0.7728
vn 0.2685 -0.8244 -0.4983
vn 0.2623 -0.8791 -0.3980
vn 0.1383 -0.7235 0.6763
vn -0.0123 -0.6855 0.7280
vn 0.5268 0.7203 0.4513
vn 0.5232 0.7764 0.3515
vn 0.5232 0.7764 0.3512
vn 0.5267 0.8145 0.2432
vn -0.0114 -0.3983 0.9172
vn -0.5994 0.7293 0.3301
vn 0.2624 -0.8792 -0.3977
vn 0.2594 -0.8798 -0.3982
vn 0.2595 -0.8799 -0.3981
vn 0.2685 -0.9186 -0.2901
vn -0.0153 0.4018 -0.9156
vn 0.9898 -0.1296 -0.0587
vn 0.9898 -0.1294 -0.0590
vn -0.9158 -0.2385 0.3232
vn -0.7883 0.5605 0.2537
vn -0.5534 -0.2208 0.8031
vn -0.4431 -0.3928 0.8058
vn -0.4538 0.1959 -0.8693
vn -0.9899 0.1294 0.0586
vn 0.9900 -0.1289 -0.0577
vn 0.9899 -0.1297 -0.0579
vn 0.9898 -0.1299 -0.0580
vn 0.3495 0.8537 0.3862
vn -0.0717 0.9087 0.4111
vn -0.1327 -0.7057 0.6960
vn -0.3494 -0.8536 -0.3863
vn -0.0272 0.7266 -0.6865
vn 0.9899 -0.1295 -0.0585
vn 0.9158 0.2385 -0.3232
vn 0.5534 0.2208 -0.8031
vn -0.1705 0.0619 -0.9834
vn 0.0178 0.0423 -0.9989
vn -0.0286 0.5591 -0.8286
vn -0.0654 -0.0310 0.9974
vn 0.1221 -0.0606 0.9907
vn -0.0747 -0.5455 0.8347
vn -0.1437 -0.4474 0.8827
vn -0.0905 -0.7096 0.6987
vn -0.2143 -0.3151 0.9245
vn -0.1383 -0.0305 0.9899
vn 0.0123 -0.0944 0.9955
vn -0.1256 0.4827 -0.8667
vn 0.0158 0.7559 -0.6545
vn -0.2321 0.3735 -0.8981
vn -0.2397 0.0799 -0.9676
vn -0.0795 0.1032 -0.9915
vn -0.1078 0.6437 -0.7576
vn -0.1070 0.7349 -0.6696
vn -0.5268 -0.7203 -0.4513
vn -0.5233 -0.7763 -0.3515
vn -0.2378 -0.6755 0.6980
vn -0.1494 -0.6169 0.7728
vn -0.2685 0.8244 0.4984
vn -0.2624 0.8791 0.3979
vn -0.2591 0.9003 0.3497
vn -0.2595 0.8798 0.3983
vn -0.2690 0.8774 0.3972
vn 0.8005 0.5461 0.2471
vn 0.8004 0.5461 0.2472
vn -0.5200 -0.7983 -0.3037
vn -0.5207 -0.7778 -0.3519
vn -0.5294 -0.7746 -0.3460
vn 0.5995 -0.7292 -0.3300
vn 0.5994 -0.7293 -0.3300
vn 0.5709 -0.3387 0.7479
vn 0.4538 -0.1959 0.8693
vn 0.4431 0.3928 -0.8058
vn 0.7883 -0.5605 -0.2537
vn -0.3829 -0.4395 0.8125
vn -0.9974 -0.0653 -0.0295
vn 0.3559 0.2605 -0.8975
vn -0.1424 -0.9015 -0.4087
vn 0.1299 0.8434 -0.5213
vn -0.1425 -0.9017 -0.4082
vn -0.1423 -0.9018 -0.4082
vn -0.3789 0.3566 -0.8540
vn -0.1677 0.3802 -0.9096
vn 0.1529 0.3383 -0.9285
vn 0.3491 -0.5352 0.7692
vn 0.1332 -0.3560 0.9249
vn -0.1118 -0.3240 0.9394
vn -0.4334 -0.4998 0.7499
vn -0.3642 -0.3358 0.8687
vn 0.3748 -0.6055 0.7021
vn 0.3642 -0.4310 0.8256
vn 0.3261 -0.5954 0.7343
vn 0.3148 -0.4624 0.8289
vn 0.3764 0.1345 -0.9167
vn 0.3584 0.3006 -0.8838
vn -0.4330 0.2404 -0.8687
vn -0.3694 0.3958 -0.8408
vn -0.3813 0.2531 -0.8891
vn -0.2756 0.3269 -0.9040
vn 0.3276 0.1604 -0.9311
vn 0.3148 0.3175 -0.8945
vn -0.9565 -0.1975 -0.2147
vn -0.9650 -0.2390 -0.1082
vn -0.3803 -0.5030 0.7761
vn -0.3244 -0.3788 0.8668
vn 0.8423 -0.5270 -0.1132
vn 0.8522 -0.4767 -0.2157
vn 0.8522 -0.4767 -0.2158
vn 0.8538 -0.4744 -0.2146
vn 0.8423 -0.4328 -0.3213
vn 0.8003 0.5458 0.2483
vn -0.9650 -0.2390 -0.1081
vn -0.9565 -0.2917 -0.0066
vn -0.5995 0.7292 0.3299
vn 0.0114 -0.4261 0.9046
vn -0.1423 -0.9017 -0.4083
vn -0.1419 -0.9018 -0.4083
vn -0.1417 -0.9018 -0.4082
vn -0.1421 -0.9021 -0.4074
vn 0.6153 0.7182 0.3250
vn 0.0002 0.1816 0.9834
vn -0.0256 0.0342 0.9991
vn -0.1800 0.7733 -0.6080
vn 0.1421 0.9019 0.4080
vn -0.1416 -0.9014 -0.4092
vn -0.1427 -0.9018 -0.4080
vn -0.1418 -0.9029 -0.4059
vn -0.9974 -0.0654 -0.0295
vn 0.9974 0.0653 0.0295
vn -0.3560 -0.2605 0.8975
vn -0.9370 0.3184 0.1440
vn 0.3056 0.4125 -0.8582
vn -0.0310 -0.1779 -0.9836
vn -0.3383 -0.6171 -0.7104
vn -0.3491 0.5352 -0.7692
vn -0.1332 0.3560 -0.9249
vn 0.3784 0.4396 -0.8146
vn 0.2901 -0.3489 0.8911
vn 0.3532 -0.4937 0.7947
vn -0.1529 -0.3383 0.9285
vn -0.3764 -0.1345 0.9167
vn -0.3584 -0.3006 0.8838
vn 0.0941 -0.2056 0.9741
vn 0.4130 -0.4287 0.8035
vn 0.2769 -0.2691 0.9225
vn 0.4406 -0.3852 0.8108
vn 0.0823 0.5221 -0.8489
vn 0.4188 0.3599 -0.8337
vn -0.3748 0.6055 -0.7021
vn -0.3642 0.4310 -0.8256
vn -0.3261 0.5954 -0.7343
vn -0.3148 0.4624 -0.8289
vn 0.2741 0.4922 -0.8262
vn 0.3935 0.4739 -0.7877
vn -0.8423 0.5270 0.1131
vn -0.3276 -0.1604 0.9311
vn -0.3475 -0.1821 0.9198
vn 0.9565 0.1976 0.2147
vn 0.9644 0.2578 0.0589
vn 0.9658 0.2364 0.1069
vn 0.9632 0.2441 0.1128
vn 0.5999 -0.7285 -0.3307
vn -0.8526 0.4520 0.2623
vn -0.8486 0.4819 0.2183
vn -0.8004 -0.5462 -0.2472
vn 0.0153 0.4226 -0.9062
vn 0.1800 -0.7733 0.6080
vn 0.0256 -0.0342 -0.9991
vn -0.3003 -0.7104 0.6365
vn -0.1493 -0.0113 -0.9887
vn -0.6007 0.7277 0.3311
vn -0.6011 0.7283 0.3290
vn -0.8007 -0.5455 -0.2478
vn -0.8000 -0.5469 -0.2468
vn 0.0153 0.4227 -0.9062
vn 0.8007 0.5465 0.2454
vn 0.6000 -0.7289 -0.3297
vn -0.2231 0.9101 -0.3491
vn -0.6274 0.5410 0.5600
vn -0.9218 -0.1011 0.3741
vn -0.0949 -0.9071 -0.4102
vn -0.0949 -0.9069 -0.4106
vn -0.0950 -0.9070 -0.4103
vn -0.0949 -0.9068 -0.4107
vn -0.0949 -0.9069 -0.4104
vn 0.3784 0.3245 -0.8669
vn 0.4026 0.9154 0.0028
vn -0.4017 0.9086 0.1142
vn 0.1456 0.2560 0.9556
vn -0.1909 0.3568 0.9145
vn 0.3935 0.9178 0.0526
vn 0.1618 0.3743 0.9131
vn 0.0135 -0.0135 0.9998
vn -0.9086 -0.4017 0.1141
vn -0.9179 -0.3968 -0.0000
vn -0.9154 0.4026 0.0001
vn -0.7072 -0.7071 -0.0000
vn -0.0135 -0.0135 -0.9998
vn 0.4017 -0.9086 0.1141
vn -1.0000 -0.0000 0.0002
vn -0.4017 -0.9086 0.1141
vn 0.7072 -0.7071 -0.0000
vn -0.0135 0.0135 0.9998
vn 0.9086 0.4017 0.1141
vn 0.9086 -0.4017 0.1141
vn 0.7071 0.7071 0.0004
vn 0.0135 0.0135 -0.9998
vn -0.0500 -0.5663 0.8227
vn 0.0883 -0.4349 0.8961
vn 0.0500 -0.5663 0.8227
vn -0.0883 -0.4349 0.8961
vn -0.9178 0.3935 0.0527
vn -0.7071 -0.7071 0.0001
vn 0.3941 -0.9191 0.0002
vn -0.4350 -0.0883 0.8961
vn -0.4349 0.0883 0.8961
vn 0.4017 0.9086 -0.1142
vn -0.9086 -0.4017 -0.1141
vn -0.9086 0.4017 -0.1143
vn -0.7070 0.7072 -0.0018
vn -0.0002 -1.0000 -0.0006
vn -0.0002 -1.0000 0.0006
vn 0.9154 0.4025 -0.0004
vn 0.9086 -0.4017 -0.1141
vn 0.7071 -0.7071 0.0002
vn 0.9178 0.3935 -0.0526
vn -0.4017 -0.9086 -0.1141
vn -0.3968 -0.9179 -0.0000
vn 0.5663 0.0500 -0.8227
vn 0.4350 -0.0883 -0.8961
vn 0.8678 0.4970 -0.0000
vn -0.3968 0.9179 -0.0000
vn -0.4017 0.9086 -0.1142
vn 0.0883 0.4349 -0.8961
vn 0.0883 0.4349 0.8961
vn -0.4970 0.8678 -0.0000
vn -0.9771 -0.2127 0.0001
vn -0.3698 -0.1192 -0.9215
vn -0.3229 -0.0340 -0.9458
vn -0.1619 -0.0522 -0.9854
vn -0.3676 -0.0387 -0.9292
vn 0.1619 -0.0522 -0.9854
vn 0.3676 -0.0387 -0.9292
vn 0.3698 -0.1192 -0.9215
vn 0.3229 -0.0340 -0.9458
vn 0.9179 -0.3968 -0.0000
vn 0.3568 -0.1909 -0.9145
vn 0.4082 -0.2063 -0.8893
vn -0.0500 0.5663 -0.8227
vn -0.4082 -0.2063 -0.8893
vn -0.3568 -0.1909 -0.9145
vn -0.3698 -0.1192 0.9215
vn -0.1619 -0.0522 0.9854
vn -0.3229 -0.0340 0.9458
vn -0.3676 -0.0387 0.9292
vn 0.1619 -0.0522 0.9854
vn 0.3676 -0.0387 0.9292
vn 0.3698 -0.1192 0.9215
vn 0.3229 -0.0340 0.9458
vn 0.3568 -0.1909 0.9145
vn 0.4082 -0.2063 0.8893
vn 0.3568 0.1909 0.9145
vn 0.4082 0.2063 0.8893
vn 0.3229 0.0340 0.9458
vn -0.0637 0.1360 0.9887
vn -0.3676 0.0387 0.9292
vn -0.2561 0.1456 0.9556
vn -0.3743 0.1618 0.9131
vn -0.1619 0.0522 0.9854
vn -0.2994 0.0652 0.9519
vn -0.3568 -0.1909 0.9145
vn -0.4082 -0.2063 0.8893
vn 0.3670 -0.0707 0.9275
vn 0.3698 0.1192 0.9215
vn -0.0001 -1.0000 -0.0000
vn -0.0500 0.5663 0.8227
vn 0.5663 0.0500 0.8227
vn 0.4349 -0.0883 0.8961
vn -0.1192 -0.3698 0.9215
vn -0.0340 -0.3229 0.9458
vn -0.0522 -0.1619 0.9854
vn -0.0387 -0.3676 0.9292
vn -0.0522 0.1619 0.9854
vn -0.0387 0.3676 0.9292
vn -0.1192 0.3698 0.9214
vn -0.0340 0.3229 0.9458
vn -0.2063 0.4082 0.8893
vn -0.2063 -0.4082 0.8893
vn 0.1360 0.0637 0.9887
vn 0.2063 -0.4082 0.8893
vn 0.0387 0.3676 0.9292
vn 0.1909 -0.3568 0.9145
vn 0.0340 -0.3229 0.9458
vn 0.1192 -0.3698 0.9215
vn -0.0707 -0.3670 0.9275
vn -0.5663 0.0500 0.8227
vn 0.0522 0.1619 0.9854
vn -0.5663 -0.0500 0.8227
vn 0.0652 0.2994 0.9519
vn 0.1456 -0.2560 -0.9556
vn -0.1909 -0.3568 -0.9145
vn 0.1360 -0.0637 -0.9887
vn -0.2063 -0.4082 -0.8893
vn 0.1618 -0.3743 -0.9131
vn 0.0387 -0.3676 -0.9292
vn 0.4026 -0.9154 0.0001
vn 0.3935 -0.9178 -0.0526
vn 0.0652 -0.2994 -0.9519
vn 0.0522 -0.1619 -0.9854
vn -0.0707 0.3670 -0.9275
vn 0.1192 0.3698 -0.9215
vn 0.0340 0.3229 -0.9458
vn 0.1909 0.3568 -0.9145
vn 0.2063 0.4082 -0.8893
vn -0.0340 -0.3229 -0.9458
vn -0.0387 -0.3676 -0.9292
vn -0.2063 0.4082 -0.8893
vn -0.0387 0.3676 -0.9292
vn -0.1909 0.3568 -0.9145
vn -0.0340 0.3229 -0.9458
vn -0.0522 0.1619 -0.9854
vn -0.1192 0.3698 -0.9215
vn -0.0522 -0.1619 -0.9854
vn -0.1192 -0.3698 -0.9215
vn -0.1909 -0.3568 0.9145
vn -0.0000 -1.0000 0.0001
vn -0.3698 0.1192 -0.9215
vn -0.3229 0.0340 -0.9458
vn -0.3670 -0.0707 -0.9275
vn 0.1619 0.0522 -0.9854
vn 0.3676 0.0387 -0.9292
vn 0.2994 0.0652 -0.9519
vn 0.3743 0.1618 -0.9131
vn 0.2561 0.1456 -0.9556
vn 0.0637 0.1360 -0.9887
vn -0.4082 0.2063 -0.8893
vn -0.3568 0.1909 -0.9145
vn -0.4671 0.6103 -0.6398
vn -0.0000 0.5301 -0.8480
vn -0.8507 -0.4458 -0.2787
vn 0.4671 -0.6104 0.6398
vn -0.4671 -0.6103 0.6398
vn -0.7557 -0.4889 -0.4357
vn -0.0000 1.0000 -0.0001
vt 0.962745 0.835097
vt 0.957770 0.837638
vt 0.957945 0.835593
vt 0.962500 0.838537
vt 0.956921 0.839239
vt 0.939908 0.826944
vt 0.940380 0.828533
vt 0.939262 0.827413
vt 0.942012 0.826245
vt 0.940758 0.828423
vt 0.959652 0.844310
vt 0.961490 0.841405
vt 0.957531 0.846685
vt 0.954851 0.840739
vt 0.944878 0.944265
vt 0.939007 0.941751
vt 0.941398 0.939702
vt 0.946151 0.942338
vt 0.944264 0.938021
vt 0.956275 0.959534
vt 0.958431 0.958280
vt 0.957744 0.960376
vt 0.956159 0.959904
vt 0.957277 0.961023
vt 0.956391 0.826579
vt 0.951010 0.829872
vt 0.951569 0.825692
vt 0.956835 0.831773
vt 0.954631 0.830859
vt 0.953075 0.943209
vt 0.958273 0.943922
vt 0.953868 0.945522
vt 0.954811 0.949234
vt 0.959028 0.948749
vt 0.947068 0.937215
vt 0.947655 0.941720
vt 0.950361 0.937206
vt 0.949547 0.941745
vt 0.951618 0.942025
vt 0.953763 0.938221
vt 0.956628 0.940245
vt 0.961931 0.831488
vt 0.960023 0.828418
vt 0.957874 0.833374
vt 0.955451 0.953875
vt 0.958979 0.954033
vt 0.956061 0.957692
vt 0.946268 0.825692
vt 0.942613 0.828616
vt 0.946408 0.829211
vt 0.946177 0.851230
vt 0.948884 0.846717
vt 0.949470 0.851222
vt 0.950387 0.846099
vt 0.952274 0.850416
vt 0.938794 0.828060
vt 0.940263 0.828903
vt 0.938108 0.830156
vt 0.955140 0.848735
vt 0.950867 0.830173
vt 0.946361 0.829439
vt 0.945178 0.944386
vt 0.951661 0.844172
vt 0.948887 0.846563
vt 0.950336 0.845931
vt 0.939617 0.949198
vt 0.936886 0.944127
vt 0.941687 0.947698
vt 0.943912 0.946521
vt 0.956707 0.831794
vt 0.957629 0.837653
vt 0.956631 0.961493
vt 0.955780 0.960014
vt 0.954526 0.962191
vt 0.953925 0.959821
vt 0.941727 0.839202
vt 0.942766 0.842768
vt 0.942670 0.842915
vt 0.940477 0.830744
vt 0.941313 0.834525
vt 0.941088 0.834562
vt 0.943987 0.946554
vt 0.941853 0.948002
vt 0.955225 0.953912
vt 0.944921 0.846412
vt 0.947018 0.846581
vt 0.946992 0.846691
vt 0.957844 0.835618
vt 0.957693 0.833430
vt 0.949521 0.941856
vt 0.947652 0.941873
vt 0.938265 0.844514
vt 0.937510 0.839688
vt 0.950131 0.959225
vt 0.945672 0.958263
vt 0.950177 0.958998
vt 0.939837 0.949325
vt 0.943464 0.845228
vt 0.939910 0.848192
vt 0.954510 0.949366
vt 0.945528 0.958565
vt 0.940147 0.961858
vt 0.941907 0.957577
vt 0.939704 0.956663
vt 0.943512 0.845097
vt 0.945000 0.846226
vt 0.954685 0.840435
vt 0.956701 0.839112
vt 0.933793 0.953339
vt 0.938768 0.950799
vt 0.938593 0.952844
vt 0.934038 0.949899
vt 0.938909 0.950783
vt 0.946203 0.942506
vt 0.953934 0.959632
vt 0.952551 0.841883
vt 0.952626 0.841915
vt 0.938695 0.952818
vt 0.934607 0.956949
vt 0.938664 0.955063
vt 0.953772 0.945668
vt 0.951360 0.844051
vt 0.940446 0.828600
vt 0.953027 0.943340
vt 0.951538 0.942211
vt 0.939832 0.956643
vt 0.942059 0.957518
vt 0.942775 0.850216
vt 0.956093 0.959837
vt 0.956157 0.959503
vt 0.940665 0.830730
vt 0.938845 0.955006
vt 0.942605 0.828805
vt 0.940786 0.828552
vt 0.954480 0.830918
vt 0.955752 0.959885
vt 0.955873 0.957707
vt 0.950271 0.962745
vt 0.944970 0.962745
vt 0.940381 0.828934
vt 0.937559 0.834404
vt 0.942028 0.839071
vt 0.951619 0.098402
vt 0.954234 0.101100
vt 0.950807 0.099233
vt 0.952974 0.097016
vt 0.954917 0.099561
vt 0.956047 0.098080
vt 0.958415 0.100505
vt 0.957969 0.102738
vt 0.296351 0.929291
vt 0.294614 0.925263
vt 0.296136 0.924964
vt 0.299819 0.928927
vt 0.298358 0.924464
vt 0.308424 0.906210
vt 0.307431 0.905634
vt 0.308524 0.903923
vt 0.307011 0.904763
vt 0.308405 0.903335
vt 0.289441 0.922763
vt 0.293655 0.922656
vt 0.291105 0.925986
vt 0.293495 0.928586
vt 0.958677 0.098976
vt 0.959316 0.095450
vt 0.961972 0.097778
vt 0.956054 0.093863
vt 0.938486 0.111842
vt 0.937682 0.113373
vt 0.937092 0.113268
vt 0.939366 0.112241
vt 0.939965 0.113220
vt 0.306262 0.915496
vt 0.301166 0.916849
vt 0.303523 0.913560
vt 0.304166 0.919714
vt 0.299399 0.918549
vt 0.299033 0.917441
vt 0.299977 0.914380
vt 0.300138 0.911804
vt 0.296630 0.920771
vt 0.295108 0.921491
vt 0.292519 0.919610
vt 0.293872 0.918224
vt 0.294683 0.917393
vt 0.307811 0.921553
vt 0.302762 0.922407
vt 0.308524 0.916335
vt 0.953363 0.108657
vt 0.950088 0.113089
vt 0.949198 0.110847
vt 0.956020 0.107191
vt 0.955286 0.112256
vt 0.962464 0.104092
vt 0.962745 0.100616
vt 0.945369 0.104798
vt 0.950435 0.105731
vt 0.947201 0.108152
vt 0.947994 0.102109
vt 0.950957 0.103580
vt 0.947855 0.104554
vt 0.952086 0.103926
vt 0.957654 0.105366
vt 0.959543 0.110978
vt 0.961773 0.107924
vt 0.297626 0.919367
vt 0.300978 0.924086
vt 0.295442 0.916616
vt 0.303634 0.928144
vt 0.306634 0.925841
vt 0.951089 0.101997
vt 0.950047 0.100011
vt 0.952854 0.102132
vt 0.941388 0.108873
vt 0.943016 0.110144
vt 0.944287 0.111394
vt 0.940856 0.112146
vt 0.944464 0.113104
vt 0.308412 0.910712
vt 0.306698 0.910574
vt 0.307371 0.907126
vt 0.305418 0.909333
vt 0.304110 0.907734
vt 0.948862 0.095851
vt 0.949360 0.091658
vt 0.950384 0.095132
vt 0.951839 0.093968
vt 0.283026 0.912537
vt 0.287078 0.916123
vt 0.282747 0.916014
vt 0.286816 0.917652
vt 0.283521 0.918851
vt 0.307815 0.903230
vt 0.306130 0.904364
vt 0.305530 0.903385
vt 0.286178 0.921178
vt 0.289446 0.918548
vt 0.950882 0.091360
vt 0.954392 0.090640
vt 0.936973 0.112681
vt 0.938067 0.110971
vt 0.937075 0.110395
vt 0.938127 0.109479
vt 0.296297 0.905769
vt 0.295067 0.910896
vt 0.292131 0.907967
vt 0.298299 0.908461
vt 0.294531 0.913045
vt 0.293411 0.912704
vt 0.289473 0.909435
vt 0.291258 0.915527
vt 0.287523 0.913889
vt 0.290575 0.917066
vt 0.295404 0.903527
vt 0.290204 0.904366
vt 0.285945 0.905648
vt 0.936973 0.100273
vt 0.941328 0.096896
vt 0.939234 0.101111
vt 0.937686 0.095058
vt 0.942732 0.094207
vt 0.945680 0.087693
vt 0.947138 0.092155
vt 0.949149 0.087332
vt 0.941975 0.103045
vt 0.944321 0.099756
vt 0.946087 0.098064
vt 0.946458 0.099183
vt 0.948655 0.101433
vt 0.938865 0.090773
vt 0.944518 0.092531
vt 0.292638 0.914497
vt 0.287837 0.911261
vt 0.283716 0.908703
vt 0.948038 0.099015
vt 0.947863 0.097254
vt 0.940080 0.107274
vt 0.938801 0.106032
vt 0.937087 0.105895
vt 0.304639 0.904459
vt 0.301029 0.903504
vt 0.302480 0.906464
vt 0.301208 0.905215
vt 0.296834 0.915195
vt 0.296041 0.916003
vt 0.294401 0.914632
vt 0.297589 0.912036
vt 0.297448 0.917609
vt 0.299722 0.912230
vt 0.949448 0.100624
vt 0.945549 0.102297
vt 0.297494 0.914519
vt 0.945777 0.104380
vt 0.683958 0.241748
vt 0.678603 0.244829
vt 0.678603 0.238668
vt 0.673248 0.247929
vt 0.678603 0.251009
vt 0.673248 0.254090
vt 0.683958 0.291212
vt 0.678603 0.294312
vt 0.678603 0.288092
vt 0.683958 0.278831
vt 0.678603 0.281912
vt 0.678603 0.275751
vt 0.683958 0.266470
vt 0.678603 0.269570
vt 0.678603 0.263351
vt 0.667893 0.251029
vt 0.673248 0.235529
vt 0.673248 0.241748
vt 0.667893 0.238609
vt 0.673248 0.285012
vt 0.673248 0.291232
vt 0.667893 0.288092
vt 0.673248 0.272651
vt 0.673248 0.278851
vt 0.667893 0.275751
vt 0.673248 0.260290
vt 0.673248 0.266431
vt 0.667893 0.263410
vt 0.667893 0.244829
vt 0.667893 0.232487
vt 0.667893 0.281912
vt 0.667893 0.269570
vt 0.667893 0.257190
vt 0.662538 0.241709
vt 0.662538 0.247929
vt 0.657183 0.244829
vt 0.662538 0.229368
vt 0.662538 0.235568
vt 0.657183 0.232487
vt 0.662538 0.278851
vt 0.662538 0.285012
vt 0.657183 0.281912
vt 0.662538 0.266470
vt 0.662538 0.272651
vt 0.657183 0.269570
vt 0.662538 0.254090
vt 0.662538 0.260270
vt 0.657183 0.257190
vt 0.657183 0.263351
vt 0.651828 0.260270
vt 0.657183 0.275751
vt 0.651828 0.272651
vt 0.657183 0.288092
vt 0.651828 0.285012
vt 0.662538 0.291192
vt 0.657183 0.238668
vt 0.651828 0.235548
vt 0.657183 0.251009
vt 0.651828 0.247929
vt 0.667893 0.294312
vt 0.673248 0.297373
vt 0.678603 0.257190
vt 0.683958 0.254090
vt 0.903270 0.020403
vt 0.900943 0.021276
vt 0.900943 0.020403
vt 0.903270 0.021276
vt 0.900943 0.022139
vt 0.903270 0.022139
vt 0.900943 0.023013
vt 0.903270 0.023013
vt 0.900943 0.023895
vt 0.903270 0.023905
vt 0.900943 0.024749
vt 0.903270 0.024759
vt 0.900943 0.025642
vt 0.903270 0.025642
vt 0.900943 0.026495
vt 0.903270 0.026505
vt 0.900943 0.027368
vt 0.903270 0.028251
vt 0.900943 0.028241
vt 0.903270 0.029124
vt 0.900943 0.029124
vt 0.903270 0.029998
vt 0.900943 0.030007
vt 0.903270 0.030871
vt 0.900943 0.030871
vt 0.903270 0.031744
vt 0.900943 0.031744
vt 0.903270 0.032617
vt 0.900943 0.032617
vt 0.903270 0.033490
vt 0.900943 0.033490
vt 0.903270 0.034363
vt 0.900943 0.034363
vt 0.903270 0.035236
vt 0.900943 0.035236
vt 0.903270 0.036119
vt 0.900943 0.036100
vt 0.903270 0.036982
vt 0.900943 0.036973
vt 0.903270 0.037846
vt 0.900943 0.037836
vt 0.903270 0.038719
vt 0.900943 0.038719
vt 0.903270 0.039602
vt 0.900943 0.039612
vt 0.903270 0.040465
vt 0.900943 0.040485
vt 0.903270 0.041348
vt 0.900943 0.041348
vt 0.900943 0.042211
vt 0.903270 0.042211
vt 0.900943 0.043094
vt 0.903270 0.043075
vt 0.900943 0.043958
vt 0.903270 0.043958
vt 0.900943 0.044831
vt 0.903270 0.044831
vt 0.900943 0.045714
vt 0.903270 0.045714
vt 0.900943 0.046577
vt 0.944662 0.448519
vt 0.944662 0.447835
vt 0.947774 0.444703
vt 0.903270 0.046577
vt 0.900943 0.047440
vt 0.903270 0.047440
vt 0.900943 0.048323
vt 0.180193 0.959028
vt 0.180875 0.959028
vt 0.183612 0.957204
vt 0.891636 0.047440
vt 0.889309 0.048323
vt 0.889309 0.047440
vt 0.893963 0.043967
vt 0.893963 0.043084
vt 0.893963 0.043094
vt 0.898616 0.047440
vt 0.896289 0.048323
vt 0.896289 0.047440
vt 0.898616 0.048323
vt 0.891636 0.046577
vt 0.889309 0.046577
vt 0.891636 0.024749
vt 0.891636 0.025642
vt 0.896289 0.020403
vt 0.896289 0.021276
vt 0.898616 0.046577
vt 0.896289 0.046577
vt 0.891636 0.045714
vt 0.889309 0.045714
vt 0.891636 0.043958
vt 0.891636 0.043094
vt 0.891636 0.043967
vt 0.896289 0.038719
vt 0.896289 0.039612
vt 0.898616 0.045714
vt 0.896289 0.045714
vt 0.891636 0.044831
vt 0.889309 0.044831
vt 0.893963 0.020403
vt 0.893963 0.021276
vt 0.898616 0.044831
vt 0.896289 0.044831
vt 0.889309 0.043958
vt 0.893963 0.038719
vt 0.893963 0.039612
vt 0.893963 0.039621
vt 0.893963 0.039602
vt 0.898616 0.043967
vt 0.896289 0.043967
vt 0.889309 0.043084
vt 0.891636 0.020403
vt 0.891636 0.021276
vt 0.896289 0.034363
vt 0.896289 0.035236
vt 0.898616 0.043084
vt 0.896289 0.043094
vt 0.891636 0.042211
vt 0.889309 0.042211
vt 0.891636 0.038719
vt 0.891636 0.039612
vt 0.891636 0.039621
vt 0.893963 0.034363
vt 0.893963 0.035236
vt 0.893963 0.035246
vt 0.898616 0.042221
vt 0.896289 0.042211
vt 0.891636 0.041348
vt 0.889309 0.041348
vt 0.896289 0.030871
vt 0.896289 0.029998
vt 0.896289 0.030007
vt 0.898616 0.041348
vt 0.896289 0.041348
vt 0.889309 0.040465
vt 0.891636 0.034363
vt 0.891636 0.035236
vt 0.893963 0.030871
vt 0.893963 0.030007
vt 0.893963 0.030880
vt 0.896289 0.040475
vt 0.898616 0.040475
vt 0.889309 0.039602
vt 0.891636 0.040465
vt 0.893963 0.029998
vt 0.896289 0.025632
vt 0.896289 0.026495
vt 0.896289 0.025642
vt 0.898616 0.039612
vt 0.889309 0.038719
vt 0.891636 0.030880
vt 0.891636 0.030007
vt 0.891636 0.030871
vt 0.898616 0.038719
vt 0.889309 0.037856
vt 0.893963 0.025642
vt 0.893963 0.026505
vt 0.893963 0.025632
vt 0.893963 0.026495
vt 0.896289 0.037836
vt 0.898616 0.037836
vt 0.889309 0.036982
vt 0.891636 0.037836
vt 0.893963 0.044831
vt 0.893963 0.044821
vt 0.896289 0.036973
vt 0.898616 0.036973
vt 0.889309 0.036109
vt 0.891636 0.036973
vt 0.891636 0.026505
vt 0.891636 0.026495
vt 0.896289 0.022139
vt 0.896289 0.036100
vt 0.898616 0.036109
vt 0.889309 0.035236
vt 0.891636 0.036109
vt 0.891636 0.044821
vt 0.896289 0.035246
vt 0.898616 0.035236
vt 0.889309 0.034363
vt 0.893963 0.022139
vt 0.898616 0.034363
vt 0.889309 0.033490
vt 0.893963 0.040485
vt 0.893963 0.040475
vt 0.896289 0.033490
vt 0.898616 0.033490
vt 0.889309 0.032617
vt 0.891636 0.033490
vt 0.891636 0.022139
vt 0.896289 0.032617
vt 0.898616 0.032617
vt 0.889309 0.031744
vt 0.891636 0.032607
vt 0.891636 0.040475
vt 0.893963 0.036100
vt 0.896289 0.031744
vt 0.898616 0.031744
vt 0.889309 0.030861
vt 0.891636 0.031744
vt 0.896289 0.030880
vt 0.898616 0.030880
vt 0.889309 0.029998
vt 0.891636 0.036100
vt 0.893963 0.031744
vt 0.893963 0.031734
vt 0.898616 0.030007
vt 0.889309 0.029124
vt 0.891636 0.029998
vt 0.896289 0.026505
vt 0.896289 0.027368
vt 0.896289 0.029134
vt 0.898616 0.029124
vt 0.889309 0.028251
vt 0.891636 0.029134
vt 0.896289 0.044821
vt 0.896289 0.028241
vt 0.898616 0.028232
vt 0.889309 0.027378
vt 0.891636 0.028241
vt 0.893963 0.027368
vt 0.898616 0.027368
vt 0.889309 0.026505
vt 0.893963 0.045714
vt 0.898616 0.026505
vt 0.889309 0.025642
vt 0.891636 0.027368
vt 0.896289 0.023013
vt 0.898616 0.025642
vt 0.889309 0.024759
vt 0.898616 0.024749
vt 0.896289 0.024759
vt 0.891636 0.023886
vt 0.889309 0.023905
vt 0.893963 0.023013
vt 0.898616 0.023886
vt 0.896289 0.023886
vt 0.891636 0.023013
vt 0.889309 0.023013
vt 0.893963 0.041348
vt 0.898616 0.023022
vt 0.889309 0.022139
vt 0.898616 0.022139
vt 0.889309 0.021276
vt 0.893963 0.036982
vt 0.893963 0.036973
vt 0.898616 0.021276
vt 0.889309 0.020403
vt 0.898616 0.020403
vt 0.893963 0.048323
vt 0.893963 0.047440
vt 0.893963 0.046577
vt 0.896289 0.043084
vt 0.896289 0.042221
vt 0.893963 0.042211
vt 0.893963 0.037846
vt 0.896289 0.037846
vt 0.893963 0.033490
vt 0.893963 0.032617
vt 0.893963 0.029134
vt 0.893963 0.028241
vt 0.896289 0.029124
vt 0.896289 0.028232
vt 0.893963 0.024749
vt 0.893963 0.023886
vt 0.893963 0.037836
vt 0.893963 0.029124
vt 0.891636 0.048323
vt 0.893963 0.042221
vt 0.891636 0.036982
vt 0.891636 0.032617
vt 0.893963 0.032607
vt 0.891636 0.029124
vt 0.891636 0.028232
vt 0.891636 0.024759
vt 0.893963 0.023895
vt 0.730422 0.798833
vt 0.729481 0.799190
vt 0.729481 0.798833
vt 0.728558 0.799190
vt 0.728539 0.798833
vt 0.727617 0.799190
vt 0.727607 0.798833
vt 0.726675 0.799190
vt 0.726685 0.798833
vt 0.725743 0.799190
vt 0.725743 0.798833
vt 0.724801 0.799190
vt 0.724801 0.798833
vt 0.723869 0.799190
vt 0.723869 0.798833
vt 0.722927 0.799190
vt 0.722927 0.798833
vt 0.721995 0.798833
vt 0.721986 0.799190
vt 0.721054 0.798833
vt 0.721054 0.799190
vt 0.720131 0.798833
vt 0.720122 0.799190
vt 0.719190 0.798833
vt 0.719190 0.799190
vt 0.718228 0.798833
vt 0.718248 0.799190
vt 0.717306 0.798833
vt 0.717316 0.799190
vt 0.716374 0.798833
vt 0.716374 0.799190
vt 0.715442 0.798833
vt 0.715442 0.799190
vt 0.714490 0.798833
vt 0.714500 0.799190
vt 0.713568 0.798833
vt 0.713568 0.799190
vt 0.712626 0.798833
vt 0.712626 0.799190
vt 0.711685 0.798833
vt 0.711685 0.799190
vt 0.710753 0.798833
vt 0.710753 0.799190
vt 0.709831 0.798833
vt 0.709831 0.799190
vt 0.708889 0.798833
vt 0.708889 0.799190
vt 0.707947 0.798833
vt 0.707005 0.799190
vt 0.707025 0.798833
vt 0.706073 0.799190
vt 0.706083 0.798833
vt 0.705141 0.799190
vt 0.705141 0.798833
vt 0.704199 0.799190
vt 0.704209 0.798833
vt 0.703267 0.799190
vt 0.703287 0.798833
vt 0.702326 0.799190
vt 0.702326 0.798833
vt 0.688767 0.958890
vt 0.688136 0.958630
vt 0.686452 0.954544
vt 0.701394 0.799190
vt 0.701384 0.798833
vt 0.700462 0.799190
vt 0.700471 0.798833
vt 0.963334 0.637995
vt 0.962653 0.637995
vt 0.959920 0.639828
vt 0.701394 0.784208
vt 0.700471 0.786705
vt 0.700462 0.784208
vt 0.705141 0.789202
vt 0.706083 0.789202
vt 0.706073 0.789202
vt 0.705151 0.789202
vt 0.701384 0.791699
vt 0.700462 0.794196
vt 0.700462 0.791699
vt 0.701384 0.794196
vt 0.700471 0.796693
vt 0.702326 0.784208
vt 0.701394 0.786705
vt 0.725743 0.786705
vt 0.724801 0.786705
vt 0.730422 0.791699
vt 0.729471 0.791699
vt 0.702326 0.791699
vt 0.702326 0.794196
vt 0.701394 0.796693
vt 0.703267 0.784208
vt 0.702326 0.786705
vt 0.705141 0.786705
vt 0.706073 0.786705
vt 0.710753 0.791699
vt 0.709831 0.791699
vt 0.703287 0.791699
vt 0.703277 0.794196
vt 0.702316 0.796693
vt 0.704199 0.784208
vt 0.703287 0.786705
vt 0.730422 0.789202
vt 0.729481 0.789202
vt 0.729471 0.789202
vt 0.704219 0.791699
vt 0.704209 0.794196
vt 0.703277 0.796693
vt 0.705141 0.784208
vt 0.704209 0.786705
vt 0.710753 0.789202
vt 0.709831 0.789202
vt 0.705141 0.791699
vt 0.705141 0.794196
vt 0.704209 0.796693
vt 0.706073 0.784208
vt 0.730422 0.786705
vt 0.729471 0.786705
vt 0.715442 0.791699
vt 0.714500 0.791699
vt 0.706073 0.791699
vt 0.706073 0.794196
vt 0.705141 0.796693
vt 0.707005 0.784208
vt 0.710753 0.786705
vt 0.709831 0.786705
vt 0.715432 0.789202
vt 0.714490 0.789202
vt 0.714500 0.789202
vt 0.707015 0.791699
vt 0.707025 0.794196
vt 0.706083 0.796693
vt 0.707937 0.784208
vt 0.707025 0.786705
vt 0.719190 0.791699
vt 0.720122 0.791699
vt 0.720131 0.791699
vt 0.707957 0.791699
vt 0.707947 0.794196
vt 0.707015 0.796693
vt 0.708889 0.786705
vt 0.708889 0.784208
vt 0.715442 0.786705
vt 0.714490 0.786705
vt 0.719190 0.789202
vt 0.720131 0.789202
vt 0.719199 0.789202
vt 0.708889 0.794196
vt 0.708889 0.791699
vt 0.708879 0.796693
vt 0.709831 0.784208
vt 0.724801 0.791699
vt 0.723869 0.791699
vt 0.709831 0.794196
vt 0.709831 0.796693
vt 0.710753 0.784208
vt 0.719190 0.786705
vt 0.720122 0.786705
vt 0.710753 0.794196
vt 0.710753 0.796693
vt 0.711685 0.786705
vt 0.711685 0.784208
vt 0.724801 0.789202
vt 0.723869 0.789202
vt 0.711685 0.794196
vt 0.711685 0.791699
vt 0.711685 0.796693
vt 0.712636 0.786705
vt 0.712626 0.784208
vt 0.704219 0.789202
vt 0.704209 0.789202
vt 0.712636 0.794196
vt 0.712626 0.791699
vt 0.712626 0.796693
vt 0.713558 0.786705
vt 0.713578 0.784208
vt 0.723869 0.786705
vt 0.729481 0.791699
vt 0.728549 0.791699
vt 0.713558 0.794196
vt 0.713568 0.791699
vt 0.713558 0.796693
vt 0.714510 0.784208
vt 0.704219 0.786705
vt 0.708879 0.791699
vt 0.714490 0.794196
vt 0.714490 0.791699
vt 0.714500 0.796693
vt 0.715442 0.784208
vt 0.728539 0.789202
vt 0.715432 0.794196
vt 0.715442 0.796693
vt 0.716364 0.786705
vt 0.716374 0.784208
vt 0.708889 0.789202
vt 0.716374 0.794196
vt 0.716374 0.791699
vt 0.717306 0.786705
vt 0.717316 0.784208
vt 0.728539 0.786705
vt 0.713558 0.791699
vt 0.717306 0.794196
vt 0.717296 0.791699
vt 0.716374 0.796693
vt 0.718238 0.786705
vt 0.718248 0.784208
vt 0.708879 0.786705
vt 0.713558 0.789202
vt 0.718228 0.794196
vt 0.718238 0.791699
vt 0.717306 0.796693
vt 0.719190 0.784208
vt 0.713568 0.789202
vt 0.719199 0.791699
vt 0.719190 0.794196
vt 0.718238 0.796693
vt 0.720131 0.786705
vt 0.720112 0.784208
vt 0.718238 0.789202
vt 0.720131 0.794196
vt 0.719199 0.796693
vt 0.721063 0.786705
vt 0.721044 0.784208
vt 0.722917 0.791699
vt 0.721063 0.794196
vt 0.721054 0.791699
vt 0.720131 0.796693
vt 0.721995 0.786705
vt 0.721986 0.784208
vt 0.718228 0.786705
vt 0.704209 0.791699
vt 0.721986 0.794196
vt 0.721995 0.791699
vt 0.721063 0.796693
vt 0.722927 0.786705
vt 0.722927 0.784208
vt 0.722917 0.789202
vt 0.722927 0.789202
vt 0.722927 0.794196
vt 0.722927 0.791699
vt 0.721995 0.796693
vt 0.723869 0.784208
vt 0.703277 0.789202
vt 0.723869 0.796693
vt 0.723869 0.794196
vt 0.724801 0.784208
vt 0.728539 0.791699
vt 0.727617 0.791699
vt 0.724801 0.796693
vt 0.724801 0.794196
vt 0.725743 0.784208
vt 0.703267 0.786705
vt 0.725743 0.791699
vt 0.725743 0.796693
vt 0.725753 0.794196
vt 0.726675 0.784208
vt 0.727607 0.789202
vt 0.726685 0.791699
vt 0.726675 0.796693
vt 0.726675 0.794196
vt 0.727626 0.784208
vt 0.726685 0.786705
vt 0.707947 0.789202
vt 0.707957 0.789202
vt 0.727607 0.791699
vt 0.727607 0.796693
vt 0.727607 0.794196
vt 0.728558 0.784208
vt 0.727617 0.786705
vt 0.727607 0.786705
vt 0.712636 0.791699
vt 0.728539 0.796693
vt 0.728549 0.794196
vt 0.729481 0.784208
vt 0.707957 0.786705
vt 0.707947 0.786705
vt 0.712626 0.789202
vt 0.729481 0.796693
vt 0.729471 0.794196
vt 0.730422 0.784208
vt 0.730422 0.796693
vt 0.730422 0.794196
vt 0.701384 0.789202
vt 0.700471 0.791699
vt 0.700462 0.789202
vt 0.702326 0.789202
vt 0.703277 0.791699
vt 0.707025 0.789202
vt 0.707025 0.791699
vt 0.711685 0.789202
vt 0.715442 0.789202
vt 0.716364 0.789202
vt 0.717306 0.791699
vt 0.717316 0.789202
vt 0.721063 0.791699
vt 0.721063 0.789202
vt 0.721995 0.789202
vt 0.725743 0.789202
vt 0.726675 0.789202
vt 0.726675 0.791699
vt 0.700471 0.789202
vt 0.726685 0.789202
vt 0.701394 0.789202
vt 0.721054 0.789202
vt 0.716374 0.789202
vt 0.707015 0.789202
vt 0.702316 0.789202
vt 0.717296 0.789202
vt 0.701384 0.786705
vt 0.700462 0.786705
vt 0.707015 0.786705
vt 0.721054 0.786705
vt 0.721986 0.789202
vt 0.726675 0.786705
vt 0.700471 0.797050
vt 0.701394 0.797406
vt 0.701384 0.797050
vt 0.701384 0.797763
vt 0.700471 0.797406
vt 0.700462 0.798119
vt 0.700471 0.797763
vt 0.701384 0.798119
vt 0.700471 0.798477
vt 0.701394 0.798477
vt 0.702316 0.797406
vt 0.702326 0.797050
vt 0.702326 0.797763
vt 0.702326 0.798119
vt 0.702316 0.798477
vt 0.703277 0.797406
vt 0.703287 0.797050
vt 0.703277 0.797763
vt 0.703287 0.798119
vt 0.703277 0.798477
vt 0.704219 0.797406
vt 0.704209 0.797050
vt 0.704209 0.797763
vt 0.704199 0.798119
vt 0.704219 0.798477
vt 0.705141 0.797406
vt 0.705151 0.797050
vt 0.705141 0.797763
vt 0.705151 0.798119
vt 0.705141 0.798477
vt 0.706073 0.797406
vt 0.706073 0.797050
vt 0.706083 0.797763
vt 0.706073 0.798119
vt 0.706073 0.798477
vt 0.707025 0.797406
vt 0.707025 0.797050
vt 0.707025 0.797763
vt 0.707015 0.798119
vt 0.707025 0.798477
vt 0.707957 0.796693
vt 0.707957 0.797406
vt 0.707947 0.797050
vt 0.707947 0.797763
vt 0.707957 0.798119
vt 0.707957 0.798477
vt 0.708889 0.797050
vt 0.708889 0.797406
vt 0.708889 0.798119
vt 0.708889 0.797763
vt 0.708879 0.798477
vt 0.709831 0.797050
vt 0.709831 0.797406
vt 0.709831 0.798119
vt 0.709831 0.797763
vt 0.709831 0.798477
vt 0.710753 0.797050
vt 0.710753 0.797406
vt 0.710753 0.798119
vt 0.710753 0.797763
vt 0.710753 0.798477
vt 0.711685 0.797050
vt 0.711685 0.797406
vt 0.711685 0.798119
vt 0.711685 0.797763
vt 0.711685 0.798477
vt 0.712636 0.797050
vt 0.712626 0.797406
vt 0.712626 0.798119
vt 0.712636 0.797763
vt 0.712626 0.798477
vt 0.713558 0.797050
vt 0.713558 0.797406
vt 0.713558 0.798119
vt 0.713568 0.797763
vt 0.713558 0.798477
vt 0.714490 0.797050
vt 0.714500 0.797406
vt 0.714490 0.798119
vt 0.714490 0.797763
vt 0.714490 0.798477
vt 0.715442 0.797050
vt 0.715442 0.797406
vt 0.715442 0.798119
vt 0.715432 0.797763
vt 0.715432 0.798477
vt 0.716374 0.797050
vt 0.716374 0.797406
vt 0.716374 0.797763
vt 0.716364 0.798119
vt 0.716374 0.798477
vt 0.717296 0.797050
vt 0.717306 0.797406
vt 0.717306 0.797763
vt 0.717306 0.798119
vt 0.717306 0.798477
vt 0.718238 0.797050
vt 0.718228 0.797406
vt 0.718238 0.797763
vt 0.718238 0.798119
vt 0.718238 0.798477
vt 0.719190 0.797050
vt 0.719190 0.797406
vt 0.719199 0.797763
vt 0.719190 0.798119
vt 0.719190 0.798477
vt 0.720131 0.797050
vt 0.720131 0.797406
vt 0.720122 0.797763
vt 0.720131 0.798119
vt 0.720131 0.798477
vt 0.721063 0.797050
vt 0.721054 0.797406
vt 0.721063 0.797763
vt 0.721063 0.798119
vt 0.721063 0.798477
vt 0.721995 0.797050
vt 0.721995 0.797406
vt 0.721986 0.797763
vt 0.721995 0.798119
vt 0.721995 0.798477
vt 0.722927 0.797050
vt 0.722927 0.796693
vt 0.722917 0.797406
vt 0.722927 0.797763
vt 0.722927 0.798119
vt 0.722917 0.798477
vt 0.723869 0.797050
vt 0.723869 0.797406
vt 0.723869 0.797763
vt 0.723869 0.798477
vt 0.723869 0.798119
vt 0.724801 0.797050
vt 0.724801 0.797406
vt 0.724801 0.797763
vt 0.724801 0.798477
vt 0.724801 0.798119
vt 0.725743 0.797050
vt 0.725743 0.797406
vt 0.725743 0.797763
vt 0.725743 0.798477
vt 0.725743 0.798119
vt 0.726685 0.797050
vt 0.726685 0.797406
vt 0.726675 0.797763
vt 0.726675 0.798477
vt 0.726675 0.798119
vt 0.727607 0.797050
vt 0.727607 0.797406
vt 0.727607 0.797763
vt 0.727607 0.798477
vt 0.727617 0.798119
vt 0.728539 0.797050
vt 0.728539 0.797406
vt 0.728539 0.797763
vt 0.728539 0.798477
vt 0.728539 0.798119
vt 0.729481 0.797050
vt 0.729481 0.797406
vt 0.729481 0.797763
vt 0.729471 0.798477
vt 0.729481 0.798119
vt 0.730422 0.797050
vt 0.730422 0.797406
vt 0.730422 0.797763
vt 0.730422 0.798477
vt 0.730422 0.798119
vt 0.440629 0.774565
vt 0.345808 0.769013
vt 0.440780 0.770369
vt 0.176460 0.082245
vt 0.297205 0.112969
vt 0.176120 0.087322
vt 0.025556 0.736143
vt 0.020005 0.641322
vt 0.020100 0.641318
vt 0.172537 0.113373
vt 0.297029 0.113328
vt 0.297132 0.113373
vt 0.395841 0.819659
vt 0.490662 0.825210
vt 0.395689 0.823855
vt 0.175100 0.099913
vt 0.296945 0.113248
vt 0.174371 0.103987
vt 0.296928 0.113148
vt 0.296962 0.113053
vt 0.846158 0.446357
vt 0.847418 0.351381
vt 0.847513 0.351384
vt 0.175609 0.095914
vt 0.297062 0.112983
vt 0.160717 0.097770
vt 0.161019 0.094454
vt 0.164124 0.098266
vt 0.164635 0.094945
vt 0.166861 0.095917
vt 0.165252 0.096016
vt 0.166284 0.093943
vt 0.168002 0.095843
vt 0.169161 0.092750
vt 0.169478 0.095777
vt 0.171411 0.092233
vt 0.171513 0.095735
vt 0.173327 0.091934
vt 0.173242 0.095765
vt 0.175918 0.091789
vt 0.841277 0.468219
vt 0.846401 0.463368
vt 0.845253 0.468363
vt 0.840492 0.463155
vt 0.847513 0.459815
vt 0.840618 0.455300
vt 0.846842 0.455525
vt 0.841323 0.451450
vt 0.846417 0.451634
vt 0.841766 0.448993
vt 0.846152 0.449151
vt 0.841962 0.446205
vt 0.166578 0.097848
vt 0.165518 0.099647
vt 0.167734 0.098194
vt 0.166598 0.100436
vt 0.168010 0.101398
vt 0.169136 0.098618
vt 0.170071 0.102439
vt 0.171079 0.099072
vt 0.171882 0.103202
vt 0.172768 0.099455
vt 0.373683 0.822949
vt 0.378891 0.818189
vt 0.378678 0.824098
vt 0.382516 0.817336
vt 0.382231 0.825210
vt 0.386521 0.824539
vt 0.386746 0.818315
vt 0.390412 0.824114
vt 0.390596 0.819020
vt 0.392895 0.823849
vt 0.393053 0.819463
vt 0.162659 0.098586
vt 0.159957 0.102015
vt 0.163533 0.101161
vt 0.160331 0.105084
vt 0.166108 0.104334
vt 0.162716 0.107759
vt 0.168452 0.106049
vt 0.165806 0.110184
vt 0.170561 0.107228
vt 0.168665 0.111873
vt 0.173466 0.108367
vt 0.022266 0.758301
vt 0.027026 0.753094
vt 0.026241 0.758158
vt 0.021117 0.753307
vt 0.027879 0.749469
vt 0.020676 0.745464
vt 0.026900 0.745239
vt 0.021101 0.741572
vt 0.026195 0.741388
vt 0.021366 0.739090
vt 0.025752 0.738931
vt 0.021360 0.736295
vt 0.163137 0.094255
vt 0.161367 0.090278
vt 0.164569 0.091956
vt 0.162567 0.087264
vt 0.165992 0.090731
vt 0.167932 0.089345
vt 0.165615 0.085170
vt 0.170659 0.088328
vt 0.169186 0.083652
vt 0.173017 0.087709
vt 0.172352 0.082740
vt 0.462787 0.771274
vt 0.457579 0.776034
vt 0.457792 0.770125
vt 0.453955 0.776887
vt 0.454239 0.769013
vt 0.449949 0.769685
vt 0.449725 0.775908
vt 0.446058 0.770110
vt 0.445874 0.775204
vt 0.443575 0.770374
vt 0.443417 0.774760
vt 0.544481 0.454720
vt 0.542335 0.447747
vt 0.545035 0.454569
vt 0.109002 0.283412
vt 0.109656 0.278306
vt 0.109531 0.283445
vt 0.543946 0.454879
vt 0.542140 0.447690
vt 0.542199 0.447764
vt 0.891780 0.095696
vt 0.891126 0.090590
vt 0.891256 0.090581
vt 0.542066 0.455403
vt 0.542110 0.447664
vt 0.542786 0.455236
vt 0.456343 0.458153
vt 0.456348 0.453005
vt 0.456872 0.458119
vt 0.542354 0.447591
vt 0.542365 0.447680
vt 0.542272 0.447776
vt 0.546329 0.454167
vt 0.568387 0.142160
vt 0.567732 0.137054
vt 0.567863 0.137046
vt 0.544448 0.456476
vt 0.544579 0.456305
vt 0.544605 0.457011
vt 0.568047 0.144969
vt 0.568631 0.144295
vt 0.568549 0.144937
vt 0.567885 0.144343
vt 0.568726 0.143835
vt 0.567803 0.143354
vt 0.568588 0.143304
vt 0.567843 0.142861
vt 0.568485 0.142820
vt 0.567868 0.142546
vt 0.568421 0.142511
vt 0.567857 0.142193
vt 0.545098 0.456507
vt 0.545763 0.456630
vt 0.545133 0.456842
vt 0.545399 0.456206
vt 0.546166 0.456332
vt 0.545642 0.455623
vt 0.546339 0.455818
vt 0.545697 0.455195
vt 0.546423 0.455237
vt 0.545695 0.454844
vt 0.546418 0.454762
vt 0.545641 0.454399
vt 0.457034 0.460897
vt 0.456370 0.460301
vt 0.457116 0.460255
vt 0.456218 0.459857
vt 0.457211 0.459794
vt 0.457073 0.459263
vt 0.456288 0.459313
vt 0.456971 0.458779
vt 0.456328 0.458820
vt 0.456906 0.458470
vt 0.456353 0.458505
vt 0.544429 0.456751
vt 0.543987 0.457211
vt 0.544030 0.456639
vt 0.543485 0.457204
vt 0.543781 0.456497
vt 0.543471 0.456296
vt 0.542994 0.456860
vt 0.543182 0.455959
vt 0.542586 0.456405
vt 0.542984 0.455654
vt 0.542308 0.455976
vt 0.891440 0.098505
vt 0.892024 0.097831
vt 0.891942 0.098473
vt 0.891278 0.097878
vt 0.892119 0.097370
vt 0.891196 0.096889
vt 0.891981 0.096840
vt 0.891236 0.096397
vt 0.891879 0.096356
vt 0.891261 0.096082
vt 0.891814 0.096047
vt 0.891251 0.095729
vt 0.544454 0.456075
vt 0.544209 0.456281
vt 0.544373 0.455911
vt 0.543875 0.455936
vt 0.544266 0.455708
vt 0.543684 0.455647
vt 0.544148 0.455430
vt 0.543548 0.455396
vt 0.544057 0.455196
vt 0.543397 0.455055
vt 0.109342 0.286221
vt 0.108758 0.285548
vt 0.109504 0.285594
vt 0.108663 0.285087
vt 0.109656 0.285150
vt 0.109586 0.284605
vt 0.108801 0.284556
vt 0.109546 0.284112
vt 0.108903 0.284072
vt 0.109521 0.283798
vt 0.108968 0.283763
vt 0.544952 0.456310
vt 0.544741 0.455985
vt 0.545057 0.456019
vt 0.544715 0.455806
vt 0.545092 0.455809
vt 0.545119 0.455553
vt 0.544675 0.455585
vt 0.545117 0.455214
vt 0.544615 0.455292
vt 0.545093 0.454934
vt 0.544560 0.455047
vt 0.874860 0.203234
vt 0.880214 0.200174
vt 0.880214 0.206374
vt 0.885569 0.197073
vt 0.880214 0.194013
vt 0.885569 0.190873
vt 0.874860 0.153790
vt 0.880214 0.150729
vt 0.880214 0.156890
vt 0.874860 0.166191
vt 0.880214 0.163051
vt 0.880214 0.169251
vt 0.874860 0.178552
vt 0.880214 0.175412
vt 0.880214 0.181612
vt 0.890924 0.194013
vt 0.885569 0.209434
vt 0.885569 0.203234
vt 0.890924 0.206374
vt 0.885569 0.159951
vt 0.885569 0.153830
vt 0.890924 0.156890
vt 0.885569 0.172351
vt 0.885569 0.166191
vt 0.890924 0.169251
vt 0.885569 0.184712
vt 0.885569 0.178552
vt 0.890924 0.181652
vt 0.890924 0.200174
vt 0.890924 0.212535
vt 0.890924 0.163051
vt 0.890924 0.175412
vt 0.890924 0.187734
vt 0.896278 0.203234
vt 0.896278 0.197073
vt 0.901633 0.200174
vt 0.896278 0.215595
vt 0.896278 0.209513
vt 0.901633 0.212535
vt 0.896278 0.166191
vt 0.896278 0.159912
vt 0.901633 0.163051
vt 0.896278 0.178552
vt 0.896278 0.172351
vt 0.901633 0.175412
vt 0.896278 0.190873
vt 0.896278 0.184712
vt 0.901633 0.187773
vt 0.901633 0.181612
vt 0.906988 0.184712
vt 0.901633 0.169251
vt 0.906988 0.172351
vt 0.901633 0.156890
vt 0.906988 0.159951
vt 0.896278 0.153790
vt 0.901633 0.206374
vt 0.906988 0.209434
vt 0.901633 0.194013
vt 0.906988 0.197073
vt 0.890924 0.150729
vt 0.885569 0.147590
vt 0.880214 0.187773
vt 0.874860 0.190873
vt 0.069678 0.773170
vt 0.072004 0.772307
vt 0.072004 0.773170
vt 0.069678 0.772307
vt 0.072004 0.771404
vt 0.069678 0.771404
vt 0.072004 0.770521
vt 0.069678 0.770541
vt 0.072004 0.769677
vt 0.069678 0.769677
vt 0.072004 0.768795
vt 0.069678 0.768814
vt 0.072004 0.767931
vt 0.069678 0.767931
vt 0.072004 0.767048
vt 0.069678 0.767048
vt 0.072004 0.766185
vt 0.069678 0.765322
vt 0.072004 0.765322
vt 0.069678 0.764439
vt 0.072004 0.764439
vt 0.069678 0.763575
vt 0.072004 0.763575
vt 0.069678 0.762693
vt 0.072004 0.762693
vt 0.069678 0.761829
vt 0.072004 0.761829
vt 0.069678 0.760946
vt 0.072004 0.760946
vt 0.069678 0.760083
vt 0.072004 0.760083
vt 0.069678 0.759220
vt 0.072004 0.759220
vt 0.069678 0.758337
vt 0.072004 0.758337
vt 0.069678 0.757454
vt 0.072004 0.757473
vt 0.069678 0.756590
vt 0.072004 0.756610
vt 0.069678 0.755727
vt 0.072004 0.755747
vt 0.069678 0.754844
vt 0.072004 0.754844
vt 0.069678 0.753981
vt 0.072004 0.753981
vt 0.069678 0.753098
vt 0.072004 0.753098
vt 0.069678 0.752215
vt 0.072004 0.752215
vt 0.072004 0.751352
vt 0.069678 0.751352
vt 0.072004 0.750508
vt 0.069678 0.750488
vt 0.072004 0.749625
vt 0.069678 0.749625
vt 0.072004 0.748723
vt 0.069678 0.748723
vt 0.072004 0.747859
vt 0.069678 0.747859
vt 0.072004 0.746996
vt 0.237820 0.959028
vt 0.237140 0.958901
vt 0.234683 0.955228
vt 0.069678 0.746996
vt 0.072004 0.746093
vt 0.069678 0.746113
vt 0.072004 0.745250
vt 0.759574 0.954051
vt 0.760059 0.954529
vt 0.763279 0.955176
vt 0.081310 0.746093
vt 0.083636 0.745250
vt 0.083636 0.746113
vt 0.078983 0.749625
vt 0.078983 0.750488
vt 0.074330 0.746093
vt 0.076657 0.745250
vt 0.076657 0.746113
vt 0.074330 0.745250
vt 0.081310 0.746996
vt 0.083636 0.746996
vt 0.081310 0.768795
vt 0.081310 0.767931
vt 0.076657 0.773170
vt 0.076657 0.772307
vt 0.074330 0.746996
vt 0.076657 0.746996
vt 0.081310 0.747859
vt 0.083636 0.747859
vt 0.081310 0.749625
vt 0.081310 0.750488
vt 0.076657 0.754844
vt 0.076657 0.753981
vt 0.074330 0.747859
vt 0.076657 0.747859
vt 0.081310 0.748723
vt 0.083636 0.748723
vt 0.078983 0.773170
vt 0.078983 0.772307
vt 0.074330 0.748723
vt 0.076657 0.748723
vt 0.083636 0.749625
vt 0.078983 0.754844
vt 0.078983 0.753981
vt 0.074330 0.749625
vt 0.076657 0.749645
vt 0.083636 0.750488
vt 0.081310 0.773170
vt 0.081310 0.772307
vt 0.076657 0.759220
vt 0.076657 0.758337
vt 0.074330 0.750488
vt 0.076657 0.750488
vt 0.081310 0.751352
vt 0.083636 0.751352
vt 0.081310 0.754844
vt 0.081310 0.753981
vt 0.078983 0.759220
vt 0.078983 0.758337
vt 0.074330 0.751371
vt 0.076657 0.751352
vt 0.081310 0.752215
vt 0.083636 0.752215
vt 0.076657 0.762693
vt 0.076657 0.763575
vt 0.074330 0.752235
vt 0.076657 0.752215
vt 0.083636 0.753098
vt 0.081310 0.759220
vt 0.081310 0.758337
vt 0.078983 0.762693
vt 0.078983 0.763575
vt 0.076657 0.753098
vt 0.074330 0.753098
vt 0.083636 0.753981
vt 0.081310 0.753098
vt 0.076657 0.767931
vt 0.076657 0.767048
vt 0.074330 0.753981
vt 0.083636 0.754844
vt 0.081310 0.762693
vt 0.081310 0.763575
vt 0.076657 0.749625
vt 0.074330 0.754844
vt 0.083636 0.755727
vt 0.078983 0.767931
vt 0.078983 0.767048
vt 0.076657 0.755747
vt 0.074330 0.755747
vt 0.083636 0.756590
vt 0.081310 0.755747
vt 0.078983 0.748723
vt 0.078983 0.749645
vt 0.076657 0.756610
vt 0.074330 0.756610
vt 0.083636 0.757454
vt 0.081310 0.756610
vt 0.081310 0.767048
vt 0.076657 0.771384
vt 0.076657 0.757473
vt 0.074330 0.757454
vt 0.083636 0.758337
vt 0.081310 0.757454
vt 0.074330 0.758337
vt 0.083636 0.759220
vt 0.078983 0.771404
vt 0.078983 0.771384
vt 0.074330 0.759220
vt 0.083636 0.760083
vt 0.078983 0.753098
vt 0.076657 0.760083
vt 0.074330 0.760083
vt 0.083636 0.760946
vt 0.081310 0.760083
vt 0.081310 0.771384
vt 0.081310 0.771404
vt 0.076657 0.760946
vt 0.074330 0.760946
vt 0.083636 0.761829
vt 0.081310 0.760946
vt 0.078983 0.757473
vt 0.076657 0.761829
vt 0.074330 0.761829
vt 0.083636 0.762693
vt 0.081310 0.761829
vt 0.074330 0.762693
vt 0.083636 0.763575
vt 0.081310 0.757473
vt 0.078983 0.761829
vt 0.074330 0.763575
vt 0.083636 0.764439
vt 0.076657 0.766185
vt 0.076657 0.764439
vt 0.074330 0.764439
vt 0.083636 0.765322
vt 0.081310 0.764439
vt 0.076657 0.765322
vt 0.074330 0.765322
vt 0.083636 0.766185
vt 0.081310 0.765322
vt 0.078983 0.766185
vt 0.074330 0.766185
vt 0.083636 0.767048
vt 0.078983 0.747859
vt 0.074330 0.767048
vt 0.083636 0.767931
vt 0.081310 0.766185
vt 0.076657 0.771404
vt 0.076657 0.770521
vt 0.074330 0.767931
vt 0.083636 0.768814
vt 0.074330 0.768795
vt 0.076657 0.768814
vt 0.081310 0.769658
vt 0.083636 0.769677
vt 0.078983 0.770521
vt 0.074330 0.769658
vt 0.076657 0.769658
vt 0.081310 0.770521
vt 0.083636 0.770541
vt 0.078983 0.752215
vt 0.078983 0.752235
vt 0.074330 0.770541
vt 0.083636 0.771404
vt 0.074330 0.771384
vt 0.083636 0.772307
vt 0.078983 0.756590
vt 0.078983 0.756610
vt 0.074330 0.772307
vt 0.083636 0.773170
vt 0.074330 0.773170
vt 0.076657 0.746093
vt 0.078983 0.745250
vt 0.078983 0.746093
vt 0.078983 0.746996
vt 0.076657 0.751371
vt 0.078983 0.751352
vt 0.078983 0.755727
vt 0.076657 0.755727
vt 0.078983 0.760083
vt 0.078983 0.760946
vt 0.078983 0.764439
vt 0.078983 0.765322
vt 0.078983 0.768795
vt 0.078983 0.769658
vt 0.078983 0.755747
vt 0.078983 0.746113
vt 0.081310 0.745250
vt 0.081310 0.756590
vt 0.081310 0.768814
vt 0.078983 0.769677
vt 0.902914 0.388220
vt 0.903270 0.389142
vt 0.902914 0.389142
vt 0.903270 0.390104
vt 0.902914 0.390104
vt 0.903270 0.391026
vt 0.902914 0.391026
vt 0.903270 0.391968
vt 0.902914 0.391968
vt 0.903270 0.392890
vt 0.902914 0.392890
vt 0.903270 0.393851
vt 0.902914 0.393851
vt 0.903270 0.394774
vt 0.902914 0.394774
vt 0.903270 0.395696
vt 0.902914 0.395696
vt 0.902914 0.396637
vt 0.903270 0.396657
vt 0.902914 0.397579
vt 0.903270 0.397579
vt 0.902914 0.398501
vt 0.903270 0.398521
vt 0.902914 0.399443
vt 0.903270 0.399443
vt 0.902914 0.400365
vt 0.903270 0.400385
vt 0.902914 0.401327
vt 0.903270 0.401327
vt 0.902914 0.402269
vt 0.903270 0.402269
vt 0.902914 0.403191
vt 0.903270 0.403191
vt 0.902914 0.404113
vt 0.903270 0.404133
vt 0.902914 0.405074
vt 0.903270 0.405074
vt 0.902914 0.405977
vt 0.903270 0.405997
vt 0.902914 0.406938
vt 0.903270 0.406938
vt 0.902914 0.407880
vt 0.903270 0.407880
vt 0.902914 0.408822
vt 0.903270 0.408822
vt 0.902914 0.409744
vt 0.903270 0.409744
vt 0.902914 0.410705
vt 0.903270 0.411628
vt 0.902914 0.411647
vt 0.903270 0.412550
vt 0.902914 0.412569
vt 0.903270 0.413492
vt 0.902914 0.413511
vt 0.903270 0.414433
vt 0.902914 0.414433
vt 0.903270 0.415375
vt 0.902914 0.415375
vt 0.903270 0.416297
vt 0.902914 0.416297
vt 0.950820 0.390198
vt 0.951199 0.390767
vt 0.950337 0.395103
vt 0.903270 0.417259
vt 0.902914 0.417259
vt 0.903270 0.418181
vt 0.902914 0.418181
vt 0.826293 0.968923
vt 0.826676 0.968355
vt 0.826676 0.965070
vt 0.888289 0.417259
vt 0.890786 0.418181
vt 0.888289 0.418181
vt 0.893283 0.413492
vt 0.893283 0.412569
vt 0.893283 0.413511
vt 0.895780 0.417259
vt 0.898277 0.418181
vt 0.895780 0.418181
vt 0.898277 0.417259
vt 0.900774 0.418181
vt 0.888289 0.416297
vt 0.890786 0.417259
vt 0.890786 0.392890
vt 0.890786 0.393851
vt 0.895780 0.388220
vt 0.895780 0.389142
vt 0.895780 0.416297
vt 0.898277 0.416297
vt 0.900774 0.417259
vt 0.888289 0.415375
vt 0.890786 0.416297
vt 0.890786 0.413492
vt 0.890786 0.412550
vt 0.890786 0.413511
vt 0.895780 0.407880
vt 0.895780 0.408822
vt 0.895780 0.415375
vt 0.898277 0.415375
vt 0.900774 0.416297
vt 0.888289 0.414433
vt 0.890786 0.415375
vt 0.893283 0.388220
vt 0.893283 0.389142
vt 0.893283 0.389142
vt 0.895780 0.414433
vt 0.898277 0.414433
vt 0.900774 0.415375
vt 0.888289 0.413492
vt 0.890786 0.414433
vt 0.893283 0.407880
vt 0.893283 0.408822
vt 0.893283 0.407880
vt 0.893283 0.408822
vt 0.895780 0.413511
vt 0.898277 0.413511
vt 0.900774 0.414433
vt 0.888289 0.412550
vt 0.890786 0.388220
vt 0.890786 0.389142
vt 0.895780 0.403191
vt 0.895780 0.404133
vt 0.895780 0.412569
vt 0.898277 0.412569
vt 0.900774 0.413492
vt 0.888289 0.411628
vt 0.890786 0.412569
vt 0.890786 0.407880
vt 0.890786 0.408822
vt 0.890786 0.408822
vt 0.893283 0.403191
vt 0.893283 0.404133
vt 0.893283 0.404133
vt 0.895780 0.411628
vt 0.898277 0.411647
vt 0.900774 0.412569
vt 0.888289 0.410705
vt 0.890786 0.411647
vt 0.893283 0.404113
vt 0.895780 0.399424
vt 0.895780 0.398521
vt 0.895780 0.398501
vt 0.895780 0.410725
vt 0.898277 0.410705
vt 0.900774 0.411628
vt 0.890786 0.409744
vt 0.888289 0.409744
vt 0.890786 0.403191
vt 0.890786 0.404133
vt 0.893283 0.399443
vt 0.893283 0.398501
vt 0.893283 0.399424
vt 0.898277 0.409744
vt 0.895780 0.409744
vt 0.900774 0.409744
vt 0.888289 0.408822
vt 0.895780 0.393851
vt 0.895780 0.394774
vt 0.898277 0.408822
vt 0.895780 0.408822
vt 0.900774 0.408822
vt 0.888289 0.407880
vt 0.890786 0.399424
vt 0.890786 0.398521
vt 0.895780 0.413492
vt 0.898277 0.407880
vt 0.900774 0.407880
vt 0.890786 0.406919
vt 0.888289 0.406938
vt 0.893283 0.393851
vt 0.893283 0.394774
vt 0.893283 0.393851
vt 0.893283 0.394774
vt 0.898277 0.406938
vt 0.895780 0.406938
vt 0.900774 0.406938
vt 0.890786 0.405997
vt 0.888289 0.405997
vt 0.893283 0.414433
vt 0.893283 0.414433
vt 0.898277 0.405997
vt 0.895780 0.405977
vt 0.900774 0.405997
vt 0.890786 0.405055
vt 0.888289 0.405074
vt 0.890786 0.394774
vt 0.895780 0.389142
vt 0.895780 0.390104
vt 0.898277 0.405074
vt 0.895780 0.405074
vt 0.900774 0.405074
vt 0.888289 0.404133
vt 0.895780 0.409744
vt 0.898277 0.404133
vt 0.895780 0.404113
vt 0.900774 0.404133
vt 0.888289 0.403191
vt 0.893283 0.390104
vt 0.898277 0.403191
vt 0.900774 0.403191
vt 0.890786 0.402269
vt 0.888289 0.402269
vt 0.893283 0.409744
vt 0.898277 0.402269
vt 0.895780 0.402269
vt 0.890786 0.401327
vt 0.888289 0.401327
vt 0.890786 0.390104
vt 0.895780 0.405055
vt 0.898277 0.401327
vt 0.895780 0.401327
vt 0.900774 0.402269
vt 0.890786 0.400385
vt 0.888289 0.400385
vt 0.890786 0.409744
vt 0.893283 0.405074
vt 0.893283 0.405055
vt 0.898277 0.400365
vt 0.895780 0.400385
vt 0.900774 0.401327
vt 0.888289 0.399443
vt 0.893283 0.405074
vt 0.898277 0.399443
vt 0.900774 0.400365
vt 0.890786 0.398501
vt 0.888289 0.398521
vt 0.890786 0.405074
vt 0.893283 0.400365
vt 0.898277 0.398501
vt 0.900774 0.399424
vt 0.890786 0.397560
vt 0.888289 0.397579
vt 0.895780 0.394774
vt 0.895780 0.395696
vt 0.898277 0.397560
vt 0.895780 0.397579
vt 0.900774 0.398501
vt 0.890786 0.396637
vt 0.888289 0.396657
vt 0.890786 0.400365
vt 0.898277 0.396657
vt 0.895780 0.396637
vt 0.900774 0.397560
vt 0.890786 0.395696
vt 0.888289 0.395696
vt 0.893283 0.395696
vt 0.893283 0.395696
vt 0.898277 0.395696
vt 0.895780 0.395696
vt 0.900774 0.396637
vt 0.888289 0.394774
vt 0.893283 0.415375
vt 0.900774 0.394774
vt 0.898277 0.394774
vt 0.888289 0.393851
vt 0.890786 0.395696
vt 0.895780 0.390104
vt 0.895780 0.391026
vt 0.900774 0.393851
vt 0.898277 0.393851
vt 0.888289 0.392890
vt 0.890786 0.415375
vt 0.895780 0.392890
vt 0.900774 0.392890
vt 0.898277 0.392890
vt 0.888289 0.391968
vt 0.893283 0.391026
vt 0.895780 0.391968
vt 0.900774 0.391968
vt 0.898277 0.391968
vt 0.888289 0.391026
vt 0.890786 0.391968
vt 0.893283 0.410705
vt 0.893283 0.410725
vt 0.895780 0.391026
vt 0.900774 0.391026
vt 0.898277 0.391026
vt 0.888289 0.390104
vt 0.890786 0.391026
vt 0.890786 0.391026
vt 0.895780 0.405997
vt 0.900774 0.390104
vt 0.898277 0.390104
vt 0.888289 0.389142
vt 0.890786 0.410725
vt 0.890786 0.410705
vt 0.893283 0.405997
vt 0.900774 0.389142
vt 0.898277 0.389142
vt 0.888289 0.388220
vt 0.893283 0.405977
vt 0.895780 0.400365
vt 0.900774 0.388220
vt 0.898277 0.388220
vt 0.893283 0.417259
vt 0.893283 0.418181
vt 0.893283 0.416297
vt 0.893283 0.411647
vt 0.895780 0.411647
vt 0.895780 0.406919
vt 0.893283 0.406938
vt 0.893283 0.403191
vt 0.895780 0.402269
vt 0.893283 0.402269
vt 0.893283 0.401327
vt 0.895780 0.397560
vt 0.893283 0.397560
vt 0.893283 0.396637
vt 0.893283 0.392890
vt 0.893283 0.391968
vt 0.895780 0.392890
vt 0.895780 0.391968
vt 0.893283 0.406938
vt 0.893283 0.391968
vt 0.893283 0.417259
vt 0.893283 0.397579
vt 0.893283 0.411628
vt 0.893283 0.416297
vt 0.893283 0.401327
vt 0.890786 0.417259
vt 0.890786 0.411628
vt 0.890786 0.407880
vt 0.890786 0.403191
vt 0.893283 0.402269
vt 0.890786 0.401327
vt 0.893283 0.400385
vt 0.890786 0.397579
vt 0.893283 0.396657
vt 0.890786 0.392890
vt 0.890786 0.391968
vt 0.901130 0.418181
vt 0.901487 0.417259
vt 0.901130 0.417259
vt 0.901844 0.417259
vt 0.901487 0.418181
vt 0.902200 0.418181
vt 0.901844 0.418181
vt 0.902200 0.417259
vt 0.902557 0.418181
vt 0.902557 0.417259
vt 0.901487 0.416297
vt 0.901130 0.416297
vt 0.901844 0.416297
vt 0.902200 0.416297
vt 0.902557 0.416297
vt 0.901487 0.415375
vt 0.901130 0.415375
vt 0.901844 0.415375
vt 0.902200 0.415375
vt 0.902557 0.415375
vt 0.901487 0.414433
vt 0.901130 0.414433
vt 0.901844 0.414433
vt 0.902200 0.414433
vt 0.902557 0.414433
vt 0.901487 0.413511
vt 0.901130 0.413511
vt 0.901844 0.413492
vt 0.902200 0.413511
vt 0.902557 0.413511
vt 0.901487 0.412550
vt 0.901130 0.412550
vt 0.901844 0.412569
vt 0.902200 0.412569
vt 0.902557 0.412550
vt 0.901487 0.411647
vt 0.901130 0.411647
vt 0.901844 0.411647
vt 0.902200 0.411628
vt 0.902557 0.411647
vt 0.900774 0.410725
vt 0.901487 0.410725
vt 0.901130 0.410705
vt 0.901844 0.410705
vt 0.902200 0.410725
vt 0.902557 0.410725
vt 0.901130 0.409744
vt 0.901487 0.409744
vt 0.902200 0.409744
vt 0.901844 0.409744
vt 0.902557 0.409744
vt 0.901130 0.408822
vt 0.901487 0.408822
vt 0.902200 0.408822
vt 0.901844 0.408822
vt 0.902557 0.408822
vt 0.901130 0.407880
vt 0.901487 0.407880
vt 0.902200 0.407880
vt 0.901844 0.407880
vt 0.902557 0.407880
vt 0.901130 0.406938
vt 0.901487 0.406938
vt 0.902200 0.406938
vt 0.901844 0.406919
vt 0.902557 0.406938
vt 0.901130 0.405997
vt 0.901487 0.405997
vt 0.902200 0.405977
vt 0.901844 0.405997
vt 0.902557 0.405997
vt 0.901130 0.405074
vt 0.901487 0.405055
vt 0.902200 0.405074
vt 0.901844 0.405074
vt 0.902557 0.405074
vt 0.901130 0.404113
vt 0.901487 0.404133
vt 0.902200 0.404133
vt 0.901844 0.404113
vt 0.902557 0.404133
vt 0.901130 0.403191
vt 0.901487 0.403191
vt 0.902200 0.403191
vt 0.901844 0.403191
vt 0.902557 0.403191
vt 0.901130 0.402269
vt 0.901487 0.402269
vt 0.901844 0.402269
vt 0.902200 0.402269
vt 0.902557 0.402269
vt 0.901130 0.401327
vt 0.901487 0.401327
vt 0.901844 0.401327
vt 0.902200 0.401327
vt 0.902557 0.401327
vt 0.901130 0.400365
vt 0.901487 0.400365
vt 0.901844 0.400365
vt 0.902200 0.400385
vt 0.902557 0.400365
vt 0.901130 0.399443
vt 0.901487 0.399443
vt 0.901844 0.399424
vt 0.902200 0.399424
vt 0.902557 0.399424
vt 0.901130 0.398501
vt 0.901487 0.398501
vt 0.901844 0.398521
vt 0.902200 0.398501
vt 0.902557 0.398501
vt 0.901130 0.397560
vt 0.901487 0.397579
vt 0.901844 0.397560
vt 0.902200 0.397560
vt 0.902557 0.397560
vt 0.901130 0.396637
vt 0.901487 0.396637
vt 0.901844 0.396657
vt 0.902200 0.396637
vt 0.902557 0.396637
vt 0.901130 0.395696
vt 0.900774 0.395696
vt 0.901487 0.395696
vt 0.901844 0.395696
vt 0.902200 0.395696
vt 0.902557 0.395696
vt 0.901130 0.394774
vt 0.901487 0.394774
vt 0.901844 0.394774
vt 0.902557 0.394774
vt 0.902200 0.394774
vt 0.901130 0.393851
vt 0.901487 0.393851
vt 0.901844 0.393851
vt 0.902557 0.393851
vt 0.902200 0.393851
vt 0.901130 0.392890
vt 0.901487 0.392890
vt 0.901844 0.392890
vt 0.902557 0.392890
vt 0.902200 0.392890
vt 0.901130 0.391968
vt 0.901487 0.391968
vt 0.901844 0.391968
vt 0.902557 0.391968
vt 0.902200 0.391968
vt 0.901130 0.391026
vt 0.901487 0.391026
vt 0.901844 0.391026
vt 0.902557 0.391026
vt 0.902200 0.391026
vt 0.901130 0.390104
vt 0.901487 0.390104
vt 0.901844 0.390104
vt 0.902557 0.390104
vt 0.902200 0.390104
vt 0.901130 0.389142
vt 0.901487 0.389142
vt 0.901844 0.389142
vt 0.902557 0.389142
vt 0.902200 0.389142
vt 0.901130 0.388220
vt 0.901487 0.388220
vt 0.901844 0.388220
vt 0.902557 0.388220
vt 0.902200 0.388220
vt 0.500388 0.574931
vt 0.500388 0.450026
vt 0.505393 0.574000
vt 0.657901 0.834527
vt 0.752722 0.840079
vt 0.657749 0.838723
vt 0.531554 0.570997
vt 0.500761 0.449889
vt 0.500688 0.449708
vt 0.040701 0.820138
vt 0.135676 0.821398
vt 0.135673 0.821493
vt 0.517860 0.571856
vt 0.500738 0.450038
vt 0.521993 0.571544
vt 0.340083 0.719295
vt 0.434904 0.724847
vt 0.339931 0.723491
vt 0.500551 0.450178
vt 0.500451 0.450130
vt 0.500389 0.449898
vt 0.513852 0.572366
vt 0.301387 0.855868
vt 0.206412 0.854603
vt 0.206414 0.854508
vt 0.519617 0.584261
vt 0.519363 0.586327
vt 0.517785 0.582274
vt 0.323251 0.860740
vt 0.318399 0.855619
vt 0.323393 0.856765
vt 0.318187 0.861527
vt 0.314845 0.854508
vt 0.310333 0.861404
vt 0.310555 0.855181
vt 0.306482 0.860701
vt 0.306664 0.855607
vt 0.304025 0.860259
vt 0.304182 0.855873
vt 0.301237 0.860064
vt 0.515392 0.583234
vt 0.515970 0.580875
vt 0.516500 0.582514
vt 0.514153 0.581851
vt 0.515631 0.579760
vt 0.512386 0.579399
vt 0.515174 0.578373
vt 0.511303 0.577370
vt 0.514685 0.576416
vt 0.510551 0.575575
vt 0.514307 0.574709
vt 0.509772 0.573092
vt 0.317925 0.722586
vt 0.323133 0.717826
vt 0.322920 0.723734
vt 0.326758 0.716973
vt 0.326473 0.724847
vt 0.330763 0.724175
vt 0.330987 0.717952
vt 0.334654 0.723750
vt 0.334838 0.718656
vt 0.337137 0.723485
vt 0.337295 0.719100
vt 0.518929 0.582873
vt 0.517905 0.580635
vt 0.519893 0.581193
vt 0.517964 0.579491
vt 0.520405 0.579934
vt 0.521055 0.578308
vt 0.518020 0.578009
vt 0.521562 0.576057
vt 0.518049 0.575965
vt 0.521857 0.574139
vt 0.518013 0.574227
vt 0.018838 0.815257
vt 0.023688 0.820381
vt 0.018694 0.819232
vt 0.023902 0.814472
vt 0.027242 0.821493
vt 0.031756 0.814598
vt 0.031532 0.820822
vt 0.035607 0.815303
vt 0.035423 0.820397
vt 0.038064 0.815746
vt 0.037906 0.820132
vt 0.040851 0.815942
vt 0.523507 0.586027
vt 0.521867 0.582860
vt 0.526511 0.584849
vt 0.524453 0.579519
vt 0.528606 0.581828
vt 0.525465 0.576798
vt 0.530129 0.578272
vt 0.526083 0.574442
vt 0.531051 0.575109
vt 0.526468 0.571338
vt 0.635743 0.837818
vt 0.640951 0.833058
vt 0.640738 0.838966
vt 0.644576 0.832205
vt 0.644292 0.840079
vt 0.648581 0.839407
vt 0.648806 0.833184
vt 0.652472 0.838982
vt 0.652656 0.833888
vt 0.654955 0.838718
vt 0.655113 0.834332
vt 0.515134 0.584531
vt 0.512101 0.587312
vt 0.512733 0.583734
vt 0.509035 0.587024
vt 0.511296 0.582784
vt 0.509497 0.581355
vt 0.506162 0.584688
vt 0.507711 0.579026
vt 0.503597 0.581621
vt 0.506535 0.576907
vt 0.501903 0.578792
vt 0.449745 0.937978
vt 0.448654 0.960376
vt 0.448886 0.941121
vt 0.446535 0.940007
vt 0.442106 0.953905
vt 0.440190 0.952911
vt 0.449215 0.942897
vt 0.438739 0.952428
vt 0.522815 0.318315
vt 0.550140 0.318315
vt 0.536478 0.341979
vt 0.449777 0.959083
vt 0.441085 0.951999
vt 0.448580 0.961613
vt 0.447359 0.961645
vt 0.427664 0.960194
vt 0.427037 0.958463
vt 0.448798 0.961855
vt 0.426787 0.958448
vt 0.449777 0.937751
vt 0.898192 0.729770
vt 0.921856 0.716108
vt 0.921856 0.743432
vt 0.428524 0.957258
vt 0.444045 0.955828
vt 0.443671 0.940940
vt 0.429449 0.954402
vt 0.921857 0.674665
vt 0.898193 0.661003
vt 0.921857 0.647340
vt 0.429455 0.960548
vt 0.446059 0.962745
vt 0.440593 0.950544
vt 0.901910 0.775582
vt 0.925573 0.789245
vt 0.901910 0.802907
vt 0.555702 0.943942
vt 0.570668 0.941868
vt 0.571108 0.944159
vt 0.577923 0.942181
vt 0.578885 0.943748
vt 0.570329 0.940820
vt 0.577376 0.941413
vt 0.555787 0.939567
vt 0.938733 0.281053
vt 0.938209 0.268126
vt 0.939650 0.266142
vt 0.938251 0.263156
vt 0.940442 0.258776
vt 0.555899 0.940623
vt 0.537378 0.938749
vt 0.938125 0.300088
vt 0.936113 0.279307
vt 0.933313 0.273997
vt 0.927602 0.288264
vt 0.932541 0.313168
vt 0.933833 0.296556
vt 0.922909 0.301473
vt 0.920748 0.289872
vt 0.918495 0.278379
vt 0.928875 0.267887
vt 0.908351 0.269284
vt 0.922768 0.263371
vt 0.906918 0.276354
vt 0.895034 0.274620
vt 0.912136 0.291603
vt 0.905208 0.292119
vt 0.910851 0.286258
vt 0.905481 0.285148
vt 0.899590 0.291898
vt 0.892231 0.305442
vt 0.894103 0.305413
vt 0.894957 0.307502
vt 0.900592 0.300529
vt 0.899741 0.297860
vt 0.901045 0.298219
vt 0.917813 0.311640
vt 0.920249 0.333123
vt 0.928740 0.325914
vt 0.934791 0.332681
vt 0.938069 0.318325
vt 0.925318 0.341416
vt 0.520286 0.939550
vt 0.509190 0.936635
vt 0.520704 0.938528
vt 0.508563 0.937177
vt 0.502488 0.929862
vt 0.498059 0.920282
vt 0.501733 0.930358
vt 0.911163 0.345696
vt 0.498247 0.910326
vt 0.499186 0.920012
vt 0.896576 0.343158
vt 0.908710 0.335954
vt 0.911175 0.317357
vt 0.897666 0.334561
vt 0.903785 0.319952
vt 0.897684 0.307238
vt 0.896265 0.301395
vt 0.902317 0.304738
vt 0.895360 0.302356
vt 0.890608 0.300018
vt 0.892942 0.295442
vt 0.890337 0.302666
vt 0.880490 0.287630
vt 0.864280 0.292254
vt 0.864695 0.281364
vt 0.878754 0.294788
vt 0.866706 0.301462
vt 0.856083 0.291856
vt 0.856083 0.278735
vt 0.859844 0.303205
vt 0.536157 0.866044
vt 0.546592 0.865069
vt 0.536382 0.866880
vt 0.546598 0.863956
vt 0.557676 0.866338
vt 0.529712 0.871375
vt 0.529964 0.872211
vt 0.870143 0.306009
vt 0.867223 0.309581
vt 0.525725 0.881259
vt 0.526677 0.882045
vt 0.878714 0.310380
vt 0.878850 0.305549
vt 0.887062 0.308113
vt 0.886581 0.310505
vt 0.885444 0.309477
vt 0.889098 0.310616
vt 0.887229 0.312103
vt 0.891637 0.320511
vt 0.896707 0.320685
vt 0.885830 0.320929
vt 0.891824 0.330996
vt 0.887789 0.334943
vt 0.502128 0.903628
vt 0.499107 0.910387
vt 0.510863 0.898351
vt 0.502929 0.903775
vt 0.497806 0.900255
vt 0.492892 0.909164
vt 0.506776 0.893168
vt 0.514531 0.886644
vt 0.517901 0.893548
vt 0.512798 0.888387
vt 0.521903 0.888980
vt 0.516000 0.884681
vt 0.520321 0.891623
vt 0.518824 0.894170
vt 0.524545 0.883860
vt 0.525339 0.884601
vt 0.519743 0.877917
vt 0.525473 0.867438
vt 0.533953 0.860678
vt 0.546631 0.857891
vt 0.557999 0.865471
vt 0.560239 0.860047
vt 0.566701 0.871071
vt 0.570554 0.867500
vt 0.492340 0.921511
vt 0.497210 0.933517
vt 0.506032 0.941409
vt 0.519220 0.944151
vt 0.537267 0.939806
vt 0.536785 0.944159
vt 0.579683 0.941607
vt 0.580942 0.942751
vt 0.581736 0.940610
vt 0.580094 0.939815
vt 0.579128 0.941103
vt 0.579295 0.939348
vt 0.936927 0.259926
vt 0.938146 0.256435
vt 0.940263 0.256654
vt 0.933725 0.258541
vt 0.928742 0.258506
vt 0.917412 0.260468
vt 0.930764 0.257085
vt 0.915637 0.257761
vt 0.578994 0.932679
vt 0.575264 0.918069
vt 0.576329 0.918085
vt 0.577914 0.932454
vt 0.572629 0.899821
vt 0.573708 0.899595
vt 0.895675 0.258523
vt 0.570650 0.883274
vt 0.571717 0.882578
vt 0.881978 0.265545
vt 0.875389 0.259937
vt 0.899548 0.262992
vt 0.861551 0.267426
vt 0.885239 0.280584
vt 0.869707 0.271694
vt 0.566264 0.871840
vt 0.576203 0.880750
vt 0.578053 0.898671
vt 0.579620 0.917573
vt 0.581315 0.932882
vt 0.915010 0.281962
vt 0.906326 0.280026
vt 0.917172 0.290583
vt 0.913442 0.296818
vt 0.515545 0.895246
vt 0.514038 0.897509
vt 0.513216 0.896846
vt 0.510902 0.890015
vt 0.508882 0.891592
vt 0.886459 0.317029
vt 0.889337 0.313656
vt 0.891527 0.317819
vt 0.896189 0.314970
vt 0.896998 0.319233
vt 0.900584 0.313851
vt 0.902848 0.318152
vt 0.907164 0.310897
vt 0.909902 0.315117
vt 0.915255 0.308864
vt 0.911702 0.304850
vt 0.918534 0.299317
vt 0.524014 0.887187
vt 0.522655 0.889808
vt 0.517315 0.882566
vt 0.518542 0.880306
vt 0.881788 0.309803
vt 0.884531 0.307548
vt 0.884147 0.309061
vt 0.883523 0.301457
vt 0.881085 0.305607
vt 0.879752 0.300851
vt 0.884419 0.297411
vt 0.880399 0.295530
vt 0.886836 0.291007
vt 0.882665 0.288667
vt 0.888201 0.282934
vt 0.897481 0.279008
vt 0.892386 0.286203
vt 0.878539 0.301163
vt 0.511725 0.899150
vt 0.523269 0.886413
vt 0.521358 0.892511
vt 0.900236 0.284042
vt 0.516403 0.895864
vt 0.887385 0.313969
vt 0.905623 0.297818
vt 0.892337 0.303567
vt 0.893045 0.304660
vt 0.894294 0.303419
vt 0.902816 0.297938
vt 0.904326 0.299356
vt 0.897074 0.297045
vt 0.898489 0.299136
vt 0.903633 0.297034
vt 0.898119 0.293279
vt 0.900485 0.293842
vt 0.899595 0.294749
vt 0.903480 0.293870
vt 0.899372 0.296539
vt 0.639352 0.889322
vt 0.637319 0.888062
vt 0.638737 0.883112
vt 0.631997 0.893937
vt 0.633451 0.895836
vt 0.627211 0.895836
vt 0.624687 0.891518
vt 0.624984 0.882236
vt 0.629626 0.886442
vt 0.634191 0.881026
vt 0.897355 0.472080
vt 0.897355 0.462299
vt 0.902094 0.466432
vt 0.906988 0.470382
vt 0.632600 0.889135
vt 0.634935 0.891250
vt 0.093737 0.860030
vt 0.078565 0.861358
vt 0.078241 0.859029
vt 0.071287 0.860656
vt 0.070403 0.859029
vt 0.078851 0.862430
vt 0.071796 0.861457
vt 0.093437 0.864431
vt 0.940017 0.551611
vt 0.938373 0.533081
vt 0.940442 0.529945
vt 0.937351 0.524963
vt 0.940442 0.515456
vt 0.093373 0.863362
vt 0.111922 0.866242
vt 0.938644 0.572796
vt 0.936576 0.549438
vt 0.932138 0.542619
vt 0.927772 0.560783
vt 0.932850 0.583898
vt 0.934508 0.569121
vt 0.924380 0.574253
vt 0.920751 0.563534
vt 0.915318 0.551506
vt 0.924423 0.535205
vt 0.899853 0.545816
vt 0.914026 0.531830
vt 0.901792 0.554003
vt 0.889313 0.558359
vt 0.912667 0.567245
vt 0.906520 0.569848
vt 0.909767 0.562467
vt 0.904129 0.563345
vt 0.901540 0.571799
vt 0.901601 0.585023
vt 0.902722 0.584185
vt 0.904025 0.585120
vt 0.905578 0.578356
vt 0.903984 0.576619
vt 0.905140 0.576421
vt 0.920989 0.583160
vt 0.923509 0.598104
vt 0.929527 0.593382
vt 0.933375 0.598445
vt 0.936918 0.588347
vt 0.926453 0.603578
vt 0.129263 0.866332
vt 0.139885 0.870623
vt 0.128694 0.867443
vt 0.140602 0.870153
vt 0.145654 0.878158
vt 0.148748 0.888129
vt 0.146438 0.877796
vt 0.917655 0.605398
vt 0.147729 0.897720
vt 0.147734 0.888237
vt 0.909624 0.604581
vt 0.916179 0.599993
vt 0.916686 0.587999
vt 0.909720 0.599843
vt 0.912061 0.590653
vt 0.905629 0.584039
vt 0.902754 0.580592
vt 0.908064 0.580901
vt 0.902371 0.581685
vt 0.897990 0.582292
vt 0.897576 0.577741
vt 0.899122 0.584235
vt 0.883059 0.578044
vt 0.870988 0.592277
vt 0.864955 0.581698
vt 0.885671 0.585190
vt 0.879415 0.599025
vt 0.862560 0.597506
vt 0.855010 0.584002
vt 0.874367 0.605602
vt 0.108472 0.940169
vt 0.097948 0.940569
vt 0.108296 0.939294
vt 0.097815 0.941816
vt 0.087022 0.938438
vt 0.115249 0.935036
vt 0.115014 0.934180
vt 0.885721 0.600582
vt 0.885801 0.605897
vt 0.119703 0.925101
vt 0.118786 0.924298
vt 0.896277 0.597854
vt 0.892790 0.593827
vt 0.900098 0.589216
vt 0.901390 0.590138
vt 0.900498 0.590902
vt 0.902063 0.588946
vt 0.902048 0.590000
vt 0.905134 0.592756
vt 0.907920 0.592078
vt 0.902196 0.593653
vt 0.906253 0.598337
vt 0.904417 0.600746
vt 0.143466 0.903889
vt 0.146941 0.897597
vt 0.134654 0.908418
vt 0.142710 0.903707
vt 0.147386 0.907432
vt 0.152750 0.899262
vt 0.138324 0.913633
vt 0.130940 0.919700
vt 0.127680 0.912886
vt 0.132583 0.917986
vt 0.123656 0.917359
vt 0.129531 0.921685
vt 0.125269 0.914733
vt 0.126793 0.912252
vt 0.120942 0.922497
vt 0.120153 0.921738
vt 0.125698 0.928679
vt 0.119419 0.939222
vt 0.110448 0.945733
vt 0.097385 0.947876
vt 0.086622 0.939298
vt 0.083905 0.944534
vt 0.078429 0.932913
vt 0.074245 0.936137
vt 0.154262 0.887605
vt 0.151273 0.875323
vt 0.143697 0.866280
vt 0.130824 0.861643
vt 0.112085 0.865151
vt 0.112795 0.860749
vt 0.069486 0.861139
vt 0.068282 0.859922
vt 0.067370 0.862033
vt 0.068978 0.862919
vt 0.070018 0.861675
vt 0.069756 0.863430
vt 0.933871 0.519669
vt 0.934153 0.512548
vt 0.938564 0.511487
vt 0.927647 0.519062
vt 0.919928 0.521743
vt 0.905465 0.531006
vt 0.921960 0.518471
vt 0.901594 0.528759
vt 0.069703 0.870151
vt 0.072704 0.885007
vt 0.071636 0.884938
vt 0.070776 0.870434
vt 0.074376 0.903492
vt 0.073293 0.903653
vt 0.880519 0.542540
vt 0.075443 0.920254
vt 0.074467 0.920817
vt 0.872371 0.557413
vt 0.863780 0.556415
vt 0.887162 0.544493
vt 0.854554 0.570044
vt 0.883493 0.569154
vt 0.864452 0.569819
vt 0.078923 0.932187
vt 0.069806 0.922342
vt 0.068896 0.904350
vt 0.068304 0.885284
vt 0.067383 0.869826
vt 0.912608 0.556667
vt 0.902832 0.557984
vt 0.917289 0.564988
vt 0.915115 0.571685
vt 0.130012 0.911284
vt 0.131536 0.909122
vt 0.132313 0.909795
vt 0.134373 0.916444
vt 0.136293 0.915009
vt 0.902119 0.591765
vt 0.902934 0.589912
vt 0.904699 0.591442
vt 0.906672 0.589000
vt 0.907881 0.591247
vt 0.909043 0.587450
vt 0.911225 0.589707
vt 0.912949 0.584156
vt 0.915540 0.586650
vt 0.918704 0.581329
vt 0.915290 0.578759
vt 0.920150 0.572901
vt 0.121516 0.919143
vt 0.122915 0.916516
vt 0.128236 0.923861
vt 0.126981 0.926203
vt 0.898286 0.594853
vt 0.898414 0.590928
vt 0.899542 0.592196
vt 0.893629 0.587479
vt 0.894554 0.592186
vt 0.890310 0.589491
vt 0.891847 0.583843
vt 0.887496 0.584756
vt 0.890344 0.577283
vt 0.885527 0.577642
vt 0.887334 0.569597
vt 0.893812 0.561221
vt 0.892685 0.570271
vt 0.889534 0.590591
vt 0.133821 0.907590
vt 0.122257 0.919932
vt 0.124268 0.913811
vt 0.898718 0.564587
vt 0.129195 0.910659
vt 0.902290 0.590318
vt 0.908737 0.574593
vt 0.900845 0.583841
vt 0.901749 0.584194
vt 0.902078 0.582845
vt 0.906473 0.575598
vt 0.908122 0.576242
vt 0.901574 0.577054
vt 0.903487 0.578080
vt 0.906824 0.574587
vt 0.900853 0.573572
vt 0.903071 0.573075
vt 0.902681 0.574177
vt 0.905634 0.571971
vt 0.903190 0.575722
vt 0.072687 0.512109
vt 0.074721 0.513368
vt 0.073306 0.518319
vt 0.080043 0.507490
vt 0.078588 0.505591
vt 0.084829 0.505591
vt 0.087346 0.509902
vt 0.087060 0.519184
vt 0.082413 0.514984
vt 0.077854 0.520403
vt 0.248992 0.056905
vt 0.256484 0.050617
vt 0.256364 0.056905
vt 0.256484 0.063192
vt 0.079440 0.512292
vt 0.077105 0.510178
vt 0.087353 0.509910
vt 0.805007 0.909756
vt 0.805700 0.914408
vt 0.805697 0.914410
vt 0.804720 0.908692
vt 0.805010 0.909755
vt 0.804432 0.907629
vt 0.804721 0.908692
vt 0.804143 0.906566
vt 0.804433 0.907629
vt 0.803855 0.905503
vt 0.804144 0.906566
vt 0.802865 0.905021
vt 0.803856 0.905502
vt 0.801874 0.904539
vt 0.802865 0.905020
vt 0.800884 0.904056
vt 0.801875 0.904538
vt 0.799893 0.903576
vt 0.800884 0.904055
vt 0.795449 0.902027
vt 0.799894 0.903573
vt 0.793285 0.898625
vt 0.795452 0.902024
vt 0.793209 0.893859
vt 0.793290 0.898624
vt 0.794556 0.888976
vt 0.793213 0.893860
vt 0.797736 0.885548
vt 0.794560 0.888979
vt 0.803187 0.884641
vt 0.797738 0.885553
vt 0.810412 0.884971
vt 0.803187 0.884647
vt 0.818380 0.885037
vt 0.810412 0.884978
vt 0.824868 0.884818
vt 0.818380 0.885044
vt 0.828055 0.884641
vt 0.824869 0.884822
vt 0.828927 0.884754
vt 0.828055 0.884643
vt 0.828875 0.885632
vt 0.828927 0.884754
vt 0.828105 0.888729
vt 0.828873 0.885631
vt 0.826677 0.895062
vt 0.828101 0.888728
vt 0.825251 0.902902
vt 0.826670 0.895061
vt 0.824224 0.910061
vt 0.825244 0.902901
vt 0.822313 0.915246
vt 0.824218 0.910059
vt 0.818350 0.917729
vt 0.822309 0.915243
vt 0.813302 0.918139
vt 0.818349 0.917724
vt 0.808634 0.917172
vt 0.813302 0.918134
vt 0.808636 0.917168
vt 0.174691 0.155820
vt 0.174707 0.170981
vt 0.174691 0.170989
vt 0.086803 0.390302
vt 0.083742 0.384947
vt 0.089982 0.384947
vt 0.136286 0.390302
vt 0.133186 0.384947
vt 0.139386 0.384947
vt 0.099203 0.390302
vt 0.096064 0.384947
vt 0.102303 0.384947
vt 0.111564 0.390302
vt 0.108464 0.384947
vt 0.114625 0.384947
vt 0.127025 0.384947
vt 0.123925 0.390302
vt 0.120864 0.384947
vt 0.123964 0.379593
vt 0.117764 0.379593
vt 0.111564 0.379593
vt 0.130086 0.379593
vt 0.127025 0.374238
vt 0.120864 0.374238
vt 0.123925 0.368883
vt 0.117725 0.368883
vt 0.114625 0.374238
vt 0.108464 0.374238
vt 0.111564 0.368883
vt 0.105403 0.368883
vt 0.105403 0.379593
vt 0.102225 0.374238
vt 0.099203 0.379593
vt 0.096142 0.374238
vt 0.099203 0.368883
vt 0.093042 0.379593
vt 0.086803 0.379593
vt 0.089903 0.374238
vt 0.083742 0.374238
vt 0.086803 0.368883
vt 0.093042 0.368883
vt 0.145547 0.374238
vt 0.142447 0.368883
vt 0.148686 0.368883
vt 0.080642 0.379593
vt 0.142447 0.379593
vt 0.139386 0.374238
vt 0.136286 0.379593
vt 0.133186 0.374238
vt 0.136286 0.368883
vt 0.130047 0.368883
vt 0.133186 0.363529
vt 0.127025 0.363529
vt 0.130086 0.358174
vt 0.120864 0.363529
vt 0.114625 0.363529
vt 0.117764 0.358174
vt 0.108464 0.363529
vt 0.102303 0.363529
vt 0.105403 0.358174
vt 0.096064 0.363529
vt 0.089982 0.363529
vt 0.093042 0.358174
vt 0.145547 0.363529
vt 0.139386 0.363529
vt 0.142447 0.358174
vt 0.871633 0.903271
vt 0.872516 0.900944
vt 0.872496 0.903271
vt 0.944794 0.023570
vt 0.945055 0.024198
vt 0.947795 0.026020
vt 0.898690 0.903271
vt 0.899553 0.900944
vt 0.899553 0.903271
vt 0.898710 0.900944
vt 0.871633 0.900944
vt 0.872496 0.898617
vt 0.899553 0.898617
vt 0.873399 0.900944
vt 0.873399 0.898617
vt 0.874282 0.900944
vt 0.874282 0.900944
vt 0.874282 0.898617
vt 0.875145 0.900944
vt 0.875126 0.900944
vt 0.875145 0.898617
vt 0.875989 0.898617
vt 0.875989 0.900944
vt 0.876009 0.900944
vt 0.874262 0.903271
vt 0.875106 0.903271
vt 0.875989 0.903271
vt 0.876872 0.900944
vt 0.876872 0.903271
vt 0.877755 0.900944
vt 0.877755 0.903271
vt 0.877755 0.900944
vt 0.878618 0.900944
vt 0.878618 0.903271
vt 0.879501 0.903271
vt 0.879501 0.900944
vt 0.880364 0.903271
vt 0.880364 0.900944
vt 0.880364 0.900944
vt 0.878618 0.898617
vt 0.879501 0.898617
vt 0.880364 0.898617
vt 0.881228 0.900944
vt 0.881228 0.898617
vt 0.882111 0.900944
vt 0.881228 0.903271
vt 0.882111 0.903271
vt 0.882974 0.903271
vt 0.882974 0.900944
vt 0.882974 0.900944
vt 0.883857 0.903271
vt 0.883857 0.900944
vt 0.884720 0.903271
vt 0.884720 0.900944
vt 0.882974 0.898617
vt 0.883857 0.898617
vt 0.884720 0.898617
vt 0.885583 0.900944
vt 0.885583 0.898617
vt 0.886466 0.900944
vt 0.886466 0.900944
vt 0.885583 0.903271
vt 0.886486 0.903271
vt 0.887369 0.903271
vt 0.887349 0.900944
vt 0.887330 0.900944
vt 0.888213 0.903271
vt 0.888193 0.900944
vt 0.888213 0.900944
vt 0.889095 0.903271
vt 0.889056 0.900944
vt 0.889076 0.900944
vt 0.887330 0.898617
vt 0.888193 0.898617
vt 0.889056 0.898617
vt 0.889959 0.900944
vt 0.889939 0.900944
vt 0.889959 0.898617
vt 0.890822 0.900944
vt 0.889959 0.903271
vt 0.890822 0.903271
vt 0.891705 0.903271
vt 0.891685 0.900944
vt 0.891705 0.900944
vt 0.892588 0.903271
vt 0.892588 0.900944
vt 0.893451 0.900944
vt 0.893451 0.903271
vt 0.894315 0.900944
vt 0.894315 0.903271
vt 0.893451 0.898617
vt 0.894315 0.898617
vt 0.895198 0.898617
vt 0.895178 0.900944
vt 0.896100 0.900944
vt 0.896080 0.898617
vt 0.896944 0.900944
vt 0.896944 0.898617
vt 0.897807 0.900944
vt 0.897807 0.898617
vt 0.898710 0.898617
vt 0.896944 0.903271
vt 0.897807 0.903271
vt 0.896080 0.903271
vt 0.895178 0.903271
vt 0.898690 0.898617
vt 0.897827 0.898617
vt 0.896963 0.898617
vt 0.897827 0.896290
vt 0.898690 0.896290
vt 0.896944 0.896290
vt 0.896100 0.898617
vt 0.896100 0.896290
vt 0.895178 0.898617
vt 0.895178 0.896290
vt 0.894315 0.896290
vt 0.892608 0.898617
vt 0.892588 0.898617
vt 0.891705 0.898617
vt 0.890822 0.898617
vt 0.889939 0.898617
vt 0.889056 0.896290
vt 0.889076 0.898617
vt 0.889959 0.896290
vt 0.888193 0.896290
vt 0.888213 0.898617
vt 0.887330 0.896290
vt 0.887349 0.898617
vt 0.886466 0.898617
vt 0.886466 0.896290
vt 0.885583 0.896290
vt 0.884720 0.896290
vt 0.882974 0.896290
vt 0.883857 0.896290
vt 0.882111 0.898617
vt 0.882111 0.896290
vt 0.881228 0.896290
vt 0.880364 0.896290
vt 0.878618 0.896290
vt 0.879501 0.896290
vt 0.877755 0.898617
vt 0.876872 0.898617
vt 0.877755 0.896290
vt 0.876872 0.896290
vt 0.876009 0.898617
vt 0.875126 0.898617
vt 0.875145 0.896290
vt 0.876009 0.896290
vt 0.874262 0.896290
vt 0.873399 0.896290
vt 0.871633 0.898617
vt 0.872496 0.896290
vt 0.899553 0.896290
vt 0.898710 0.896290
vt 0.871633 0.896290
vt 0.872496 0.893963
vt 0.872516 0.896290
vt 0.899553 0.893963
vt 0.873399 0.893963
vt 0.874282 0.893963
vt 0.874282 0.896290
vt 0.875145 0.893964
vt 0.876009 0.893963
vt 0.876872 0.893963
vt 0.877755 0.893964
vt 0.878618 0.893963
vt 0.879501 0.893963
vt 0.880364 0.893963
vt 0.881228 0.893964
vt 0.882111 0.893963
vt 0.882974 0.893963
vt 0.883857 0.893964
vt 0.884720 0.893963
vt 0.885583 0.893963
vt 0.886466 0.893963
vt 0.887349 0.896290
vt 0.887330 0.893963
vt 0.888193 0.893964
vt 0.889076 0.893963
vt 0.889939 0.893964
vt 0.890822 0.896290
vt 0.891685 0.896290
vt 0.890822 0.893963
vt 0.891705 0.896290
vt 0.892588 0.896290
vt 0.891705 0.893963
vt 0.893471 0.896290
vt 0.893451 0.893963
vt 0.894315 0.893963
vt 0.893451 0.896290
vt 0.895178 0.893963
vt 0.896080 0.893963
vt 0.896080 0.896290
vt 0.896963 0.896290
vt 0.896944 0.893963
vt 0.897807 0.896290
vt 0.897807 0.893963
vt 0.898710 0.893964
vt 0.897827 0.891637
vt 0.898710 0.891637
vt 0.899553 0.891637
vt 0.899553 0.889310
vt 0.898670 0.889310
vt 0.871633 0.891637
vt 0.872496 0.889310
vt 0.872496 0.891637
vt 0.871633 0.893963
vt 0.873399 0.889310
vt 0.873399 0.891637
vt 0.874243 0.889310
vt 0.874282 0.891637
vt 0.875126 0.889310
vt 0.875126 0.891637
vt 0.875969 0.889310
vt 0.876009 0.891637
vt 0.876872 0.889310
vt 0.876872 0.891637
vt 0.877755 0.889310
vt 0.877755 0.891637
vt 0.878618 0.889310
vt 0.878618 0.891637
vt 0.879501 0.891637
vt 0.879501 0.889310
vt 0.880364 0.891637
vt 0.880364 0.889310
vt 0.881228 0.891637
vt 0.881228 0.889310
vt 0.882111 0.891637
vt 0.882111 0.889310
vt 0.882974 0.891637
vt 0.882974 0.889310
vt 0.883857 0.891637
vt 0.883857 0.889310
vt 0.884720 0.891637
vt 0.884720 0.889310
vt 0.885583 0.891637
vt 0.885583 0.889310
vt 0.886466 0.891637
vt 0.886466 0.889310
vt 0.887349 0.891637
vt 0.887349 0.889310
vt 0.888213 0.891637
vt 0.888232 0.889310
vt 0.889056 0.891637
vt 0.889095 0.889310
vt 0.889959 0.891637
vt 0.889959 0.889310
vt 0.890822 0.891637
vt 0.890822 0.889310
vt 0.891685 0.891637
vt 0.891705 0.889310
vt 0.892588 0.891637
vt 0.892588 0.893963
vt 0.893451 0.889310
vt 0.893451 0.891637
vt 0.894315 0.889310
vt 0.894315 0.891637
vt 0.895178 0.889310
vt 0.895178 0.891637
vt 0.896080 0.889310
vt 0.896080 0.891637
vt 0.896944 0.889310
vt 0.896944 0.891637
vt 0.897807 0.889310
vt 0.025879 0.954526
vt 0.026020 0.955201
vt 0.023590 0.958892
vt 0.873399 0.903271
vt 0.709978 0.079752
vt 0.708860 0.076744
vt 0.709978 0.076744
vt 0.872776 0.949917
vt 0.872619 0.950724
vt 0.879457 0.947891
vt 0.675014 0.079752
vt 0.673896 0.076744
vt 0.675014 0.076744
vt 0.673896 0.079752
vt 0.708860 0.079752
vt 0.709978 0.082759
vt 0.675014 0.082759
vt 0.707741 0.079752
vt 0.708860 0.082759
vt 0.706584 0.079752
vt 0.707722 0.082759
vt 0.705465 0.079752
vt 0.706584 0.082759
vt 0.705485 0.082759
vt 0.704347 0.079752
vt 0.704366 0.079752
vt 0.705465 0.076744
vt 0.706584 0.076744
vt 0.704347 0.076744
vt 0.703209 0.076744
vt 0.703209 0.079752
vt 0.702090 0.076744
vt 0.702051 0.079752
vt 0.700972 0.076744
vt 0.700972 0.079752
vt 0.699795 0.079752
vt 0.699814 0.076744
vt 0.698676 0.079752
vt 0.698716 0.076744
vt 0.698696 0.079752
vt 0.699814 0.082759
vt 0.698676 0.082759
vt 0.697578 0.082759
vt 0.697558 0.079752
vt 0.696440 0.082759
vt 0.696440 0.079752
vt 0.696459 0.079752
vt 0.697597 0.076744
vt 0.696479 0.076744
vt 0.695302 0.079752
vt 0.695361 0.076744
vt 0.694183 0.079752
vt 0.694183 0.076744
vt 0.693065 0.079752
vt 0.693065 0.076744
vt 0.694183 0.082759
vt 0.693065 0.082759
vt 0.691947 0.082759
vt 0.691947 0.079752
vt 0.690809 0.082759
vt 0.690809 0.079752
vt 0.691947 0.076744
vt 0.690809 0.076744
vt 0.689671 0.079752
vt 0.689671 0.076744
vt 0.688552 0.079752
vt 0.688552 0.076744
vt 0.687434 0.079752
vt 0.687434 0.076744
vt 0.688552 0.082759
vt 0.687434 0.082759
vt 0.686296 0.082759
vt 0.686296 0.079752
vt 0.685177 0.082759
vt 0.685177 0.079752
vt 0.686296 0.076744
vt 0.685177 0.076744
vt 0.684059 0.079752
vt 0.684059 0.076744
vt 0.682921 0.079752
vt 0.682902 0.076744
vt 0.681763 0.076744
vt 0.681803 0.079752
vt 0.680645 0.076744
vt 0.680684 0.079752
vt 0.680665 0.079752
vt 0.682921 0.082759
vt 0.681803 0.082759
vt 0.680665 0.082759
vt 0.679566 0.079752
vt 0.679546 0.079752
vt 0.678389 0.079752
vt 0.678428 0.079752
vt 0.679566 0.082759
vt 0.677270 0.079752
vt 0.678428 0.082759
vt 0.676152 0.079752
vt 0.676172 0.079752
vt 0.677270 0.082759
vt 0.676152 0.082759
vt 0.676152 0.076744
vt 0.677270 0.076744
vt 0.678389 0.076744
vt 0.679546 0.076744
vt 0.676172 0.082759
vt 0.677270 0.085766
vt 0.676152 0.085766
vt 0.678389 0.082759
vt 0.678389 0.085766
vt 0.679546 0.082759
vt 0.679566 0.085766
vt 0.680684 0.082759
vt 0.680684 0.085766
vt 0.681783 0.085766
vt 0.681783 0.082759
vt 0.684059 0.082759
vt 0.682902 0.082759
vt 0.686296 0.085766
vt 0.685177 0.085766
vt 0.687434 0.085766
vt 0.689671 0.082759
vt 0.688552 0.085766
vt 0.689671 0.085766
vt 0.690809 0.085766
vt 0.691947 0.085766
vt 0.695341 0.082759
vt 0.695302 0.082759
vt 0.694183 0.085766
vt 0.693065 0.085766
vt 0.695302 0.085766
vt 0.697558 0.082759
vt 0.696440 0.085766
vt 0.697558 0.085766
vt 0.698696 0.082759
vt 0.699795 0.082759
vt 0.700972 0.082759
vt 0.700933 0.082759
vt 0.699795 0.085766
vt 0.698696 0.085766
vt 0.702090 0.082759
vt 0.702090 0.085766
vt 0.702051 0.082759
vt 0.703209 0.082759
vt 0.703189 0.085766
vt 0.704347 0.085766
vt 0.704366 0.082759
vt 0.704347 0.082759
vt 0.705465 0.082759
vt 0.706584 0.085766
vt 0.705465 0.085766
vt 0.707722 0.085766
vt 0.708879 0.082759
vt 0.708860 0.085766
vt 0.709978 0.085766
vt 0.674994 0.085766
vt 0.673896 0.082759
vt 0.675014 0.085766
vt 0.673896 0.085766
vt 0.709978 0.088773
vt 0.674994 0.088773
vt 0.708879 0.088773
vt 0.707741 0.085766
vt 0.707722 0.088773
vt 0.706584 0.088773
vt 0.705485 0.088773
vt 0.704347 0.088773
vt 0.703209 0.085766
vt 0.703209 0.088773
vt 0.702051 0.085766
vt 0.702090 0.088773
vt 0.700972 0.085766
vt 0.699814 0.088773
vt 0.698676 0.088773
vt 0.698676 0.085766
vt 0.697558 0.088773
vt 0.697578 0.085766
vt 0.696459 0.088773
vt 0.695302 0.088773
vt 0.695341 0.085766
vt 0.694183 0.088773
vt 0.693065 0.088773
vt 0.691947 0.088773
vt 0.690809 0.088773
vt 0.689671 0.088773
vt 0.688552 0.088773
vt 0.687434 0.088773
vt 0.686296 0.088773
vt 0.685177 0.088773
vt 0.684059 0.085766
vt 0.684059 0.088773
vt 0.682921 0.085766
vt 0.682902 0.088773
vt 0.681803 0.085766
vt 0.681803 0.088773
vt 0.680665 0.085766
vt 0.680684 0.088773
vt 0.679566 0.088773
vt 0.678428 0.085766
vt 0.678428 0.088773
vt 0.677290 0.085766
vt 0.677270 0.088773
vt 0.676152 0.088773
vt 0.677270 0.091781
vt 0.676152 0.091781
vt 0.674994 0.091781
vt 0.673896 0.088773
vt 0.676152 0.092210
vt 0.675014 0.092210
vt 0.673896 0.091781
vt 0.709978 0.091781
vt 0.709978 0.092210
vt 0.708860 0.091781
vt 0.709978 0.092640
vt 0.708860 0.092210
vt 0.675014 0.092640
vt 0.673896 0.092210
vt 0.707741 0.091781
vt 0.708879 0.092640
vt 0.707722 0.092210
vt 0.706584 0.091781
vt 0.707722 0.092640
vt 0.706584 0.092210
vt 0.705465 0.091781
vt 0.706623 0.092640
vt 0.705485 0.092210
vt 0.704347 0.091781
vt 0.705465 0.092640
vt 0.704347 0.092210
vt 0.703189 0.091781
vt 0.704347 0.092640
vt 0.703209 0.092210
vt 0.702090 0.091781
vt 0.703189 0.092640
vt 0.702090 0.092210
vt 0.700972 0.091781
vt 0.702090 0.092640
vt 0.700933 0.092210
vt 0.699814 0.092210
vt 0.699795 0.091781
vt 0.699814 0.092640
vt 0.698676 0.092210
vt 0.698696 0.091781
vt 0.698676 0.092640
vt 0.697558 0.092210
vt 0.697578 0.091781
vt 0.697558 0.092640
vt 0.696459 0.092210
vt 0.696440 0.091781
vt 0.696459 0.092640
vt 0.695302 0.092210
vt 0.695302 0.091781
vt 0.695302 0.092640
vt 0.694183 0.092210
vt 0.694183 0.091781
vt 0.694183 0.092640
vt 0.693065 0.092210
vt 0.693065 0.091781
vt 0.693065 0.092640
vt 0.691947 0.092210
vt 0.691947 0.091781
vt 0.691947 0.092640
vt 0.690809 0.092210
vt 0.690809 0.091781
vt 0.690809 0.092640
vt 0.689671 0.092210
vt 0.689671 0.091781
vt 0.689671 0.092640
vt 0.688552 0.092210
vt 0.688552 0.091781
vt 0.688552 0.092640
vt 0.687434 0.092210
vt 0.687434 0.091781
vt 0.687434 0.092640
vt 0.686296 0.092210
vt 0.686296 0.091781
vt 0.686296 0.092640
vt 0.685177 0.092210
vt 0.685177 0.091781
vt 0.685177 0.092640
vt 0.684059 0.092210
vt 0.684059 0.091781
vt 0.684059 0.092640
vt 0.682921 0.092210
vt 0.682921 0.091781
vt 0.682921 0.092640
vt 0.681803 0.091781
vt 0.681803 0.092210
vt 0.680684 0.091781
vt 0.681803 0.092640
vt 0.680665 0.092210
vt 0.679546 0.091781
vt 0.680684 0.092640
vt 0.679566 0.092210
vt 0.678389 0.091781
vt 0.679566 0.092640
vt 0.678389 0.092210
vt 0.678428 0.092640
vt 0.677290 0.092210
vt 0.677270 0.092640
vt 0.676152 0.092640
vt 0.677270 0.093069
vt 0.676152 0.093069
vt 0.675014 0.093069
vt 0.673896 0.092640
vt 0.676152 0.093499
vt 0.674994 0.093499
vt 0.673896 0.093069
vt 0.709978 0.093069
vt 0.709978 0.093499
vt 0.708860 0.093069
vt 0.708879 0.093499
vt 0.707741 0.093069
vt 0.707722 0.093499
vt 0.706584 0.093069
vt 0.706584 0.093499
vt 0.705485 0.093069
vt 0.705465 0.093499
vt 0.704347 0.093069
vt 0.704347 0.093499
vt 0.703209 0.093069
vt 0.703209 0.093499
vt 0.702090 0.093069
vt 0.702051 0.093499
vt 0.700972 0.093069
vt 0.700972 0.092640
vt 0.699795 0.093499
vt 0.699795 0.093069
vt 0.698676 0.093499
vt 0.698676 0.093069
vt 0.697558 0.093499
vt 0.697578 0.093069
vt 0.696440 0.093499
vt 0.696440 0.093069
vt 0.695341 0.093499
vt 0.695302 0.093069
vt 0.694183 0.093499
vt 0.694183 0.093069
vt 0.693065 0.093499
vt 0.693065 0.093069
vt 0.691947 0.093499
vt 0.691947 0.093069
vt 0.690809 0.093499
vt 0.690809 0.093069
vt 0.689671 0.093499
vt 0.689671 0.093069
vt 0.688552 0.093499
vt 0.688552 0.093069
vt 0.687434 0.093499
vt 0.687434 0.093069
vt 0.686296 0.093499
vt 0.686296 0.093069
vt 0.685177 0.093499
vt 0.685177 0.093069
vt 0.684059 0.093499
vt 0.684059 0.093069
vt 0.682921 0.093499
vt 0.682921 0.093069
vt 0.681803 0.093069
vt 0.681803 0.093499
vt 0.680684 0.093069
vt 0.680684 0.093499
vt 0.679566 0.093069
vt 0.679566 0.093499
vt 0.678389 0.093069
vt 0.678389 0.093499
vt 0.677290 0.093499
vt 0.678428 0.093928
vt 0.677270 0.093928
vt 0.676172 0.093928
vt 0.677290 0.094358
vt 0.676152 0.094358
vt 0.675014 0.093928
vt 0.674994 0.094358
vt 0.673896 0.093928
vt 0.673896 0.093499
vt 0.709978 0.093928
vt 0.709978 0.094358
vt 0.708860 0.093928
vt 0.708879 0.094358
vt 0.707741 0.093928
vt 0.707722 0.094358
vt 0.706584 0.093928
vt 0.706584 0.094358
vt 0.705465 0.093928
vt 0.705485 0.094358
vt 0.704366 0.093928
vt 0.704347 0.094358
vt 0.703209 0.093928
vt 0.703209 0.094358
vt 0.702090 0.093928
vt 0.702051 0.094358
vt 0.700972 0.093928
vt 0.700972 0.093499
vt 0.699795 0.094358
vt 0.699795 0.093928
vt 0.698696 0.094358
vt 0.698696 0.093928
vt 0.697558 0.094358
vt 0.697558 0.093928
vt 0.696440 0.094358
vt 0.696440 0.093928
vt 0.695302 0.094358
vt 0.695302 0.093928
vt 0.694183 0.094358
vt 0.694183 0.093928
vt 0.693065 0.094358
vt 0.693065 0.093928
vt 0.691947 0.094358
vt 0.691947 0.093928
vt 0.690809 0.094358
vt 0.690809 0.093928
vt 0.689671 0.094358
vt 0.689671 0.093928
vt 0.688552 0.094358
vt 0.688552 0.093928
vt 0.687434 0.094358
vt 0.687434 0.093928
vt 0.686296 0.094358
vt 0.686296 0.093928
vt 0.685177 0.094358
vt 0.685177 0.093928
vt 0.684059 0.094358
vt 0.684059 0.093928
vt 0.682902 0.094358
vt 0.682921 0.093928
vt 0.681803 0.093928
vt 0.681803 0.094358
vt 0.680684 0.093928
vt 0.680684 0.094358
vt 0.679546 0.093928
vt 0.679566 0.094358
vt 0.678389 0.094358
vt 0.678389 0.094788
vt 0.679527 0.094788
vt 0.677270 0.094788
vt 0.632516 0.946953
vt 0.631942 0.946359
vt 0.638884 0.945663
vt 0.676152 0.094788
vt 0.675014 0.094788
vt 0.673896 0.094358
vt 0.709978 0.094788
vt 0.708860 0.094788
vt 0.707722 0.094788
vt 0.706584 0.094788
vt 0.705465 0.094788
vt 0.704347 0.094788
vt 0.703209 0.094788
vt 0.702090 0.094788
vt 0.700933 0.094358
vt 0.699834 0.094788
vt 0.698696 0.094788
vt 0.697597 0.094788
vt 0.696459 0.094788
vt 0.695361 0.094788
vt 0.694183 0.094788
vt 0.693065 0.094788
vt 0.691947 0.094788
vt 0.690809 0.094788
vt 0.689671 0.094788
vt 0.688552 0.094788
vt 0.687434 0.094788
vt 0.686296 0.094788
vt 0.685177 0.094788
vt 0.684059 0.094788
vt 0.682902 0.094788
vt 0.681763 0.094788
vt 0.680665 0.094788
vt 0.700972 0.088773
vt 0.707722 0.076744
vt 0.371244 0.899553
vt 0.368144 0.894199
vt 0.374305 0.894199
vt 0.420688 0.899553
vt 0.417588 0.894199
vt 0.423749 0.894199
vt 0.383605 0.899553
vt 0.380584 0.894199
vt 0.386666 0.894199
vt 0.395966 0.899553
vt 0.392905 0.894199
vt 0.399066 0.894199
vt 0.411427 0.894199
vt 0.408366 0.899553
vt 0.405227 0.894199
vt 0.408327 0.888844
vt 0.402127 0.888844
vt 0.395966 0.888844
vt 0.414527 0.888844
vt 0.411427 0.883489
vt 0.405227 0.883489
vt 0.408366 0.878134
vt 0.402127 0.878134
vt 0.399066 0.883489
vt 0.392827 0.883489
vt 0.395966 0.878134
vt 0.389766 0.878134
vt 0.389766 0.888844
vt 0.386744 0.883489
vt 0.383605 0.888844
vt 0.380466 0.883489
vt 0.383605 0.878134
vt 0.377405 0.888844
vt 0.371244 0.888844
vt 0.374305 0.883489
vt 0.368144 0.883489
vt 0.371244 0.878134
vt 0.377405 0.878134
vt 0.429949 0.883489
vt 0.426888 0.878134
vt 0.433049 0.878134
vt 0.365044 0.888844
vt 0.426888 0.888844
vt 0.423749 0.883489
vt 0.420649 0.888844
vt 0.417588 0.883489
vt 0.420688 0.878134
vt 0.414566 0.878134
vt 0.417588 0.872780
vt 0.411427 0.872780
vt 0.414527 0.867425
vt 0.405227 0.872780
vt 0.399066 0.872780
vt 0.402127 0.867425
vt 0.392905 0.872780
vt 0.386666 0.872780
vt 0.389766 0.867425
vt 0.380584 0.872780
vt 0.374305 0.872780
vt 0.377405 0.867425
vt 0.429949 0.872780
vt 0.423749 0.872780
vt 0.426888 0.867425
vt 0.204402 0.908378
vt 0.205285 0.910705
vt 0.204402 0.910705
vt 0.948768 0.159863
vt 0.949144 0.160436
vt 0.952182 0.161693
vt 0.231459 0.908378
vt 0.232323 0.910705
vt 0.231459 0.910705
vt 0.232323 0.908378
vt 0.205285 0.908378
vt 0.204402 0.906053
vt 0.231459 0.906053
vt 0.206168 0.908378
vt 0.205285 0.906053
vt 0.207032 0.908378
vt 0.206168 0.906053
vt 0.207895 0.908378
vt 0.207915 0.908378
vt 0.207032 0.906053
vt 0.207895 0.906053
vt 0.208778 0.908378
vt 0.208758 0.908378
vt 0.207934 0.910705
vt 0.207032 0.910705
vt 0.208778 0.910705
vt 0.209641 0.910705
vt 0.209622 0.908378
vt 0.210524 0.910705
vt 0.210524 0.908378
vt 0.210504 0.908378
vt 0.211407 0.910705
vt 0.211407 0.908378
vt 0.212270 0.908378
vt 0.212270 0.910705
vt 0.213114 0.908378
vt 0.213134 0.910705
vt 0.213134 0.908378
vt 0.212270 0.906053
vt 0.213134 0.906053
vt 0.214036 0.906053
vt 0.214017 0.908378
vt 0.214880 0.906053
vt 0.214880 0.908378
vt 0.214017 0.910705
vt 0.214880 0.910705
vt 0.215763 0.908378
vt 0.215763 0.910705
vt 0.215782 0.908378
vt 0.216626 0.908378
vt 0.216626 0.910705
vt 0.217509 0.908378
vt 0.217509 0.910705
vt 0.217529 0.908378
vt 0.216626 0.906053
vt 0.217509 0.906053
vt 0.218372 0.906053
vt 0.218372 0.908378
vt 0.218392 0.908378
vt 0.219236 0.906053
vt 0.219255 0.908378
vt 0.219236 0.908378
vt 0.218372 0.910705
vt 0.219236 0.910705
vt 0.220119 0.908378
vt 0.220119 0.910705
vt 0.221001 0.908378
vt 0.221001 0.910705
vt 0.221021 0.908378
vt 0.221865 0.908378
vt 0.221845 0.910705
vt 0.221884 0.908378
vt 0.221021 0.906053
vt 0.221884 0.906053
vt 0.222748 0.906053
vt 0.222728 0.908378
vt 0.222748 0.908378
vt 0.223611 0.906053
vt 0.223611 0.908378
vt 0.222728 0.910705
vt 0.223572 0.910705
vt 0.224474 0.908378
vt 0.224474 0.910705
vt 0.225357 0.908378
vt 0.225357 0.910705
vt 0.226221 0.910705
vt 0.226221 0.908378
vt 0.227104 0.910705
vt 0.227104 0.908378
vt 0.225357 0.906053
vt 0.226221 0.906053
vt 0.227104 0.906053
vt 0.227967 0.908378
vt 0.228830 0.908378
vt 0.227967 0.906053
vt 0.229713 0.908378
vt 0.228830 0.906053
vt 0.230596 0.908378
vt 0.229713 0.906053
vt 0.230596 0.906053
vt 0.230596 0.910705
vt 0.229713 0.910705
vt 0.228830 0.910705
vt 0.227967 0.910705
vt 0.229713 0.903727
vt 0.230596 0.903727
vt 0.228830 0.903727
vt 0.227967 0.903727
vt 0.227104 0.903727
vt 0.226221 0.903727
vt 0.224474 0.906053
vt 0.223591 0.906053
vt 0.221865 0.906053
vt 0.222728 0.903727
vt 0.223611 0.903727
vt 0.221884 0.903727
vt 0.221001 0.906053
vt 0.220138 0.906053
vt 0.220119 0.906053
vt 0.221021 0.903727
vt 0.219255 0.906053
vt 0.220138 0.903727
vt 0.218392 0.906053
vt 0.219236 0.903727
vt 0.218372 0.903727
vt 0.216646 0.906053
vt 0.215763 0.906053
vt 0.216626 0.903727
vt 0.217529 0.903727
vt 0.215763 0.903727
vt 0.214017 0.906053
vt 0.214899 0.903727
vt 0.214017 0.903727
vt 0.212251 0.906053
vt 0.211387 0.906053
vt 0.211407 0.906053
vt 0.212270 0.903727
vt 0.213134 0.903727
vt 0.210504 0.906053
vt 0.210524 0.903727
vt 0.209622 0.906053
vt 0.209622 0.903727
vt 0.208758 0.903727
vt 0.208778 0.906053
vt 0.208758 0.906053
vt 0.207915 0.906053
vt 0.207032 0.903727
vt 0.207895 0.903727
vt 0.206168 0.903727
vt 0.205285 0.903727
vt 0.204402 0.903727
vt 0.231459 0.903727
vt 0.232323 0.906053
vt 0.232323 0.903727
vt 0.204402 0.901400
vt 0.231459 0.901400
vt 0.205285 0.901400
vt 0.206168 0.901400
vt 0.207032 0.901400
vt 0.207895 0.901400
vt 0.208758 0.901400
vt 0.209641 0.901400
vt 0.210504 0.903727
vt 0.210504 0.901400
vt 0.211407 0.903727
vt 0.212270 0.901400
vt 0.212251 0.903727
vt 0.213134 0.901400
vt 0.214036 0.901400
vt 0.214880 0.901400
vt 0.215763 0.901400
vt 0.216646 0.901400
vt 0.217509 0.901400
vt 0.217509 0.903727
vt 0.218372 0.901400
vt 0.219236 0.901400
vt 0.219255 0.903727
vt 0.220119 0.901400
vt 0.220119 0.903727
vt 0.221021 0.901400
vt 0.221865 0.901400
vt 0.222748 0.901400
vt 0.222748 0.903727
vt 0.223611 0.901400
vt 0.224474 0.903727
vt 0.224474 0.901400
vt 0.225357 0.903727
vt 0.225357 0.901400
vt 0.226221 0.901400
vt 0.227104 0.901400
vt 0.227967 0.901400
vt 0.228830 0.901400
vt 0.229713 0.901400
vt 0.230596 0.901400
vt 0.230596 0.899073
vt 0.231459 0.899073
vt 0.232323 0.899073
vt 0.232323 0.901400
vt 0.231459 0.896746
vt 0.230596 0.896746
vt 0.204402 0.896746
vt 0.205285 0.899073
vt 0.204402 0.899073
vt 0.205285 0.896746
vt 0.206168 0.899073
vt 0.206168 0.896746
vt 0.207032 0.899073
vt 0.207032 0.896746
vt 0.207915 0.899073
vt 0.207915 0.896746
vt 0.208758 0.899073
vt 0.208797 0.896746
vt 0.209622 0.899073
vt 0.209661 0.896746
vt 0.210504 0.899073
vt 0.210524 0.896746
vt 0.211387 0.899073
vt 0.211407 0.901400
vt 0.212270 0.896746
vt 0.212270 0.899073
vt 0.213134 0.896746
vt 0.213114 0.899073
vt 0.214017 0.896746
vt 0.214017 0.899073
vt 0.214880 0.896746
vt 0.214880 0.899073
vt 0.215763 0.896746
vt 0.215763 0.899073
vt 0.216626 0.896746
vt 0.216626 0.899073
vt 0.217509 0.896746
vt 0.217509 0.899073
vt 0.218372 0.896746
vt 0.218372 0.899073
vt 0.219236 0.896746
vt 0.219255 0.899073
vt 0.220119 0.896746
vt 0.220119 0.899073
vt 0.220982 0.896746
vt 0.221001 0.899073
vt 0.221845 0.896746
vt 0.221884 0.899073
vt 0.222708 0.896746
vt 0.222728 0.899073
vt 0.223572 0.896746
vt 0.223611 0.899073
vt 0.224474 0.896746
vt 0.224474 0.899073
vt 0.225357 0.896746
vt 0.225357 0.899073
vt 0.226221 0.899073
vt 0.226221 0.896746
vt 0.227103 0.899073
vt 0.227103 0.896746
vt 0.227967 0.899073
vt 0.227967 0.896746
vt 0.228830 0.899073
vt 0.228830 0.896746
vt 0.229713 0.899073
vt 0.229713 0.896746
vt 0.951514 0.206801
vt 0.952191 0.206801
vt 0.955311 0.209927
vt 0.206168 0.910705
vt 0.661483 0.612563
vt 0.658474 0.613681
vt 0.658474 0.612563
vt 0.350524 0.948635
vt 0.350828 0.949395
vt 0.354949 0.943241
vt 0.661483 0.647546
vt 0.658474 0.648645
vt 0.658474 0.647487
vt 0.661483 0.648625
vt 0.661483 0.648645
vt 0.661483 0.613681
vt 0.661483 0.613701
vt 0.664491 0.612563
vt 0.664491 0.647546
vt 0.661483 0.614819
vt 0.664491 0.613701
vt 0.661483 0.615937
vt 0.664491 0.614799
vt 0.661483 0.617075
vt 0.664491 0.615937
vt 0.664491 0.617075
vt 0.661483 0.618194
vt 0.658474 0.617075
vt 0.658474 0.615898
vt 0.658474 0.618194
vt 0.658474 0.619312
vt 0.661483 0.619312
vt 0.658474 0.620450
vt 0.661483 0.620450
vt 0.658474 0.621569
vt 0.661483 0.621569
vt 0.661483 0.622707
vt 0.658474 0.622707
vt 0.661483 0.623825
vt 0.658474 0.623825
vt 0.664491 0.622707
vt 0.664491 0.623825
vt 0.664491 0.624963
vt 0.661483 0.624963
vt 0.664491 0.626081
vt 0.661483 0.626081
vt 0.658474 0.624963
vt 0.658474 0.626081
vt 0.661483 0.627219
vt 0.658474 0.627219
vt 0.661483 0.628338
vt 0.658474 0.628338
vt 0.661483 0.629456
vt 0.658474 0.629495
vt 0.661483 0.629476
vt 0.664491 0.628338
vt 0.664491 0.629456
vt 0.664491 0.630574
vt 0.661483 0.630574
vt 0.664491 0.631693
vt 0.661483 0.631712
vt 0.661483 0.631693
vt 0.658474 0.630594
vt 0.658474 0.631752
vt 0.661483 0.632811
vt 0.658474 0.632870
vt 0.661483 0.633988
vt 0.658474 0.633988
vt 0.661483 0.635107
vt 0.658474 0.635107
vt 0.661483 0.635087
vt 0.664491 0.633988
vt 0.664491 0.635107
vt 0.664491 0.636206
vt 0.661483 0.636225
vt 0.664491 0.637402
vt 0.661483 0.637383
vt 0.661483 0.637402
vt 0.658474 0.636225
vt 0.658474 0.637383
vt 0.661483 0.638501
vt 0.658474 0.638501
vt 0.661483 0.639639
vt 0.658474 0.639620
vt 0.661483 0.639620
vt 0.658474 0.640738
vt 0.661483 0.640738
vt 0.658474 0.641896
vt 0.661483 0.641915
vt 0.661483 0.641896
vt 0.664491 0.639620
vt 0.664491 0.640738
vt 0.664491 0.641896
vt 0.661483 0.643034
vt 0.661483 0.643014
vt 0.661483 0.644132
vt 0.661483 0.644152
vt 0.664491 0.643014
vt 0.661483 0.645290
vt 0.664491 0.644152
vt 0.661483 0.646428
vt 0.664491 0.645290
vt 0.664491 0.646389
vt 0.658474 0.646369
vt 0.658474 0.645251
vt 0.658474 0.644132
vt 0.658474 0.643014
vt 0.664491 0.646428
vt 0.664491 0.647527
vt 0.667497 0.645290
vt 0.667497 0.646428
vt 0.664491 0.644132
vt 0.667497 0.644132
vt 0.667497 0.643034
vt 0.664491 0.641915
vt 0.667497 0.641896
vt 0.667497 0.640738
vt 0.664491 0.639639
vt 0.664491 0.638521
vt 0.664491 0.638501
vt 0.664491 0.637383
vt 0.664491 0.636225
vt 0.664491 0.635087
vt 0.667497 0.636206
vt 0.667497 0.637383
vt 0.667497 0.635107
vt 0.664491 0.632850
vt 0.667497 0.633969
vt 0.664491 0.632811
vt 0.667497 0.632811
vt 0.664491 0.631712
vt 0.667497 0.631693
vt 0.664491 0.629476
vt 0.667497 0.630594
vt 0.664491 0.627219
vt 0.667497 0.628338
vt 0.667497 0.629456
vt 0.667497 0.627219
vt 0.667497 0.626081
vt 0.667497 0.624963
vt 0.664491 0.621569
vt 0.667497 0.622707
vt 0.667497 0.623825
vt 0.664491 0.620450
vt 0.667497 0.620450
vt 0.664491 0.619312
vt 0.667497 0.619312
vt 0.667497 0.618194
vt 0.664491 0.618194
vt 0.667497 0.615937
vt 0.667497 0.617075
vt 0.664491 0.614819
vt 0.667497 0.614799
vt 0.667497 0.613701
vt 0.664491 0.613681
vt 0.667497 0.612563
vt 0.667497 0.647546
vt 0.664491 0.648625
vt 0.664491 0.648645
vt 0.664491 0.612543
vt 0.667497 0.648645
vt 0.667497 0.647527
vt 0.670506 0.612543
vt 0.670506 0.647546
vt 0.670506 0.613701
vt 0.667497 0.614819
vt 0.670506 0.614799
vt 0.670506 0.615937
vt 0.670506 0.617075
vt 0.670506 0.618194
vt 0.670506 0.619312
vt 0.670506 0.620450
vt 0.667497 0.621569
vt 0.670506 0.622707
vt 0.670506 0.623825
vt 0.670506 0.624963
vt 0.670506 0.626081
vt 0.670506 0.627219
vt 0.670506 0.628338
vt 0.670506 0.629456
vt 0.670506 0.630574
vt 0.670506 0.631712
vt 0.670506 0.632850
vt 0.670506 0.633969
vt 0.667497 0.633988
vt 0.670506 0.635107
vt 0.667497 0.635087
vt 0.670506 0.636206
vt 0.667497 0.636225
vt 0.670506 0.637383
vt 0.667497 0.638501
vt 0.670506 0.638501
vt 0.667497 0.639620
vt 0.670506 0.639620
vt 0.667497 0.639639
vt 0.670506 0.640738
vt 0.670506 0.641915
vt 0.667497 0.643014
vt 0.670506 0.643014
vt 0.667497 0.644152
vt 0.670506 0.644152
vt 0.670506 0.645270
vt 0.667497 0.646389
vt 0.670506 0.646428
vt 0.673515 0.645290
vt 0.673515 0.646428
vt 0.673515 0.647546
vt 0.670506 0.648625
vt 0.673944 0.646428
vt 0.673944 0.647527
vt 0.673515 0.648645
vt 0.673515 0.612543
vt 0.673944 0.612543
vt 0.673515 0.613701
vt 0.674374 0.612543
vt 0.673944 0.613681
vt 0.674374 0.647546
vt 0.673944 0.648645
vt 0.673515 0.614819
vt 0.674374 0.613701
vt 0.673944 0.614819
vt 0.673515 0.615937
vt 0.674374 0.614799
vt 0.673944 0.615937
vt 0.673515 0.617075
vt 0.674374 0.615937
vt 0.673944 0.617075
vt 0.673515 0.618194
vt 0.674374 0.617075
vt 0.673944 0.618194
vt 0.673515 0.619312
vt 0.674374 0.618194
vt 0.673944 0.619312
vt 0.673515 0.620450
vt 0.674374 0.619312
vt 0.673944 0.620450
vt 0.673515 0.621569
vt 0.674374 0.620450
vt 0.673944 0.621569
vt 0.673944 0.622707
vt 0.673515 0.622707
vt 0.674374 0.622707
vt 0.673944 0.623825
vt 0.673515 0.623825
vt 0.674374 0.623825
vt 0.673944 0.624963
vt 0.673515 0.624963
vt 0.674374 0.624963
vt 0.673944 0.626081
vt 0.673515 0.626081
vt 0.674374 0.626081
vt 0.673944 0.627219
vt 0.673515 0.627219
vt 0.674374 0.627219
vt 0.673944 0.628338
vt 0.673515 0.628338
vt 0.674374 0.628338
vt 0.673944 0.629476
vt 0.673515 0.629456
vt 0.674374 0.629456
vt 0.673944 0.630574
vt 0.673515 0.630594
vt 0.674374 0.630574
vt 0.673944 0.631693
vt 0.673515 0.631693
vt 0.674374 0.631693
vt 0.673944 0.632850
vt 0.673515 0.632811
vt 0.674374 0.632850
vt 0.673944 0.633969
vt 0.673515 0.633988
vt 0.674374 0.633988
vt 0.673944 0.635107
vt 0.673515 0.635087
vt 0.674374 0.635087
vt 0.673944 0.636206
vt 0.673515 0.636225
vt 0.674374 0.636225
vt 0.673944 0.637383
vt 0.673515 0.637402
vt 0.674374 0.637383
vt 0.673944 0.638501
vt 0.673515 0.638501
vt 0.674374 0.638501
vt 0.673944 0.639620
vt 0.673515 0.639620
vt 0.674374 0.639639
vt 0.673515 0.640738
vt 0.673944 0.640738
vt 0.673515 0.641915
vt 0.674374 0.640738
vt 0.673944 0.641896
vt 0.673515 0.643014
vt 0.674374 0.641896
vt 0.673944 0.643034
vt 0.673515 0.644132
vt 0.674374 0.643014
vt 0.673944 0.644132
vt 0.674374 0.644152
vt 0.673944 0.645290
vt 0.674374 0.645270
vt 0.674374 0.646428
vt 0.674806 0.645290
vt 0.674806 0.646428
vt 0.674806 0.647546
vt 0.674374 0.648625
vt 0.675235 0.646389
vt 0.675235 0.647546
vt 0.674806 0.648625
vt 0.674806 0.612543
vt 0.675235 0.612543
vt 0.674806 0.613681
vt 0.675235 0.613701
vt 0.674806 0.614819
vt 0.675235 0.614799
vt 0.674806 0.615937
vt 0.675235 0.615937
vt 0.674806 0.617075
vt 0.675235 0.617075
vt 0.674806 0.618194
vt 0.675235 0.618194
vt 0.674806 0.619312
vt 0.675235 0.619312
vt 0.674806 0.620450
vt 0.675235 0.620450
vt 0.674806 0.621569
vt 0.674374 0.621569
vt 0.675235 0.622707
vt 0.674806 0.622707
vt 0.675235 0.623825
vt 0.674806 0.623825
vt 0.675235 0.624963
vt 0.674806 0.624963
vt 0.675235 0.626081
vt 0.674806 0.626081
vt 0.675235 0.627219
vt 0.674806 0.627219
vt 0.675235 0.628338
vt 0.674806 0.628338
vt 0.675235 0.629456
vt 0.674806 0.629476
vt 0.675235 0.630594
vt 0.674806 0.630574
vt 0.675235 0.631712
vt 0.674806 0.631693
vt 0.675235 0.632811
vt 0.674806 0.632811
vt 0.675235 0.633969
vt 0.674806 0.633988
vt 0.675235 0.635107
vt 0.674806 0.635107
vt 0.675235 0.636225
vt 0.674806 0.636225
vt 0.675235 0.637383
vt 0.674806 0.637402
vt 0.675235 0.638501
vt 0.674806 0.638501
vt 0.675235 0.639620
vt 0.674806 0.639620
vt 0.674806 0.640738
vt 0.675235 0.640738
vt 0.674806 0.641896
vt 0.675235 0.641896
vt 0.674806 0.643014
vt 0.675235 0.643034
vt 0.674806 0.644132
vt 0.675235 0.644132
vt 0.675235 0.645290
vt 0.675665 0.644152
vt 0.675665 0.645270
vt 0.675665 0.646428
vt 0.676094 0.645290
vt 0.676094 0.646389
vt 0.675665 0.647527
vt 0.676094 0.647546
vt 0.675665 0.648625
vt 0.675235 0.648645
vt 0.675665 0.612563
vt 0.676094 0.612563
vt 0.675665 0.613681
vt 0.676094 0.613701
vt 0.675665 0.614819
vt 0.676094 0.614799
vt 0.675665 0.615918
vt 0.676094 0.615937
vt 0.675665 0.617075
vt 0.676094 0.617075
vt 0.675665 0.618194
vt 0.676094 0.618194
vt 0.675665 0.619312
vt 0.676094 0.619312
vt 0.675665 0.620450
vt 0.676094 0.620450
vt 0.675665 0.621569
vt 0.675235 0.621569
vt 0.676094 0.622707
vt 0.675665 0.622707
vt 0.676094 0.623825
vt 0.675665 0.623825
vt 0.676094 0.624963
vt 0.675665 0.624963
vt 0.676094 0.626081
vt 0.675665 0.626081
vt 0.676094 0.627219
vt 0.675665 0.627219
vt 0.676094 0.628338
vt 0.675665 0.628338
vt 0.676094 0.629456
vt 0.675665 0.629476
vt 0.676094 0.630594
vt 0.675665 0.630574
vt 0.676094 0.631693
vt 0.675665 0.631693
vt 0.676094 0.632811
vt 0.675665 0.632811
vt 0.676094 0.633969
vt 0.675665 0.633988
vt 0.676094 0.635107
vt 0.675665 0.635087
vt 0.676094 0.636225
vt 0.675665 0.636225
vt 0.676094 0.637402
vt 0.675665 0.637383
vt 0.676094 0.638501
vt 0.675665 0.638521
vt 0.676094 0.639620
vt 0.675665 0.639639
vt 0.675665 0.640738
vt 0.676094 0.640738
vt 0.675665 0.641896
vt 0.676094 0.641915
vt 0.675665 0.643014
vt 0.676094 0.643014
vt 0.676094 0.644132
vt 0.676524 0.644132
vt 0.676524 0.643014
vt 0.676524 0.645270
vt 0.024110 0.902351
vt 0.024913 0.902508
vt 0.019530 0.906949
vt 0.676524 0.646389
vt 0.676524 0.647527
vt 0.676094 0.648625
vt 0.676524 0.612563
vt 0.676524 0.613681
vt 0.676524 0.614799
vt 0.676524 0.615898
vt 0.676524 0.617075
vt 0.676524 0.618194
vt 0.676524 0.619312
vt 0.676524 0.620450
vt 0.676094 0.621569
vt 0.676524 0.622707
vt 0.676524 0.623825
vt 0.676524 0.624963
vt 0.676524 0.626081
vt 0.676524 0.627219
vt 0.676524 0.628338
vt 0.676524 0.629476
vt 0.676524 0.630594
vt 0.676524 0.631752
vt 0.676524 0.632870
vt 0.676524 0.633988
vt 0.676524 0.635107
vt 0.676524 0.636225
vt 0.676524 0.637383
vt 0.676524 0.638501
vt 0.676524 0.639620
vt 0.676524 0.640738
vt 0.676524 0.641896
vt 0.670506 0.621569
vt 0.658474 0.614799
vt 0.644143 0.027146
vt 0.648806 0.026518
vt 0.644105 0.026647
vt 0.652144 0.027932
vt 0.650307 0.026500
vt 0.655061 0.026614
vt 0.655041 0.028130
vt 0.650303 0.028741
vt 0.655081 0.028640
vt 0.646961 0.027286
vt 0.648808 0.028728
vt 0.644089 0.028634
vt 0.962606 0.703816
vt 0.962745 0.703533
vt 0.962745 0.703950
vt 0.649213 0.027892
vt 0.648791 0.028096
vt 0.649895 0.027893
vt 0.650164 0.028147
vt 0.649554 0.027766
vt 0.650315 0.028099
vt 0.649550 0.027463
vt 0.962189 0.704250
vt 0.961911 0.704402
vt 0.961877 0.704368
vt 0.962423 0.704056
vt 0.962328 0.704385
vt 0.962587 0.704216
vt 0.652144 0.027289
vt 0.649543 0.026654
vt 0.646997 0.027949
vt 0.649564 0.027768
vt 0.649571 0.028569
vt 0.649478 0.027610
vt 0.653748 0.029106
vt 0.654281 0.027763
vt 0.649573 0.029439
vt 0.645387 0.029127
vt 0.644641 0.027383
vt 0.639144 0.027650
vt 0.639675 0.027803
vt 0.649800 0.027187
vt 0.645294 0.026086
vt 0.644511 0.028385
vt 0.649524 0.025778
vt 0.653767 0.026078
vt 0.655048 0.027036
vt 0.660166 0.027675
vt 0.659967 0.026509
vt 0.639123 0.027712
vt 0.640276 0.027949
vt 0.667467 0.029277
vt 0.662518 0.026147
vt 0.660080 0.027613
vt 0.658531 0.028965
vt 0.631841 0.026129
vt 0.636310 0.028417
vt 0.644135 0.028134
vt 0.631845 0.029319
vt 0.631934 0.027723
vt 0.636613 0.027269
vt 0.614882 0.029103
vt 0.614668 0.027675
vt 0.655030 0.027123
vt 0.667396 0.026053
vt 0.667345 0.027666
vt 0.655190 0.027627
vt 0.661911 0.029264
vt 0.685788 0.026737
vt 0.685968 0.027740
vt 0.962189 0.703416
vt 0.962094 0.703744
vt 0.961930 0.703585
vt 0.962328 0.703551
vt 0.962259 0.703900
vt 0.961772 0.703850
vt 0.961911 0.703985
vt 0.962050 0.704118
vt 0.961772 0.704267
vt 0.961807 0.704301
vt 0.961842 0.704336
vt 0.648802 0.027145
vt 0.649560 0.027470
vt 0.649218 0.027348
vt 0.649555 0.027619
vt 0.650319 0.027135
vt 0.649897 0.027343
vt 0.649811 0.027618
vt 0.650167 0.027093
vt 0.650147 0.027620
vt 0.648946 0.027103
vt 0.649299 0.027620
vt 0.648946 0.028143
vt 0.962605 0.703399
vt 0.962640 0.703433
vt 0.962467 0.703683
vt 0.962710 0.703499
vt 0.643986 0.027641
vt 0.648963 0.027623
vt 0.644288 0.028673
vt 0.649159 0.028214
vt 0.644321 0.028169
vt 0.652323 0.027378
vt 0.650513 0.028798
vt 0.650520 0.028171
vt 0.655231 0.026702
vt 0.650379 0.027174
vt 0.655184 0.027202
vt 0.647187 0.028019
vt 0.649026 0.026575
vt 0.649012 0.027214
vt 0.649430 0.027420
vt 0.649164 0.027166
vt 0.650519 0.026590
vt 0.650112 0.027424
vt 0.650532 0.027221
vt 0.649772 0.027548
vt 0.652356 0.028035
vt 0.649774 0.027851
vt 0.649779 0.028659
vt 0.647194 0.027370
vt 0.649017 0.028803
vt 0.649763 0.027546
vt 0.649008 0.028172
vt 0.649763 0.026747
vt 0.649588 0.027725
vt 0.653927 0.026211
vt 0.649770 0.025879
vt 0.645593 0.026192
vt 0.644764 0.027652
vt 0.639311 0.027662
vt 0.640440 0.026519
vt 0.649264 0.028066
vt 0.645551 0.029222
vt 0.649798 0.029535
vt 0.654005 0.029236
vt 0.654520 0.027021
vt 0.660200 0.027645
vt 0.658683 0.027585
vt 0.643994 0.028056
vt 0.639211 0.027603
vt 0.644270 0.026661
vt 0.667507 0.026027
vt 0.662324 0.028595
vt 0.654380 0.027867
vt 0.660177 0.027699
vt 0.655209 0.028686
vt 0.632041 0.029139
vt 0.636993 0.026438
vt 0.644310 0.027165
vt 0.631952 0.026033
vt 0.644161 0.027667
vt 0.632086 0.027585
vt 0.638986 0.028407
vt 0.614928 0.028868
vt 0.614766 0.027490
vt 0.614970 0.026113
vt 0.655173 0.028186
vt 0.667487 0.029284
vt 0.655332 0.027694
vt 0.667409 0.027656
vt 0.659259 0.027290
vt 0.685792 0.026664
vt 0.685979 0.027704
vt 0.685820 0.028745
vt 0.649766 0.027843
vt 0.649770 0.027695
vt 0.649427 0.027968
vt 0.649514 0.027694
vt 0.650107 0.027966
vt 0.650025 0.027695
vt 0.650375 0.028213
vt 0.650361 0.027693
vt 0.649179 0.027690
vt 0.567478 0.031126
vt 0.593755 0.035148
vt 0.594275 0.031573
vt 0.586716 0.024198
vt 0.569131 0.020220
vt 0.593711 0.019924
vt 0.594209 0.031721
vt 0.569099 0.034831
vt 0.593712 0.035313
vt 0.586844 0.024209
vt 0.569166 0.020178
vt 0.593842 0.019838
vt 0.302115 0.973478
vt 0.301976 0.973763
vt 0.301976 0.973346
vt 0.565099 0.024280
vt 0.571250 0.022840
vt 0.565070 0.030725
vt 0.567444 0.031174
vt 0.564645 0.027506
vt 0.571206 0.032201
vt 0.575871 0.027541
vt 0.302532 0.973044
vt 0.302809 0.972893
vt 0.302844 0.972926
vt 0.302298 0.973238
vt 0.302392 0.972912
vt 0.302134 0.973081
vt 0.586790 0.030945
vt 0.585868 0.027577
vt 0.569134 0.034782
vt 0.586733 0.030809
vt 0.575814 0.027494
vt 0.585767 0.027497
vt 0.623605 0.027457
vt 0.594758 0.025902
vt 0.625105 0.028753
vt 0.590644 0.027491
vt 0.594790 0.029076
vt 0.625722 0.026122
vt 0.604684 0.031941
vt 0.628486 0.025601
vt 0.624358 0.028055
vt 0.594974 0.025935
vt 0.625948 0.028892
vt 0.590778 0.027595
vt 0.594910 0.029316
vt 0.625624 0.027261
vt 0.604615 0.032189
vt 0.628279 0.026652
vt 0.604794 0.023036
vt 0.628233 0.029234
vt 0.630310 0.025124
vt 0.604588 0.023163
vt 0.627584 0.028884
vt 0.630389 0.024426
vt 0.594322 0.023416
vt 0.594650 0.027496
vt 0.630142 0.030449
vt 0.636378 0.028512
vt 0.637716 0.027515
vt 0.629651 0.027426
vt 0.594209 0.023523
vt 0.614824 0.026246
vt 0.594562 0.027622
vt 0.629990 0.030453
vt 0.302532 0.973879
vt 0.302626 0.973552
vt 0.302790 0.973709
vt 0.302393 0.973746
vt 0.302462 0.973395
vt 0.302949 0.973444
vt 0.302810 0.973312
vt 0.302671 0.973178
vt 0.302949 0.973027
vt 0.302914 0.972993
vt 0.302879 0.972960
vt 0.571201 0.032142
vt 0.564620 0.027485
vt 0.565072 0.030688
vt 0.543073 0.027455
vt 0.571199 0.022849
vt 0.565068 0.024291
vt 0.562317 0.027502
vt 0.567459 0.023871
vt 0.567281 0.027522
vt 0.562335 0.027479
vt 0.567493 0.023827
vt 0.302115 0.973897
vt 0.302080 0.973863
vt 0.302254 0.973613
vt 0.302011 0.973796
vt 0.567316 0.027476
vt 0.707013 0.031779
vt 0.732196 0.035119
vt 0.733869 0.031465
vt 0.714669 0.024542
vt 0.732213 0.020504
vt 0.730165 0.023168
vt 0.706996 0.031780
vt 0.732186 0.035119
vt 0.733859 0.031467
vt 0.714670 0.024517
vt 0.732223 0.020498
vt 0.730170 0.023159
vt 0.736302 0.024611
vt 0.733881 0.024159
vt 0.736284 0.031022
vt 0.730148 0.032447
vt 0.736748 0.027816
vt 0.714653 0.031019
vt 0.707481 0.035307
vt 0.725564 0.027792
vt 0.715637 0.027770
vt 0.714665 0.031034
vt 0.707498 0.035313
vt 0.725569 0.027805
vt 0.730155 0.032452
vt 0.715645 0.027791
vt 0.679375 0.027752
vt 0.706733 0.026373
vt 0.710792 0.027785
vt 0.706738 0.029188
vt 0.676657 0.024517
vt 0.696376 0.031816
vt 0.672370 0.023689
vt 0.679402 0.027612
vt 0.706728 0.026332
vt 0.710780 0.027760
vt 0.706721 0.029163
vt 0.676645 0.024414
vt 0.696354 0.031803
vt 0.672325 0.023613
vt 0.676627 0.030781
vt 0.696380 0.023648
vt 0.707523 0.020203
vt 0.685804 0.028743
vt 0.668662 0.022991
vt 0.676544 0.030977
vt 0.696364 0.023697
vt 0.707508 0.020229
vt 0.668739 0.023041
vt 0.707027 0.023735
vt 0.706663 0.027756
vt 0.672300 0.031523
vt 0.662565 0.026372
vt 0.661993 0.027481
vt 0.668407 0.027560
vt 0.707010 0.023753
vt 0.706647 0.027766
vt 0.672147 0.031787
vt 0.736750 0.027822
vt 0.758301 0.027860
vt 0.736289 0.031024
vt 0.739045 0.027823
vt 0.736297 0.024616
vt 0.739040 0.027824
vt 0.733872 0.024163
vt 0.734038 0.027815
vt 0.734046 0.027812
vt 0.636934 0.027843
vt 0.629925 0.027791
vt 0.668404 0.032420
vt 0.661205 0.027673
vt 0.668242 0.027698
vt 0.668629 0.032085
vt 0.194855 0.213213
vt 0.206964 0.217885
vt 0.195584 0.231590
vt 0.671524 0.357476
vt 0.661918 0.370155
vt 0.655628 0.347295
vt 0.651460 0.383958
vt 0.648488 0.385252
vt 0.649732 0.380400
vt 0.210020 0.230785
vt 0.194855 0.249050
vt 0.650221 0.387456
vt 0.648843 0.387638
vt 0.654792 0.381611
vt 0.665307 0.376750
vt 0.653529 0.386327
vt 0.667070 0.382548
vt 0.650981 0.388705
vt 0.181834 0.019205
vt 0.157161 0.028540
vt 0.157692 0.019205
vt 0.193046 0.028540
vt 0.156622 0.035313
vt 0.676711 0.342230
vt 0.690960 0.358155
vt 0.706882 0.334824
vt 0.708757 0.355331
vt 0.617049 0.200799
vt 0.604939 0.196127
vt 0.616319 0.182422
vt 0.601884 0.183226
vt 0.617049 0.164963
vt 0.643069 0.370838
vt 0.635886 0.335657
vt 0.637200 0.373966
vt 0.618753 0.327552
vt 0.044301 0.286073
vt 0.019627 0.295407
vt 0.020158 0.286073
vt 0.055513 0.295407
vt 0.019088 0.302180
vt 0.609479 0.342402
vt 0.057338 0.310089
vt 0.019541 0.310089
vt 0.649593 0.389047
vt 0.646703 0.388255
vt 0.050789 0.317224
vt 0.019851 0.317224
vt 0.649053 0.390759
vt 0.643797 0.390007
vt 0.790773 0.513924
vt 0.804645 0.506017
vt 0.814059 0.518544
vt 0.786241 0.502365
vt 0.798471 0.496092
vt 0.670213 0.388231
vt 0.653511 0.392785
vt 0.652442 0.390078
vt 0.861929 0.837745
vt 0.830681 0.830610
vt 0.861619 0.830610
vt 0.862382 0.845654
vt 0.824131 0.837745
vt 0.703885 0.371798
vt 0.726528 0.378650
vt 0.702865 0.386985
vt 0.731530 0.359005
vt 0.842916 0.062721
vt 0.830685 0.068995
vt 0.824511 0.059070
vt 0.838383 0.051163
vt 0.815098 0.046543
vt 0.630430 0.377867
vt 0.600922 0.356581
vt 0.845750 0.071983
vt 0.834542 0.075280
vt 0.624670 0.382342
vt 0.594704 0.369047
vt 0.046683 0.321776
vt 0.020045 0.321776
vt 0.620936 0.385485
vt 0.587987 0.381602
vt 0.045582 0.326874
vt 0.020097 0.326874
vt 0.641312 0.391894
vt 0.647331 0.395632
vt 0.640176 0.394714
vt 0.648230 0.392939
vt 0.783407 0.493104
vt 0.794614 0.489807
vt 0.781643 0.487234
vt 0.794301 0.484485
vt 0.674059 0.397645
vt 0.653733 0.397905
vt 0.654368 0.395215
vt 0.672440 0.393858
vt 0.861425 0.826059
vt 0.835887 0.820960
vt 0.861373 0.820960
vt 0.834787 0.826059
vt 0.701371 0.396575
vt 0.720281 0.406252
vt 0.702517 0.405179
vt 0.722250 0.393347
vt 0.847513 0.077853
vt 0.834855 0.080602
vt 0.847264 0.083064
vt 0.815098 0.253345
vt 0.609247 0.626838
vt 0.607368 0.620247
vt 0.617229 0.389383
vt 0.595129 0.621805
vt 0.598379 0.618976
vt 0.601503 0.614016
vt 0.600129 0.612324
vt 0.033906 0.499959
vt 0.020650 0.499959
vt 0.600601 0.612627
vt 0.781892 0.482023
vt 0.814058 0.311742
vt 0.675372 0.402034
vt 0.847563 0.647876
vt 0.860820 0.647875
vt 0.767763 0.182441
vt 0.768219 0.177601
vt 0.767720 0.177639
vt 0.767731 0.183815
vt 0.768253 0.188556
vt 0.766935 0.185637
vt 0.766720 0.183660
vt 0.766227 0.188575
vt 0.766736 0.188536
vt 0.766770 0.182287
vt 0.766233 0.177585
vt 0.767581 0.180456
vt 0.977579 0.337360
vt 0.977614 0.337811
vt 0.977475 0.337676
vt 0.766975 0.182709
vt 0.766138 0.182304
vt 0.766767 0.183811
vt 0.766126 0.183799
vt 0.766973 0.183390
vt 0.767403 0.183046
vt 0.767100 0.183048
vt 0.977058 0.338112
vt 0.976780 0.338262
vt 0.976745 0.338228
vt 0.977291 0.337918
vt 0.977197 0.338245
vt 0.977455 0.338076
vt 0.767577 0.185637
vt 0.768212 0.183037
vt 0.768349 0.182302
vt 0.766917 0.180493
vt 0.767098 0.183059
vt 0.766298 0.183066
vt 0.767257 0.182974
vt 0.765761 0.187244
vt 0.767104 0.187777
vt 0.765427 0.183069
vt 0.767483 0.178137
vt 0.765739 0.178883
vt 0.767216 0.172638
vt 0.767064 0.173171
vt 0.767680 0.183296
vt 0.768781 0.178789
vt 0.766481 0.178007
vt 0.769089 0.183019
vt 0.767830 0.188543
vt 0.768788 0.187263
vt 0.767192 0.193663
vt 0.768358 0.193463
vt 0.766918 0.173771
vt 0.767155 0.172619
vt 0.765589 0.200963
vt 0.768720 0.196014
vt 0.767253 0.193576
vt 0.765901 0.192028
vt 0.768737 0.165335
vt 0.766450 0.169806
vt 0.766733 0.177629
vt 0.765548 0.165339
vt 0.767144 0.165430
vt 0.767226 0.177482
vt 0.767598 0.170109
vt 0.769742 0.163805
vt 0.765763 0.148377
vt 0.767191 0.148164
vt 0.767744 0.188526
vt 0.768814 0.200892
vt 0.767201 0.200841
vt 0.767240 0.188686
vt 0.765602 0.195406
vt 0.762447 0.201900
vt 0.768129 0.219284
vt 0.767127 0.219466
vt 0.977057 0.337276
vt 0.976963 0.337604
vt 0.976799 0.337447
vt 0.977197 0.337410
vt 0.977127 0.337762
vt 0.977336 0.337543
vt 0.976780 0.337845
vt 0.976641 0.337712
vt 0.976919 0.337978
vt 0.976676 0.338163
vt 0.976641 0.338130
vt 0.976710 0.338196
vt 0.767518 0.182711
vt 0.767396 0.183054
vt 0.767246 0.182793
vt 0.767248 0.183050
vt 0.767524 0.183393
vt 0.767248 0.183306
vt 0.768366 0.183803
vt 0.767774 0.183662
vt 0.767247 0.183643
vt 0.767721 0.182298
vt 0.767243 0.182459
vt 0.766723 0.182441
vt 0.977474 0.337259
vt 0.977509 0.337294
vt 0.977544 0.337325
vt 0.766194 0.177784
vt 0.766652 0.182654
vt 0.766697 0.177816
vt 0.766180 0.188705
vt 0.766696 0.184016
vt 0.767489 0.185819
vt 0.768165 0.188727
vt 0.767693 0.183874
vt 0.767664 0.188679
vt 0.768205 0.177764
vt 0.767652 0.182508
vt 0.766848 0.180682
vt 0.767446 0.182926
vt 0.768291 0.182522
vt 0.767700 0.182660
vt 0.767645 0.184028
vt 0.767443 0.183608
vt 0.767016 0.183268
vt 0.767318 0.183268
vt 0.766831 0.185852
vt 0.768277 0.184013
vt 0.766207 0.183275
vt 0.767497 0.180690
vt 0.766063 0.182512
vt 0.767321 0.183258
vt 0.766694 0.182503
vt 0.768119 0.183258
vt 0.767142 0.183084
vt 0.768655 0.187421
vt 0.768987 0.183265
vt 0.767214 0.178260
vt 0.768674 0.179090
vt 0.767205 0.172808
vt 0.768347 0.173936
vt 0.766801 0.182760
vt 0.765644 0.179048
vt 0.765331 0.183292
vt 0.767845 0.188017
vt 0.765631 0.187501
vt 0.767221 0.193697
vt 0.767281 0.192179
vt 0.766811 0.177490
vt 0.767263 0.172707
vt 0.768839 0.201001
vt 0.766272 0.195820
vt 0.767576 0.192754
vt 0.767000 0.187876
vt 0.767167 0.193673
vt 0.765728 0.165536
vt 0.768428 0.170487
vt 0.767701 0.177804
vt 0.767281 0.165584
vt 0.768833 0.165447
vt 0.767200 0.177656
vt 0.766460 0.172481
vt 0.767376 0.148262
vt 0.768754 0.148466
vt 0.766680 0.188668
vt 0.767210 0.200904
vt 0.765583 0.200982
vt 0.767172 0.188825
vt 0.767162 0.219475
vt 0.766122 0.219316
vt 0.766899 0.182922
vt 0.767024 0.183262
vt 0.767173 0.183009
vt 0.767172 0.183265
vt 0.766900 0.183601
vt 0.767172 0.183520
vt 0.766068 0.184009
vt 0.766654 0.183871
vt 0.767173 0.183855
vt 0.767176 0.182674
vt 0.763740 0.100972
vt 0.759719 0.127251
vt 0.763293 0.127771
vt 0.770669 0.120213
vt 0.774646 0.102627
vt 0.774942 0.127207
vt 0.763146 0.127705
vt 0.760035 0.102595
vt 0.759553 0.127209
vt 0.772026 0.104746
vt 0.775028 0.127337
vt 0.770658 0.120340
vt 0.961911 0.759743
vt 0.961772 0.760025
vt 0.961772 0.759608
vt 0.770586 0.098595
vt 0.774689 0.102661
vt 0.764142 0.098566
vt 0.763692 0.100940
vt 0.767360 0.098139
vt 0.762666 0.104702
vt 0.767325 0.109367
vt 0.962328 0.759307
vt 0.962605 0.759157
vt 0.962640 0.759190
vt 0.961930 0.759344
vt 0.962189 0.759174
vt 0.962094 0.759502
vt 0.763921 0.120286
vt 0.767290 0.119363
vt 0.760085 0.102628
vt 0.764057 0.120229
vt 0.762724 0.104697
vt 0.767370 0.119263
vt 0.772018 0.104695
vt 0.767410 0.157101
vt 0.768964 0.128253
vt 0.766113 0.158600
vt 0.767375 0.124141
vt 0.765790 0.128286
vt 0.768745 0.159217
vt 0.762925 0.138178
vt 0.769266 0.161982
vt 0.767272 0.124273
vt 0.765975 0.159443
vt 0.766811 0.157854
vt 0.768932 0.128467
vt 0.767605 0.159120
vt 0.765550 0.128407
vt 0.768215 0.161773
vt 0.762678 0.138110
vt 0.765633 0.161729
vt 0.771831 0.138290
vt 0.771704 0.138085
vt 0.765982 0.161079
vt 0.765999 0.148424
vt 0.770440 0.163885
vt 0.771450 0.127816
vt 0.767371 0.128146
vt 0.764418 0.163637
vt 0.766354 0.169873
vt 0.767440 0.163147
vt 0.767352 0.171213
vt 0.771344 0.127705
vt 0.768620 0.148320
vt 0.767244 0.128058
vt 0.764413 0.163485
vt 0.962587 0.759973
vt 0.962189 0.760008
vt 0.962423 0.759816
vt 0.962050 0.759876
vt 0.962259 0.759657
vt 0.962745 0.759706
vt 0.962606 0.759574
vt 0.962467 0.759442
vt 0.962745 0.759290
vt 0.962710 0.759258
vt 0.962675 0.759223
vt 0.767382 0.098114
vt 0.767372 0.109309
vt 0.764178 0.098568
vt 0.767412 0.076568
vt 0.767388 0.095830
vt 0.770576 0.098564
vt 0.767364 0.095813
vt 0.770996 0.100954
vt 0.767344 0.100777
vt 0.771040 0.100990
vt 0.961912 0.760160
vt 0.962328 0.760143
vt 0.961877 0.760126
vt 0.961807 0.760060
vt 0.767390 0.100811
vt 0.763087 0.240509
vt 0.759747 0.265692
vt 0.763401 0.267364
vt 0.774638 0.241004
vt 0.771698 0.263661
vt 0.770325 0.248163
vt 0.759559 0.240977
vt 0.763400 0.267353
vt 0.763086 0.240491
vt 0.770349 0.248166
vt 0.774368 0.265720
vt 0.771708 0.263666
vt 0.770256 0.269796
vt 0.770708 0.267379
vt 0.759747 0.265682
vt 0.763845 0.269780
vt 0.762419 0.263643
vt 0.767050 0.270245
vt 0.767074 0.259061
vt 0.763847 0.248148
vt 0.767096 0.249132
vt 0.759553 0.240994
vt 0.762414 0.263650
vt 0.763833 0.248158
vt 0.767062 0.259065
vt 0.767076 0.249139
vt 0.763889 0.210040
vt 0.767081 0.244288
vt 0.767114 0.212871
vt 0.768494 0.240229
vt 0.770349 0.210153
vt 0.765678 0.240231
vt 0.771178 0.205866
vt 0.763051 0.229873
vt 0.767254 0.212897
vt 0.768535 0.240224
vt 0.767106 0.244277
vt 0.765703 0.240217
vt 0.770453 0.210140
vt 0.763064 0.229849
vt 0.771253 0.205821
vt 0.764086 0.210122
vt 0.771219 0.229874
vt 0.774664 0.241019
vt 0.766124 0.219300
vt 0.771876 0.202158
vt 0.763079 0.205644
vt 0.771826 0.202234
vt 0.771132 0.240522
vt 0.768202 0.219288
vt 0.767110 0.240158
vt 0.763343 0.205795
vt 0.768494 0.196061
vt 0.767307 0.201903
vt 0.767386 0.195488
vt 0.771170 0.229860
vt 0.771114 0.240506
vt 0.767101 0.240143
vt 0.767044 0.270246
vt 0.767044 0.272541
vt 0.763842 0.269785
vt 0.767007 0.291797
vt 0.767042 0.272536
vt 0.770250 0.269792
vt 0.774362 0.265709
vt 0.770704 0.267368
vt 0.767052 0.267531
vt 0.767054 0.267542
vt 0.767076 0.163419
vt 0.767024 0.170430
vt 0.767169 0.201738
vt 0.767194 0.194699
vt 0.762781 0.202123
vt 0.622084 0.770720
vt 0.623994 0.749452
vt 0.650716 0.758700
vt 0.593420 0.756415
vt 0.608706 0.761730
vt 0.602422 0.779299
vt 0.712901 0.168756
vt 0.703481 0.159824
vt 0.717942 0.157883
vt 0.640009 0.741098
vt 0.673744 0.742593
vt 0.695988 0.175986
vt 0.690520 0.162603
vt 0.126078 0.234181
vt 0.101405 0.224845
vt 0.137290 0.224845
vt 0.100866 0.218074
vt 0.148686 0.218074
vt 0.577154 0.748887
vt 0.592256 0.749299
vt 0.573730 0.748486
vt 0.590232 0.743697
vt 0.031181 0.019088
vt 0.027438 0.031517
vt 0.019202 0.019475
vt 0.045243 0.030943
vt 0.035748 0.041847
vt 0.576900 0.751974
vt 0.573776 0.752675
vt 0.573857 0.749916
vt 0.572651 0.750576
vt 0.573042 0.749401
vt 0.740504 0.527689
vt 0.705149 0.537023
vt 0.716361 0.527689
vt 0.741035 0.537023
vt 0.693753 0.543796
vt 0.578305 0.767284
vt 0.585134 0.765117
vt 0.593311 0.800432
vt 0.571661 0.768332
vt 0.741574 0.543796
vt 0.703324 0.551704
vt 0.584273 0.817193
vt 0.563851 0.769280
vt 0.675958 0.169154
vt 0.683850 0.152131
vt 0.567976 0.810589
vt 0.556525 0.769151
vt 0.678036 0.144384
vt 0.656152 0.724576
vt 0.616419 0.719089
vt 0.640437 0.711734
vt 0.139116 0.210164
vt 0.101629 0.203030
vt 0.132566 0.203030
vt 0.101319 0.210164
vt 0.589405 0.737317
vt 0.573346 0.743676
vt 0.587867 0.731513
vt 0.574094 0.746490
vt 0.029392 0.052513
vt 0.040437 0.060694
vt 0.025087 0.061188
vt 0.048146 0.051908
vt 0.570577 0.751346
vt 0.570974 0.747954
vt 0.572416 0.749012
vt 0.741121 0.551704
vt 0.709873 0.558840
vt 0.567225 0.751667
vt 0.569027 0.746690
vt 0.740811 0.558840
vt 0.713979 0.563391
vt 0.552672 0.804167
vt 0.551630 0.768876
vt 0.740617 0.563391
vt 0.715080 0.568490
vt 0.540292 0.797782
vt 0.546313 0.767978
vt 0.668769 0.151498
vt 0.669975 0.136632
vt 0.674331 0.139501
vt 0.671576 0.158318
vt 0.609509 0.712242
vt 0.628238 0.702432
vt 0.605315 0.704631
vt 0.618957 0.693215
vt 0.128461 0.198478
vt 0.101875 0.193379
vt 0.127360 0.193379
vt 0.101823 0.198478
vt 0.586930 0.727538
vt 0.570487 0.739437
vt 0.585386 0.723257
vt 0.572591 0.741215
vt 0.022391 0.066693
vt 0.034432 0.071467
vt 0.021787 0.071874
vt 0.035608 0.066268
vt 0.564117 0.751631
vt 0.566710 0.745065
vt 0.561531 0.750051
vt 0.400136 0.598856
vt 0.025780 0.245122
vt 0.019202 0.245333
vt 0.740565 0.568490
vt 0.726756 0.741573
vt 0.394574 0.595086
vt 0.390284 0.594745
vt 0.400420 0.594895
vt 0.527456 0.791655
vt 0.664654 0.148111
vt 0.516200 0.056334
vt 0.401032 0.588712
vt 0.398618 0.582306
vt 0.102427 0.020294
vt 0.115684 0.020295
vt 0.399939 0.599380
vt 0.785046 0.676158
vt 0.787419 0.669127
vt 0.785849 0.676385
vt 0.958194 0.893393
vt 0.958055 0.893108
vt 0.958090 0.893077
vt 0.785504 0.677451
vt 0.784134 0.669016
vt 0.786183 0.673785
vt 0.785397 0.681167
vt 0.784230 0.682724
vt 0.785067 0.681684
vt 0.785741 0.676297
vt 0.786287 0.681485
vt 0.786791 0.681443
vt 0.785434 0.684358
vt 0.787340 0.652141
vt 0.785867 0.669263
vt 0.784940 0.673550
vt 0.783003 0.667315
vt 0.784219 0.665407
vt 0.790417 0.641968
vt 0.790036 0.631493
vt 0.785956 0.631824
vt 0.785962 0.651940
vt 0.786026 0.666825
vt 0.785937 0.674890
vt 0.781929 0.709473
vt 0.786788 0.722964
vt 0.789805 0.733552
vt 0.486115 0.019857
vt 0.485975 0.019574
vt 0.486010 0.019541
vt 0.785893 0.705579
vt 0.784858 0.699497
vt 0.781367 0.705801
vt 0.486253 0.019725
vt 0.486045 0.019509
vt 0.787425 0.704679
vt 0.785867 0.695856
vt 0.958611 0.893827
vt 0.958888 0.893978
vt 0.958472 0.893962
vt 0.784175 0.704641
vt 0.786944 0.697141
vt 0.787306 0.699692
vt 0.958750 0.893693
vt 0.958923 0.893945
vt 0.790461 0.705836
vt 0.785780 0.698377
vt 0.785754 0.705416
vt 0.784709 0.722978
vt 0.789839 0.709497
vt 0.486531 0.020294
vt 0.486809 0.020445
vt 0.486392 0.020428
vt 0.784349 0.652054
vt 0.786800 0.665453
vt 0.788328 0.667483
vt 0.486670 0.020158
vt 0.486844 0.020410
vt 0.785610 0.674108
vt 0.785713 0.723145
vt 0.781649 0.733525
vt 0.781672 0.744168
vt 0.785686 0.743819
vt 0.778145 0.744654
vt 0.781986 0.771031
vt 0.785637 0.771209
vt 0.778333 0.769360
vt 0.782431 0.773458
vt 0.785628 0.776210
vt 0.781005 0.767319
vt 0.785636 0.773922
vt 0.785593 0.795473
vt 0.790294 0.767344
vt 0.788841 0.773474
vt 0.785630 0.776218
vt 0.792954 0.769393
vt 0.789294 0.771056
vt 0.785640 0.771219
vt 0.793250 0.744695
vt 0.789717 0.744199
vt 0.785748 0.723152
vt 0.781673 0.744188
vt 0.785696 0.743838
vt 0.784707 0.722993
vt 0.785796 0.704581
vt 0.784168 0.704657
vt 0.785266 0.692344
vt 0.786250 0.692357
vt 0.785758 0.692507
vt 0.785759 0.687533
vt 0.785239 0.687547
vt 0.786278 0.687552
vt 0.785758 0.687197
vt 0.785486 0.687278
vt 0.785757 0.686943
vt 0.785610 0.686938
vt 0.786028 0.687284
vt 0.785485 0.686601
vt 0.786032 0.686602
vt 0.785758 0.686687
vt 0.785238 0.686331
vt 0.786286 0.686335
vt 0.785762 0.686351
vt 0.785786 0.681334
vt 0.785283 0.681494
vt 0.785791 0.676484
vt 0.784313 0.669214
vt 0.784779 0.681462
vt 0.786933 0.677614
vt 0.787014 0.674165
vt 0.784584 0.652102
vt 0.781879 0.631448
vt 0.781511 0.641859
vt 0.787852 0.665659
vt 0.789026 0.667563
vt 0.790412 0.705912
vt 0.785972 0.699166
vt 0.787080 0.699737
vt 0.789764 0.709544
vt 0.486115 0.019440
vt 0.486393 0.019591
vt 0.486080 0.019475
vt 0.486532 0.019460
vt 0.486626 0.019785
vt 0.486462 0.019943
vt 0.486948 0.019893
vt 0.486790 0.019629
vt 0.486809 0.020027
vt 0.486948 0.020311
vt 0.486913 0.020344
vt 0.781665 0.709319
vt 0.786715 0.722962
vt 0.789756 0.733537
vt 0.784568 0.664756
vt 0.787206 0.651996
vt 0.782999 0.667162
vt 0.784188 0.699082
vt 0.781033 0.705577
vt 0.785661 0.667098
vt 0.785036 0.673482
vt 0.787400 0.704569
vt 0.789700 0.744183
vt 0.793224 0.744681
vt 0.785787 0.704518
vt 0.784487 0.695705
vt 0.785839 0.697253
vt 0.786330 0.692203
vt 0.785825 0.692362
vt 0.786952 0.687482
vt 0.786839 0.692234
vt 0.785833 0.687320
vt 0.786110 0.687072
vt 0.786359 0.687339
vt 0.785834 0.686985
vt 0.786317 0.687491
vt 0.785982 0.686732
vt 0.785833 0.686726
vt 0.786307 0.685975
vt 0.785684 0.686737
vt 0.786104 0.686390
vt 0.786935 0.685978
vt 0.786349 0.686119
vt 0.785832 0.686472
vt 0.786805 0.681275
vt 0.786306 0.681317
vt 0.785812 0.681158
vt 0.785802 0.676318
vt 0.787323 0.669012
vt 0.785730 0.669107
vt 0.785650 0.676849
vt 0.785777 0.651842
vt 0.789930 0.631384
vt 0.785830 0.631734
vt 0.789582 0.604632
vt 0.782278 0.604618
vt 0.781731 0.631384
vt 0.785950 0.599489
vt 0.785930 0.604454
vt 0.789161 0.602241
vt 0.785998 0.580246
vt 0.782728 0.602243
vt 0.782764 0.602245
vt 0.785967 0.601793
vt 0.789172 0.602273
vt 0.785946 0.601818
vt 0.782326 0.604652
vt 0.785973 0.599505
vt 0.789626 0.604667
vt 0.778671 0.606306
vt 0.781310 0.608375
vt 0.778305 0.630928
vt 0.782643 0.623906
vt 0.784376 0.631963
vt 0.785958 0.612987
vt 0.785955 0.622942
vt 0.785961 0.627818
vt 0.789255 0.623891
vt 0.787550 0.631930
vt 0.793232 0.606304
vt 0.793528 0.630885
vt 0.790289 0.641762
vt 0.784699 0.662278
vt 0.785995 0.660778
vt 0.790604 0.608371
vt 0.787331 0.662895
vt 0.793275 0.606337
vt 0.793614 0.631015
vt 0.790612 0.608423
vt 0.789244 0.624016
vt 0.785911 0.613045
vt 0.785875 0.623041
vt 0.787518 0.632147
vt 0.785857 0.627950
vt 0.782507 0.623964
vt 0.784136 0.632084
vt 0.778621 0.606272
vt 0.778139 0.630886
vt 0.781263 0.641788
vt 0.786191 0.662798
vt 0.785397 0.661531
vt 0.789039 0.713817
vt 0.785840 0.716574
vt 0.784289 0.743895
vt 0.486298 0.020098
vt 0.486134 0.020258
vt 0.785682 0.752811
vt 0.782433 0.751826
vt 0.787121 0.743902
vt 0.785692 0.747954
vt 0.782672 0.713800
vt 0.788935 0.751842
vt 0.785660 0.762740
vt 0.784561 0.663121
vt 0.485975 0.019992
vt 0.781251 0.608379
vt 0.785319 0.681306
vt 0.784724 0.685981
vt 0.784819 0.681263
vt 0.785829 0.686136
vt 0.785560 0.686385
vt 0.785356 0.685964
vt 0.785309 0.686119
vt 0.785686 0.686726
vt 0.785989 0.686723
vt 0.785353 0.687488
vt 0.785559 0.687068
vt 0.784712 0.687476
vt 0.785305 0.687337
vt 0.784813 0.692253
vt 0.785322 0.692215
vt 0.785778 0.697339
vt 0.786163 0.689315
vt 0.787374 0.690943
vt 0.786798 0.686715
vt 0.787675 0.686696
vt 0.786167 0.684130
vt 0.787366 0.682466
vt 0.786266 0.686973
vt 0.786416 0.692220
vt 0.785386 0.686438
vt 0.783917 0.686972
vt 0.958377 0.893633
vt 0.958055 0.893527
vt 0.784216 0.691179
vt 0.786431 0.691695
vt 0.958213 0.893792
vt 0.784793 0.686952
vt 0.785417 0.689531
vt 0.785807 0.697375
vt 0.786751 0.692404
vt 0.786863 0.687693
vt 0.785601 0.686947
vt 0.786231 0.687706
vt 0.785904 0.686945
vt 0.786238 0.686185
vt 0.786877 0.686199
vt 0.958541 0.893478
vt 0.958333 0.893259
vt 0.958125 0.893042
vt 0.958160 0.893009
vt 0.958472 0.893127
vt 0.958194 0.892975
vt 0.958611 0.892993
vt 0.958705 0.893319
vt 0.959028 0.893429
vt 0.958870 0.893162
vt 0.958889 0.893560
vt 0.959028 0.893844
vt 0.958993 0.893879
vt 0.785585 0.691553
vt 0.785753 0.697350
vt 0.787241 0.691099
vt 0.785689 0.691454
vt 0.785728 0.686761
vt 0.787573 0.686943
vt 0.785843 0.686650
vt 0.784346 0.690920
vt 0.784766 0.692382
vt 0.786075 0.689498
vt 0.786705 0.686937
vt 0.786162 0.696431
vt 0.784654 0.687683
vt 0.785281 0.687693
vt 0.785907 0.686937
vt 0.785280 0.686179
vt 0.786083 0.684369
vt 0.787260 0.682764
vt 0.784649 0.686192
vt 0.785800 0.681936
vt 0.784883 0.686741
vt 0.784013 0.686746
vt 0.784325 0.682563
vt 0.786069 0.681815
vt 0.785503 0.684172
vt 0.785520 0.689315
vt 0.789290 0.771045
vt 0.792948 0.769386
vt 0.788836 0.773470
vt 0.790284 0.767338
vt 0.785630 0.773923
vt 0.785648 0.762742
vt 0.781000 0.767327
vt 0.782428 0.773462
vt 0.778333 0.769368
vt 0.781987 0.771041
vt 0.782418 0.751839
vt 0.778139 0.744673
vt 0.781637 0.733549
vt 0.784264 0.743911
vt 0.785662 0.752815
vt 0.788911 0.751841
vt 0.787080 0.743902
vt 0.785667 0.747966
vt 0.782475 0.713717
vt 0.785700 0.716548
vt 0.788935 0.713831
vt 0.289558 0.026707
vt 0.290124 0.025900
vt 0.295879 0.025661
vt 0.296121 0.029544
vt 0.433843 0.018840
vt 0.434019 0.022844
vt 0.366170 0.152663
vt 0.370942 0.145669
vt 0.376940 0.148688
vt 0.376605 0.155878
vt 0.371408 0.159056
vt 0.440017 0.025863
vt 0.515837 0.143429
vt 0.516192 0.150187
vt 0.440140 0.025925
vt 0.524326 0.149268
vt 0.520469 0.143251
vt 0.442215 0.021802
vt 0.245042 0.692602
vt 0.175846 0.812341
vt 0.238985 0.689394
vt 0.101024 0.696217
vt 0.249630 0.684730
vt 0.245077 0.679462
vt 0.238625 0.682634
vt 0.168448 0.560708
vt 0.162932 0.565131
vt 0.100668 0.688525
vt 0.168030 0.554699
vt 0.156812 0.562050
vt 0.093735 0.684875
vt 0.159836 0.554177
vt 0.018909 0.568748
vt 0.018669 0.564872
vt 0.439723 0.018669
vt 0.227625 0.422296
vt 0.232864 0.428689
vt 0.088149 0.433995
vt 0.154190 0.301234
vt 0.238396 0.418321
vt 0.232275 0.415240
vt 0.157453 0.299115
vt 0.296865 0.287543
vt 0.302168 0.293809
vt 0.223621 0.166418
vt 0.307638 0.283564
vt 0.307178 0.290696
vt 0.226816 0.164424
vt 0.301640 0.280544
vt 0.292860 0.031659
vt 0.447289 0.276807
vt 0.448333 0.283757
vt 0.447351 0.276684
vt 0.453053 0.273135
vt 0.459051 0.276154
vt 0.455337 0.284460
vt 0.522128 0.153329
vt 0.598066 0.273772
vt 0.597826 0.269895
vt 0.604386 0.272725
vt 0.603882 0.273410
vt 0.601085 0.267773
vt 0.528823 0.408529
vt 0.389747 0.411034
vt 0.528586 0.404648
vt 0.383690 0.407826
vt 0.386099 0.419220
vt 0.318872 0.549973
vt 0.379028 0.418637
vt 0.459282 0.539528
vt 0.393302 0.672166
vt 0.308221 0.554638
vt 0.314317 0.544709
vt 0.314346 0.557722
vt 0.390046 0.674283
vt 0.323998 0.807046
vt 0.320741 0.809163
vt 0.307993 0.547945
vt 0.237942 0.425452
vt 0.307866 0.547881
vt 0.378047 0.411564
vt 0.182716 0.815799
vt 0.680882 0.910705
vt 0.686140 0.902896
vt 0.686140 0.910705
vt 0.728649 0.483375
vt 0.731632 0.485090
vt 0.738028 0.474013
vt 0.738174 0.902896
vt 0.743432 0.910705
vt 0.738174 0.910705
vt 0.680882 0.902896
vt 0.686140 0.895087
vt 0.738174 0.895087
vt 0.743432 0.902896
vt 0.691320 0.902896
vt 0.691320 0.910705
vt 0.691320 0.895087
vt 0.696500 0.902896
vt 0.696500 0.910705
vt 0.696500 0.895087
vt 0.701758 0.910705
vt 0.701680 0.902896
vt 0.706938 0.910705
vt 0.701680 0.895087
vt 0.706860 0.902896
vt 0.712118 0.910705
vt 0.706860 0.895087
vt 0.712039 0.902896
vt 0.717376 0.902896
vt 0.717376 0.910705
vt 0.717376 0.895087
vt 0.722556 0.902896
vt 0.722556 0.910705
vt 0.722556 0.895087
vt 0.727814 0.902896
vt 0.727814 0.910705
vt 0.727814 0.895087
vt 0.732994 0.910705
vt 0.732994 0.902896
vt 0.732994 0.895087
vt 0.727814 0.887283
vt 0.732994 0.887283
vt 0.738174 0.887283
vt 0.743432 0.895087
vt 0.743432 0.887283
vt 0.680882 0.895087
vt 0.686140 0.887283
vt 0.680882 0.887283
vt 0.691320 0.887283
vt 0.696500 0.887283
vt 0.701680 0.887283
vt 0.706860 0.887283
vt 0.712039 0.895087
vt 0.712039 0.887283
vt 0.712118 0.887283
vt 0.717376 0.887283
vt 0.722556 0.887283
vt 0.732994 0.879474
vt 0.722556 0.879474
vt 0.738174 0.879474
vt 0.981331 0.271006
vt 0.981205 0.271225
vt 0.980389 0.271006
vt 0.743432 0.879474
vt 0.680882 0.879474
vt 0.686140 0.879474
vt 0.691320 0.879474
vt 0.701758 0.879474
vt 0.706938 0.879474
vt 0.712118 0.879474
vt 0.717376 0.879474
vt 0.935049 0.947032
vt 0.936516 0.960019
vt 0.952003 0.088038
vt 0.941866 0.088473
vt 0.296524 0.915509
vt 0.948964 0.101118
vt 0.903270 0.027378
vt 0.944794 0.447164
vt 0.945051 0.446534
vt 0.946479 0.445097
vt 0.945427 0.445967
vt 0.945911 0.445480
vt 0.947110 0.444832
vt 0.948459 0.444700
vt 0.949131 0.444828
vt 0.944798 0.449187
vt 0.949762 0.445089
vt 0.945441 0.450387
vt 0.950331 0.445468
vt 0.945925 0.450868
vt 0.950815 0.445949
vt 0.946493 0.451246
vt 0.951196 0.446515
vt 0.947134 0.451496
vt 0.951460 0.447144
vt 0.951594 0.447816
vt 0.947797 0.451636
vt 0.951594 0.448501
vt 0.948482 0.451631
vt 0.951469 0.449165
vt 0.949148 0.451499
vt 0.951205 0.449802
vt 0.950345 0.450855
vt 0.950829 0.450368
vt 0.949780 0.451235
vt 0.945055 0.449823
vt 0.903270 0.048323
vt 0.181547 0.958895
vt 0.182180 0.958633
vt 0.182749 0.958254
vt 0.183230 0.957771
vt 0.183872 0.956573
vt 0.179521 0.958895
vt 0.184000 0.955902
vt 0.178898 0.958633
vt 0.184000 0.955219
vt 0.183867 0.954550
vt 0.178324 0.958254
vt 0.183607 0.953918
vt 0.177466 0.957204
vt 0.183230 0.953350
vt 0.177206 0.956573
vt 0.182749 0.952868
vt 0.182190 0.952488
vt 0.177069 0.955902
vt 0.181547 0.952226
vt 0.177201 0.954550
vt 0.180875 0.952093
vt 0.177466 0.953919
vt 0.180193 0.952093
vt 0.179521 0.952226
vt 0.177839 0.953350
vt 0.178893 0.952488
vt 0.178324 0.952868
vt 0.177069 0.955219
vt 0.177839 0.957771
vt 0.730422 0.799190
vt 0.707947 0.799190
vt 0.687569 0.958248
vt 0.687086 0.957763
vt 0.686318 0.955899
vt 0.686708 0.957197
vt 0.686447 0.956562
vt 0.686318 0.955215
vt 0.686715 0.953910
vt 0.687093 0.953341
vt 0.689437 0.959028
vt 0.687579 0.952864
vt 0.690789 0.958895
vt 0.688146 0.952482
vt 0.691421 0.958634
vt 0.688778 0.952222
vt 0.691990 0.958257
vt 0.689453 0.952103
vt 0.692472 0.957772
vt 0.690132 0.952094
vt 0.690801 0.952226
vt 0.692854 0.957206
vt 0.691433 0.952491
vt 0.693117 0.956577
vt 0.691997 0.952864
vt 0.693251 0.955907
vt 0.692481 0.953354
vt 0.693120 0.954555
vt 0.692859 0.953920
vt 0.693251 0.955222
vt 0.690120 0.959028
vt 0.961982 0.638131
vt 0.961350 0.638394
vt 0.960784 0.638771
vt 0.960301 0.639257
vt 0.959660 0.640457
vt 0.964003 0.638129
vt 0.959530 0.641124
vt 0.964637 0.638387
vt 0.959530 0.641808
vt 0.959662 0.642480
vt 0.965205 0.638765
vt 0.959927 0.643105
vt 0.966067 0.639818
vt 0.960305 0.643675
vt 0.966333 0.640443
vt 0.960790 0.644157
vt 0.961357 0.644536
vt 0.966462 0.641118
vt 0.961988 0.644797
vt 0.966332 0.642470
vt 0.962661 0.644927
vt 0.966069 0.643103
vt 0.963342 0.644928
vt 0.964010 0.644796
vt 0.965691 0.643670
vt 0.964642 0.644533
vt 0.965208 0.644156
vt 0.966462 0.641802
vt 0.965686 0.639251
vt 0.345805 0.769108
vt 0.297373 0.113046
vt 0.490665 0.825115
vt 0.164936 0.097242
vt 0.167536 0.093416
vt 0.839639 0.459531
vt 0.373827 0.818974
vt 0.164585 0.102628
vt 0.020005 0.749753
vt 0.462643 0.775249
vt 0.109526 0.278298
vt 0.542066 0.447626
vt 0.456218 0.453013
vt 0.544757 0.456242
vt 0.567732 0.143898
vt 0.545530 0.455947
vt 0.456532 0.460928
vt 0.891126 0.097433
vt 0.544061 0.456129
vt 0.108840 0.286189
vt 0.069678 0.766185
vt 0.236501 0.958644
vt 0.235947 0.958259
vt 0.234821 0.956579
vt 0.235460 0.957779
vt 0.235084 0.957210
vt 0.234681 0.955912
vt 0.234808 0.954561
vt 0.235065 0.953929
vt 0.238500 0.959028
vt 0.235454 0.953356
vt 0.239801 0.958629
vt 0.235933 0.952874
vt 0.240365 0.958250
vt 0.236497 0.952494
vt 0.240844 0.957766
vt 0.237131 0.952230
vt 0.241214 0.957201
vt 0.237798 0.952096
vt 0.238477 0.952094
vt 0.241481 0.956566
vt 0.239149 0.952227
vt 0.241615 0.955894
vt 0.239779 0.952487
vt 0.241607 0.955214
vt 0.240350 0.952863
vt 0.241223 0.953910
vt 0.240829 0.953347
vt 0.241485 0.954539
vt 0.239167 0.958894
vt 0.069678 0.745250
vt 0.760621 0.954921
vt 0.761252 0.955184
vt 0.761927 0.955305
vt 0.762607 0.955311
vt 0.763909 0.954917
vt 0.759196 0.953480
vt 0.764478 0.954537
vt 0.758935 0.952851
vt 0.764960 0.954057
vt 0.765339 0.953492
vt 0.758803 0.952180
vt 0.765603 0.952858
vt 0.758935 0.950832
vt 0.765735 0.952191
vt 0.759198 0.950198
vt 0.765735 0.951511
vt 0.765610 0.950822
vt 0.759578 0.949634
vt 0.765345 0.950202
vt 0.760632 0.948765
vt 0.764963 0.949639
vt 0.761262 0.948506
vt 0.764482 0.949153
vt 0.763913 0.948778
vt 0.761930 0.948380
vt 0.763281 0.948516
vt 0.762614 0.948377
vt 0.760059 0.949154
vt 0.758803 0.951500
vt 0.903270 0.388220
vt 0.903270 0.410705
vt 0.951460 0.391394
vt 0.951594 0.392071
vt 0.951199 0.394053
vt 0.951594 0.392748
vt 0.951460 0.393425
vt 0.950820 0.394612
vt 0.949769 0.395485
vt 0.949138 0.395740
vt 0.950337 0.389717
vt 0.948469 0.395878
vt 0.949138 0.389069
vt 0.947785 0.395878
vt 0.948469 0.388942
vt 0.947116 0.395740
vt 0.947785 0.388942
vt 0.946485 0.395485
vt 0.947116 0.389069
vt 0.945918 0.395103
vt 0.945434 0.394612
vt 0.946485 0.389334
vt 0.945055 0.394053
vt 0.945918 0.389717
vt 0.944794 0.393425
vt 0.945434 0.390198
vt 0.944660 0.392748
vt 0.944794 0.391394
vt 0.944660 0.392071
vt 0.945055 0.390767
vt 0.949769 0.389334
vt 0.826931 0.967725
vt 0.827069 0.967054
vt 0.827069 0.966372
vt 0.826931 0.965702
vt 0.826293 0.964503
vt 0.825813 0.969405
vt 0.825813 0.964020
vt 0.825244 0.969785
vt 0.825244 0.963641
vt 0.824606 0.963379
vt 0.824606 0.970047
vt 0.823939 0.963246
vt 0.823262 0.970179
vt 0.823262 0.963246
vt 0.822595 0.970047
vt 0.822595 0.963379
vt 0.821957 0.963641
vt 0.821957 0.969785
vt 0.821388 0.964020
vt 0.820908 0.968923
vt 0.820908 0.964503
vt 0.820525 0.968355
vt 0.820535 0.965070
vt 0.820260 0.965702
vt 0.820270 0.967725
vt 0.820142 0.966372
vt 0.820142 0.967054
vt 0.821388 0.969405
vt 0.823939 0.970179
vt 0.752725 0.839984
vt 0.500657 0.450143
vt 0.434908 0.724752
vt 0.516014 0.586506
vt 0.314563 0.862382
vt 0.513384 0.580773
vt 0.318068 0.718611
vt 0.027527 0.813619
vt 0.523079 0.581446
vt 0.635887 0.833843
vt 0.888611 0.308880
vt 0.901118 0.588586
vt 0.174707 0.155812
vt 0.945427 0.024756
vt 0.945921 0.025248
vt 0.946488 0.025623
vt 0.947124 0.025888
vt 0.948477 0.026016
vt 0.944665 0.022907
vt 0.949148 0.025884
vt 0.944665 0.022225
vt 0.949781 0.025623
vt 0.950337 0.025231
vt 0.944787 0.021546
vt 0.950825 0.024754
vt 0.945426 0.020347
vt 0.951207 0.024189
vt 0.945907 0.019863
vt 0.951464 0.023555
vt 0.951594 0.022882
vt 0.946477 0.019485
vt 0.951593 0.022201
vt 0.947775 0.019084
vt 0.951457 0.021531
vt 0.948456 0.019081
vt 0.951189 0.020896
vt 0.950817 0.020338
vt 0.949127 0.019213
vt 0.950323 0.019847
vt 0.949757 0.019471
vt 0.947103 0.019217
vt 0.945051 0.020919
vt 0.871633 0.889310
vt 0.892588 0.889310
vt 0.026020 0.955872
vt 0.025892 0.956544
vt 0.024782 0.958239
vt 0.025638 0.957184
vt 0.025264 0.957758
vt 0.024219 0.958626
vt 0.022919 0.959027
vt 0.022235 0.959028
vt 0.025615 0.953903
vt 0.021567 0.958906
vt 0.024748 0.952864
vt 0.020931 0.958643
vt 0.024172 0.952478
vt 0.020363 0.958275
vt 0.023541 0.952224
vt 0.019878 0.957799
vt 0.022868 0.952093
vt 0.019492 0.957227
vt 0.019228 0.956604
vt 0.022184 0.952094
vt 0.019091 0.955938
vt 0.021517 0.952238
vt 0.019091 0.955267
vt 0.020888 0.952504
vt 0.019211 0.954577
vt 0.020321 0.952882
vt 0.019469 0.953946
vt 0.019843 0.953372
vt 0.025233 0.953340
vt 0.872619 0.951546
vt 0.872776 0.952353
vt 0.880497 0.949157
vt 0.873090 0.953113
vt 0.880811 0.949917
vt 0.880958 0.950724
vt 0.873551 0.953797
vt 0.874140 0.954378
vt 0.880968 0.951546
vt 0.874816 0.954835
vt 0.880811 0.952353
vt 0.875572 0.955150
vt 0.880497 0.953113
vt 0.880036 0.953797
vt 0.876386 0.955311
vt 0.877210 0.955311
vt 0.879457 0.954378
vt 0.878015 0.955150
vt 0.878780 0.954835
vt 0.880036 0.948473
vt 0.878780 0.947434
vt 0.878015 0.947120
vt 0.873090 0.949157
vt 0.873551 0.948473
vt 0.877200 0.946959
vt 0.876396 0.946959
vt 0.874140 0.947891
vt 0.875572 0.947120
vt 0.874816 0.947434
vt 0.631478 0.945685
vt 0.631164 0.944922
vt 0.639352 0.944101
vt 0.631000 0.944118
vt 0.639352 0.943276
vt 0.631000 0.943293
vt 0.639188 0.942472
vt 0.631162 0.942482
vt 0.638874 0.941710
vt 0.631474 0.941723
vt 0.638416 0.941027
vt 0.631931 0.941037
vt 0.637831 0.940450
vt 0.632510 0.940456
vt 0.637146 0.939994
vt 0.633196 0.939993
vt 0.636388 0.939678
vt 0.633951 0.939683
vt 0.635575 0.939526
vt 0.634756 0.939523
vt 0.639196 0.944904
vt 0.638427 0.946349
vt 0.637848 0.946930
vt 0.633201 0.947408
vt 0.637162 0.947393
vt 0.633971 0.947708
vt 0.636401 0.947711
vt 0.634772 0.947876
vt 0.635596 0.947871
vt 0.673896 0.094788
vt 0.700972 0.094788
vt 0.949626 0.160919
vt 0.950196 0.161297
vt 0.950829 0.161558
vt 0.951494 0.161697
vt 0.952846 0.161567
vt 0.948511 0.159229
vt 0.953476 0.161310
vt 0.948382 0.158557
vt 0.954042 0.160933
vt 0.954529 0.160449
vt 0.948382 0.157876
vt 0.954908 0.159884
vt 0.948770 0.156584
vt 0.955175 0.159248
vt 0.949156 0.156012
vt 0.955310 0.158578
vt 0.955310 0.157897
vt 0.949636 0.155535
vt 0.955181 0.157225
vt 0.950839 0.154894
vt 0.954923 0.156590
vt 0.951510 0.154761
vt 0.954541 0.156025
vt 0.954052 0.155549
vt 0.952191 0.154764
vt 0.953496 0.155156
vt 0.952863 0.154896
vt 0.950202 0.155158
vt 0.948510 0.157213
vt 0.232323 0.896746
vt 0.211407 0.896746
vt 0.952858 0.206935
vt 0.953496 0.207196
vt 0.954918 0.208627
vt 0.954065 0.207575
vt 0.954546 0.208059
vt 0.955183 0.209258
vt 0.955311 0.210611
vt 0.955183 0.211281
vt 0.950847 0.206935
vt 0.954918 0.211911
vt 0.949641 0.207575
vt 0.954546 0.212480
vt 0.949160 0.208059
vt 0.954065 0.212963
vt 0.948777 0.208627
vt 0.953496 0.213342
vt 0.948522 0.209258
vt 0.952858 0.213603
vt 0.952191 0.213737
vt 0.948385 0.209927
vt 0.951514 0.213737
vt 0.948385 0.210611
vt 0.950847 0.213603
vt 0.948522 0.211281
vt 0.950209 0.213342
vt 0.949160 0.212480
vt 0.949641 0.212963
vt 0.948777 0.211911
vt 0.950219 0.207196
vt 0.351299 0.950078
vt 0.351868 0.950661
vt 0.356508 0.943716
vt 0.352565 0.951118
vt 0.357205 0.944173
vt 0.357784 0.944755
vt 0.353320 0.951432
vt 0.354124 0.951594
vt 0.358235 0.945440
vt 0.354949 0.951594
vt 0.358549 0.946199
vt 0.355753 0.951432
vt 0.358706 0.947006
vt 0.358706 0.947829
vt 0.356508 0.951118
vt 0.357205 0.950661
vt 0.358549 0.948635
vt 0.357784 0.950078
vt 0.358235 0.949395
vt 0.355753 0.943402
vt 0.354124 0.943241
vt 0.353320 0.943402
vt 0.350357 0.947829
vt 0.350357 0.947006
vt 0.352565 0.943716
vt 0.351858 0.944173
vt 0.350524 0.946199
vt 0.351299 0.944755
vt 0.350828 0.945440
vt 0.025688 0.902831
vt 0.026366 0.903282
vt 0.020009 0.908514
vt 0.026946 0.903862
vt 0.020463 0.909194
vt 0.027401 0.904542
vt 0.021044 0.909774
vt 0.027720 0.905303
vt 0.021746 0.910242
vt 0.027879 0.906109
vt 0.022497 0.910548
vt 0.027876 0.906928
vt 0.023300 0.910705
vt 0.027724 0.907740
vt 0.024125 0.910705
vt 0.027400 0.908493
vt 0.024929 0.910541
vt 0.026952 0.909184
vt 0.025684 0.910221
vt 0.026374 0.909768
vt 0.019690 0.907753
vt 0.019526 0.906123
vt 0.019686 0.905316
vt 0.023285 0.902351
vt 0.019994 0.904553
vt 0.022480 0.902516
vt 0.020449 0.903868
vt 0.021718 0.902830
vt 0.021036 0.903288
vt 0.676524 0.648645
vt 0.676524 0.621569
vt 0.962675 0.703465
vt 0.302046 0.973829
vt 0.202511 0.203991
vt 0.649650 0.368454
vt 0.649867 0.388359
vt 0.204443 0.035313
vt 0.734952 0.334075
vt 0.609393 0.210021
vt 0.066909 0.302180
vt 0.814561 0.845654
vt 0.821553 0.254625
vt 0.603191 0.615642
vt 0.807603 0.310461
vt 0.977614 0.337393
vt 0.961842 0.760094
vt 0.577616 0.755745
vt 0.580919 0.751964
vt 0.680533 0.184140
vt 0.101936 0.234181
vt 0.059475 0.041082
vt 0.626281 0.730742
vt 0.400031 0.597205
vt 0.740012 0.741573
vt 0.513432 0.062305
vt 0.958958 0.893913
vt 0.486878 0.020376
vt 0.785976 0.604488
vt 0.735046 0.485090
vt 0.738028 0.483375
vt 0.739716 0.480408
vt 0.739716 0.476982
vt 0.735046 0.472298
vt 0.726962 0.480408
vt 0.731632 0.472298
vt 0.726962 0.476982
vt 0.728649 0.474013
vt 0.727814 0.879474
vt 0.980986 0.271352
vt 0.980734 0.271352
vt 0.980515 0.271225
vt 0.980389 0.270754
vt 0.980515 0.270536
vt 0.981331 0.270754
vt 0.980734 0.270411
vt 0.980986 0.270411
vt 0.981205 0.270536
vt 0.696500 0.879474
s 0
usemtl Enemy
f 6/1/1 49/2/1 29/3/1
f 27/4/2 14/5/2 49/2/2
f 22/6/3 20/7/3 4/8/3
f 1/9/4 50/10/4 22/6/4
f 19/11/5 14/5/5 2/12/5
f 3/13/6 51/14/6 19/11/6
f 52/15/7 3/16/7 19/17/7
f 16/18/8 19/17/8 2/19/8
f 53/20/9 1/21/9 22/22/9
f 21/23/10 22/22/10 4/24/10
f 30/25/11 32/26/11 7/27/11
f 30/25/12 23/28/12 54/29/12
f 24/30/13 30/31/13 55/32/13
f 31/33/14 30/31/14 7/34/14
f 16/18/15 27/35/15 56/36/15
f 56/36/16 6/37/16 28/38/16
f 57/39/17 6/37/17 26/40/17
f 24/30/18 26/40/18 5/41/18
f 26/42/19 23/28/19 5/43/19
f 6/1/20 58/44/20 26/42/20
f 59/45/21 7/34/21 25/46/21
f 13/47/22 25/46/22 1/21/22
f 25/48/23 15/49/23 1/9/23
f 7/27/24 60/50/24 25/48/24
f 11/51/25 61/52/25 43/53/25
f 43/53/26 34/54/26 9/55/26
f 20/7/27 38/56/27 4/8/27
f 62/57/28 8/58/28 38/56/28
f 34/54/29 37/59/29 9/55/29
f 60/50/30 131/60/30 189/61/30
f 16/18/31 175/62/31 52/15/31
f 63/63/32 3/13/32 37/59/32
f 34/54/33 192/64/33 139/65/33
f 36/66/34 37/67/34 64/68/34
f 64/68/35 3/16/35 18/69/35
f 58/44/36 109/70/36 23/28/36
f 14/5/37 172/71/37 49/2/37
f 21/23/38 38/72/38 65/73/38
f 65/73/39 8/74/39 33/75/39
f 48/76/40 199/77/40 66/78/40
f 35/79/41 209/80/41 72/81/41
f 64/68/42 100/82/42 195/83/42
f 13/47/43 188/84/43 59/45/43
f 70/85/44 163/86/44 45/87/44
f 52/15/45 100/82/45 18/69/45
f 61/52/46 163/86/46 192/64/46
f 58/44/47 123/88/47 185/89/47
f 56/36/48 121/90/48 181/91/48
f 48/76/49 46/92/49 12/93/49
f 71/94/50 168/95/50 208/96/50
f 36/66/51 195/83/51 150/97/51
f 46/92/52 39/98/52 10/99/52
f 59/45/53 130/100/53 31/33/53
f 47/101/54 46/102/54 67/103/54
f 46/102/55 40/104/55 67/103/55
f 70/85/56 156/105/56 205/106/56
f 14/5/57 174/107/57 80/108/57
f 11/109/58 68/110/58 44/111/58
f 43/112/59 36/66/59 68/110/59
f 36/66/60 201/113/60 68/110/60
f 16/18/61 181/91/61 93/114/61
f 33/75/62 208/96/62 138/115/62
f 63/63/63 99/116/63 17/117/63
f 51/14/64 99/116/64 174/107/64
f 68/110/65 161/118/65 44/111/65
f 40/104/66 42/119/66 69/120/66
f 69/120/67 11/109/67 44/111/67
f 31/33/68 180/121/68 55/32/68
f 34/54/69 194/122/69 63/63/69
f 50/10/70 101/123/70 20/7/70
f 57/39/71 110/124/71 183/125/71
f 67/103/72 157/126/72 200/127/72
f 39/98/73 42/128/73 10/99/73
f 55/32/74 110/124/74 24/30/74
f 53/20/75 102/129/75 176/130/75
f 70/85/76 11/51/76 42/128/76
f 62/57/77 149/131/77 35/79/77
f 69/120/78 161/118/78 203/132/78
f 50/10/79 92/133/79 173/134/79
f 57/39/80 121/90/80 28/38/80
f 47/101/81 200/127/81 168/95/81
f 32/26/82 179/135/82 131/60/82
f 65/73/83 138/115/83 196/136/83
f 15/49/84 189/61/84 92/133/84
f 53/20/85 79/137/85 13/47/85
f 33/75/86 41/138/86 71/94/86
f 71/94/87 12/139/87 47/101/87
f 62/57/88 101/123/88 193/140/88
f 35/79/89 41/141/89 8/58/89
f 69/120/90 157/126/90 40/104/90
f 49/2/91 123/88/91 29/3/91
f 72/81/92 12/93/92 41/141/92
f 66/78/93 156/105/93 39/98/93
f 72/81/94 169/142/94 48/76/94
f 54/29/95 109/70/95 179/135/95
f 65/73/96 102/129/96 21/23/96
f 120/143/97 124/144/97 115/145/97
f 73/146/98 171/147/98 120/143/98
f 74/148/99 117/149/99 171/147/99
f 124/144/100 117/149/100 89/150/100
f 172/151/101 81/152/101 118/153/101
f 123/154/102 118/153/102 94/155/102
f 92/156/103 86/157/103 173/158/103
f 173/158/104 85/159/104 101/160/104
f 99/161/105 97/162/105 174/163/105
f 174/163/106 81/152/106 80/164/106
f 75/165/107 175/166/107 93/167/107
f 74/148/108 100/168/108 175/166/108
f 88/169/109 176/170/109 102/171/109
f 87/172/110 79/173/110 176/170/110
f 82/174/111 177/175/111 132/176/111
f 126/177/112 103/178/112 177/175/112
f 177/175/113 219/179/113 217/180/113
f 132/176/114 177/175/114 105/181/114
f 118/153/115 122/182/115 94/155/115
f 118/153/116 97/162/116 178/183/116
f 178/183/117 98/184/117 119/185/117
f 122/182/118 119/185/118 107/186/118
f 179/187/119 96/188/119 126/177/119
f 131/189/120 126/177/120 82/174/120
f 125/190/121 130/191/121 76/192/121
f 91/193/122 180/194/122 125/190/122
f 117/149/123 121/195/123 89/150/123
f 75/165/124 181/196/124 117/149/124
f 113/197/125 182/198/125 129/199/125
f 128/200/126 226/201/126 228/202/126
f 112/203/127 125/190/127 182/198/127
f 182/198/128 76/192/128 129/199/128
f 90/204/129 110/205/129 91/193/129
f 90/204/130 121/195/130 183/206/130
f 96/188/131 184/207/131 103/178/131
f 94/155/132 184/207/132 95/208/132
f 184/207/133 107/186/133 108/209/133
f 184/207/134 219/179/134 103/178/134
f 123/154/135 95/208/135 185/210/135
f 109/211/136 95/208/136 96/188/136
f 222/212/137 116/213/137 186/214/137
f 115/145/138 186/214/138 116/213/138
f 186/214/139 89/150/139 90/204/139
f 186/214/140 91/193/140 112/203/140
f 114/215/141 87/172/141 88/169/141
f 114/215/142 129/199/142 187/216/142
f 129/199/143 77/217/143 187/216/143
f 187/216/144 78/218/144 87/172/144
f 78/218/145 188/219/145 79/173/145
f 76/192/146 188/219/146 77/217/146
f 189/220/147 82/174/147 83/221/147
f 189/220/148 84/222/148 92/156/148
f 84/222/149 190/223/149 86/157/149
f 83/221/150 132/176/150 190/223/150
f 132/176/151 106/224/151 190/223/151
f 86/157/152 106/224/152 85/159/152
f 164/225/153 120/143/153 115/145/153
f 164/225/154 159/226/154 191/227/154
f 159/226/155 133/228/155 191/227/155
f 191/227/156 73/146/156 120/143/156
f 163/229/157 160/230/157 192/231/157
f 192/231/158 140/232/158 139/233/158
f 85/159/159 193/234/159 101/160/159
f 144/235/160 149/236/160 193/234/160
f 140/232/161 194/237/161 139/233/161
f 154/238/162 99/161/162 194/237/162
f 134/239/163 195/240/163 133/228/163
f 133/228/164 100/168/164 73/146/164
f 88/169/165 196/241/165 145/242/165
f 145/242/166 138/243/166 137/244/166
f 141/245/167 197/246/167 166/247/167
f 170/248/168 105/181/168 197/246/168
f 197/246/169 218/249/169 155/250/169
f 166/247/170 155/250/170 153/251/170
f 162/252/171 160/230/171 151/253/171
f 162/252/172 119/185/172 198/254/172
f 198/254/173 98/184/173 154/238/173
f 160/230/174 154/238/174 140/232/174
f 169/255/175 166/247/175 199/256/175
f 199/256/176 153/251/176 156/257/176
f 168/258/177 165/259/177 135/260/177
f 200/261/178 148/262/178 165/259/178
f 161/263/179 159/226/179 146/264/179
f 201/265/180 134/239/180 159/226/180
f 113/197/181 167/266/181 202/267/181
f 135/260/182 202/267/182 167/266/182
f 165/259/183 158/268/183 202/267/183
f 128/200/184 227/269/184 111/270/184
f 157/271/185 147/272/185 148/262/185
f 147/272/186 161/263/186 146/264/186
f 153/251/187 204/273/187 152/274/187
f 218/249/188 204/273/188 155/250/188
f 204/273/189 107/186/189 162/252/189
f 204/273/190 151/253/190 152/274/190
f 156/257/191 152/274/191 205/275/191
f 152/274/192 163/229/192 205/275/192
f 111/270/193 227/269/193 223/276/193
f 148/262/194 206/277/194 158/268/194
f 206/277/195 146/264/195 164/225/195
f 206/277/196 115/145/196 116/213/196
f 145/242/197 114/215/197 88/169/197
f 137/244/198 207/278/198 145/242/198
f 136/279/199 167/266/199 207/278/199
f 114/215/200 167/266/200 113/197/200
f 137/244/201 208/280/201 136/279/201
f 208/280/202 135/260/202 136/279/202
f 143/281/203 209/282/203 149/236/203
f 209/282/204 141/245/204 169/255/204
f 143/281/205 210/283/205 142/284/205
f 144/235/206 106/224/206 210/283/206
f 106/224/207 170/248/207 210/283/207
f 142/284/208 170/248/208 141/245/208
f 104/285/209 214/286/209 212/287/209
f 105/181/210 216/288/210 197/246/210
f 213/289/211 108/209/211 214/286/211
f 105/181/212 217/180/212 215/290/212
f 186/214/213 226/201/213 222/212/213
f 224/291/214 111/270/214 223/276/214
f 113/197/215 228/202/215 182/198/215
f 225/292/216 113/197/216 202/267/216
f 212/287/217 108/209/217 204/273/217
f 219/179/218 127/293/218 217/180/218
f 216/288/219 215/290/219 127/293/219
f 218/249/220 127/293/220 104/285/220
f 212/287/221 218/249/221 104/285/221
f 219/179/222 213/289/222 104/285/222
f 215/290/223 217/180/223 127/293/223
f 116/213/224 223/276/224 206/277/224
f 111/270/225 224/291/225 222/212/225
f 222/212/226 226/201/226 111/270/226
f 227/269/227 202/267/227 158/268/227
f 227/269/228 206/277/228 223/276/228
f 228/202/229 221/294/229 128/200/229
f 221/294/230 225/292/230 128/200/230
f 226/201/231 182/198/231 228/202/231
f 229/295/232 242/296/232 241/297/232
f 230/298/233 242/299/233 244/300/233
f 229/301/234 241/302/234 246/303/234
f 229/304/235 246/305/235 248/306/235
f 229/307/236 248/308/236 245/309/236
f 230/298/237 244/300/237 251/310/237
f 231/311/238 243/312/238 253/313/238
f 232/314/239 247/315/239 255/316/239
f 233/317/240 249/318/240 257/319/240
f 234/320/241 250/321/241 259/322/241
f 230/298/242 251/310/242 254/323/242
f 231/311/243 253/313/243 256/324/243
f 232/314/244 255/316/244 258/325/244
f 233/317/245 257/319/245 260/326/245
f 234/320/246 259/322/246 252/327/246
f 235/328/247 261/329/247 266/330/247
f 236/331/248 262/332/248 268/333/248
f 237/334/249 263/335/249 269/336/249
f 238/337/250 264/338/250 270/339/250
f 239/340/251 265/341/251 267/342/251
f 267/342/252 270/343/252 240/344/252
f 267/342/253 265/341/253 270/343/253
f 265/341/254 238/337/254 270/343/254
f 270/339/255 269/345/255 240/346/255
f 270/339/256 264/338/256 269/345/256
f 264/338/257 237/334/257 269/345/257
f 269/336/258 268/347/258 240/348/258
f 269/336/259 263/335/259 268/347/259
f 263/335/260 236/349/260 268/347/260
f 268/333/261 266/350/261 240/351/261
f 268/333/262 262/332/262 266/350/262
f 262/332/263 235/328/263 266/350/263
f 266/330/264 267/352/264 240/353/264
f 266/330/265 261/329/265 267/352/265
f 261/329/266 239/340/266 267/352/266
f 252/327/267 265/341/267 239/340/267
f 252/327/268 259/322/268 265/341/268
f 259/322/269 238/337/269 265/341/269
f 260/326/270 264/338/270 238/337/270
f 260/326/271 257/319/271 264/338/271
f 257/319/272 237/334/272 264/338/272
f 258/325/273 263/335/273 237/334/273
f 258/325/274 255/316/274 263/335/274
f 255/316/275 236/349/275 263/335/275
f 256/324/276 262/332/276 236/331/276
f 256/324/277 253/313/277 262/332/277
f 253/313/278 235/328/278 262/332/278
f 254/323/279 261/329/279 235/328/279
f 254/323/280 251/310/280 261/329/280
f 251/310/281 239/340/281 261/329/281
f 259/322/282 260/326/282 238/337/282
f 259/322/283 250/321/283 260/326/283
f 250/321/284 233/317/284 260/326/284
f 257/319/285 258/325/285 237/334/285
f 257/319/286 249/318/286 258/325/286
f 249/318/287 232/314/287 258/325/287
f 255/316/288 256/354/288 236/349/288
f 255/316/289 247/315/289 256/354/289
f 247/315/290 231/355/290 256/354/290
f 253/313/291 254/323/291 235/328/291
f 253/313/292 243/312/292 254/323/292
f 243/312/293 230/298/293 254/323/293
f 251/310/294 252/327/294 239/340/294
f 251/310/295 244/300/295 252/327/295
f 244/300/296 234/320/296 252/327/296
f 245/309/297 250/321/297 234/320/297
f 245/309/298 248/308/298 250/321/298
f 248/308/299 233/317/299 250/321/299
f 248/306/300 249/318/300 233/317/300
f 248/306/301 246/305/301 249/318/301
f 246/305/302 232/314/302 249/318/302
f 246/303/303 247/315/303 232/314/303
f 246/303/304 241/302/304 247/315/304
f 241/302/305 231/355/305 247/315/305
f 244/300/306 245/356/306 234/320/306
f 244/300/307 242/299/307 245/356/307
f 242/299/308 229/357/308 245/356/308
f 241/297/309 243/312/309 231/311/309
f 241/297/310 242/296/310 243/312/310
f 242/296/311 230/298/311 243/312/311
f 272/358/312 340/359/312 339/360/312
f 274/361/313 345/362/313 340/359/313
f 276/363/314 350/364/314 345/362/314
f 278/365/315 355/366/315 350/364/315
f 280/367/316 360/368/316 355/366/316
f 282/369/317 365/370/317 360/368/317
f 284/371/318 370/372/318 365/370/318
f 286/373/319 375/374/319 370/372/319
f 375/374/320 290/375/320 380/376/320
f 380/376/321 292/377/321 385/378/321
f 385/378/322 294/379/322 390/380/322
f 390/380/323 296/381/323 395/382/323
f 395/382/324 298/383/324 400/384/324
f 400/384/325 300/385/325 405/386/325
f 405/386/326 302/387/326 410/388/326
f 410/388/327 304/389/327 415/390/327
f 415/390/328 306/391/328 420/392/328
f 420/392/329 308/393/329 425/394/329
f 425/394/330 310/395/330 430/396/330
f 430/396/331 312/397/331 435/398/331
f 435/398/332 314/399/332 440/400/332
f 440/400/333 316/401/333 445/402/333
f 445/402/334 318/403/334 450/404/334
f 450/404/335 320/405/335 455/406/335
f 320/405/336 460/407/336 455/406/336
f 322/408/337 465/409/337 460/407/337
f 324/410/338 470/411/338 465/409/338
f 326/412/339 475/413/339 470/411/339
f 328/414/340 480/415/340 475/413/340
f 330/416/341 485/417/341 480/415/341
f 280/418/342 278/419/342 328/420/342
f 332/421/343 490/422/343 485/417/343
f 334/423/344 339/424/344 490/422/344
f 329/425/345 331/426/345 277/427/345
f 494/428/344 271/429/344 333/430/344
f 473/431/342 611/432/342 468/432/342
f 473/431/345 548/433/345 550/431/345
f 491/434/344 337/435/344 492/436/344
f 491/434/346 339/424/346 338/437/346
f 489/438/343 333/430/343 331/439/343
f 364/440/345 572/441/345 369/441/345
f 337/442/347 497/443/347 496/442/347
f 486/444/343 492/436/343 487/445/343
f 486/444/348 490/422/348 491/434/348
f 484/446/341 331/439/341 329/447/341
f 474/448/345 612/449/345 614/450/345
f 442/451/349 539/452/349 537/451/349
f 481/453/341 487/445/341 482/454/341
f 481/453/350 485/417/350 486/444/350
f 479/455/340 329/447/340 327/456/340
f 336/457/342 561/458/342 560/457/342
f 336/457/345 498/458/345 343/458/345
f 476/459/340 482/454/340 477/460/340
f 476/459/351 480/415/351 481/453/351
f 474/448/339 327/456/339 325/461/339
f 443/462/342 603/463/342 601/462/342
f 443/462/345 540/464/345 448/465/345
f 471/466/339 477/460/339 472/467/339
f 471/466/352 475/413/352 476/459/352
f 469/449/338 325/461/338 323/468/338
f 335/469/345 562/470/345 344/470/345
f 417/471/353 529/472/353 527/471/353
f 466/473/338 472/467/338 467/474/338
f 466/473/354 470/411/354 471/466/354
f 464/475/337 323/468/337 321/476/337
f 444/477/345 604/478/345 449/479/345
f 418/480/345 530/481/345 423/482/345
f 461/483/337 467/474/337 462/484/337
f 461/483/355 465/409/355 466/473/355
f 459/485/336 321/476/336 319/486/336
f 418/480/342 593/482/342 591/480/342
f 397/487/356 517/488/356 392/489/356
f 456/490/336 462/484/336 457/491/336
f 456/490/357 460/407/357 461/483/357
f 317/492/335 459/485/335 319/486/335
f 419/493/358 594/494/358 424/494/358
f 398/495/345 518/496/345 520/497/345
f 452/498/335 456/490/335 457/491/335
f 450/404/359 456/490/359 451/499/359
f 315/500/334 454/501/334 317/492/334
f 398/495/342 581/502/342 393/496/342
f 367/503/360 509/504/360 507/505/360
f 447/452/334 451/499/334 452/498/334
f 445/402/361 451/499/361 446/506/361
f 313/507/333 449/479/333 315/500/333
f 399/508/345 582/509/345 584/510/345
f 477/460/362 549/467/362 472/467/362
f 442/451/333 446/506/333 447/452/333
f 440/400/363 446/506/363 441/511/363
f 311/512/332 444/477/332 313/507/332
f 368/513/364 573/514/364 571/515/364
f 368/513/345 510/514/345 373/516/345
f 437/517/332 441/511/332 442/451/332
f 435/398/365 441/511/365 436/518/365
f 309/519/331 439/520/331 311/512/331
f 478/521/342 613/431/342 473/431/342
f 478/521/345 550/431/345 552/522/345
f 432/523/331 436/518/331 437/517/331
f 430/396/366 436/518/366 431/524/366
f 307/525/330 434/526/330 309/519/330
f 369/441/367 574/527/367 374/528/367
f 342/443/368 499/529/368 497/443/368
f 427/530/330 431/524/330 432/523/330
f 425/394/369 431/524/369 426/531/369
f 305/532/329 429/533/329 307/525/329
f 479/455/345 614/450/345 616/534/345
f 447/452/370 541/498/370 539/452/370
f 422/535/329 426/531/329 427/530/329
f 420/392/371 426/531/371 421/536/371
f 303/537/328 424/494/328 305/532/328
f 343/458/342 563/538/342 561/458/342
f 343/458/345 500/538/345 348/538/345
f 417/471/328 421/536/328 422/535/328
f 415/390/372 421/536/372 416/539/372
f 301/540/327 419/493/327 303/537/327
f 448/465/342 605/541/342 603/463/342
f 448/465/345 542/542/345 453/541/345
f 412/543/327 416/539/327 417/471/327
f 411/544/373 415/390/373 416/539/373
f 299/545/326 414/546/326 301/540/326
f 344/470/345 564/547/345 349/547/345
f 422/535/374 531/530/374 529/472/374
f 407/548/326 411/544/326 412/543/326
f 406/549/375 410/388/375 411/544/375
f 297/550/325 409/551/325 299/545/325
f 449/479/367 606/552/367 454/501/367
f 423/482/345 532/553/345 428/553/345
f 402/554/325 406/549/325 407/548/325
f 401/555/376 405/386/376 406/549/376
f 295/556/324 404/557/324 297/550/324
f 423/482/342 595/553/342 593/482/342
f 402/554/377 519/558/377 397/487/377
f 397/487/324 401/555/324 402/554/324
f 396/559/378 400/384/378 401/555/378
f 293/560/323 399/508/323 295/556/323
f 424/494/345 596/561/345 429/533/345
f 403/562/345 520/497/345 522/563/345
f 392/489/323 396/559/323 397/487/323
f 391/564/379 395/382/379 396/559/379
f 291/565/322 394/566/322 293/560/322
f 403/562/342 583/497/342 398/495/342
f 372/567/380 511/568/380 509/504/380
f 387/569/322 391/564/322 392/489/322
f 386/570/381 390/380/381 391/564/381
f 289/571/321 389/572/321 291/565/321
f 404/557/345 584/510/345 586/557/345
f 482/454/382 551/573/382 477/460/382
f 382/574/321 386/570/321 387/569/321
f 381/575/383 385/378/383 386/570/383
f 287/576/320 384/577/320 289/571/320
f 373/516/342 575/578/342 573/514/342
f 373/516/345 512/578/345 378/578/345
f 377/568/320 381/575/320 382/574/320
f 376/579/384 380/376/384 381/575/384
f 374/528/319 287/576/319 285/580/319
f 483/581/342 615/521/342 478/521/342
f 483/581/345 552/522/345 554/581/345
f 371/582/319 377/568/319 372/567/319
f 370/372/385 376/579/385 371/582/385
f 369/441/318 285/580/318 283/583/318
f 374/528/345 576/584/345 379/584/345
f 347/529/386 501/585/386 499/529/386
f 366/586/318 372/567/318 367/503/318
f 365/370/387 371/582/387 366/586/387
f 364/440/317 283/583/317 281/587/317
f 484/446/345 616/534/345 618/446/345
f 452/498/388 543/491/388 541/498/388
f 361/588/317 367/503/317 362/589/317
f 360/368/389 366/586/389 361/588/389
f 359/590/316 281/587/316 279/591/316
f 348/538/342 565/592/342 563/538/342
f 348/538/345 502/592/345 353/592/345
f 356/593/316 362/589/316 357/594/316
f 355/366/390 361/588/390 356/593/390
f 354/595/315 279/591/315 277/596/315
f 453/541/364 607/597/364 605/541/364
f 453/541/345 544/597/345 458/597/345
f 351/598/315 357/594/315 352/585/315
f 350/364/391 356/593/391 351/598/391
f 349/547/314 277/596/314 275/599/314
f 349/547/345 566/595/345 354/595/345
f 427/530/392 533/523/392 531/530/392
f 346/600/314 352/585/314 347/529/314
f 345/362/393 351/598/393 346/600/393
f 344/470/313 275/599/313 273/601/313
f 454/501/345 608/485/345 459/485/345
f 428/553/345 534/602/345 433/603/345
f 341/604/313 347/529/313 342/443/313
f 340/359/394 346/600/394 341/604/394
f 335/469/312 273/601/312 271/605/312
f 428/553/342 597/603/342 595/553/342
f 407/548/395 521/554/395 402/554/395
f 338/606/312 342/443/312 337/442/312
f 339/360/396 341/604/396 338/606/396
f 557/436/344 495/607/344 558/608/344
f 555/445/343 558/608/343 556/609/343
f 553/454/341 556/609/341 554/581/341
f 551/573/340 554/581/340 552/522/340
f 549/467/339 552/522/339 550/431/339
f 547/610/338 550/431/338 548/433/338
f 545/611/337 548/433/337 546/612/337
f 543/491/336 546/612/336 544/597/336
f 542/542/335 543/491/335 544/597/335
f 540/464/334 541/498/334 542/542/334
f 538/462/333 539/452/333 540/464/333
f 536/613/332 537/451/332 538/462/332
f 534/602/331 535/614/331 536/613/331
f 532/553/330 533/523/330 534/602/330
f 530/481/329 531/530/329 532/553/329
f 528/480/328 529/472/328 530/481/328
f 526/615/327 527/471/327 528/480/327
f 524/616/326 525/543/326 526/615/326
f 522/563/325 523/548/325 524/616/325
f 520/497/324 521/554/324 522/563/324
f 518/496/323 519/558/323 520/497/323
f 516/617/322 517/488/322 518/496/322
f 514/618/321 515/619/321 516/617/321
f 512/578/320 513/620/320 514/618/320
f 509/504/319 512/578/319 510/514/319
f 507/505/318 510/514/318 508/515/318
f 505/589/317 508/515/317 506/621/317
f 503/594/316 506/621/316 504/622/316
f 501/585/315 504/622/315 502/592/315
f 499/529/314 502/592/314 500/538/314
f 497/443/313 500/538/313 498/458/313
f 496/442/312 498/458/312 495/457/312
f 363/621/345 508/515/345 368/513/345
f 472/467/397 547/610/397 467/474/397
f 362/589/398 507/505/398 505/589/398
f 336/607/345 558/608/345 495/607/345
f 393/496/345 516/617/345 518/496/345
f 337/435/399 557/436/399 492/436/399
f 392/489/400 515/619/400 387/569/400
f 418/480/345 526/615/345 528/480/345
f 417/471/401 525/543/401 412/543/401
f 438/623/345 538/462/345 443/462/345
f 437/517/402 537/451/402 535/614/402
f 468/432/345 546/612/345 548/433/345
f 358/622/345 506/621/345 363/621/345
f 467/474/403 545/611/403 462/484/403
f 357/594/404 505/589/404 503/594/404
f 493/608/345 556/609/345 558/608/345
f 388/624/345 514/618/345 516/617/345
f 492/436/405 555/445/405 487/445/405
f 387/569/406 513/620/406 382/574/406
f 413/615/345 524/616/345 526/615/345
f 412/543/407 523/548/407 407/548/407
f 433/603/345 536/613/345 438/623/345
f 432/523/408 535/614/408 533/523/408
f 463/612/345 544/597/345 546/612/345
f 353/592/345 504/622/345 358/622/345
f 462/484/409 543/491/409 457/491/409
f 352/585/410 503/594/410 501/585/410
f 488/609/345 554/581/345 556/609/345
f 383/618/345 512/578/345 514/618/345
f 487/445/411 553/454/411 482/454/411
f 382/574/412 511/568/412 377/568/412
f 408/616/345 522/563/345 524/616/345
f 621/608/344 559/625/344 622/428/344
f 619/609/343 622/428/343 620/438/343
f 617/581/341 620/438/341 618/446/341
f 615/521/340 618/446/340 616/534/340
f 613/431/339 616/534/339 614/450/339
f 611/432/338 614/450/338 612/449/338
f 609/626/337 612/449/337 610/475/337
f 607/597/336 610/475/336 608/485/336
f 606/552/335 607/597/335 608/485/335
f 604/478/334 605/541/334 606/552/334
f 602/477/333 603/463/333 604/478/333
f 600/520/332 601/462/332 602/477/332
f 598/627/331 599/623/331 600/520/331
f 596/561/330 597/603/330 598/627/330
f 594/494/329 595/553/329 596/561/329
f 592/493/328 593/482/328 594/494/328
f 590/546/327 591/480/327 592/493/327
f 588/628/326 589/615/326 590/546/326
f 586/557/325 587/629/325 588/628/325
f 584/510/324 585/562/324 586/557/324
f 582/509/323 583/497/323 584/510/323
f 580/630/322 581/502/322 582/509/322
f 578/631/321 579/617/321 580/630/321
f 576/584/320 577/618/320 578/631/320
f 573/514/319 576/584/319 574/527/319
f 571/515/318 574/527/318 572/441/318
f 569/621/317 572/441/317 570/632/317
f 567/633/316 570/632/316 568/590/316
f 565/592/315 568/590/315 566/595/315
f 563/538/314 566/595/314 564/547/314
f 561/458/313 564/547/313 562/470/313
f 560/457/312 562/470/312 559/469/312
f 363/621/342 571/515/342 569/621/342
f 335/625/345 622/428/345 559/625/345
f 394/566/345 580/630/345 582/509/345
f 336/607/413 621/608/413 493/608/413
f 393/496/364 579/617/364 388/624/364
f 419/493/345 590/546/345 592/493/345
f 418/480/342 589/615/342 413/615/342
f 439/520/345 602/477/345 444/477/345
f 438/623/342 601/462/342 599/623/342
f 469/449/345 610/475/345 612/449/345
f 359/590/345 570/632/345 364/440/345
f 468/432/364 609/626/364 463/612/364
f 358/622/342 569/621/342 567/633/342
f 494/428/345 620/438/345 622/428/345
f 389/572/345 578/631/345 580/630/345
f 493/608/342 619/609/342 488/609/342
f 388/624/342 577/618/342 383/618/342
f 414/546/345 588/628/345 590/546/345
f 413/615/342 587/629/342 408/616/342
f 434/526/345 600/520/345 439/520/345
f 433/603/413 599/623/413 597/603/413
f 464/475/367 608/485/367 610/475/367
f 354/595/345 568/590/345 359/590/345
f 463/612/342 607/597/342 458/597/342
f 353/592/342 567/633/342 565/592/342
f 489/438/345 618/446/345 620/438/345
f 384/577/367 576/584/367 578/631/367
f 488/609/342 617/581/342 483/581/342
f 383/618/342 575/578/342 378/578/342
f 409/551/345 586/557/345 588/628/345
f 408/616/342 585/562/342 403/562/342
f 429/533/345 598/627/345 434/526/345
f 980/634/414 626/635/414 981/636/414
f 981/636/415 628/637/415 987/638/415
f 987/638/416 630/639/416 993/640/416
f 993/640/417 632/641/417 999/642/417
f 999/642/418 634/643/418 1005/644/418
f 1005/644/419 636/645/419 1011/646/419
f 1011/646/420 638/647/420 1017/648/420
f 1017/648/421 640/649/421 1023/650/421
f 640/649/422 1029/651/422 1023/650/422
f 642/652/423 1035/653/423 1029/651/423
f 644/654/424 1041/655/424 1035/653/424
f 646/656/425 1047/657/425 1041/655/425
f 648/658/426 1053/659/426 1047/657/426
f 650/660/427 1059/661/427 1053/659/427
f 652/662/428 1065/663/428 1059/661/428
f 654/664/429 1071/665/429 1065/663/429
f 656/666/430 1077/667/430 1071/665/430
f 658/668/431 1083/669/431 1077/667/431
f 660/670/432 1089/671/432 1083/669/432
f 662/672/433 1095/673/433 1089/671/433
f 664/674/434 1101/675/434 1095/673/434
f 666/676/435 1107/677/435 1101/675/435
f 668/678/436 1113/679/436 1107/677/436
f 670/680/437 1119/681/437 1113/679/437
f 1119/681/438 674/682/438 1125/683/438
f 1125/683/439 676/684/439 1131/685/439
f 1131/685/440 678/686/440 1137/687/440
f 1137/687/441 680/688/441 1143/689/441
f 1143/689/442 682/690/442 1149/691/442
f 1149/691/443 684/692/443 1155/693/443
f 632/694/444 630/695/444 680/696/444
f 1155/693/445 686/697/445 1161/698/445
f 1161/698/446 624/699/446 980/700/446
f 681/701/447 683/702/447 629/703/447
f 685/704/446 687/705/446 623/706/446
f 825/707/444 963/708/444 820/709/444
f 825/707/447 900/709/447 902/710/447
f 844/711/446 690/712/446 689/713/446
f 843/714/448 691/715/448 690/712/448
f 683/716/445 846/717/445 685/704/445
f 716/718/447 924/719/447 721/719/447
f 689/720/449 849/721/449 848/720/449
f 839/722/445 843/714/445 844/711/445
f 838/723/450 842/724/450 843/714/450
f 681/725/443 841/726/443 683/716/443
f 826/727/447 964/728/447 966/727/447
f 794/729/451 891/730/451 889/729/451
f 834/731/443 838/723/443 839/722/443
f 833/732/452 837/733/452 838/723/452
f 679/734/442 836/735/442 681/725/442
f 688/736/444 913/737/444 912/736/444
f 688/736/447 850/738/447 695/737/447
f 829/739/442 833/732/442 834/731/442
f 828/740/453 832/741/453 833/732/453
f 677/742/441 831/743/441 679/734/441
f 795/744/444 955/745/444 953/744/444
f 795/744/447 892/745/447 800/745/447
f 824/746/441 828/740/441 829/739/441
f 823/747/454 827/748/454 828/740/454
f 675/749/440 826/727/440 677/742/440
f 687/750/447 914/751/447 696/751/447
f 769/752/455 881/753/455 879/752/455
f 819/754/440 823/747/440 824/746/440
f 818/755/456 822/756/456 823/747/456
f 673/757/457 821/728/457 675/749/457
f 796/758/447 956/759/447 801/759/447
f 770/760/447 882/761/447 775/762/447
f 814/763/439 818/755/439 819/754/439
f 813/764/458 817/765/458 818/755/458
f 671/766/438 816/767/438 673/757/438
f 770/760/444 945/761/444 943/760/444
f 749/768/459 869/769/459 744/770/459
f 809/771/438 813/764/438 814/763/438
f 808/772/460 812/773/460 813/764/460
f 806/774/437 671/766/437 669/775/437
f 771/776/447 946/777/447 776/777/447
f 750/778/447 870/779/447 872/780/447
f 803/781/437 809/771/437 804/782/437
f 802/783/461 808/772/461 803/781/461
f 801/759/436 669/775/436 667/784/436
f 750/778/444 933/779/444 745/779/444
f 719/785/462 861/786/462 859/785/462
f 798/787/463 804/782/463 799/730/463
f 797/788/464 803/781/464 798/787/464
f 796/758/435 667/784/435 665/789/435
f 751/790/447 934/791/447 936/790/447
f 829/739/465 901/746/465 824/746/465
f 793/792/435 799/730/435 794/729/435
f 792/793/466 798/787/466 793/792/466
f 791/794/434 665/789/434 663/795/434
f 720/796/444 925/797/444 923/796/444
f 720/796/447 862/797/447 725/797/447
f 788/798/434 794/729/434 789/799/434
f 787/800/467 793/792/467 788/798/467
f 786/801/433 663/795/433 661/802/433
f 830/803/444 965/707/444 825/707/444
f 830/803/447 902/710/447 904/804/447
f 783/805/433 789/799/433 784/806/433
f 782/807/468 788/798/468 783/805/468
f 781/808/432 661/802/432 659/809/432
f 721/719/447 926/810/447 726/810/447
f 694/811/469 851/812/469 849/721/469
f 778/813/432 784/806/432 779/814/432
f 777/815/470 783/805/470 778/813/470
f 776/777/431 659/809/431 657/816/431
f 831/743/447 966/727/447 968/817/447
f 799/730/471 893/818/471 891/730/471
f 773/819/431 779/814/431 774/820/431
f 772/821/472 778/813/472 773/819/472
f 771/776/430 657/816/430 655/822/430
f 695/737/444 915/823/444 913/737/444
f 695/737/447 852/823/447 700/823/447
f 768/824/430 774/820/430 769/752/430
f 767/825/473 773/819/473 768/824/473
f 766/826/429 655/822/429 653/827/429
f 800/745/444 957/828/444 955/745/444
f 800/745/447 894/828/447 805/828/447
f 763/829/429 769/752/429 764/830/429
f 763/829/474 767/825/474 768/824/474
f 761/831/428 653/827/428 651/832/428
f 696/751/447 916/833/447 701/833/447
f 774/820/475 883/834/475 881/753/475
f 758/835/428 764/830/428 759/836/428
f 758/835/476 762/837/476 763/829/476
f 756/838/427 651/832/427 649/839/427
f 801/759/447 958/840/447 806/774/447
f 775/762/447 884/841/447 780/841/447
f 753/842/427 759/836/427 754/843/427
f 753/842/477 757/844/477 758/835/477
f 751/790/426 649/839/426 647/845/426
f 775/762/444 947/846/444 945/761/444
f 754/843/478 871/847/478 749/768/478
f 748/848/426 754/843/426 749/768/426
f 748/848/479 752/849/479 753/842/479
f 746/850/425 647/845/425 645/851/425
f 776/777/447 948/808/447 781/808/447
f 755/852/447 872/780/447 874/852/447
f 743/853/480 749/768/480 744/770/480
f 743/853/481 747/854/481 748/848/481
f 741/855/424 645/851/424 643/856/424
f 755/852/444 935/778/444 750/778/444
f 724/786/482 863/857/482 861/786/482
f 738/858/424 744/770/424 739/859/424
f 738/858/483 742/860/483 743/853/483
f 736/861/423 643/856/423 641/862/423
f 756/838/447 936/790/447 938/863/447
f 834/731/484 903/864/484 829/739/484
f 733/865/423 739/859/423 734/866/423
f 733/865/485 737/867/485 738/858/485
f 731/868/422 641/862/422 639/869/422
f 725/797/444 927/870/444 925/797/444
f 725/797/447 864/870/447 730/871/447
f 728/872/422 734/866/422 729/873/422
f 728/872/486 732/874/486 733/865/486
f 637/875/421 731/868/421 639/869/421
f 835/876/444 967/804/444 830/803/444
f 835/876/447 904/804/447 906/876/447
f 724/786/421 728/872/421 729/873/421
f 722/877/487 728/872/487 723/878/487
f 635/879/488 726/810/488 637/875/488
f 726/810/447 928/868/447 731/868/447
f 699/880/489 853/881/489 851/812/489
f 719/785/488 723/878/488 724/786/488
f 717/882/490 723/878/490 718/883/490
f 633/884/419 721/719/419 635/879/419
f 836/735/447 968/817/447 970/885/447
f 804/782/491 895/771/491 893/818/491
f 714/886/419 718/883/419 719/785/419
f 712/887/492 718/883/492 713/888/492
f 631/889/418 716/718/418 633/884/418
f 700/823/444 917/890/444 915/823/444
f 700/823/447 854/890/447 705/890/447
f 709/891/493 713/888/493 714/886/493
f 707/892/494 713/888/494 708/893/494
f 629/894/417 711/895/417 631/889/417
f 805/828/444 959/896/444 957/828/444
f 805/828/447 896/896/447 810/897/447
f 704/898/417 708/893/417 709/891/417
f 702/899/495 708/893/495 703/900/495
f 627/901/416 706/902/416 629/894/416
f 701/833/447 918/903/447 706/902/447
f 779/814/496 885/904/496 883/834/496
f 699/880/416 703/900/416 704/898/416
f 697/905/497 703/900/497 698/906/497
f 625/907/415 701/833/415 627/901/415
f 806/774/447 960/908/447 811/909/447
f 780/841/447 886/910/447 785/910/447
f 694/811/415 698/906/415 699/880/415
f 692/911/498 698/906/498 693/912/498
f 623/913/414 696/751/414 625/907/414
f 780/841/444 949/910/444 947/846/444
f 759/836/499 873/843/499 754/843/499
f 689/720/414 693/912/414 694/811/414
f 691/914/500 693/912/500 690/915/500
f 910/916/446 848/917/446 847/918/446
f 908/919/445 909/711/445 910/916/445
f 906/876/443 907/722/443 908/919/443
f 904/804/442 905/920/442 906/876/442
f 902/710/441 903/864/441 904/804/441
f 900/709/440 901/746/440 902/710/440
f 898/921/457 899/754/457 900/709/457
f 896/896/438 897/922/438 898/921/438
f 893/818/437 896/896/437 894/828/437
f 891/730/436 894/828/436 892/745/436
f 889/729/435 892/745/435 890/744/435
f 887/799/434 890/744/434 888/923/434
f 885/904/433 888/923/433 886/910/433
f 883/834/432 886/910/432 884/841/432
f 881/753/431 884/841/431 882/761/431
f 879/752/430 882/761/430 880/924/430
f 877/830/429 880/924/429 878/925/429
f 875/926/428 878/925/428 876/927/428
f 873/843/427 876/927/427 874/852/427
f 871/847/426 874/852/426 872/780/426
f 869/769/425 872/780/425 870/779/425
f 867/928/424 870/779/424 868/929/424
f 865/866/423 868/929/423 866/930/423
f 863/857/422 866/930/422 864/870/422
f 862/797/421 863/857/421 864/870/421
f 860/796/488 861/786/488 862/797/488
f 858/931/419 859/785/419 860/796/419
f 856/932/418 857/886/418 858/931/418
f 854/890/417 855/933/417 856/932/417
f 852/823/416 853/881/416 854/890/416
f 850/738/415 851/812/415 852/823/415
f 847/736/414 849/721/414 850/738/414
f 715/931/447 860/796/447 720/796/447
f 824/746/501 899/754/501 819/754/501
f 714/886/502 859/785/502 857/886/502
f 688/934/447 910/916/447 847/918/447
f 745/779/447 868/929/447 870/779/447
f 689/713/503 909/711/503 844/711/503
f 744/770/504 867/928/504 739/859/504
f 770/760/447 878/925/447 880/924/447
f 769/752/505 877/830/505 764/830/505
f 790/923/447 890/744/447 795/744/447
f 789/799/506 889/729/506 887/799/506
f 820/709/447 898/921/447 900/709/447
f 710/935/447 858/931/447 715/931/447
f 819/754/507 897/922/507 814/763/507
f 709/891/508 857/886/508 855/933/508
f 845/936/447 908/919/447 910/916/447
f 740/937/447 866/930/447 868/929/447
f 844/711/509 907/722/509 839/722/509
f 739/859/510 865/866/510 734/866/510
f 765/938/447 876/927/447 878/925/447
f 764/830/511 875/926/511 759/836/511
f 785/910/447 888/923/447 790/923/447
f 784/806/512 887/799/512 885/904/512
f 815/939/447 896/896/447 898/921/447
f 705/890/447 856/932/447 710/935/447
f 814/763/513 895/771/513 809/771/513
f 704/898/514 855/933/514 853/881/514
f 840/940/447 906/876/447 908/919/447
f 735/930/447 864/870/447 866/930/447
f 839/722/515 905/920/515 834/731/515
f 734/866/516 863/857/516 729/873/516
f 760/941/447 874/852/447 876/927/447
f 974/942/446 912/918/446 911/943/446
f 972/726/445 973/916/445 974/942/445
f 970/885/443 971/919/443 972/726/443
f 968/817/442 969/876/442 970/885/442
f 966/727/441 967/804/441 968/817/441
f 964/728/440 965/707/440 966/727/440
f 962/944/457 963/708/457 964/728/457
f 960/908/438 961/921/438 962/944/438
f 957/828/437 960/908/437 958/840/437
f 955/745/463 958/840/463 956/759/463
f 953/744/435 956/759/435 954/758/435
f 951/923/434 954/758/434 952/794/434
f 949/910/433 952/794/433 950/801/433
f 947/846/432 950/801/432 948/808/432
f 945/761/431 948/808/431 946/777/431
f 943/760/430 946/777/430 944/776/430
f 941/938/429 944/776/429 942/826/429
f 939/941/428 942/826/428 940/831/428
f 937/852/427 940/831/427 938/863/427
f 935/778/426 938/863/426 936/790/426
f 933/779/425 936/790/425 934/791/425
f 931/929/424 934/791/424 932/945/424
f 929/946/423 932/945/423 930/861/423
f 927/870/422 930/861/422 928/868/422
f 926/810/421 927/870/421 928/868/421
f 924/719/488 925/797/488 926/810/488
f 922/718/419 923/796/419 924/719/419
f 920/947/418 921/931/418 922/718/418
f 918/903/417 919/935/417 920/947/417
f 916/833/416 917/890/416 918/903/416
f 914/751/415 915/823/415 916/833/415
f 911/750/414 913/737/414 914/751/414
f 715/931/444 923/796/444 921/931/444
f 687/705/447 974/942/447 911/943/447
f 746/850/447 932/945/447 934/791/447
f 688/934/444 973/916/444 845/936/444
f 745/779/444 931/929/444 740/937/444
f 771/776/447 942/826/447 944/776/447
f 770/760/444 941/938/444 765/938/444
f 791/794/447 954/758/447 796/758/447
f 790/923/444 953/744/444 951/923/444
f 821/728/447 962/944/447 964/728/447
f 711/895/447 922/718/447 716/718/447
f 820/709/444 961/921/444 815/939/444
f 710/935/444 921/931/444 919/935/444
f 846/717/447 972/726/447 974/942/447
f 741/855/447 930/861/447 932/945/447
f 845/936/444 971/919/444 840/940/444
f 740/937/444 929/946/444 735/930/444
f 766/826/447 940/831/447 942/826/447
f 765/938/444 939/941/444 760/941/444
f 786/801/447 952/794/447 791/794/447
f 785/910/444 951/923/444 949/910/444
f 816/767/447 960/908/447 962/944/447
f 706/902/447 920/947/447 711/895/447
f 815/939/444 959/896/444 810/897/444
f 705/890/444 919/935/444 917/890/444
f 841/726/447 970/885/447 972/726/447
f 736/861/447 928/868/447 930/861/447
f 840/940/444 969/876/444 835/876/444
f 735/930/444 927/870/444 730/871/444
f 761/831/447 938/863/447 940/831/447
f 760/941/444 937/852/444 755/852/444
f 781/808/447 950/801/447 786/801/447
f 842/724/446 975/948/446 691/715/446
f 1165/949/517 975/948/517 1166/950/517
f 1164/951/518 976/952/518 1165/949/518
f 1164/951/446 978/953/446 977/954/446
f 1163/955/519 979/956/519 978/953/519
f 1162/957/520 980/700/520 979/956/520
f 837/733/445 1166/950/445 842/724/445
f 1159/958/521 1166/950/521 1160/959/521
f 1158/960/522 1165/949/522 1159/958/522
f 1158/960/445 1163/955/445 1164/951/445
f 1157/961/523 1162/957/523 1163/955/523
f 1156/962/524 1161/698/524 1162/957/524
f 832/741/443 1160/959/443 837/733/443
f 1153/963/525 1160/959/525 1154/964/525
f 1152/965/526 1159/958/526 1153/963/526
f 1152/965/443 1157/961/443 1158/960/443
f 1151/966/527 1156/962/527 1157/961/527
f 1150/967/528 1155/693/528 1156/962/528
f 827/748/442 1154/964/442 832/741/442
f 1147/968/529 1154/964/529 1148/969/529
f 1146/970/530 1153/963/530 1147/968/530
f 1146/970/442 1151/966/442 1152/965/442
f 1145/971/531 1150/967/531 1151/966/531
f 1144/972/532 1149/691/532 1150/967/532
f 822/756/533 1148/969/533 827/748/533
f 1141/973/534 1148/969/534 1142/974/534
f 1140/975/535 1147/968/535 1141/973/535
f 1140/975/441 1145/971/441 1146/970/441
f 1139/976/536 1144/972/536 1145/971/536
f 1138/977/537 1143/689/537 1144/972/537
f 817/765/440 1142/974/440 822/756/440
f 1135/978/538 1142/974/538 1136/979/538
f 1134/980/539 1141/973/539 1135/978/539
f 1134/980/440 1139/976/440 1140/975/440
f 1133/981/540 1138/977/540 1139/976/540
f 1132/982/541 1137/687/541 1138/977/541
f 812/773/439 1136/979/439 817/765/439
f 1129/983/542 1136/979/542 1130/984/542
f 1128/985/543 1135/978/543 1129/983/543
f 1128/985/439 1133/981/439 1134/980/439
f 1127/986/544 1132/982/544 1133/981/544
f 1126/987/545 1131/685/545 1132/982/545
f 807/988/438 1130/984/438 812/773/438
f 1123/989/546 1130/984/546 1124/990/546
f 1122/991/547 1129/983/547 1123/989/547
f 1122/991/438 1127/986/438 1128/985/438
f 1121/992/548 1126/987/548 1127/986/548
f 1120/993/549 1125/683/549 1126/987/549
f 1118/994/437 807/988/437 802/783/437
f 1118/994/550 1123/989/550 1124/990/550
f 1117/995/551 1122/991/551 1123/989/551
f 1115/996/437 1122/991/437 1116/997/437
f 1114/998/552 1121/992/552 1115/996/552
f 1113/679/553 1120/993/553 1114/998/553
f 1112/999/463 802/783/463 797/788/463
f 1112/999/554 1117/995/554 1118/994/554
f 1111/1000/555 1116/997/555 1117/995/555
f 1109/1001/463 1116/997/463 1110/1002/463
f 1108/1003/556 1115/996/556 1109/1001/556
f 1107/677/557 1114/998/557 1108/1003/557
f 1106/1004/435 797/788/435 792/793/435
f 1106/1004/558 1111/1000/558 1112/999/558
f 1105/1005/559 1110/1002/559 1111/1000/559
f 1103/1006/435 1110/1002/435 1104/1007/435
f 1102/1008/560 1109/1001/560 1103/1006/560
f 1101/675/561 1108/1003/561 1102/1008/561
f 1100/1009/562 792/793/562 787/800/562
f 1100/1009/563 1105/1005/563 1106/1004/563
f 1099/1010/564 1104/1007/564 1105/1005/564
f 1097/1011/434 1104/1007/434 1098/1012/434
f 1096/1013/565 1103/1006/565 1097/1011/565
f 1095/673/566 1102/1008/566 1096/1013/566
f 1094/1014/433 787/800/433 782/807/433
f 1094/1014/567 1099/1010/567 1100/1009/567
f 1093/1015/568 1098/1012/568 1099/1010/568
f 1091/1016/433 1098/1012/433 1092/1017/433
f 1090/1018/569 1097/1011/569 1091/1016/569
f 1089/671/570 1096/1013/570 1090/1018/570
f 1088/1019/432 782/807/432 777/815/432
f 1088/1019/571 1093/1015/571 1094/1014/571
f 1087/1020/572 1092/1017/572 1093/1015/572
f 1085/1021/432 1092/1017/432 1086/1022/432
f 1084/1023/573 1091/1016/573 1085/1021/573
f 1083/669/574 1090/1018/574 1084/1023/574
f 1082/1024/431 777/815/431 772/821/431
f 1082/1024/575 1087/1020/575 1088/1019/575
f 1081/1025/576 1086/1022/576 1087/1020/576
f 1079/1026/431 1086/1022/431 1080/1027/431
f 1078/1028/577 1085/1021/577 1079/1026/577
f 1077/667/578 1084/1023/578 1078/1028/578
f 1076/1029/430 772/821/430 767/825/430
f 1076/1029/579 1081/1025/579 1082/1024/579
f 1075/1030/580 1080/1027/580 1081/1025/580
f 1073/1031/430 1080/1027/430 1074/1032/430
f 1072/1033/581 1079/1026/581 1073/1031/581
f 1071/665/582 1078/1028/582 1072/1033/582
f 1070/1034/429 767/825/429 762/837/429
f 1069/1035/583 1076/1029/583 1070/1034/583
f 1068/1036/584 1075/1030/584 1069/1035/584
f 1067/1037/429 1074/1032/429 1068/1036/429
f 1067/1037/585 1072/1033/585 1073/1031/585
f 1066/1038/586 1071/665/586 1072/1033/586
f 1064/1039/428 762/837/428 757/844/428
f 1063/1040/587 1070/1034/587 1064/1039/587
f 1062/1041/588 1069/1035/588 1063/1040/588
f 1061/1042/428 1068/1036/428 1062/1041/428
f 1061/1042/589 1066/1038/589 1067/1037/589
f 1060/1043/590 1065/663/590 1066/1038/590
f 1058/1044/427 757/844/427 752/849/427
f 1057/1045/591 1064/1039/591 1058/1044/591
f 1056/1046/592 1063/1040/592 1057/1045/592
f 1055/1047/427 1062/1041/427 1056/1046/427
f 1055/1047/593 1060/1043/593 1061/1042/593
f 1054/1048/594 1059/661/594 1060/1043/594
f 1052/1049/426 752/849/426 747/854/426
f 1051/1050/595 1058/1044/595 1052/1049/595
f 1050/1051/596 1057/1045/596 1051/1050/596
f 1049/1052/426 1056/1046/426 1050/1051/426
f 1049/1052/597 1054/1048/597 1055/1047/597
f 1048/1053/598 1053/659/598 1054/1048/598
f 1046/1054/425 747/854/425 742/860/425
f 1045/1055/599 1052/1049/599 1046/1054/599
f 1044/1056/600 1051/1050/600 1045/1055/600
f 1043/1057/425 1050/1051/425 1044/1056/425
f 1043/1057/601 1048/1053/601 1049/1052/601
f 1042/1058/602 1047/657/602 1048/1053/602
f 1040/1059/424 742/860/424 737/867/424
f 1039/1060/603 1046/1054/603 1040/1059/603
f 1038/1061/604 1045/1055/604 1039/1060/604
f 1037/1062/424 1044/1056/424 1038/1061/424
f 1037/1062/605 1042/1058/605 1043/1057/605
f 1036/1063/606 1041/655/606 1042/1058/606
f 1034/1064/423 737/867/423 732/874/423
f 1033/1065/607 1040/1059/607 1034/1064/607
f 1032/1066/608 1039/1060/608 1033/1065/608
f 1031/1067/423 1038/1061/423 1032/1066/423
f 1031/1067/609 1036/1063/609 1037/1062/609
f 1030/1068/610 1035/653/610 1036/1063/610
f 1028/1069/422 732/874/422 727/1070/422
f 1027/1071/611 1034/1064/611 1028/1069/611
f 1026/1072/612 1033/1065/612 1027/1071/612
f 1025/1073/422 1032/1066/422 1026/1072/422
f 1025/1073/613 1030/1068/613 1031/1067/613
f 1024/1074/614 1029/651/614 1030/1068/614
f 722/877/421 1028/1069/421 727/1070/421
f 1022/1075/615 1027/1071/615 1028/1069/615
f 1021/1076/616 1026/1072/616 1027/1071/616
f 1020/1077/421 1025/1073/421 1026/1072/421
f 1018/1078/617 1025/1073/617 1019/1079/617
f 1017/648/618 1024/1074/618 1018/1078/618
f 717/882/488 1022/1075/488 722/877/488
f 1016/1080/619 1021/1076/619 1022/1075/619
f 1015/1081/620 1020/1077/620 1021/1076/620
f 1014/1082/488 1019/1079/488 1020/1077/488
f 1012/1083/621 1019/1079/621 1013/1084/621
f 1011/646/622 1018/1078/622 1012/1083/622
f 712/887/419 1016/1080/419 717/882/419
f 1010/1085/623 1015/1081/623 1016/1080/623
f 1009/1086/624 1014/1082/624 1015/1081/624
f 1008/1087/419 1013/1084/419 1014/1082/419
f 1006/1088/625 1013/1084/625 1007/1089/625
f 1005/644/626 1012/1083/626 1006/1088/626
f 707/892/418 1010/1085/418 712/887/418
f 1004/1090/627 1009/1086/627 1010/1085/627
f 1003/1091/628 1008/1087/628 1009/1086/628
f 1002/1092/418 1007/1089/418 1008/1087/418
f 1000/1093/629 1007/1089/629 1001/1094/629
f 999/642/630 1006/1088/630 1000/1093/630
f 702/899/417 1004/1090/417 707/892/417
f 998/1095/631 1003/1091/631 1004/1090/631
f 997/1096/632 1002/1092/632 1003/1091/632
f 996/1097/417 1001/1094/417 1002/1092/417
f 994/1098/633 1001/1094/633 995/1099/633
f 993/640/634 1000/1093/634 994/1098/634
f 697/905/416 998/1095/416 702/899/416
f 992/1100/635 997/1096/635 998/1095/635
f 991/1101/636 996/1097/636 997/1096/636
f 990/1102/416 995/1099/416 996/1097/416
f 988/1103/637 995/1099/637 989/1104/637
f 987/638/638 994/1098/638 988/1103/638
f 692/911/415 992/1100/415 697/905/415
f 986/1105/639 991/1101/639 992/1100/639
f 985/1106/640 990/1102/640 991/1101/640
f 984/1107/415 989/1104/415 990/1102/415
f 982/1108/641 989/1104/641 983/1109/641
f 981/636/642 988/1103/642 982/1108/642
f 691/914/414 986/1105/414 692/911/414
f 975/1110/643 985/1106/643 986/1105/643
f 976/1111/644 984/1107/644 985/1106/644
f 977/1112/414 983/1109/414 984/1107/414
f 979/1113/645 983/1109/645 978/1114/645
f 980/634/646 982/1108/646 979/1113/646
f 1189/1115/647 1168/1116/647 1188/1117/647
f 1195/1118/648 1170/1119/648 1189/1120/648
f 1195/1121/649 1174/1122/649 1172/1123/649
f 1201/1124/650 1176/1125/650 1174/1126/650
f 1213/1127/651 1176/1128/651 1207/1129/651
f 1219/1130/652 1178/1131/652 1213/1132/652
f 1180/1133/653 1182/1134/653 1170/1119/653
f 1219/1135/654 1182/1136/654 1180/1137/654
f 1225/1138/655 1168/1139/655 1182/1134/655
f 1173/1140/656 1171/1141/656 1177/1142/656
f 1167/1143/657 1230/1144/657 1181/1145/657
f 1183/1146/658 1229/1147/658 1230/1144/658
f 1229/1147/659 1185/1148/659 1228/1149/659
f 1228/1149/660 1186/1150/660 1227/1151/660
f 1227/1151/661 1187/1152/661 1226/1153/661
f 1226/1153/662 1188/1154/662 1225/1138/662
f 1181/1155/663 1224/1156/663 1179/1157/663
f 1230/1158/664 1223/1159/664 1224/1156/664
f 1223/1159/665 1228/1160/665 1222/1161/665
f 1222/1161/666 1227/1162/666 1221/1163/666
f 1221/1163/667 1226/1164/667 1220/1165/667
f 1220/1165/668 1225/1166/668 1219/1135/668
f 1177/1142/669 1224/1167/669 1218/1168/669
f 1218/1168/670 1223/1169/670 1217/1170/670
f 1223/1169/671 1216/1171/671 1217/1170/671
f 1222/1172/672 1215/1173/672 1216/1171/672
f 1221/1174/673 1214/1175/673 1215/1173/673
f 1220/1176/674 1213/1132/674 1214/1175/674
f 1175/1177/675 1218/1178/675 1212/1179/675
f 1212/1179/676 1217/1180/676 1211/1181/676
f 1217/1180/677 1210/1182/677 1211/1181/677
f 1216/1183/678 1209/1184/678 1210/1182/678
f 1215/1185/679 1208/1186/679 1209/1184/679
f 1214/1187/680 1207/1129/680 1208/1186/680
f 1175/1188/681 1206/1189/681 1173/1140/681
f 1212/1190/682 1205/1191/682 1206/1189/682
f 1205/1191/683 1210/1192/683 1204/1193/683
f 1204/1193/684 1209/1194/684 1203/1195/684
f 1203/1195/685 1208/1196/685 1202/1197/685
f 1202/1197/686 1207/1198/686 1201/1124/686
f 1173/1199/687 1200/1200/687 1171/1201/687
f 1206/1202/688 1199/1203/688 1200/1200/688
f 1199/1203/689 1204/1204/689 1198/1205/689
f 1198/1205/690 1203/1206/690 1197/1207/690
f 1197/1207/691 1202/1208/691 1196/1209/691
f 1196/1209/692 1201/1210/692 1195/1121/692
f 1169/1211/693 1200/1212/693 1194/1213/693
f 1194/1213/694 1199/1214/694 1193/1215/694
f 1199/1214/695 1192/1216/695 1193/1215/695
f 1198/1217/696 1191/1218/696 1192/1216/696
f 1197/1219/697 1190/1220/697 1191/1218/697
f 1196/1221/698 1189/1120/698 1190/1220/698
f 1167/1222/699 1194/1223/699 1183/1224/699
f 1183/1224/700 1193/1225/700 1184/1226/700
f 1193/1225/701 1185/1227/701 1184/1226/701
f 1192/1228/702 1186/1229/702 1185/1227/702
f 1191/1230/703 1187/1231/703 1186/1229/703
f 1190/1232/704 1188/1117/704 1187/1231/704
f 1253/1233/705 1232/1234/705 1252/1235/705
f 1259/1236/706 1234/1237/706 1253/1238/706
f 1259/1239/707 1238/1240/707 1236/1241/707
f 1265/1242/708 1240/1243/708 1238/1244/708
f 1277/1245/709 1240/1246/709 1271/1247/709
f 1283/1248/710 1242/1249/710 1277/1250/710
f 1244/1251/711 1246/1252/711 1234/1253/711
f 1283/1254/712 1246/1252/712 1244/1251/712
f 1289/1255/713 1232/1256/713 1246/1257/713
f 1237/1258/714 1235/1259/714 1241/1260/714
f 1231/1261/715 1294/1262/715 1245/1263/715
f 1247/1264/716 1293/1265/716 1294/1262/716
f 1293/1265/717 1249/1266/717 1292/1267/717
f 1292/1267/718 1250/1268/718 1291/1269/718
f 1291/1269/719 1251/1270/719 1290/1271/719
f 1290/1271/720 1252/1272/720 1289/1255/720
f 1245/1273/721 1288/1274/721 1243/1275/721
f 1294/1276/722 1287/1277/722 1288/1274/722
f 1287/1277/723 1292/1278/723 1286/1279/723
f 1286/1279/724 1291/1280/724 1285/1281/724
f 1285/1281/725 1290/1282/725 1284/1283/725
f 1284/1283/726 1289/1284/726 1283/1254/726
f 1241/1285/727 1288/1286/727 1282/1287/727
f 1282/1287/728 1287/1288/728 1281/1289/728
f 1287/1288/729 1280/1290/729 1281/1289/729
f 1286/1291/730 1279/1292/730 1280/1290/730
f 1285/1293/731 1278/1294/731 1279/1292/731
f 1284/1295/732 1277/1250/732 1278/1294/732
f 1239/1296/733 1282/1297/733 1276/1298/733
f 1276/1298/734 1281/1299/734 1275/1300/734
f 1281/1299/735 1274/1301/735 1275/1300/735
f 1280/1302/736 1273/1303/736 1274/1301/736
f 1279/1304/737 1272/1305/737 1273/1303/737
f 1278/1306/738 1271/1247/738 1272/1305/738
f 1239/1307/739 1270/1308/739 1237/1309/739
f 1276/1310/740 1269/1311/740 1270/1308/740
f 1269/1311/741 1274/1312/741 1268/1313/741
f 1268/1313/742 1273/1314/742 1267/1315/742
f 1267/1315/743 1272/1316/743 1266/1317/743
f 1266/1317/744 1271/1318/744 1265/1242/744
f 1237/1258/745 1264/1319/745 1235/1259/745
f 1270/1320/746 1263/1321/746 1264/1319/746
f 1263/1321/747 1268/1322/747 1262/1323/747
f 1262/1323/748 1267/1324/748 1261/1325/748
f 1261/1325/749 1266/1326/749 1260/1327/749
f 1260/1327/750 1265/1328/750 1259/1239/750
f 1233/1329/751 1264/1330/751 1258/1331/751
f 1258/1331/752 1263/1332/752 1257/1333/752
f 1263/1332/753 1256/1334/753 1257/1333/753
f 1262/1335/754 1255/1336/754 1256/1334/754
f 1261/1337/755 1254/1338/755 1255/1336/755
f 1260/1339/756 1253/1238/756 1254/1338/756
f 1231/1340/757 1258/1341/757 1247/1342/757
f 1247/1342/758 1257/1343/758 1248/1344/758
f 1257/1343/759 1249/1345/759 1248/1344/759
f 1256/1346/760 1250/1347/760 1249/1345/760
f 1255/1348/761 1251/1349/761 1250/1347/761
f 1254/1350/762 1252/1235/762 1251/1349/762
f 1295/1351/763 1308/1352/763 1307/1353/763
f 1296/1354/764 1308/1355/764 1310/1356/764
f 1295/1357/765 1307/1358/765 1312/1359/765
f 1295/1360/766 1312/1361/766 1314/1362/766
f 1295/1363/767 1314/1364/767 1311/1365/767
f 1296/1354/768 1310/1356/768 1317/1366/768
f 1297/1367/769 1309/1368/769 1319/1369/769
f 1298/1370/770 1313/1371/770 1321/1372/770
f 1299/1373/771 1315/1374/771 1323/1375/771
f 1300/1376/772 1316/1377/772 1325/1378/772
f 1296/1354/773 1317/1366/773 1320/1379/773
f 1297/1367/774 1319/1369/774 1322/1380/774
f 1298/1370/775 1321/1372/775 1324/1381/775
f 1299/1373/776 1323/1375/776 1326/1382/776
f 1300/1376/777 1325/1378/777 1318/1383/777
f 1301/1384/778 1327/1385/778 1332/1386/778
f 1302/1387/779 1328/1388/779 1334/1389/779
f 1303/1390/780 1329/1391/780 1335/1392/780
f 1304/1393/781 1330/1394/781 1336/1395/781
f 1305/1396/782 1331/1397/782 1333/1398/782
f 1333/1398/783 1336/1399/783 1306/1400/783
f 1333/1398/784 1331/1397/784 1336/1399/784
f 1331/1397/785 1304/1393/785 1336/1399/785
f 1336/1395/786 1335/1401/786 1306/1402/786
f 1336/1395/787 1330/1394/787 1335/1401/787
f 1330/1394/788 1303/1390/788 1335/1401/788
f 1335/1392/789 1334/1403/789 1306/1404/789
f 1335/1392/790 1329/1391/790 1334/1403/790
f 1329/1391/791 1302/1405/791 1334/1403/791
f 1334/1389/792 1332/1406/792 1306/1407/792
f 1334/1389/793 1328/1388/793 1332/1406/793
f 1328/1388/794 1301/1384/794 1332/1406/794
f 1332/1386/795 1333/1408/795 1306/1409/795
f 1332/1386/796 1327/1385/796 1333/1408/796
f 1327/1385/797 1305/1396/797 1333/1408/797
f 1318/1383/798 1331/1397/798 1305/1396/798
f 1318/1383/799 1325/1378/799 1331/1397/799
f 1325/1378/800 1304/1393/800 1331/1397/800
f 1326/1382/801 1330/1394/801 1304/1393/801
f 1326/1382/802 1323/1375/802 1330/1394/802
f 1323/1375/803 1303/1390/803 1330/1394/803
f 1324/1381/804 1329/1391/804 1303/1390/804
f 1324/1381/805 1321/1372/805 1329/1391/805
f 1321/1372/806 1302/1405/806 1329/1391/806
f 1322/1380/807 1328/1388/807 1302/1387/807
f 1322/1380/808 1319/1369/808 1328/1388/808
f 1319/1369/809 1301/1384/809 1328/1388/809
f 1320/1379/810 1327/1385/810 1301/1384/810
f 1320/1379/811 1317/1366/811 1327/1385/811
f 1317/1366/812 1305/1396/812 1327/1385/812
f 1325/1378/813 1326/1382/813 1304/1393/813
f 1325/1378/814 1316/1377/814 1326/1382/814
f 1316/1377/815 1299/1373/815 1326/1382/815
f 1323/1375/816 1324/1381/816 1303/1390/816
f 1323/1375/817 1315/1374/817 1324/1381/817
f 1315/1374/818 1298/1370/818 1324/1381/818
f 1321/1372/819 1322/1410/819 1302/1405/819
f 1321/1372/820 1313/1371/820 1322/1410/820
f 1313/1371/821 1297/1411/821 1322/1410/821
f 1319/1369/822 1320/1379/822 1301/1384/822
f 1319/1369/823 1309/1368/823 1320/1379/823
f 1309/1368/824 1296/1354/824 1320/1379/824
f 1317/1366/825 1318/1383/825 1305/1396/825
f 1317/1366/826 1310/1356/826 1318/1383/826
f 1310/1356/827 1300/1376/827 1318/1383/827
f 1311/1365/828 1316/1377/828 1300/1376/828
f 1311/1365/829 1314/1364/829 1316/1377/829
f 1314/1364/830 1299/1373/830 1316/1377/830
f 1314/1362/831 1315/1374/831 1299/1373/831
f 1314/1362/832 1312/1361/832 1315/1374/832
f 1312/1361/833 1298/1370/833 1315/1374/833
f 1312/1359/834 1313/1371/834 1298/1370/834
f 1312/1359/835 1307/1358/835 1313/1371/835
f 1307/1358/836 1297/1411/836 1313/1371/836
f 1310/1356/837 1311/1412/837 1300/1376/837
f 1310/1356/838 1308/1355/838 1311/1412/838
f 1308/1355/839 1295/1413/839 1311/1412/839
f 1307/1353/840 1309/1368/840 1297/1367/840
f 1307/1353/841 1308/1352/841 1309/1368/841
f 1308/1352/842 1296/1354/842 1309/1368/842
f 1338/1414/843 1406/1415/843 1405/1416/843
f 1340/1417/844 1411/1418/844 1406/1415/844
f 1342/1419/845 1416/1420/845 1411/1418/845
f 1344/1421/846 1421/1422/846 1416/1420/846
f 1346/1423/847 1426/1424/847 1421/1422/847
f 1348/1425/848 1431/1426/848 1426/1424/848
f 1350/1427/849 1436/1428/849 1431/1426/849
f 1352/1429/850 1441/1430/850 1436/1428/850
f 1441/1430/851 1356/1431/851 1446/1432/851
f 1446/1432/852 1358/1433/852 1451/1434/852
f 1451/1434/853 1360/1435/853 1456/1436/853
f 1456/1436/854 1362/1437/854 1461/1438/854
f 1461/1438/855 1364/1439/855 1466/1440/855
f 1466/1440/856 1366/1441/856 1471/1442/856
f 1471/1442/857 1368/1443/857 1476/1444/857
f 1476/1444/858 1370/1445/858 1481/1446/858
f 1481/1446/859 1372/1447/859 1486/1448/859
f 1486/1448/860 1374/1449/860 1491/1450/860
f 1491/1450/861 1376/1451/861 1496/1452/861
f 1496/1452/862 1378/1453/862 1501/1454/862
f 1501/1454/863 1380/1455/863 1506/1456/863
f 1506/1456/864 1382/1457/864 1511/1458/864
f 1511/1458/865 1384/1459/865 1516/1460/865
f 1516/1460/866 1386/1461/866 1521/1462/866
f 1386/1461/867 1526/1463/867 1521/1462/867
f 1388/1464/868 1531/1465/868 1526/1463/868
f 1390/1466/869 1536/1467/869 1531/1465/869
f 1392/1468/870 1541/1469/870 1536/1467/870
f 1394/1470/871 1546/1471/871 1541/1469/871
f 1396/1472/872 1551/1473/872 1546/1471/872
f 1346/1474/873 1344/1475/873 1394/1476/873
f 1398/1477/874 1556/1478/874 1551/1473/874
f 1400/1479/875 1405/1480/875 1556/1478/875
f 1395/1481/876 1397/1482/876 1343/1483/876
f 1560/1484/875 1337/1485/875 1399/1486/875
f 1539/1487/873 1677/1488/873 1534/1488/873
f 1539/1487/876 1614/1488/876 1616/1487/876
f 1557/1489/875 1403/1490/875 1558/1491/875
f 1557/1489/877 1405/1480/877 1404/1492/877
f 1555/1493/874 1399/1486/874 1397/1494/874
f 1430/1495/876 1638/1496/876 1435/1496/876
f 1403/1497/878 1563/1498/878 1562/1497/878
f 1552/1499/874 1558/1491/874 1553/1500/874
f 1552/1499/879 1556/1478/879 1557/1489/879
f 1550/1501/872 1397/1494/872 1395/1502/872
f 1540/1503/876 1678/1504/876 1680/1503/876
f 1508/1505/880 1605/1506/880 1603/1505/880
f 1547/1507/872 1553/1500/872 1548/1508/872
f 1547/1507/881 1551/1473/881 1552/1499/881
f 1545/1509/871 1395/1502/871 1393/1510/871
f 1402/1511/873 1627/1512/873 1626/1511/873
f 1402/1511/876 1564/1512/876 1409/1512/876
f 1542/1513/871 1548/1508/871 1543/1514/871
f 1542/1513/882 1546/1471/882 1547/1507/882
f 1540/1503/870 1393/1510/870 1391/1515/870
f 1509/1516/873 1669/1517/873 1667/1516/873
f 1509/1516/876 1606/1517/876 1514/1517/876
f 1537/1518/870 1543/1514/870 1538/1519/870
f 1537/1518/883 1541/1469/883 1542/1513/883
f 1535/1504/869 1391/1515/869 1389/1520/869
f 1401/1521/876 1628/1522/876 1410/1522/876
f 1483/1523/884 1595/1524/884 1593/1523/884
f 1532/1525/869 1538/1519/869 1533/1526/869
f 1532/1525/885 1536/1467/885 1537/1518/885
f 1530/1527/868 1389/1520/868 1387/1528/868
f 1510/1529/876 1670/1530/876 1515/1530/876
f 1484/1531/876 1596/1532/876 1489/1532/876
f 1527/1533/868 1533/1526/868 1528/1534/868
f 1527/1533/886 1531/1465/886 1532/1525/886
f 1525/1535/867 1387/1528/867 1385/1536/867
f 1484/1531/873 1659/1532/873 1657/1531/873
f 1463/1537/887 1583/1538/887 1458/1538/887
f 1522/1539/867 1528/1534/867 1523/1540/867
f 1522/1539/888 1526/1463/888 1527/1533/888
f 1383/1541/866 1525/1535/866 1385/1536/866
f 1485/1542/889 1660/1543/889 1490/1543/889
f 1464/1544/876 1584/1545/876 1586/1544/876
f 1518/1546/866 1522/1539/866 1523/1540/866
f 1516/1460/890 1522/1539/890 1517/1547/890
f 1381/1548/865 1520/1549/865 1383/1541/865
f 1464/1544/891 1647/1545/891 1459/1545/891
f 1433/1550/892 1575/1551/892 1573/1550/892
f 1513/1506/865 1517/1547/865 1518/1546/865
f 1511/1458/893 1517/1547/893 1512/1552/893
f 1379/1553/864 1515/1530/864 1381/1548/864
f 1465/1554/876 1648/1555/876 1650/1554/876
f 1543/1514/894 1615/1556/894 1538/1519/894
f 1508/1505/864 1512/1552/864 1513/1506/864
f 1506/1456/895 1512/1552/895 1507/1557/895
f 1377/1558/863 1510/1529/863 1379/1553/863
f 1434/1559/873 1639/1560/873 1637/1559/873
f 1434/1559/876 1576/1560/876 1439/1560/876
f 1503/1561/863 1507/1557/863 1508/1505/863
f 1501/1454/896 1507/1557/896 1502/1562/896
f 1375/1563/862 1505/1564/862 1377/1558/862
f 1544/1565/873 1679/1566/873 1539/1487/873
f 1544/1565/876 1616/1487/876 1618/1565/876
f 1498/1567/862 1502/1562/862 1503/1561/862
f 1496/1452/897 1502/1562/897 1497/1568/897
f 1373/1569/861 1500/1570/861 1375/1563/861
f 1435/1496/876 1640/1571/876 1440/1571/876
f 1408/1498/898 1565/1572/898 1563/1498/898
f 1493/1573/861 1497/1568/861 1498/1567/861
f 1491/1450/899 1497/1568/899 1492/1574/899
f 1371/1575/860 1495/1576/860 1373/1569/860
f 1545/1509/876 1680/1503/876 1682/1509/876
f 1513/1506/900 1607/1546/900 1605/1506/900
f 1488/1524/860 1492/1574/860 1493/1573/860
f 1486/1448/901 1492/1574/901 1487/1577/901
f 1369/1578/859 1490/1543/859 1371/1575/859
f 1409/1512/873 1629/1579/873 1627/1512/873
f 1409/1512/876 1566/1580/876 1414/1579/876
f 1483/1523/859 1487/1577/859 1488/1524/859
f 1481/1446/902 1487/1577/902 1482/1581/902
f 1367/1582/858 1485/1542/858 1369/1578/858
f 1514/1517/873 1671/1583/873 1669/1517/873
f 1514/1517/876 1608/1583/876 1519/1583/876
f 1478/1584/858 1482/1581/858 1483/1523/858
f 1477/1585/903 1481/1446/903 1482/1581/903
f 1365/1586/857 1480/1587/857 1367/1582/857
f 1410/1522/876 1630/1588/876 1415/1589/876
f 1488/1524/904 1597/1573/904 1595/1524/904
f 1473/1590/857 1477/1585/857 1478/1584/857
f 1472/1591/905 1476/1444/905 1477/1585/905
f 1363/1592/856 1475/1593/856 1365/1586/856
f 1515/1530/876 1672/1549/876 1520/1549/876
f 1489/1532/876 1598/1594/876 1494/1594/876
f 1468/1595/856 1472/1591/856 1473/1590/856
f 1467/1596/906 1471/1442/906 1472/1591/906
f 1361/1597/855 1470/1598/855 1363/1592/855
f 1489/1532/873 1661/1594/873 1659/1532/873
f 1468/1595/907 1585/1537/907 1463/1537/907
f 1463/1537/855 1467/1596/855 1468/1595/855
f 1462/1599/908 1466/1440/908 1467/1596/908
f 1359/1600/854 1465/1554/854 1361/1597/854
f 1490/1543/876 1662/1601/876 1495/1576/876
f 1469/1602/876 1586/1544/876 1588/1602/876
f 1458/1538/854 1462/1599/854 1463/1537/854
f 1457/1603/909 1461/1438/909 1462/1599/909
f 1357/1604/853 1460/1555/853 1359/1600/853
f 1469/1602/873 1649/1544/873 1464/1544/873
f 1438/1551/910 1577/1605/910 1575/1551/910
f 1453/1606/853 1457/1603/853 1458/1538/853
f 1452/1607/911 1456/1436/911 1457/1603/911
f 1355/1608/852 1455/1609/852 1357/1604/852
f 1470/1598/876 1650/1554/876 1652/1598/876
f 1548/1508/912 1617/1514/912 1543/1514/912
f 1448/1610/852 1452/1607/852 1453/1606/852
f 1447/1611/913 1451/1434/913 1452/1607/913
f 1353/1612/851 1450/1613/851 1355/1608/851
f 1439/1560/873 1641/1614/873 1639/1560/873
f 1439/1560/876 1578/1614/876 1444/1614/876
f 1443/1605/851 1447/1611/851 1448/1610/851
f 1442/1615/914 1446/1432/914 1447/1611/914
f 1440/1571/850 1353/1612/850 1351/1616/850
f 1549/1617/873 1681/1565/873 1544/1565/873
f 1549/1617/876 1618/1565/876 1620/1617/876
f 1437/1618/850 1443/1605/850 1438/1551/850
f 1436/1428/915 1442/1615/915 1437/1618/915
f 1435/1496/849 1351/1616/849 1349/1619/849
f 1440/1571/876 1642/1620/876 1445/1620/876
f 1413/1621/916 1567/1622/916 1565/1572/916
f 1432/1623/849 1438/1551/849 1433/1550/849
f 1431/1426/917 1437/1618/917 1432/1623/917
f 1430/1495/848 1349/1619/848 1347/1624/848
f 1550/1501/876 1682/1509/876 1684/1501/876
f 1518/1546/918 1609/1540/918 1607/1546/918
f 1427/1625/848 1433/1550/848 1428/1626/848
f 1426/1424/919 1432/1623/919 1427/1625/919
f 1425/1627/847 1347/1624/847 1345/1628/847
f 1414/1579/873 1631/1629/873 1629/1579/873
f 1414/1579/876 1568/1629/876 1419/1629/876
f 1422/1630/847 1428/1626/847 1423/1631/847
f 1421/1422/920 1427/1625/920 1422/1630/920
f 1420/1632/846 1345/1628/846 1343/1633/846
f 1519/1583/873 1673/1634/873 1671/1583/873
f 1519/1583/876 1610/1635/876 1524/1635/876
f 1417/1636/846 1423/1631/846 1418/1622/846
f 1416/1420/921 1422/1630/921 1417/1636/921
f 1415/1589/845 1343/1633/845 1341/1637/845
f 1415/1589/876 1632/1632/876 1420/1632/876
f 1493/1573/922 1599/1567/922 1597/1573/922
f 1412/1638/845 1418/1622/845 1413/1621/845
f 1411/1418/923 1417/1636/923 1412/1638/923
f 1410/1522/844 1341/1637/844 1339/1639/844
f 1520/1549/876 1674/1535/876 1525/1535/876
f 1494/1594/876 1600/1640/876 1499/1641/876
f 1407/1642/844 1413/1621/844 1408/1498/844
f 1406/1415/924 1412/1638/924 1407/1642/924
f 1401/1521/843 1339/1639/843 1337/1643/843
f 1494/1594/873 1663/1641/873 1661/1594/873
f 1473/1590/925 1587/1595/925 1468/1595/925
f 1404/1644/843 1408/1498/843 1403/1497/843
f 1405/1416/926 1407/1642/926 1404/1644/926
f 1623/1645/875 1561/1646/875 1624/1647/875
f 1621/1500/874 1624/1647/874 1622/1648/874
f 1619/1508/872 1622/1648/872 1620/1617/872
f 1617/1514/871 1620/1617/871 1618/1565/871
f 1615/1556/870 1618/1565/870 1616/1487/870
f 1613/1526/869 1616/1487/869 1614/1488/869
f 1611/1649/868 1614/1488/868 1612/1650/868
f 1609/1540/867 1612/1650/867 1610/1635/867
f 1608/1583/866 1609/1540/866 1610/1635/866
f 1606/1517/865 1607/1546/865 1608/1583/865
f 1604/1516/864 1605/1506/864 1606/1517/864
f 1602/1651/863 1603/1505/863 1604/1516/863
f 1600/1640/862 1601/1652/862 1602/1651/862
f 1598/1594/861 1599/1567/861 1600/1640/861
f 1596/1532/860 1597/1573/860 1598/1594/860
f 1594/1531/859 1595/1524/859 1596/1532/859
f 1592/1653/858 1593/1523/858 1594/1531/858
f 1590/1654/857 1591/1584/857 1592/1653/857
f 1588/1602/856 1589/1590/856 1590/1654/856
f 1586/1544/855 1587/1595/855 1588/1602/855
f 1584/1545/854 1585/1537/854 1586/1544/854
f 1582/1655/853 1583/1538/853 1584/1545/853
f 1580/1656/852 1581/1606/852 1582/1655/852
f 1578/1614/851 1579/1610/851 1580/1656/851
f 1575/1551/850 1578/1614/850 1576/1560/850
f 1573/1550/849 1576/1560/849 1574/1559/849
f 1571/1626/848 1574/1559/848 1572/1657/848
f 1569/1631/847 1572/1657/847 1570/1658/847
f 1567/1622/846 1570/1658/846 1568/1629/846
f 1565/1572/845 1568/1629/845 1566/1580/845
f 1563/1498/844 1566/1580/844 1564/1512/844
f 1562/1497/843 1564/1512/843 1561/1511/843
f 1429/1657/876 1574/1559/876 1434/1559/876
f 1538/1519/927 1613/1526/927 1533/1526/927
f 1428/1626/928 1573/1550/928 1571/1626/928
f 1402/1646/876 1624/1647/876 1561/1646/876
f 1459/1545/876 1582/1655/876 1584/1545/876
f 1403/1490/929 1623/1645/929 1558/1491/929
f 1458/1538/930 1581/1606/930 1453/1606/930
f 1484/1531/876 1592/1653/876 1594/1531/876
f 1483/1523/931 1591/1584/931 1478/1584/931
f 1504/1659/876 1604/1516/876 1509/1516/876
f 1503/1561/932 1603/1505/932 1601/1652/932
f 1534/1488/876 1612/1650/876 1614/1488/876
f 1424/1658/876 1572/1657/876 1429/1657/876
f 1533/1526/933 1611/1649/933 1528/1534/933
f 1423/1631/934 1571/1626/934 1569/1631/934
f 1559/1660/876 1622/1648/876 1624/1647/876
f 1454/1655/876 1580/1656/876 1582/1655/876
f 1558/1491/935 1621/1500/935 1553/1500/935
f 1453/1606/936 1579/1610/936 1448/1610/936
f 1479/1653/876 1590/1654/876 1592/1653/876
f 1478/1584/937 1589/1590/937 1473/1590/937
f 1499/1641/876 1602/1651/876 1504/1659/876
f 1498/1567/938 1601/1652/938 1599/1567/938
f 1529/1650/876 1610/1635/876 1612/1650/876
f 1419/1629/876 1570/1658/876 1424/1658/876
f 1528/1534/939 1609/1540/939 1523/1540/939
f 1418/1622/940 1569/1631/940 1567/1622/940
f 1554/1648/876 1620/1617/876 1622/1648/876
f 1449/1656/876 1578/1614/876 1580/1656/876
f 1553/1500/941 1619/1508/941 1548/1508/941
f 1448/1610/942 1577/1605/942 1443/1605/942
f 1474/1654/876 1588/1602/876 1590/1654/876
f 1687/1660/875 1625/1661/875 1688/1484/875
f 1685/1648/874 1688/1484/874 1686/1493/874
f 1683/1617/872 1686/1493/872 1684/1501/872
f 1681/1565/871 1684/1501/871 1682/1509/871
f 1679/1566/870 1682/1509/870 1680/1503/870
f 1677/1488/869 1680/1503/869 1678/1504/869
f 1675/1650/868 1678/1504/868 1676/1527/868
f 1673/1634/867 1676/1527/867 1674/1535/867
f 1672/1549/866 1673/1634/866 1674/1535/866
f 1670/1530/865 1671/1583/865 1672/1549/865
f 1668/1529/864 1669/1517/864 1670/1530/864
f 1666/1564/863 1667/1516/863 1668/1529/863
f 1664/1662/862 1665/1659/862 1666/1564/862
f 1662/1601/861 1663/1641/861 1664/1662/861
f 1660/1543/860 1661/1594/860 1662/1601/860
f 1658/1542/859 1659/1532/859 1660/1543/859
f 1656/1587/858 1657/1531/858 1658/1542/858
f 1654/1593/857 1655/1653/857 1656/1587/857
f 1652/1598/856 1653/1654/856 1654/1593/856
f 1650/1554/855 1651/1602/855 1652/1598/855
f 1648/1555/854 1649/1544/854 1650/1554/854
f 1646/1609/853 1647/1545/853 1648/1555/853
f 1644/1613/852 1645/1655/852 1646/1609/852
f 1642/1620/851 1643/1656/851 1644/1613/851
f 1639/1560/850 1642/1620/850 1640/1571/850
f 1637/1559/849 1640/1571/849 1638/1496/849
f 1635/1657/848 1638/1496/848 1636/1663/848
f 1633/1664/847 1636/1663/847 1634/1627/847
f 1631/1629/846 1634/1627/846 1632/1632/846
f 1629/1579/845 1632/1632/845 1630/1588/845
f 1627/1512/844 1630/1588/844 1628/1522/844
f 1626/1511/843 1628/1522/843 1625/1521/843
f 1429/1657/891 1637/1559/891 1635/1657/891
f 1401/1661/876 1688/1484/876 1625/1661/876
f 1460/1555/876 1646/1609/876 1648/1555/876
f 1402/1646/943 1687/1660/943 1559/1660/943
f 1459/1545/873 1645/1655/873 1454/1655/873
f 1485/1542/876 1656/1587/876 1658/1542/876
f 1484/1531/873 1655/1653/873 1479/1653/873
f 1505/1564/876 1668/1529/876 1510/1529/876
f 1504/1659/873 1667/1516/873 1665/1659/873
f 1535/1504/876 1676/1527/876 1678/1504/876
f 1425/1627/876 1636/1663/876 1430/1495/876
f 1534/1488/873 1675/1650/873 1529/1650/873
f 1424/1658/873 1635/1657/873 1633/1664/873
f 1560/1484/876 1686/1493/876 1688/1484/876
f 1455/1609/876 1644/1613/876 1646/1609/876
f 1559/1660/873 1685/1648/873 1554/1648/873
f 1454/1655/873 1643/1656/873 1449/1656/873
f 1480/1587/876 1654/1593/876 1656/1587/876
f 1479/1653/873 1653/1654/873 1474/1654/873
f 1500/1570/876 1666/1564/876 1505/1564/876
f 1499/1641/873 1665/1659/873 1663/1641/873
f 1530/1527/876 1674/1535/876 1676/1527/876
f 1420/1632/876 1634/1627/876 1425/1627/876
f 1529/1650/873 1673/1634/873 1524/1635/873
f 1419/1629/873 1633/1664/873 1631/1629/873
f 1555/1493/876 1684/1501/876 1686/1493/876
f 1450/1613/876 1642/1620/876 1644/1613/876
f 1554/1648/873 1683/1617/873 1549/1617/873
f 1449/1656/891 1641/1614/891 1444/1614/891
f 1475/1593/876 1652/1598/876 1654/1593/876
f 1474/1654/873 1651/1602/873 1469/1602/873
f 1495/1576/876 1664/1662/876 1500/1570/876
f 2046/1665/944 1692/1666/944 2047/1667/944
f 2047/1667/945 1694/1668/945 2053/1669/945
f 2053/1669/946 1696/1670/946 2059/1671/946
f 2059/1671/947 1698/1672/947 2065/1673/947
f 2065/1673/948 1700/1674/948 2071/1675/948
f 2071/1675/949 1702/1676/949 2077/1677/949
f 2077/1677/950 1704/1678/950 2083/1679/950
f 2083/1679/951 1706/1680/951 2089/1681/951
f 1706/1680/952 2095/1682/952 2089/1681/952
f 1708/1683/953 2101/1684/953 2095/1682/953
f 1710/1685/954 2107/1686/954 2101/1684/954
f 1712/1687/955 2113/1688/955 2107/1686/955
f 1714/1689/956 2119/1690/956 2113/1688/956
f 1716/1691/957 2125/1692/957 2119/1690/957
f 1718/1693/958 2131/1694/958 2125/1692/958
f 1720/1695/959 2137/1696/959 2131/1694/959
f 1722/1697/960 2143/1698/960 2137/1696/960
f 1724/1699/961 2149/1700/961 2143/1698/961
f 1726/1701/962 2155/1702/962 2149/1700/962
f 1728/1703/963 2161/1704/963 2155/1702/963
f 1730/1705/964 2167/1706/964 2161/1704/964
f 1732/1707/965 2173/1708/965 2167/1706/965
f 1734/1709/966 2179/1710/966 2173/1708/966
f 1736/1711/967 2185/1712/967 2179/1710/967
f 2185/1712/968 1740/1713/968 2191/1714/968
f 2191/1714/969 1742/1715/969 2197/1716/969
f 2197/1716/970 1744/1717/970 2203/1718/970
f 2203/1718/971 1746/1719/971 2209/1720/971
f 2209/1720/972 1748/1721/972 2215/1722/972
f 2215/1722/973 1750/1723/973 2221/1724/973
f 1698/1725/974 1696/1726/974 1746/1727/974
f 2221/1724/975 1752/1728/975 2227/1729/975
f 2227/1729/976 1690/1730/976 2046/1731/976
f 1747/1732/977 1749/1733/977 1695/1734/977
f 1751/1735/976 1753/1736/976 1689/1737/976
f 1891/1738/974 2029/1739/974 1886/1739/974
f 1891/1738/977 1966/1739/977 1968/1740/977
f 1910/1741/976 1756/1742/976 1755/1743/976
f 1909/1744/978 1757/1745/978 1756/1742/978
f 1749/1746/975 1912/1747/975 1751/1735/975
f 1782/1748/977 1990/1749/977 1787/1749/977
f 1755/1750/979 1915/1751/979 1914/1750/979
f 1905/1752/975 1909/1744/975 1910/1741/975
f 1904/1753/980 1908/1754/980 1909/1744/980
f 1747/1755/973 1907/1756/973 1749/1746/973
f 1892/1757/977 2030/1758/977 2032/1759/977
f 1860/1760/981 1957/1761/981 1955/1760/981
f 1900/1762/973 1904/1753/973 1905/1752/973
f 1899/1763/982 1903/1764/982 1904/1753/982
f 1745/1765/972 1902/1766/972 1747/1755/972
f 1754/1767/974 1979/1768/974 1978/1767/974
f 1754/1767/977 1916/1769/977 1761/1769/977
f 1895/1770/972 1899/1763/972 1900/1762/972
f 1894/1771/983 1898/1772/983 1899/1763/983
f 1743/1773/971 1897/1774/971 1745/1765/971
f 1861/1775/974 2021/1776/974 2019/1777/974
f 1861/1775/977 1958/1778/977 1866/1776/977
f 1890/1779/971 1894/1771/971 1895/1770/971
f 1889/1780/984 1893/1781/984 1894/1771/984
f 1741/1782/970 1892/1757/970 1743/1773/970
f 1753/1783/977 1980/1784/977 1762/1784/977
f 1835/1785/985 1947/1786/985 1945/1785/985
f 1885/1787/970 1889/1780/970 1890/1779/970
f 1884/1788/986 1888/1789/986 1889/1780/986
f 1739/1790/969 1887/1791/969 1741/1782/969
f 1862/1792/977 2022/1793/977 1867/1794/977
f 1836/1795/977 1948/1796/977 1841/1797/977
f 1880/1798/969 1884/1788/969 1885/1787/969
f 1879/1799/987 1883/1800/987 1884/1788/987
f 1737/1801/968 1882/1802/968 1739/1790/968
f 1836/1795/974 2011/1803/974 2009/1795/974
f 1815/1804/988 1935/1805/988 1810/1806/988
f 1875/1807/968 1879/1799/968 1880/1798/968
f 1874/1808/989 1878/1809/989 1879/1799/989
f 1872/1810/967 1737/1801/967 1735/1811/967
f 1837/1812/977 2012/1813/977 1842/1813/977
f 1816/1814/977 1936/1815/977 1938/1816/977
f 1869/1817/967 1875/1807/967 1870/1818/967
f 1868/1819/990 1874/1808/990 1869/1817/990
f 1867/1794/966 1735/1811/966 1733/1820/966
f 1816/1814/974 1999/1815/974 1811/1815/974
f 1785/1821/991 1927/1822/991 1925/1821/991
f 1864/1823/992 1870/1818/992 1865/1824/992
f 1863/1825/993 1869/1817/993 1864/1823/993
f 1862/1792/965 1733/1820/965 1731/1826/965
f 1817/1827/977 2000/1828/977 2002/1827/977
f 1895/1770/994 1967/1829/994 1890/1779/994
f 1859/1830/965 1865/1824/965 1860/1760/965
f 1858/1831/995 1864/1823/995 1859/1830/995
f 1857/1832/964 1731/1826/964 1729/1833/964
f 1786/1834/974 1991/1835/974 1989/1836/974
f 1786/1834/977 1928/1837/977 1791/1835/977
f 1854/1838/964 1860/1760/964 1855/1839/964
f 1853/1840/996 1859/1830/996 1854/1838/996
f 1852/1841/963 1729/1833/963 1727/1842/963
f 1896/1843/974 2031/1740/974 1891/1738/974
f 1896/1843/977 1968/1740/977 1970/1844/977
f 1849/1845/963 1855/1839/963 1850/1846/963
f 1848/1847/997 1854/1838/997 1849/1845/997
f 1847/1848/962 1727/1842/962 1725/1849/962
f 1787/1749/977 1992/1850/977 1792/1850/977
f 1760/1851/998 1917/1852/998 1915/1751/998
f 1844/1853/962 1850/1846/962 1845/1854/962
f 1843/1855/999 1849/1845/999 1844/1853/999
f 1842/1813/961 1725/1849/961 1723/1856/961
f 1897/1774/977 2032/1759/977 2034/1774/977
f 1865/1824/1000 1959/1857/1000 1957/1761/1000
f 1839/1858/961 1845/1854/961 1840/1859/961
f 1838/1860/1001 1844/1853/1001 1839/1858/1001
f 1837/1812/960 1723/1856/960 1721/1861/960
f 1761/1769/974 1981/1862/974 1979/1768/974
f 1761/1769/977 1918/1862/977 1766/1862/977
f 1834/1863/960 1840/1859/960 1835/1785/960
f 1833/1864/1002 1839/1858/1002 1834/1863/1002
f 1832/1865/959 1721/1861/959 1719/1866/959
f 1866/1776/974 2023/1867/974 2021/1776/974
f 1866/1776/977 1960/1867/977 1871/1867/977
f 1829/1868/959 1835/1785/959 1830/1869/959
f 1829/1868/1003 1833/1864/1003 1834/1863/1003
f 1827/1870/958 1719/1866/958 1717/1871/958
f 1762/1784/977 1982/1872/977 1767/1872/977
f 1840/1859/1004 1949/1873/1004 1947/1786/1004
f 1824/1874/958 1830/1869/958 1825/1875/958
f 1824/1874/1005 1828/1876/1005 1829/1868/1005
f 1822/1877/957 1717/1871/957 1715/1878/957
f 1867/1794/977 2024/1879/977 1872/1810/977
f 1841/1797/977 1950/1880/977 1846/1881/977
f 1819/1882/957 1825/1875/957 1820/1883/957
f 1819/1882/1006 1823/1884/1006 1824/1874/1006
f 1817/1827/956 1715/1878/956 1713/1885/956
f 1841/1797/974 2013/1886/974 2011/1803/974
f 1820/1883/1007 1937/1804/1007 1815/1804/1007
f 1814/1887/956 1820/1883/956 1815/1804/956
f 1814/1887/1008 1818/1888/1008 1819/1882/1008
f 1812/1889/955 1713/1885/955 1711/1890/955
f 1842/1813/977 2014/1891/977 1847/1848/977
f 1821/1892/977 1938/1816/977 1940/1892/977
f 1809/1893/955 1815/1804/955 1810/1806/955
f 1809/1893/1009 1813/1894/1009 1814/1887/1009
f 1807/1895/954 1711/1890/954 1709/1896/954
f 1821/1892/974 2001/1816/974 1816/1814/974
f 1790/1897/1010 1929/1898/1010 1927/1822/1010
f 1804/1899/954 1810/1806/954 1805/1900/954
f 1804/1899/1011 1808/1901/1011 1809/1893/1011
f 1802/1902/1012 1709/1896/1012 1707/1903/1012
f 1822/1877/977 2002/1827/977 2004/1904/977
f 1900/1762/1013 1969/1770/1013 1895/1770/1013
f 1799/1905/1012 1805/1900/1012 1800/1906/1012
f 1799/1905/1014 1803/1907/1014 1804/1899/1014
f 1797/1908/952 1707/1903/952 1705/1909/952
f 1791/1835/974 1993/1910/974 1991/1835/974
f 1791/1835/977 1930/1910/977 1796/1911/977
f 1794/1912/952 1800/1906/952 1795/1913/952
f 1794/1912/1015 1798/1914/1015 1799/1905/1015
f 1703/1915/951 1797/1908/951 1705/1909/951
f 1901/1916/974 2033/1844/974 1896/1843/974
f 1901/1916/977 1970/1844/977 1972/1916/977
f 1790/1897/951 1794/1912/951 1795/1913/951
f 1788/1917/1016 1794/1912/1016 1789/1918/1016
f 1701/1919/1017 1792/1850/1017 1703/1915/1017
f 1792/1850/977 1994/1920/977 1797/1908/977
f 1765/1921/1018 1919/1922/1018 1917/1852/1018
f 1785/1821/1017 1789/1918/1017 1790/1897/1017
f 1783/1923/1019 1789/1918/1019 1784/1924/1019
f 1699/1925/949 1787/1749/949 1701/1919/949
f 1902/1766/977 2034/1774/977 2036/1926/977
f 1870/1818/1020 1961/1807/1020 1959/1857/1020
f 1780/1927/949 1784/1924/949 1785/1821/949
f 1778/1928/1021 1784/1924/1021 1779/1929/1021
f 1697/1930/948 1782/1748/948 1699/1925/948
f 1766/1862/974 1983/1931/974 1981/1862/974
f 1766/1862/977 1920/1931/977 1771/1931/977
f 1775/1932/948 1779/1929/948 1780/1927/948
f 1773/1933/1022 1779/1929/1022 1774/1934/1022
f 1695/1935/947 1777/1936/947 1697/1930/947
f 1871/1867/974 2025/1937/974 2023/1867/974
f 1871/1867/977 1962/1937/977 1876/1938/977
f 1770/1939/947 1774/1934/947 1775/1932/947
f 1768/1940/1023 1774/1934/1023 1769/1941/1023
f 1693/1942/946 1772/1943/946 1695/1935/946
f 1767/1872/977 1984/1944/977 1772/1943/977
f 1845/1854/1024 1951/1945/1024 1949/1873/1024
f 1765/1921/946 1769/1941/946 1770/1939/946
f 1763/1946/1025 1769/1941/1025 1764/1947/1025
f 1691/1948/945 1767/1872/945 1693/1942/945
f 1872/1810/977 2026/1949/977 1877/1950/977
f 1846/1881/977 1952/1951/977 1851/1951/977
f 1760/1851/945 1764/1947/945 1765/1921/945
f 1758/1952/1026 1764/1947/1026 1759/1953/1026
f 1689/1954/944 1762/1784/944 1691/1948/944
f 1846/1881/974 2015/1955/974 2013/1886/974
f 1825/1875/1027 1939/1956/1027 1820/1883/1027
f 1755/1750/944 1759/1953/944 1760/1851/944
f 1757/1957/1028 1759/1953/1028 1756/1958/1028
f 1976/1959/976 1914/1743/976 1913/1960/976
f 1974/1961/975 1975/1741/975 1976/1959/975
f 1972/1916/973 1973/1752/973 1974/1961/973
f 1970/1844/972 1971/1762/972 1972/1916/972
f 1968/1740/971 1969/1770/971 1970/1844/971
f 1966/1739/970 1967/1829/970 1968/1740/970
f 1964/1962/969 1965/1787/969 1966/1739/969
f 1962/1937/968 1963/1963/968 1964/1962/968
f 1959/1857/967 1962/1937/967 1960/1867/967
f 1957/1761/966 1960/1867/966 1958/1778/966
f 1955/1760/965 1958/1778/965 1956/1777/965
f 1953/1964/964 1956/1777/964 1954/1965/964
f 1951/1945/963 1954/1965/963 1952/1951/963
f 1949/1873/962 1952/1951/962 1950/1880/962
f 1947/1786/961 1950/1880/961 1948/1796/961
f 1945/1785/960 1948/1796/960 1946/1966/960
f 1943/1967/959 1946/1966/959 1944/1968/959
f 1941/1875/958 1944/1968/958 1942/1969/958
f 1939/1956/957 1942/1969/957 1940/1892/957
f 1937/1804/956 1940/1892/956 1938/1816/956
f 1935/1805/955 1938/1816/955 1936/1815/955
f 1933/1970/954 1936/1815/954 1934/1971/954
f 1931/1906/1012 1934/1971/1012 1932/1972/1012
f 1929/1898/952 1932/1972/952 1930/1910/952
f 1928/1837/951 1929/1898/951 1930/1910/951
f 1926/1836/1017 1927/1822/1017 1928/1837/1017
f 1924/1973/949 1925/1821/949 1926/1836/949
f 1922/1974/948 1923/1975/948 1924/1973/948
f 1920/1931/947 1921/1976/947 1922/1974/947
f 1918/1862/946 1919/1922/946 1920/1931/946
f 1916/1769/945 1917/1852/945 1918/1862/945
f 1913/1767/944 1915/1751/944 1916/1769/944
f 1781/1973/977 1926/1836/977 1786/1834/977
f 1890/1779/1029 1965/1787/1029 1885/1787/1029
f 1780/1927/1030 1925/1821/1030 1923/1975/1030
f 1754/1960/977 1976/1959/977 1913/1960/977
f 1811/1815/977 1934/1971/977 1936/1815/977
f 1755/1743/1031 1975/1741/1031 1910/1741/1031
f 1810/1806/1032 1933/1970/1032 1805/1900/1032
f 1836/1795/977 1944/1968/977 1946/1966/977
f 1835/1785/1033 1943/1967/1033 1830/1869/1033
f 1856/1977/977 1956/1777/977 1861/1775/977
f 1855/1839/1034 1955/1760/1034 1953/1964/1034
f 1886/1739/977 1964/1962/977 1966/1739/977
f 1776/1978/977 1924/1973/977 1781/1973/977
f 1885/1787/1035 1963/1963/1035 1880/1798/1035
f 1775/1932/1036 1923/1975/1036 1921/1976/1036
f 1911/1979/977 1974/1961/977 1976/1959/977
f 1806/1980/977 1932/1972/977 1934/1971/977
f 1910/1741/1037 1973/1752/1037 1905/1752/1037
f 1805/1900/1038 1931/1906/1038 1800/1906/1038
f 1831/1968/977 1942/1969/977 1944/1968/977
f 1830/1869/1039 1941/1875/1039 1825/1875/1039
f 1851/1951/977 1954/1965/977 1856/1977/977
f 1850/1846/1040 1953/1964/1040 1951/1945/1040
f 1881/1981/977 1962/1937/977 1964/1962/977
f 1771/1931/977 1922/1974/977 1776/1978/977
f 1880/1798/1041 1961/1807/1041 1875/1807/1041
f 1770/1939/1042 1921/1976/1042 1919/1922/1042
f 1906/1982/977 1972/1916/977 1974/1961/977
f 1801/1972/977 1930/1910/977 1932/1972/977
f 1905/1752/1043 1971/1762/1043 1900/1762/1043
f 1800/1906/1044 1929/1898/1044 1795/1913/1044
f 1826/1983/977 1940/1892/977 1942/1969/977
f 2040/1984/976 1978/1960/976 1977/1736/976
f 2038/1756/975 2039/1959/975 2040/1984/975
f 2036/1926/973 2037/1982/973 2038/1756/973
f 2034/1774/972 2035/1916/972 2036/1926/972
f 2032/1759/971 2033/1844/971 2034/1774/971
f 2030/1758/970 2031/1740/970 2032/1759/970
f 2028/1985/969 2029/1739/969 2030/1758/969
f 2026/1949/968 2027/1962/968 2028/1985/968
f 2023/1867/967 2026/1949/967 2024/1879/967
f 2021/1776/966 2024/1879/966 2022/1793/966
f 2019/1777/965 2022/1793/965 2020/1986/965
f 2017/1965/964 2020/1986/964 2018/1832/964
f 2015/1955/963 2018/1832/963 2016/1841/963
f 2013/1886/962 2016/1841/962 2014/1891/962
f 2011/1803/961 2014/1891/961 2012/1813/961
f 2009/1795/960 2012/1813/960 2010/1987/960
f 2007/1988/959 2010/1987/959 2008/1865/959
f 2005/1983/958 2008/1865/958 2006/1989/958
f 2003/1990/957 2006/1989/957 2004/1904/957
f 2001/1816/1045 2004/1904/1045 2002/1827/1045
f 1999/1815/955 2002/1827/955 2000/1828/955
f 1997/1971/954 2000/1828/954 1998/1991/954
f 1995/1992/953 1998/1991/953 1996/1902/953
f 1993/1910/952 1996/1902/952 1994/1920/952
f 1992/1850/951 1993/1910/951 1994/1920/951
f 1990/1749/950 1991/1835/950 1992/1850/950
f 1988/1993/949 1989/1836/949 1990/1749/949
f 1986/1994/948 1987/1973/948 1988/1993/948
f 1984/1944/1046 1985/1978/1046 1986/1994/1046
f 1982/1872/946 1983/1931/946 1984/1944/946
f 1980/1784/945 1981/1862/945 1982/1872/945
f 1977/1783/944 1979/1768/944 1980/1784/944
f 1781/1973/974 1989/1836/974 1987/1973/974
f 1753/1736/977 2040/1984/977 1977/1736/977
f 1812/1889/977 1998/1991/977 2000/1828/977
f 1754/1960/974 2039/1959/974 1911/1979/974
f 1811/1815/974 1997/1971/974 1806/1980/974
f 1837/1812/977 2008/1865/977 2010/1987/977
f 1836/1795/974 2007/1988/974 1831/1968/974
f 1857/1832/977 2020/1986/977 1862/1792/977
f 1856/1977/974 2019/1777/974 2017/1965/974
f 1887/1791/977 2028/1985/977 2030/1758/977
f 1777/1936/977 1988/1993/977 1782/1748/977
f 1886/1739/974 2027/1962/974 1881/1981/974
f 1776/1978/974 1987/1973/974 1985/1978/974
f 1912/1747/977 2038/1756/977 2040/1984/977
f 1807/1895/977 1996/1902/977 1998/1991/977
f 1911/1979/974 2037/1982/974 1906/1982/974
f 1806/1980/974 1995/1992/974 1801/1972/974
f 1832/1865/977 2006/1989/977 2008/1865/977
f 1831/1968/974 2005/1983/974 1826/1983/974
f 1852/1841/977 2018/1832/977 1857/1832/977
f 1851/1951/974 2017/1965/974 2015/1955/974
f 1882/1802/977 2026/1949/977 2028/1985/977
f 1772/1943/977 1986/1994/977 1777/1936/977
f 1881/1981/974 2025/1937/974 1876/1938/974
f 1771/1931/974 1985/1978/974 1983/1931/974
f 1907/1756/977 2036/1926/977 2038/1756/977
f 1802/1902/977 1994/1920/977 1996/1902/977
f 1906/1982/974 2035/1916/974 1901/1916/974
f 1801/1972/974 1993/1910/974 1796/1911/974
f 1827/1870/977 2004/1904/977 2006/1989/977
f 1826/1983/974 2003/1990/974 1821/1892/974
f 1847/1848/977 2016/1841/977 1852/1841/977
f 1908/1754/976 2041/1995/976 1757/1745/976
f 2231/1996/1047 2041/1995/1047 2232/1997/1047
f 2230/1998/1048 2042/1999/1048 2231/1996/1048
f 2230/1998/976 2044/2000/976 2043/2001/976
f 2229/2002/1049 2045/2003/1049 2044/2000/1049
f 2228/2004/1050 2046/1731/1050 2045/2003/1050
f 1903/1764/975 2232/1997/975 1908/1754/975
f 2225/2005/1051 2232/1997/1051 2226/2006/1051
f 2224/2007/1052 2231/1996/1052 2225/2005/1052
f 2224/2007/975 2229/2002/975 2230/1998/975
f 2223/2008/1053 2228/2004/1053 2229/2002/1053
f 2222/2009/1054 2227/1729/1054 2228/2004/1054
f 1898/1772/973 2226/2006/973 1903/1764/973
f 2219/2010/1055 2226/2006/1055 2220/2011/1055
f 2218/2012/1056 2225/2005/1056 2219/2010/1056
f 2218/2012/973 2223/2008/973 2224/2007/973
f 2217/2013/1057 2222/2009/1057 2223/2008/1057
f 2216/2014/1058 2221/1724/1058 2222/2009/1058
f 1893/1781/972 2220/2011/972 1898/1772/972
f 2213/2015/1059 2220/2011/1059 2214/2016/1059
f 2212/2017/1060 2219/2010/1060 2213/2015/1060
f 2212/2017/972 2217/2013/972 2218/2012/972
f 2211/2018/1061 2216/2014/1061 2217/2013/1061
f 2210/2019/1062 2215/1722/1062 2216/2014/1062
f 1888/1789/971 2214/2016/971 1893/1781/971
f 2207/2020/1063 2214/2016/1063 2208/2021/1063
f 2206/2022/1064 2213/2015/1064 2207/2020/1064
f 2206/2022/971 2211/2018/971 2212/2017/971
f 2205/2023/1065 2210/2019/1065 2211/2018/1065
f 2204/2024/1066 2209/1720/1066 2210/2019/1066
f 1883/1800/970 2208/2021/970 1888/1789/970
f 2201/2025/1067 2208/2021/1067 2202/2026/1067
f 2200/2027/1068 2207/2020/1068 2201/2025/1068
f 2200/2027/970 2205/2023/970 2206/2022/970
f 2199/2028/1069 2204/2024/1069 2205/2023/1069
f 2198/2029/1070 2203/1718/1070 2204/2024/1070
f 1878/1809/969 2202/2026/969 1883/1800/969
f 2195/2030/1071 2202/2026/1071 2196/2031/1071
f 2194/2032/1072 2201/2025/1072 2195/2030/1072
f 2194/2032/969 2199/2028/969 2200/2027/969
f 2193/2033/1073 2198/2029/1073 2199/2028/1073
f 2192/2034/1074 2197/1716/1074 2198/2029/1074
f 1873/2035/968 2196/2031/968 1878/1809/968
f 2189/2036/1075 2196/2031/1075 2190/2037/1075
f 2188/2038/1076 2195/2030/1076 2189/2036/1076
f 2188/2038/968 2193/2033/968 2194/2032/968
f 2187/2039/1077 2192/2034/1077 2193/2033/1077
f 2186/2040/1078 2191/1714/1078 2192/2034/1078
f 2184/2041/967 1873/2035/967 1868/1819/967
f 2184/2041/1079 2189/2036/1079 2190/2037/1079
f 2183/2042/1080 2188/2038/1080 2189/2036/1080
f 2181/2043/967 2188/2038/967 2182/2044/967
f 2180/2045/1081 2187/2039/1081 2181/2043/1081
f 2179/1710/1082 2186/2040/1082 2180/2045/1082
f 2178/2046/966 1868/1819/966 1863/1825/966
f 2178/2046/1083 2183/2042/1083 2184/2041/1083
f 2177/2047/1084 2182/2044/1084 2183/2042/1084
f 2175/2048/966 2182/2044/966 2176/2049/966
f 2174/2050/1085 2181/2043/1085 2175/2048/1085
f 2173/1708/1086 2180/2045/1086 2174/2050/1086
f 2172/2051/965 1863/1825/965 1858/1831/965
f 2172/2051/1087 2177/2047/1087 2178/2046/1087
f 2171/2052/1088 2176/2049/1088 2177/2047/1088
f 2169/2053/965 2176/2049/965 2170/2054/965
f 2168/2055/1089 2175/2048/1089 2169/2053/1089
f 2167/1706/1090 2174/2050/1090 2168/2055/1090
f 2166/2056/964 1858/1831/964 1853/1840/964
f 2166/2056/1091 2171/2052/1091 2172/2051/1091
f 2165/2057/1092 2170/2054/1092 2171/2052/1092
f 2163/2058/964 2170/2054/964 2164/2059/964
f 2162/2060/1093 2169/2053/1093 2163/2058/1093
f 2161/1704/1094 2168/2055/1094 2162/2060/1094
f 2160/2061/963 1853/1840/963 1848/1847/963
f 2160/2061/1095 2165/2057/1095 2166/2056/1095
f 2159/2062/1096 2164/2059/1096 2165/2057/1096
f 2157/2063/963 2164/2059/963 2158/2064/963
f 2156/2065/1097 2163/2058/1097 2157/2063/1097
f 2155/1702/1098 2162/2060/1098 2156/2065/1098
f 2154/2066/962 1848/1847/962 1843/1855/962
f 2154/2066/1099 2159/2062/1099 2160/2061/1099
f 2153/2067/1100 2158/2064/1100 2159/2062/1100
f 2151/2068/962 2158/2064/962 2152/2069/962
f 2150/2070/1101 2157/2063/1101 2151/2068/1101
f 2149/1700/1102 2156/2065/1102 2150/2070/1102
f 2148/2071/961 1843/1855/961 1838/1860/961
f 2148/2071/1103 2153/2067/1103 2154/2066/1103
f 2147/2072/1104 2152/2069/1104 2153/2067/1104
f 2145/2073/961 2152/2069/961 2146/2074/961
f 2144/2075/1105 2151/2068/1105 2145/2073/1105
f 2143/1698/1106 2150/2070/1106 2144/2075/1106
f 2142/2076/960 1838/1860/960 1833/1864/960
f 2142/2076/1107 2147/2072/1107 2148/2071/1107
f 2141/2077/1108 2146/2074/1108 2147/2072/1108
f 2139/2078/960 2146/2074/960 2140/2079/960
f 2138/2080/1109 2145/2073/1109 2139/2078/1109
f 2137/1696/1110 2144/2075/1110 2138/2080/1110
f 2136/2081/959 1833/1864/959 1828/1876/959
f 2135/2082/1111 2142/2076/1111 2136/2081/1111
f 2134/2083/1112 2141/2077/1112 2135/2082/1112
f 2133/2084/959 2140/2079/959 2134/2083/959
f 2133/2084/1113 2138/2080/1113 2139/2078/1113
f 2132/2085/1114 2137/1696/1114 2138/2080/1114
f 2130/2086/958 1828/1876/958 1823/1884/958
f 2129/2087/1115 2136/2081/1115 2130/2086/1115
f 2128/2088/1116 2135/2082/1116 2129/2087/1116
f 2127/2089/958 2134/2083/958 2128/2088/958
f 2127/2089/1117 2132/2085/1117 2133/2084/1117
f 2126/2090/1118 2131/1694/1118 2132/2085/1118
f 2124/2091/957 1823/1884/957 1818/1888/957
f 2123/2092/1119 2130/2086/1119 2124/2091/1119
f 2122/2093/1120 2129/2087/1120 2123/2092/1120
f 2121/2094/957 2128/2088/957 2122/2093/957
f 2121/2094/1121 2126/2090/1121 2127/2089/1121
f 2120/2095/1122 2125/1692/1122 2126/2090/1122
f 2118/2096/956 1818/1888/956 1813/1894/956
f 2117/2097/1123 2124/2091/1123 2118/2096/1123
f 2116/2098/1124 2123/2092/1124 2117/2097/1124
f 2115/2099/956 2122/2093/956 2116/2098/956
f 2115/2099/1125 2120/2095/1125 2121/2094/1125
f 2114/2100/1126 2119/1690/1126 2120/2095/1126
f 2112/2101/955 1813/1894/955 1808/1901/955
f 2111/2102/1127 2118/2096/1127 2112/2101/1127
f 2110/2103/1128 2117/2097/1128 2111/2102/1128
f 2109/2104/955 2116/2098/955 2110/2103/955
f 2109/2104/1129 2114/2100/1129 2115/2099/1129
f 2108/2105/1130 2113/1688/1130 2114/2100/1130
f 2106/2106/954 1808/1901/954 1803/1907/954
f 2105/2107/1131 2112/2101/1131 2106/2106/1131
f 2104/2108/1132 2111/2102/1132 2105/2107/1132
f 2103/2109/954 2110/2103/954 2104/2108/954
f 2103/2109/1133 2108/2105/1133 2109/2104/1133
f 2102/2110/1134 2107/1686/1134 2108/2105/1134
f 2100/2111/1012 1803/1907/1012 1798/1914/1012
f 2099/2112/1135 2106/2106/1135 2100/2111/1135
f 2098/2113/1136 2105/2107/1136 2099/2112/1136
f 2097/2114/1012 2104/2108/1012 2098/2113/1012
f 2097/2114/1137 2102/2110/1137 2103/2109/1137
f 2096/2115/1138 2101/1684/1138 2102/2110/1138
f 2094/2116/952 1798/1914/952 1793/2117/952
f 2093/2118/1139 2100/2111/1139 2094/2116/1139
f 2092/2119/1140 2099/2112/1140 2093/2118/1140
f 2091/2120/952 2098/2113/952 2092/2119/952
f 2091/2120/1141 2096/2115/1141 2097/2114/1141
f 2090/2121/1142 2095/1682/1142 2096/2115/1142
f 1788/1917/951 2094/2116/951 1793/2117/951
f 2088/2122/1143 2093/2118/1143 2094/2116/1143
f 2087/2123/1144 2092/2119/1144 2093/2118/1144
f 2086/2124/951 2091/2120/951 2092/2119/951
f 2084/2125/1145 2091/2120/1145 2085/2126/1145
f 2083/1679/1146 2090/2121/1146 2084/2125/1146
f 1783/1923/1017 2088/2122/1017 1788/1917/1017
f 2082/2127/1147 2087/2123/1147 2088/2122/1147
f 2081/2128/1148 2086/2124/1148 2087/2123/1148
f 2080/2129/1017 2085/2126/1017 2086/2124/1017
f 2078/2130/1149 2085/2126/1149 2079/2131/1149
f 2077/1677/1150 2084/2125/1150 2078/2130/1150
f 1778/1928/949 2082/2127/949 1783/1923/949
f 2076/2132/1151 2081/2128/1151 2082/2127/1151
f 2075/2133/1152 2080/2129/1152 2081/2128/1152
f 2074/2134/949 2079/2131/949 2080/2129/949
f 2072/2135/1153 2079/2131/1153 2073/2136/1153
f 2071/1675/1154 2078/2130/1154 2072/2135/1154
f 1773/1933/948 2076/2132/948 1778/1928/948
f 2070/2137/1155 2075/2133/1155 2076/2132/1155
f 2069/2138/1156 2074/2134/1156 2075/2133/1156
f 2068/2139/948 2073/2136/948 2074/2134/948
f 2066/2140/1157 2073/2136/1157 2067/2141/1157
f 2065/1673/1158 2072/2135/1158 2066/2140/1158
f 1768/1940/947 2070/2137/947 1773/1933/947
f 2064/2142/1159 2069/2138/1159 2070/2137/1159
f 2063/2143/1160 2068/2139/1160 2069/2138/1160
f 2062/2144/947 2067/2141/947 2068/2139/947
f 2060/2145/1161 2067/2141/1161 2061/2146/1161
f 2059/1671/1162 2066/2140/1162 2060/2145/1162
f 1763/1946/946 2064/2142/946 1768/1940/946
f 2058/2147/1163 2063/2143/1163 2064/2142/1163
f 2057/2148/1164 2062/2144/1164 2063/2143/1164
f 2056/2149/946 2061/2146/946 2062/2144/946
f 2054/2150/1165 2061/2146/1165 2055/2151/1165
f 2053/1669/1166 2060/2145/1166 2054/2150/1166
f 1758/1952/945 2058/2147/945 1763/1946/945
f 2052/2152/1167 2057/2148/1167 2058/2147/1167
f 2051/2153/1168 2056/2149/1168 2057/2148/1168
f 2050/2154/945 2055/2151/945 2056/2149/945
f 2048/2155/1169 2055/2151/1169 2049/2156/1169
f 2047/1667/1170 2054/2150/1170 2048/2155/1170
f 1757/1957/944 2052/2152/944 1758/1952/944
f 2041/2157/1171 2051/2153/1171 2052/2152/1171
f 2042/2158/1172 2050/2154/1172 2051/2153/1172
f 2043/2159/944 2049/2156/944 2050/2154/944
f 2045/2160/1173 2049/2156/1173 2044/2161/1173
f 2046/1665/1174 2048/2155/1174 2045/2160/1174
f 2255/2162/1175 2234/2163/1175 2254/2164/1175
f 2261/2165/1176 2236/2166/1176 2255/2167/1176
f 2261/2168/1177 2240/2169/1177 2238/2170/1177
f 2267/2171/1178 2242/2172/1178 2240/2173/1178
f 2279/2174/1179 2242/2175/1179 2273/2176/1179
f 2285/2177/1180 2244/2178/1180 2279/2179/1180
f 2246/2180/1181 2248/2181/1181 2236/2182/1181
f 2285/2183/1182 2248/2181/1182 2246/2180/1182
f 2291/2184/1183 2234/2185/1183 2248/2186/1183
f 2239/2187/1184 2237/2188/1184 2243/2189/1184
f 2233/2190/1185 2296/2191/1185 2247/2192/1185
f 2249/2193/1186 2295/2194/1186 2296/2191/1186
f 2295/2194/1187 2251/2195/1187 2294/2196/1187
f 2294/2196/1188 2252/2197/1188 2293/2198/1188
f 2293/2198/1189 2253/2199/1189 2292/2200/1189
f 2292/2200/1190 2254/2201/1190 2291/2184/1190
f 2247/2202/1191 2290/2203/1191 2245/2204/1191
f 2296/2205/1192 2289/2206/1192 2290/2203/1192
f 2289/2206/1193 2294/2207/1193 2288/2208/1193
f 2288/2208/1194 2293/2209/1194 2287/2210/1194
f 2287/2210/1195 2292/2211/1195 2286/2212/1195
f 2286/2212/1196 2291/2213/1196 2285/2183/1196
f 2243/2214/1197 2290/2215/1197 2284/2216/1197
f 2284/2216/1198 2289/2217/1198 2283/2218/1198
f 2289/2217/1199 2282/2219/1199 2283/2218/1199
f 2288/2220/1200 2281/2221/1200 2282/2219/1200
f 2287/2222/1201 2280/2223/1201 2281/2221/1201
f 2286/2224/1202 2279/2179/1202 2280/2223/1202
f 2241/2225/1203 2284/2226/1203 2278/2227/1203
f 2278/2227/1204 2283/2228/1204 2277/2229/1204
f 2283/2228/1205 2276/2230/1205 2277/2229/1205
f 2282/2231/1206 2275/2232/1206 2276/2230/1206
f 2281/2233/1207 2274/2234/1207 2275/2232/1207
f 2280/2235/1208 2273/2176/1208 2274/2234/1208
f 2241/2236/1209 2272/2237/1209 2239/2238/1209
f 2278/2239/1210 2271/2240/1210 2272/2237/1210
f 2271/2240/1211 2276/2241/1211 2270/2242/1211
f 2270/2242/1212 2275/2243/1212 2269/2244/1212
f 2269/2244/1213 2274/2245/1213 2268/2246/1213
f 2268/2246/1214 2273/2247/1214 2267/2171/1214
f 2239/2187/1215 2266/2248/1215 2237/2188/1215
f 2272/2249/1216 2265/2250/1216 2266/2248/1216
f 2265/2250/1217 2270/2251/1217 2264/2252/1217
f 2264/2252/1218 2269/2253/1218 2263/2254/1218
f 2263/2254/1219 2268/2255/1219 2262/2256/1219
f 2262/2256/1220 2267/2257/1220 2261/2168/1220
f 2235/2258/1221 2266/2259/1221 2260/2260/1221
f 2260/2260/1222 2265/2261/1222 2259/2262/1222
f 2265/2261/1223 2258/2263/1223 2259/2262/1223
f 2264/2264/1224 2257/2265/1224 2258/2263/1224
f 2263/2266/1225 2256/2267/1225 2257/2265/1225
f 2262/2268/1226 2255/2167/1226 2256/2267/1226
f 2233/2269/1227 2260/2270/1227 2249/2271/1227
f 2249/2271/1228 2259/2272/1228 2250/2273/1228
f 2259/2272/1229 2251/2274/1229 2250/2273/1229
f 2258/2275/1230 2252/2276/1230 2251/2274/1230
f 2257/2277/1231 2253/2278/1231 2252/2276/1231
f 2256/2279/1232 2254/2164/1232 2253/2278/1232
f 2298/2280/1233 2301/2281/1233 2297/2282/1233
f 2297/2282/1234 2299/2283/1234 2298/2280/1234
f 2297/2282/1235 2313/2284/1235 2299/2283/1235
f 2300/2285/1236 2302/2286/1236 2303/2287/1236
f 2301/2281/1237 2302/2286/1237 2297/2282/1237
f 2303/2288/1238 2302/2289/1238 2304/2290/1238
f 2301/2281/1239 2303/2287/1239 2304/2291/1239
f 2301/2281/1240 2317/2292/1240 2300/2285/1240
f 2301/2281/1241 2306/2293/1241 2305/2294/1241
f 2311/2295/1242 2306/2293/1242 2307/2296/1242
f 2307/2296/1243 2308/2297/1243 2309/2298/1243
f 2306/2293/1244 2310/2299/1244 2308/2297/1244
f 2309/2300/1245 2308/2301/1245 2310/2302/1245
f 2307/2296/1246 2310/2299/1246 2298/2280/1246
f 2311/2295/1247 2307/2296/1247 2312/2303/1247
f 2312/2303/1248 2298/2280/1248 2299/2283/1248
f 2317/2292/1249 2312/2303/1249 2313/2284/1249
f 2312/2303/1250 2315/2304/1250 2313/2284/1250
f 2312/2303/1251 2316/2305/1251 2314/2306/1251
f 2315/2307/1252 2314/2308/1252 2316/2309/1252
f 2313/2284/1253 2316/2305/1253 2299/2283/1253
f 2300/2285/1254 2317/2292/1254 2313/2284/1254
f 2317/2292/1255 2319/2310/1255 2311/2295/1255
f 2317/2292/1256 2320/2311/1256 2318/2312/1256
f 2319/2313/1257 2318/2314/1257 2320/2315/1257
f 2311/2295/1258 2320/2311/1258 2305/2294/1258
f 2406/2316/1259 2321/2317/1259 2322/2318/1259
f 2322/2318/1260 2323/2319/1260 2407/2320/1260
f 2323/2319/1261 2325/2321/1261 2327/2322/1261
f 2321/2317/1262 2328/2323/1262 2325/2321/1262
f 2328/2324/1263 2326/2325/1263 2325/2326/1263
f 2325/2326/1264 2416/2327/1264 2327/2328/1264
f 2324/2329/1265 2329/2330/1265 2328/2323/1265
f 2329/2331/1266 2330/2332/1266 2328/2324/1266
f 2326/2325/1267 2331/2333/1267 2416/2327/1267
f 2330/2332/1268 2334/2334/1268 2331/2333/1268
f 2329/2331/1269 2333/2335/1269 2332/2336/1269
f 2332/2336/1270 2335/2337/1270 2334/2334/1270
f 2334/2334/1271 2488/2338/1271 2336/2339/1271
f 2334/2334/1272 2337/2340/1272 2331/2333/1272
f 2337/2340/1273 2338/2341/1273 2417/2342/1273
f 2338/2341/1274 2477/2343/1274 2340/2344/1274
f 2489/2345/1275 2496/2346/1275 2339/2347/1275
f 2478/2348/1276 2496/2346/1276 2474/2349/1276
f 2360/2350/1277 2509/2351/1277 2493/2352/1277
f 2499/2353/1278 2512/2354/1278 2517/2355/1278
f 2333/2335/1279 2343/2356/1279 2335/2337/1279
f 2346/2357/1280 2343/2356/1280 2345/2358/1280
f 2347/2359/1281 2333/2335/1281 2349/2360/1281
f 2350/2361/1282 2345/2358/1282 2347/2359/1282
f 2403/2362/1283 2347/2363/1283 2349/2364/1283
f 2348/2365/1284 2350/2366/1284 2347/2363/1284
f 2353/2367/1285 2350/2366/1285 2351/2368/1285
f 2352/2369/1286 2346/2357/1286 2350/2361/1286
f 2384/2370/1287 2352/2371/1287 2353/2367/1287
f 2354/2372/1288 2355/2373/1288 2352/2369/1288
f 2355/2373/1289 2344/2374/1289 2346/2357/1289
f 2356/2375/1290 2357/2376/1290 2355/2373/1290
f 2486/2377/1291 2497/2378/1291 2494/2379/1291
f 2486/2377/1292 2493/2352/1292 2359/2380/1292
f 2497/2378/1293 2475/2381/1293 2483/2382/1293
f 2475/2381/1294 2359/2380/1294 2482/2383/1294
f 2362/2384/1295 2364/2385/1295 2365/2386/1295
f 2361/2387/1296 2366/2388/1296 2364/2385/1296
f 2365/2386/1297 2367/2389/1297 2369/2390/1297
f 2364/2385/1298 2370/2391/1298 2367/2389/1298
f 2371/2392/1299 2367/2393/1299 2370/2394/1299
f 2368/2395/1300 2369/2396/1300 2367/2393/1300
f 2373/2397/1301 2370/2394/1301 2372/2398/1301
f 2370/2391/1302 2375/2399/1302 2372/2400/1302
f 2392/2401/1303 2372/2398/1303 2374/2402/1303
f 2375/2399/1304 2374/2403/1304 2372/2400/1304
f 2366/2388/1305 2376/2404/1305 2375/2399/1305
f 2360/2350/1306 2476/2405/1306 2482/2383/1306
f 2476/2405/1307 2378/2406/1307 2481/2407/1307
f 2487/2408/1308 2360/2350/1308 2493/2352/1308
f 2378/2406/1309 2487/2408/1309 2492/2409/1309
f 2356/2375/1310 2379/2410/1310 2358/2411/1310
f 2380/2412/1311 2381/2413/1311 2382/2414/1311
f 2354/2372/1312 2381/2413/1312 2356/2375/1312
f 2383/2415/1313 2354/2416/1313 2384/2370/1313
f 2385/2417/1314 2382/2418/1314 2383/2415/1314
f 2386/2419/1315 2384/2370/1315 2387/2420/1315
f 2388/2421/1316 2383/2415/1316 2386/2419/1316
f 2390/2422/1317 2491/2423/1317 2490/2424/1317
f 2480/2425/1318 2390/2422/1318 2479/2426/1318
f 2391/2427/1319 2492/2428/1319 2491/2423/1319
f 2461/2429/1320 2374/2402/1320 2463/2430/1320
f 2373/2397/1321 2389/2431/1321 2393/2432/1321
f 2371/2392/1322 2393/2432/1322 2394/2433/1322
f 2368/2395/1323 2394/2433/1323 2395/2434/1323
f 2397/2435/1324 2395/2434/1324 2396/2436/1324
f 2431/2437/1325 2396/2436/1325 2398/2438/1325
f 2399/2439/1326 2351/2368/1326 2400/2440/1326
f 2387/2420/1327 2353/2367/1327 2399/2439/1327
f 2400/2440/1328 2348/2365/1328 2401/2441/1328
f 2401/2441/1329 2403/2362/1329 2402/2442/1329
f 2402/2442/1330 2405/2443/1330 2404/2444/1330
f 2404/2444/1331 2324/2329/1331 2406/2316/1331
f 2405/2443/1332 2349/2364/1332 2329/2330/1332
f 2407/2320/1333 2410/2445/1333 2408/2446/1333
f 2410/2445/1334 2409/2447/1334 2408/2446/1334
f 2411/2448/1335 2412/2449/1335 2413/2450/1335
f 2323/2319/1336 2412/2449/1336 2410/2445/1336
f 2414/2451/1337 2413/2452/1337 2412/2453/1337
f 2327/2328/1338 2414/2451/1338 2412/2453/1338
f 2416/2327/1339 2337/2340/1339 2414/2451/1339
f 2415/2454/1340 2337/2340/1340 2417/2342/1340
f 2418/2455/1341 2417/2342/1341 2419/2456/1341
f 2415/2454/1342 2420/2457/1342 2413/2452/1342
f 2418/2455/1343 2422/2458/1343 2420/2457/1343
f 2421/2459/1344 2422/2460/1344 2423/2461/1344
f 2411/2448/1345 2420/2462/1345 2421/2459/1345
f 2423/2461/1346 2424/2463/1346 2425/2464/1346
f 2419/2456/1347 2424/2465/1347 2422/2458/1347
f 2425/2464/1348 2426/2466/1348 2432/2467/1348
f 2424/2465/1349 2428/2468/1349 2426/2469/1349
f 2419/2456/1350 2338/2341/1350 2427/2470/1350
f 2427/2470/1351 2340/2344/1351 2428/2468/1351
f 2428/2468/1352 2430/2471/1352 2426/2469/1352
f 2428/2468/1353 2342/2472/1353 2429/2473/1353
f 2342/2472/1354 2365/2386/1354 2429/2473/1354
f 2429/2473/1355 2369/2390/1355 2430/2471/1355
f 2432/2467/1356 2430/2474/1356 2431/2437/1356
f 2431/2437/1357 2369/2396/1357 2397/2435/1357
f 2432/2467/1358 2398/2438/1358 2433/2475/1358
f 2425/2464/1359 2433/2475/1359 2434/2476/1359
f 2423/2461/1360 2434/2476/1360 2435/2477/1360
f 2421/2459/1361 2435/2477/1361 2436/2478/1361
f 2411/2448/1362 2436/2478/1362 2409/2447/1362
f 2455/2479/1363 2478/2348/1363 2484/2480/1363
f 2495/2481/1364 2437/2482/1364 2489/2345/1364
f 2442/2483/1365 2462/2484/1365 2460/2485/1365
f 2441/2486/1366 2460/2485/1366 2458/2487/1366
f 2462/2488/1367 2440/2489/1367 2470/2490/1367
f 2470/2490/1368 2444/2491/1368 2466/2492/1368
f 2466/2492/1369 2439/2493/1369 2469/2494/1369
f 2469/2494/1370 2445/2495/1370 2467/2496/1370
f 2468/2497/1371 2445/2495/1371 2438/2498/1371
f 2456/2499/1372 2438/2498/1372 2437/2482/1372
f 2480/2425/1373 2452/2500/1373 2481/2501/1373
f 2461/2429/1374 2450/2502/1374 2459/2503/1374
f 2463/2504/1375 2449/2505/1375 2452/2506/1375
f 2453/2507/1376 2473/2508/1376 2464/2509/1376
f 2448/2510/1377 2464/2509/1377 2472/2511/1377
f 2454/2512/1378 2472/2511/1378 2465/2513/1378
f 2471/2514/1379 2454/2512/1379 2465/2513/1379
f 2457/2515/1380 2447/2516/1380 2471/2514/1380
f 2457/2515/1381 2342/2472/1381 2340/2344/1381
f 2471/2514/1382 2362/2384/1382 2342/2472/1382
f 2362/2384/1383 2472/2511/1383 2361/2387/1383
f 2361/2387/1384 2464/2509/1384 2363/2517/1384
f 2363/2517/1385 2473/2508/1385 2376/2404/1385
f 2376/2404/1386 2463/2504/1386 2374/2403/1386
f 2392/2401/1387 2459/2503/1387 2389/2431/1387
f 2343/2356/1388 2456/2499/1388 2335/2337/1388
f 2344/2374/1389 2468/2497/1389 2343/2356/1389
f 2344/2374/1390 2469/2494/1390 2467/2496/1390
f 2357/2376/1391 2466/2492/1391 2469/2494/1391
f 2358/2411/1392 2470/2490/1392 2466/2492/1392
f 2462/2488/1393 2379/2410/1393 2380/2412/1393
f 2458/2487/1394 2385/2417/1394 2388/2421/1394
f 2460/2485/1395 2380/2518/1395 2385/2417/1395
f 2488/2338/1396 2456/2499/1396 2495/2481/1396
f 2477/2343/1397 2455/2479/1397 2484/2480/1397
f 2451/2519/1398 2463/2430/1398 2452/2500/1398
f 2477/2343/1399 2457/2515/1399 2340/2344/1399
f 2391/2427/1400 2481/2501/1400 2378/2520/1400
f 2484/2480/1401 2446/2521/1401 2457/2515/1401
f 2451/2519/1402 2479/2426/1402 2450/2502/1402
f 2449/2505/1375 2481/2407/1375 2452/2506/1375
f 2482/2383/1403 2449/2505/1403 2453/2507/1403
f 2475/2381/1404 2453/2507/1404 2448/2510/1404
f 2483/2382/1405 2448/2510/1405 2454/2512/1405
f 2447/2516/1406 2483/2382/1406 2454/2512/1406
f 2446/2521/1407 2474/2349/1407 2447/2516/1407
f 2488/2338/1408 2455/2479/1408 2336/2339/1408
f 2455/2479/1409 2489/2345/1409 2339/2347/1409
f 2491/2423/1410 2443/2522/1410 2442/2483/1410
f 2490/2424/1411 2442/2483/1411 2441/2486/1411
f 2492/2409/1412 2440/2489/1412 2443/2523/1412
f 2440/2489/1413 2493/2352/1413 2444/2491/1413
f 2444/2491/1414 2486/2377/1414 2439/2493/1414
f 2439/2493/1415 2494/2379/1415 2445/2495/1415
f 2438/2498/1416 2494/2379/1416 2485/2524/1416
f 2437/2482/1417 2485/2524/1417 2489/2345/1417
f 2360/2350/1418 2508/2525/1418 2506/2526/1418
f 2359/2380/1419 2509/2351/1419 2507/2527/1419
f 2499/2353/1420 2514/2528/1420 2501/2529/1420
f 2498/2530/1421 2512/2354/1421 2341/2531/1421
f 2497/2378/1422 2498/2530/1422 2341/2531/1422
f 2497/2378/1423 2499/2353/1423 2494/2379/1423
f 2501/2529/1424 2505/2532/1424 2485/2524/1424
f 2500/2533/1425 2504/2534/1425 2513/2535/1425
f 2485/2524/1426 2510/2536/1426 2496/2346/1426
f 2498/2530/1427 2513/2535/1427 2516/2537/1427
f 2474/2349/1428 2498/2530/1428 2483/2382/1428
f 2485/2524/1429 2499/2353/1429 2501/2529/1429
f 2517/2538/1430 2511/2539/1430 2514/2540/1430
f 2515/2541/1431 2516/2542/1431 2513/2543/1431
f 2504/2544/1432 2510/2545/1432 2503/2546/1432
f 2510/2545/1433 2505/2547/1433 2503/2546/1433
f 2507/2548/1434 2509/2549/1434 2506/2550/1434
f 2508/2551/1435 2507/2548/1435 2506/2550/1435
f 2515/2541/1436 2502/2552/1436 2512/2553/1436
f 2502/2552/1437 2505/2547/1437 2514/2540/1437
f 2502/2552/1438 2504/2544/1438 2503/2546/1438
f 2502/2552/1439 2511/2539/1439 2512/2553/1439
f 2359/2380/1440 2508/2525/1440 2482/2383/1440
f 2474/2349/1441 2510/2536/1441 2504/2534/1441
f 2603/2554/1442 2518/2555/1442 2519/2556/1442
f 2519/2556/1443 2520/2557/1443 2604/2558/1443
f 2520/2557/1444 2522/2559/1444 2524/2560/1444
f 2518/2555/1445 2525/2561/1445 2522/2559/1445
f 2525/2562/1446 2523/2563/1446 2522/2564/1446
f 2522/2564/1447 2613/2565/1447 2524/2566/1447
f 2521/2567/1448 2526/2568/1448 2525/2561/1448
f 2526/2569/1449 2527/2570/1449 2525/2562/1449
f 2523/2563/1450 2528/2571/1450 2613/2565/1450
f 2527/2570/1451 2531/2572/1451 2528/2571/1451
f 2526/2569/1452 2530/2573/1452 2529/2574/1452
f 2529/2574/1453 2532/2575/1453 2531/2572/1453
f 2531/2572/1454 2685/2576/1454 2533/2577/1454
f 2531/2572/1455 2534/2578/1455 2528/2571/1455
f 2534/2578/1456 2535/2579/1456 2614/2580/1456
f 2535/2579/1457 2674/2581/1457 2537/2582/1457
f 2686/2583/1458 2693/2584/1458 2536/2585/1458
f 2675/2586/1459 2693/2584/1459 2671/2587/1459
f 2557/2588/1460 2706/2589/1460 2690/2590/1460
f 2696/2591/1461 2709/2592/1461 2714/2593/1461
f 2530/2573/1462 2540/2594/1462 2532/2575/1462
f 2543/2595/1463 2540/2594/1463 2542/2596/1463
f 2544/2597/1464 2530/2573/1464 2546/2598/1464
f 2547/2599/1465 2542/2596/1465 2544/2597/1465
f 2600/2600/1466 2544/2601/1466 2546/2602/1466
f 2545/2603/1467 2547/2604/1467 2544/2601/1467
f 2550/2605/1468 2547/2604/1468 2548/2606/1468
f 2549/2607/1469 2543/2595/1469 2547/2599/1469
f 2581/2608/1470 2549/2609/1470 2550/2605/1470
f 2551/2610/1471 2552/2611/1471 2549/2607/1471
f 2552/2611/1472 2541/2612/1472 2543/2595/1472
f 2553/2613/1473 2554/2614/1473 2552/2611/1473
f 2683/2615/1474 2694/2616/1474 2691/2617/1474
f 2683/2615/1475 2690/2590/1475 2556/2618/1475
f 2694/2616/1476 2672/2619/1476 2680/2620/1476
f 2672/2619/1477 2556/2618/1477 2679/2621/1477
f 2559/2622/1478 2561/2623/1478 2562/2624/1478
f 2558/2625/1479 2563/2626/1479 2561/2623/1479
f 2562/2624/1480 2564/2627/1480 2566/2628/1480
f 2561/2623/1481 2567/2629/1481 2564/2627/1481
f 2568/2630/1482 2564/2631/1482 2567/2632/1482
f 2565/2633/1483 2566/2634/1483 2564/2631/1483
f 2570/2635/1484 2567/2632/1484 2569/2636/1484
f 2567/2629/1485 2572/2637/1485 2569/2638/1485
f 2589/2639/1486 2569/2636/1486 2571/2640/1486
f 2572/2637/1487 2571/2641/1487 2569/2638/1487
f 2563/2626/1488 2573/2642/1488 2572/2637/1488
f 2557/2588/1489 2673/2643/1489 2679/2621/1489
f 2673/2643/1490 2575/2644/1490 2678/2645/1490
f 2684/2646/1491 2557/2588/1491 2690/2590/1491
f 2575/2644/1492 2684/2646/1492 2689/2647/1492
f 2553/2613/1493 2576/2648/1493 2555/2649/1493
f 2577/2650/1494 2578/2651/1494 2579/2652/1494
f 2551/2610/1495 2578/2651/1495 2553/2613/1495
f 2580/2653/1496 2551/2654/1496 2581/2608/1496
f 2582/2655/1497 2579/2656/1497 2580/2653/1497
f 2583/2657/1498 2581/2608/1498 2584/2658/1498
f 2585/2659/1499 2580/2653/1499 2583/2657/1499
f 2587/2660/1500 2688/2661/1500 2687/2662/1500
f 2677/2663/1501 2587/2660/1501 2676/2664/1501
f 2588/2665/1502 2689/2666/1502 2688/2661/1502
f 2658/2667/1503 2571/2640/1503 2660/2668/1503
f 2570/2635/1504 2586/2669/1504 2590/2670/1504
f 2568/2630/1505 2590/2670/1505 2591/2671/1505
f 2565/2633/1506 2591/2671/1506 2592/2672/1506
f 2594/2673/1507 2592/2672/1507 2593/2674/1507
f 2628/2675/1508 2593/2674/1508 2595/2676/1508
f 2596/2677/1509 2548/2606/1509 2597/2678/1509
f 2584/2658/1510 2550/2605/1510 2596/2677/1510
f 2597/2678/1511 2545/2603/1511 2598/2679/1511
f 2598/2679/1512 2600/2600/1512 2599/2680/1512
f 2599/2680/1513 2602/2681/1513 2601/2682/1513
f 2601/2682/1514 2521/2567/1514 2603/2554/1514
f 2602/2681/1515 2546/2602/1515 2526/2568/1515
f 2604/2558/1516 2607/2683/1516 2605/2684/1516
f 2607/2683/1517 2606/2685/1517 2605/2684/1517
f 2608/2686/1518 2609/2687/1518 2610/2688/1518
f 2520/2557/1519 2609/2687/1519 2607/2683/1519
f 2611/2689/1520 2610/2690/1520 2609/2691/1520
f 2524/2566/1521 2611/2689/1521 2609/2691/1521
f 2613/2565/1522 2534/2578/1522 2611/2689/1522
f 2612/2692/1523 2534/2578/1523 2614/2580/1523
f 2615/2693/1524 2614/2580/1524 2616/2694/1524
f 2612/2692/1525 2617/2695/1525 2610/2690/1525
f 2615/2693/1526 2619/2696/1526 2617/2695/1526
f 2618/2697/1527 2619/2698/1527 2620/2699/1527
f 2608/2686/1528 2617/2700/1528 2618/2697/1528
f 2620/2699/1529 2621/2701/1529 2622/2702/1529
f 2616/2694/1530 2621/2703/1530 2619/2696/1530
f 2622/2702/1531 2623/2704/1531 2629/2705/1531
f 2621/2703/1532 2625/2706/1532 2623/2707/1532
f 2616/2694/1533 2535/2579/1533 2624/2708/1533
f 2624/2708/1534 2537/2582/1534 2625/2706/1534
f 2625/2706/1535 2627/2709/1535 2623/2707/1535
f 2625/2706/1536 2539/2710/1536 2626/2711/1536
f 2539/2710/1537 2562/2624/1537 2626/2711/1537
f 2626/2711/1538 2566/2628/1538 2627/2709/1538
f 2629/2705/1539 2627/2712/1539 2628/2675/1539
f 2628/2675/1540 2566/2634/1540 2594/2673/1540
f 2629/2705/1541 2595/2676/1541 2630/2713/1541
f 2622/2702/1542 2630/2713/1542 2631/2714/1542
f 2620/2699/1543 2631/2714/1543 2632/2715/1543
f 2618/2697/1544 2632/2715/1544 2633/2716/1544
f 2608/2686/1545 2633/2716/1545 2606/2685/1545
f 2652/2717/1546 2675/2586/1546 2681/2718/1546
f 2692/2719/1547 2634/2720/1547 2686/2583/1547
f 2639/2721/1548 2659/2722/1548 2657/2723/1548
f 2638/2724/1549 2657/2723/1549 2655/2725/1549
f 2659/2726/1550 2637/2727/1550 2667/2728/1550
f 2667/2728/1551 2641/2729/1551 2663/2730/1551
f 2663/2730/1552 2636/2731/1552 2666/2732/1552
f 2666/2732/1553 2642/2733/1553 2664/2734/1553
f 2665/2735/1554 2642/2733/1554 2635/2736/1554
f 2653/2737/1555 2635/2736/1555 2634/2720/1555
f 2677/2663/1556 2649/2738/1556 2678/2739/1556
f 2658/2667/1557 2647/2740/1557 2656/2741/1557
f 2660/2742/1558 2646/2743/1558 2649/2744/1558
f 2650/2745/1559 2670/2746/1559 2661/2747/1559
f 2645/2748/1560 2661/2747/1560 2669/2749/1560
f 2651/2750/1561 2669/2749/1561 2662/2751/1561
f 2668/2752/1562 2651/2750/1562 2662/2751/1562
f 2654/2753/1563 2644/2754/1563 2668/2752/1563
f 2654/2753/1564 2539/2710/1564 2537/2582/1564
f 2668/2752/1565 2559/2622/1565 2539/2710/1565
f 2559/2622/1566 2669/2749/1566 2558/2625/1566
f 2558/2625/1567 2661/2747/1567 2560/2755/1567
f 2560/2755/1568 2670/2746/1568 2573/2642/1568
f 2573/2642/1569 2660/2742/1569 2571/2641/1569
f 2589/2639/1570 2656/2741/1570 2586/2669/1570
f 2540/2594/1571 2653/2737/1571 2532/2575/1571
f 2541/2612/1572 2665/2735/1572 2540/2594/1572
f 2541/2612/1573 2666/2732/1573 2664/2734/1573
f 2554/2614/1574 2663/2730/1574 2666/2732/1574
f 2555/2649/1575 2667/2728/1575 2663/2730/1575
f 2659/2726/1576 2576/2648/1576 2577/2650/1576
f 2655/2725/1577 2582/2655/1577 2585/2659/1577
f 2657/2723/1578 2577/2756/1578 2582/2655/1578
f 2685/2576/1579 2653/2737/1579 2692/2719/1579
f 2674/2581/1580 2652/2717/1580 2681/2718/1580
f 2648/2757/1581 2660/2668/1581 2649/2738/1581
f 2674/2581/1582 2654/2753/1582 2537/2582/1582
f 2588/2665/1583 2678/2739/1583 2575/2758/1583
f 2681/2718/1584 2643/2759/1584 2654/2753/1584
f 2648/2757/1585 2676/2664/1585 2647/2740/1585
f 2646/2743/1558 2678/2645/1558 2649/2744/1558
f 2679/2621/1586 2646/2743/1586 2650/2745/1586
f 2672/2619/1587 2650/2745/1587 2645/2748/1587
f 2680/2620/1588 2645/2748/1588 2651/2750/1588
f 2644/2754/1589 2680/2620/1589 2651/2750/1589
f 2643/2759/1590 2671/2587/1590 2644/2754/1590
f 2685/2576/1591 2652/2717/1591 2533/2577/1591
f 2652/2717/1592 2686/2583/1592 2536/2585/1592
f 2688/2661/1593 2640/2760/1593 2639/2721/1593
f 2687/2662/1594 2639/2721/1594 2638/2724/1594
f 2689/2647/1595 2637/2727/1595 2640/2761/1595
f 2637/2727/1596 2690/2590/1596 2641/2729/1596
f 2641/2729/1597 2683/2615/1597 2636/2731/1597
f 2636/2731/1598 2691/2617/1598 2642/2733/1598
f 2635/2736/1599 2691/2617/1599 2682/2762/1599
f 2634/2720/1600 2682/2762/1600 2686/2583/1600
f 2557/2588/1601 2705/2763/1601 2703/2764/1601
f 2556/2618/1602 2706/2589/1602 2704/2765/1602
f 2696/2591/1603 2711/2766/1603 2698/2767/1603
f 2695/2768/1604 2709/2592/1604 2538/2769/1604
f 2694/2616/1605 2695/2768/1605 2538/2769/1605
f 2694/2616/1606 2696/2591/1606 2691/2617/1606
f 2698/2767/1607 2702/2770/1607 2682/2762/1607
f 2697/2771/1608 2701/2772/1608 2710/2773/1608
f 2682/2762/1609 2707/2774/1609 2693/2584/1609
f 2695/2768/1610 2710/2773/1610 2713/2775/1610
f 2671/2587/1611 2695/2768/1611 2680/2620/1611
f 2682/2762/1612 2696/2591/1612 2698/2767/1612
f 2714/2776/1613 2708/2777/1613 2711/2778/1613
f 2712/2779/1614 2713/2780/1614 2710/2781/1614
f 2701/2782/1615 2707/2783/1615 2700/2784/1615
f 2707/2783/1616 2702/2785/1616 2700/2784/1616
f 2704/2786/1617 2706/2787/1617 2703/2788/1617
f 2705/2789/1618 2704/2786/1618 2703/2788/1618
f 2712/2779/1619 2699/2790/1619 2709/2791/1619
f 2699/2790/1620 2702/2785/1620 2711/2778/1620
f 2699/2790/1621 2701/2792/1621 2700/2784/1621
f 2699/2790/1622 2708/2777/1622 2709/2791/1622
f 2556/2618/1623 2705/2763/1623 2679/2621/1623
f 2671/2587/1624 2707/2774/1624 2701/2772/1624
f 2586/2793/1625 2386/2794/1625 2590/2795/1625
f 2656/2796/1626 2388/2797/1626 2586/2793/1626
f 2647/2798/1627 2458/2799/1627 2656/2796/1627
f 2676/2800/1628 2441/2801/1628 2647/2798/1628
f 2587/2802/1629 2490/2803/1629 2676/2800/1629
f 2687/2804/1630 2390/2805/1630 2587/2802/1630
f 2638/2806/1631 2479/2807/1631 2687/2804/1631
f 2655/2808/1632 2450/2809/1632 2638/2806/1632
f 2585/2810/1633 2459/2811/1633 2655/2808/1633
f 2583/2812/1634 2389/2813/1634 2585/2810/1634
f 2584/2814/1635 2393/2815/1635 2583/2812/1635
f 2596/2816/1636 2394/2817/1636 2584/2814/1636
f 2597/2818/1637 2395/2819/1637 2596/2816/1637
f 2598/2820/1638 2396/2821/1638 2597/2818/1638
f 2599/2822/1639 2398/2823/1639 2598/2820/1639
f 2601/2824/1640 2433/2825/1640 2599/2822/1640
f 2603/2826/1641 2434/2827/1641 2601/2824/1641
f 2519/2828/1642 2435/2829/1642 2603/2826/1642
f 2604/2830/1643 2436/2831/1643 2519/2828/1643
f 2605/2832/1644 2409/2833/1644 2604/2830/1644
f 2606/2834/1645 2408/2835/1645 2605/2832/1645
f 2633/2836/1646 2407/2837/1646 2606/2834/1646
f 2632/2838/1647 2322/2839/1647 2633/2836/1647
f 2631/2840/1648 2406/2841/1648 2632/2838/1648
f 2630/2842/1649 2404/2843/1649 2631/2840/1649
f 2595/2844/1650 2402/2845/1650 2630/2842/1650
f 2593/2846/1651 2401/2847/1651 2595/2844/1651
f 2592/2848/1652 2400/2849/1652 2593/2846/1652
f 2591/2850/1653 2399/2851/1653 2592/2848/1653
f 2590/2795/1654 2387/2852/1654 2591/2850/1654
f 2701/2853/714 2715/2854/714 2700/2855/714
f 2717/2856/1655 2718/2857/1655 2719/2858/1655
f 2717/2859/1656 2721/2860/1656 2718/2861/1656
f 2717/2862/1657 2719/2863/1657 2720/2864/1657
f 2717/2865/1658 2720/2866/1658 2722/2867/1658
f 2721/2868/1659 2717/2869/1659 2722/2870/1659
f 2725/2871/1660 2722/2870/1660 2723/2872/1660
f 2722/2867/1661 2724/2873/1661 2723/2872/1661
f 2722/2867/1662 2720/2866/1662 2724/2873/1662
f 2725/2871/1663 2721/2868/1663 2722/2870/1663
f 2726/2874/1664 2725/2871/1664 2727/2875/1664
f 2726/2874/1665 2721/2868/1665 2725/2871/1665
f 2725/2871/1666 2723/2872/1666 2728/2876/1666
f 2727/2875/1667 2725/2871/1667 2728/2876/1667
f 2727/2875/1668 2728/2876/1668 2729/2877/1668
f 2728/2876/1669 2730/2878/1669 2729/2877/1669
f 2723/2872/1670 2731/2879/1670 2728/2876/1670
f 2728/2876/1671 2731/2879/1671 2730/2878/1671
f 2723/2872/1672 2724/2873/1672 2731/2879/1672
f 2731/2879/1673 2733/2880/1673 2732/2881/1673
f 2731/2879/1674 2732/2881/1674 2730/2878/1674
f 2731/2879/1675 2724/2873/1675 2733/2880/1675
f 2733/2880/1676 2735/2882/1676 2732/2881/1676
f 2724/2873/1677 2734/2883/1677 2733/2880/1677
f 2734/2883/1678 2736/2884/1678 2733/2880/1678
f 2733/2880/1679 2736/2884/1679 2735/2882/1679
f 2734/2883/1680 2739/2885/1680 2736/2884/1680
f 2736/2884/1681 2738/2886/1681 2737/2887/1681
f 2736/2884/1682 2737/2887/1682 2735/2882/1682
f 2736/2884/1683 2739/2885/1683 2738/2886/1683
f 2720/2864/1684 2739/2885/1684 2734/2883/1684
f 2719/2863/1685 2740/2888/1685 2739/2885/1685
f 2739/2885/1686 2740/2888/1686 2738/2886/1686
f 2720/2864/1687 2719/2863/1687 2739/2885/1687
f 2719/2858/1688 2741/2889/1688 2740/2888/1688
f 2740/2888/1689 2741/2889/1689 2742/2890/1689
f 2740/2888/1690 2742/2890/1690 2738/2886/1690
f 2742/2890/1691 2745/2891/1691 2743/2892/1691
f 2742/2890/1692 2743/2892/1692 2744/2893/1692
f 2738/2886/1693 2742/2890/1693 2744/2893/1693
f 2742/2890/1694 2741/2889/1694 2745/2891/1694
f 2745/2894/1695 2747/2895/1695 2743/2896/1695
f 2741/2889/1696 2746/2897/1696 2745/2891/1696
f 2746/2898/1697 2748/2899/1697 2745/2894/1697
f 2745/2894/1698 2748/2899/1698 2747/2895/1698
f 2746/2898/1699 2751/2900/1699 2748/2899/1699
f 2748/2899/1700 2750/2901/1700 2749/2902/1700
f 2748/2899/1701 2749/2902/1701 2747/2895/1701
f 2748/2899/1702 2751/2900/1702 2750/2901/1702
f 2718/2861/1703 2751/2900/1703 2746/2898/1703
f 2721/2860/1704 2726/2874/1704 2751/2900/1704
f 2751/2900/1705 2726/2874/1705 2750/2901/1705
f 2718/2861/1706 2721/2860/1706 2751/2900/1706
f 2750/2901/1707 2752/2903/1707 2749/2902/1707
f 2726/2874/1708 2727/2875/1708 2750/2901/1708
f 2750/2901/1709 2727/2875/1709 2752/2903/1709
f 2749/2902/1710 2752/2903/1710 2753/2904/1710
f 2727/2875/1711 2729/2877/1711 2752/2903/1711
f 2752/2903/1712 2729/2877/1712 2754/2905/1712
f 2753/2904/1713 2752/2903/1713 2754/2905/1713
f 2753/2904/1714 2754/2905/1714 2755/2906/1714
f 2754/2907/1715 2756/2908/1715 2755/2909/1715
f 2729/2877/1716 2730/2878/1716 2754/2907/1716
f 2754/2907/1717 2730/2878/1717 2756/2908/1717
f 2730/2878/1718 2732/2881/1718 2756/2908/1718
f 2732/2881/1719 2735/2882/1719 2756/2910/1719
f 2756/2910/1720 2757/2911/1720 2755/2912/1720
f 2756/2910/1721 2735/2882/1721 2757/2911/1721
f 2735/2882/1722 2737/2887/1722 2757/2911/1722
f 2737/2887/1723 2744/2893/1723 2757/2913/1723
f 2757/2913/1724 2758/2914/1724 2755/2915/1724
f 2757/2913/1725 2744/2893/1725 2758/2914/1725
f 2744/2893/1726 2743/2892/1726 2758/2914/1726
f 2743/2896/1727 2747/2895/1727 2758/2916/1727
f 2758/2916/1728 2753/2917/1728 2755/2918/1728
f 2758/2916/1729 2747/2895/1729 2753/2917/1729
f 2747/2895/1730 2749/2902/1730 2753/2917/1730
f 2718/2857/1731 2746/2897/1731 2741/2889/1731
f 2738/2886/1732 2744/2893/1732 2737/2887/1732
f 2719/2858/1733 2718/2857/1733 2741/2889/1733
f 2720/2866/1734 2734/2883/1734 2724/2873/1734
f 2759/2919/1735 2764/2920/1735 2760/2921/1735
f 2866/2922/1736 2865/2923/1736 3109/2924/1736
f 2761/2925/1737 2762/2926/1737 2759/2927/1737
f 2762/2926/1736 2767/2928/1736 2765/2926/1736
f 2762/2929/1736 2768/2920/1736 2764/2920/1736
f 2765/2929/1735 2769/2930/1735 2768/2920/1735
f 2767/2928/1737 2766/2931/1737 2765/2926/1737
f 2764/2920/1736 2770/2932/1736 2771/2932/1736
f 2768/2920/1738 2772/2933/1738 2770/2932/1738
f 2771/2932/1736 2773/2934/1736 2774/2935/1736
f 2770/2932/1739 2775/2936/1739 2773/2934/1739
f 2774/2935/1736 2776/2937/1736 2779/2938/1736
f 2773/2934/1740 2777/2939/1740 2776/2937/1740
f 2776/2937/1741 2949/2940/1741 2778/2941/1741
f 2779/2938/1736 2778/2941/1736 2781/2942/1736
f 3109/2943/1740 2779/2938/1740 2780/2944/1740
f 2780/2944/1741 2781/2942/1741 2782/2945/1741
f 2782/2945/1742 2783/2946/1742 2784/2947/1742
f 2781/2942/1736 2785/2946/1736 2783/2946/1736
f 2784/2947/1743 2786/2948/1743 2787/2949/1743
f 2783/2946/1736 2788/2950/1736 2786/2948/1736
f 2787/2949/1744 2789/2951/1744 2790/2952/1744
f 2786/2948/1736 2791/2951/1736 2789/2951/1736
f 2789/2951/1745 2793/2953/1745 2790/2952/1745
f 2792/2954/1736 2791/2951/1736 2795/2954/1736
f 2792/2954/1746 3108/2955/1746 2793/2953/1746
f 2794/2956/1736 2795/2954/1736 2797/2957/1736
f 2950/2958/1745 2795/2954/1745 2791/2951/1745
f 2796/2959/1747 2797/2957/1747 2795/2954/1747
f 2798/2960/1748 2799/2961/1748 2797/2957/1748
f 2802/2961/1736 2797/2957/1736 2799/2961/1736
f 2800/2962/1749 2801/2963/1749 2799/2961/1749
f 2804/2963/1736 2799/2961/1736 2801/2963/1736
f 2794/2956/1750 2803/2964/1750 3108/2955/1750
f 2802/2961/1749 2805/2965/1749 2803/2964/1749
f 2804/2963/1751 2807/2966/1751 2805/2965/1751
f 2806/2967/1736 2801/2963/1736 2808/2968/1736
f 2806/2967/1752 2810/2969/1752 2807/2966/1752
f 2809/2970/1736 2808/2968/1736 2812/2970/1736
f 2809/2970/1753 3107/2971/1753 2810/2969/1753
f 2811/2972/1736 2812/2970/1736 2814/2972/1736
f 3103/2973/1752 2812/2970/1752 2808/2968/1752
f 2813/2974/1753 2814/2972/1753 2812/2970/1753
f 2815/2975/1754 2816/2976/1754 2814/2972/1754
f 2819/2976/1736 2814/2972/1736 2816/2976/1736
f 2817/2977/1755 2818/2978/1755 2816/2976/1755
f 2819/2976/1736 2818/2978/1736 2821/2979/1736
f 2811/2972/1756 2820/2980/1756 3107/2971/1756
f 2819/2976/1755 2822/2981/1755 2820/2980/1755
f 2821/2979/1757 2824/2982/1757 2822/2981/1757
f 2821/2979/1736 2825/2983/1736 2823/2984/1736
f 2823/2984/1758 2827/2985/1758 2824/2982/1758
f 2823/2984/1736 2829/2986/1736 2826/2987/1736
f 2826/2987/1759 3106/2988/1759 2827/2985/1759
f 2826/2987/1736 2831/2989/1736 2828/2990/1736
f 3105/2991/1758 2829/2986/1758 2825/2983/1758
f 2830/2992/1759 2831/2989/1759 2829/2986/1759
f 2832/2993/1760 2833/2994/1760 2831/2989/1760
f 2828/2990/1761 2833/2994/1761 2836/2995/1761
f 2834/2996/1762 2835/2997/1762 2833/2994/1762
f 2836/2995/1736 2835/2997/1736 2838/2997/1736
f 2828/2990/1760 2837/2998/1760 3106/2988/1760
f 2836/2995/1763 2839/2999/1763 2837/2998/1763
f 2838/2997/1764 2841/3000/1764 2839/2999/1764
f 2838/2997/1736 2842/3001/1736 2840/3002/1736
f 2840/3002/1765 2844/3003/1765 2841/3000/1765
f 2840/3002/1736 2845/3004/1736 2843/3004/1736
f 2844/3003/1766 2846/3005/1766 2847/3006/1766
f 2846/3005/1736 2845/3004/1736 2849/3005/1736
f 2847/3006/1767 2848/3007/1767 2869/3008/1767
f 2848/3007/1761 2849/3005/1761 2851/3007/1761
f 2845/3004/1766 2850/3009/1766 2849/3005/1766
f 2849/3005/1767 2852/3010/1767 2851/3007/1767
f 2851/3007/1768 2855/3011/1768 2853/3012/1768
f 2854/3012/1736 2851/3007/1736 2853/3012/1736
f 2857/3013/1736 2853/3012/1736 2856/3013/1736
f 2853/3012/1769 2858/3014/1769 2856/3013/1769
f 2860/3015/1736 2856/3013/1736 2859/3015/1736
f 2856/3013/1770 2861/3016/1770 2859/3015/1770
f 2864/3017/1736 2859/3015/1736 2862/3017/1736
f 2859/3015/1771 2863/3018/1771 2862/3017/1771
f 2862/3017/1772 2870/3019/1772 2767/2928/1772
f 2763/2928/1736 2862/3017/1736 2767/2928/1736
f 2866/3020/1771 2864/3017/1771 2865/3021/1771
f 2865/3021/1772 2763/2928/1772 2761/2925/1772
f 2867/3022/1770 2860/3015/1770 2866/3020/1770
f 2868/3023/1769 2857/3013/1769 2867/3022/1769
f 2869/3008/1768 2854/3012/1768 2868/3023/1768
f 2872/3024/1773 2863/3018/1773 2871/3025/1773
f 2871/3025/1773 2861/3016/1773 2873/3016/1773
f 2872/3024/1736 2874/3018/1736 2876/3019/1736
f 2871/3025/1736 2877/3026/1736 2874/3018/1736
f 2877/3026/1774 2875/3027/1774 2874/3018/1774
f 2874/3018/1772 2966/3028/1772 2876/3019/1772
f 2873/3016/1736 2879/3014/1736 2877/3026/1736
f 2879/3014/1770 2878/3029/1770 2877/3026/1770
f 2880/3030/1736 2882/3011/1736 2879/3014/1736
f 2882/3011/1769 2881/3031/1769 2879/3014/1769
f 2883/3032/1736 2885/3010/1736 2882/3011/1736
f 2885/3010/1768 2884/3033/1768 2882/3011/1768
f 2887/3009/1775 2886/3034/1775 2885/3010/1775
f 2888/3010/1736 2887/3009/1736 2885/3010/1736
f 2883/3032/1773 2852/3010/1773 2888/3010/1773
f 2888/3010/1773 2850/3009/1773 2889/3009/1773
f 2889/3009/1773 2892/3035/1773 2890/3036/1773
f 2889/3009/1736 2891/3035/1736 2887/3009/1736
f 2893/3037/1736 2891/3035/1736 2890/3036/1736
f 2893/3037/1776 2892/3035/1776 2894/3037/1776
f 2896/3038/1773 2894/3037/1773 2898/3038/1773
f 2896/3038/1736 2895/3037/1736 2893/3037/1736
f 2899/2996/1736 2897/3038/1736 2896/3038/1736
f 2899/2996/1773 2898/3038/1773 2834/2996/1773
f 2900/2993/1773 2834/2996/1773 2832/2993/1773
f 2900/2993/1736 2901/3039/1736 2899/2996/1736
f 2904/3040/1760 2901/3039/1760 2903/3041/1760
f 2902/3042/1762 2897/3038/1762 2901/3039/1762
f 2907/3043/1759 2903/3041/1759 2905/2992/1759
f 2906/3044/1736 2903/3041/1736 2900/2993/1736
f 2909/2991/1736 2905/2992/1736 2906/3044/1736
f 2910/3045/1758 2905/2992/1758 2908/3046/1758
f 2912/3047/1736 2908/3046/1736 2909/2991/1736
f 2913/3048/1757 2908/3046/1757 2911/3047/1757
f 2917/2977/1736 2911/3047/1736 2912/3047/1736
f 2915/3049/1777 2911/3047/1777 2914/2977/1777
f 3003/3050/1754 2914/2977/1754 2916/2975/1754
f 2917/2977/1736 2916/2975/1736 2914/2977/1736
f 2917/2977/1773 3104/3047/1773 2817/2977/1773
f 2917/2977/1773 2815/2975/1773 2918/2975/1773
f 2918/2975/1773 2813/2974/1773 2919/2974/1773
f 2918/2975/1736 2921/2974/1736 2916/2975/1736
f 2919/2974/1773 3103/2973/1773 2920/2973/1773
f 2919/2974/1736 2923/2973/1736 2921/2974/1736
f 2924/3051/1752 2921/2974/1752 2923/2973/1752
f 2922/3052/1753 2916/2975/1753 2921/2974/1753
f 2920/2973/1736 2925/3053/1736 2923/2973/1736
f 2927/3054/1751 2923/2973/1751 2925/3053/1751
f 2926/3053/1736 2928/2962/1736 2925/3053/1736
f 2929/3055/1749 2925/3053/1749 2928/2962/1749
f 2992/3056/1748 2928/2962/1748 2930/2960/1748
f 2931/2962/1736 2930/2960/1736 2928/2962/1736
f 2926/3053/1773 2800/2962/1773 2931/2962/1773
f 2931/2962/1773 2798/2960/1773 2932/2960/1773
f 2932/2960/1773 2796/2959/1773 2933/2959/1773
f 2932/2960/1736 2935/2959/1736 2930/2960/1736
f 2933/2959/1773 2950/2958/1773 2934/2958/1773
f 2933/2959/1736 2937/2958/1736 2935/2959/1736
f 2938/3057/1745 2935/2959/1745 2937/2958/1745
f 2936/3058/1746 2930/2960/1746 2935/2959/1746
f 2940/3059/1736 2937/2958/1736 2934/2958/1736
f 2939/3059/1744 2938/3057/1744 2937/2958/1744
f 2945/3060/1736 2939/3059/1736 2940/3059/1736
f 2942/3060/1778 2941/3061/1778 2939/3059/1778
f 2944/2940/1742 2943/3062/1742 2942/3060/1742
f 2946/3063/1736 2942/3060/1736 2945/3060/1736
f 2945/3060/1776 2948/3059/1776 2947/3060/1776
f 2946/3063/1773 2947/3060/1773 2949/2940/1773
f 2778/2941/1742 2947/3060/1742 2785/2946/1742
f 2785/2946/1743 2948/3059/1743 2788/2950/1743
f 2951/3064/1773 2949/2940/1773 2777/2939/1773
f 2940/3059/1779 2950/2958/1779 2948/3059/1779
f 2788/2950/1744 2950/2958/1744 2791/2951/1744
f 2951/3064/1736 2944/2940/1736 2946/3063/1736
f 2952/2936/1773 2777/2939/1773 2775/2936/1773
f 2952/2936/1736 2953/2939/1736 2951/3064/1736
f 2955/2936/1740 2954/3065/1740 2953/2939/1740
f 2953/2939/1741 2981/3066/1741 2944/2940/1741
f 2958/2933/1736 2955/2936/1736 2952/2936/1736
f 2957/2933/1780 2956/3067/1780 2955/2936/1780
f 2961/2930/1736 2957/2933/1736 2958/2933/1736
f 2960/2930/1738 2959/3068/1738 2957/2933/1738
f 2965/3069/1736 2960/2930/1736 2961/2930/1736
f 2963/3069/1735 2962/3070/1735 2960/2930/1735
f 2876/3019/1737 2964/3071/1737 2963/2931/1737
f 2965/2931/1736 2876/3019/1736 2963/2931/1736
f 2965/2931/1773 2870/3019/1773 2872/3024/1773
f 2965/3069/1773 2769/2930/1773 2766/3069/1773
f 2967/3071/1781 2966/3028/1781 2969/3072/1781
f 2967/3073/1782 2962/3070/1782 2964/3073/1782
f 2967/3073/1783 2971/3074/1783 2970/3075/1783
f 2969/3072/1784 2968/3076/1784 2967/3071/1784
f 2970/3075/1738 2973/3077/1738 2972/3068/1738
f 2970/3075/1785 2959/3068/1785 2962/3070/1785
f 2972/3068/1739 2975/3078/1739 2974/3079/1739
f 2972/3068/1786 2956/3067/1786 2959/3068/1786
f 2974/3079/1740 2977/3080/1740 2976/3065/1740
f 2974/3079/1787 2954/3065/1787 2956/3067/1787
f 2976/3065/1741 2979/3081/1741 2978/3066/1741
f 2976/3065/1788 2981/3066/1788 2954/3065/1788
f 2978/3066/1789 2982/3082/1789 2980/3062/1789
f 2978/3066/1790 2943/3062/1790 2981/3066/1790
f 2980/3062/1743 2984/3083/1743 2983/3061/1743
f 2980/3062/1791 2941/3061/1791 2943/3062/1791
f 2983/3061/1744 2986/3084/1744 2985/3057/1744
f 2983/3061/1792 2938/3057/1792 2941/3061/1792
f 2986/3084/1745 2987/3058/1745 2985/3057/1745
f 2987/3058/1793 2938/3057/1793 2985/3057/1793
f 2988/3085/1746 2989/3056/1746 2987/3058/1746
f 2989/3056/1794 2936/3058/1794 2987/3058/1794
f 2990/3086/1750 2991/3055/1750 2989/3056/1750
f 2991/3055/1795 2992/3056/1795 2989/3056/1795
f 2993/3087/1749 2994/3054/1749 2991/3055/1749
f 2994/3054/1796 2929/3055/1796 2991/3055/1796
f 2996/3051/1797 2927/3054/1797 2994/3054/1797
f 2995/3088/1751 2996/3051/1751 2994/3054/1751
f 2997/3089/1752 2998/3052/1752 2996/3051/1752
f 2998/3052/1798 2924/3051/1798 2996/3051/1798
f 2999/3090/1753 3000/3050/1753 2998/3052/1753
f 3000/3050/1799 2922/3052/1799 2998/3052/1799
f 3001/3091/1756 3002/3049/1756 3000/3050/1756
f 3002/3049/1800 3003/3050/1800 3000/3050/1800
f 3004/3092/1755 3005/3048/1755 3002/3049/1755
f 3002/3049/1801 2913/3048/1801 2915/3049/1801
f 3005/3048/1802 2910/3045/1802 2913/3048/1802
f 3006/3093/1757 3007/3094/1757 3005/3048/1757
f 3008/3095/1758 3009/3043/1758 3007/3094/1758
f 3007/3094/1803 2907/3043/1803 2910/3045/1803
f 3010/3096/1759 3011/3040/1759 3009/3043/1759
f 3009/3043/1804 2904/3040/1804 2907/3043/1804
f 3012/3097/1760 3013/3042/1760 3011/3040/1760
f 3011/3040/1805 2902/3042/1805 2904/3040/1805
f 3014/3098/1762 3015/3099/1762 3013/3042/1762
f 3013/3042/1806 3016/3099/1806 2902/3042/1806
f 3015/3099/1807 3019/3100/1807 3016/3099/1807
f 3017/3101/1764 3018/3102/1764 3015/3099/1764
f 3018/3102/1808 3022/3103/1808 3019/3100/1808
f 3020/3104/1765 3021/3103/1765 3018/3102/1765
f 3024/3105/1809 3022/3103/1809 3021/3103/1809
f 3021/3103/1766 3025/3106/1766 3024/3105/1766
f 3024/3105/1767 3028/3107/1767 3026/3034/1767
f 3026/3034/1810 3027/3108/1810 3024/3105/1810
f 2891/3035/1766 3027/3108/1766 2887/3009/1766
f 3026/3034/1811 3030/3109/1811 3029/3033/1811
f 3029/3033/1812 2886/3034/1812 3026/3034/1812
f 3029/3033/1769 3032/3110/1769 3031/3111/1769
f 3031/3111/1813 2884/3033/1813 3029/3033/1813
f 3033/3112/1814 2881/3031/1814 3031/3111/1814
f 3031/3111/1770 3034/3113/1770 3033/3112/1770
f 3035/3114/1815 2878/3029/1815 3033/3112/1815
f 3033/3112/1771 3036/3115/1771 3035/3114/1771
f 3035/3114/1772 3038/3116/1772 2969/3072/1772
f 2969/3072/1816 2875/3027/1816 3035/3114/1816
f 3034/3113/1817 3037/3117/1817 3036/3115/1817
f 3036/3115/1818 3039/3118/1818 3038/3116/1818
f 3038/3116/1819 3041/3119/1819 2968/3076/1819
f 3039/3118/1737 3042/3120/1737 3041/3119/1737
f 3037/3117/1772 3040/3121/1772 3039/3118/1772
f 3041/3122/1735 3044/3123/1735 3043/3124/1735
f 3041/3122/1820 2971/3074/1820 2968/3125/1820
f 3043/3124/1738 3046/3126/1738 3045/3127/1738
f 3043/3124/1821 2973/3077/1821 2971/3074/1821
f 3045/3127/1739 3048/3128/1739 3047/3129/1739
f 3045/3127/1822 2975/3078/1822 2973/3077/1822
f 3047/3129/1740 3050/3130/1740 3049/3131/1740
f 3047/3129/1823 2977/3080/1823 2975/3078/1823
f 3049/3131/1741 3052/3132/1741 3051/3133/1741
f 3049/3131/1824 2979/3081/1824 2977/3080/1824
f 3051/3133/1789 3054/3134/1789 3053/3135/1789
f 3051/3133/1825 2982/3082/1825 2979/3081/1825
f 3053/3135/1743 3056/3136/1743 3055/3137/1743
f 3053/3135/1826 2984/3083/1826 2982/3082/1826
f 3055/3137/1744 3058/3138/1744 3057/3139/1744
f 3055/3137/1827 2986/3084/1827 2984/3083/1827
f 3058/3138/1745 3059/3140/1745 3057/3139/1745
f 2986/3084/1828 3059/3140/1828 2988/3085/1828
f 3060/3141/1746 3061/3142/1746 3059/3140/1746
f 2988/3085/1829 3061/3142/1829 2990/3086/1829
f 3062/3143/1750 3063/3144/1750 3061/3142/1750
f 2990/3086/1830 3063/3144/1830 2993/3087/1830
f 3064/3145/1749 3065/3146/1749 3063/3144/1749
f 2993/3087/1831 3065/3146/1831 2995/3088/1831
f 3066/3147/1751 3067/3148/1751 3065/3146/1751
f 2995/3088/1832 3067/3148/1832 2997/3089/1832
f 3068/3149/1752 3069/3150/1752 3067/3148/1752
f 2997/3089/1833 3069/3150/1833 2999/3090/1833
f 3070/3151/1753 3071/3152/1753 3069/3150/1753
f 2999/3090/1834 3071/3152/1834 3001/3091/1834
f 3072/3153/1756 3073/3154/1756 3071/3152/1756
f 3001/3091/1835 3073/3154/1835 3004/3092/1835
f 3074/3155/1777 3075/3156/1777 3073/3154/1777
f 3073/3154/1836 3006/3093/1836 3004/3092/1836
f 3076/3157/1757 3077/3158/1757 3075/3156/1757
f 3075/3156/1837 3008/3095/1837 3006/3093/1837
f 3078/3159/1758 3079/3160/1758 3077/3158/1758
f 3077/3158/1838 3010/3096/1838 3008/3095/1838
f 3080/3161/1759 3081/3162/1759 3079/3160/1759
f 3079/3160/1839 3012/3097/1839 3010/3096/1839
f 3082/3163/1760 3083/3164/1760 3081/3162/1760
f 3081/3162/1840 3014/3098/1840 3012/3097/1840
f 3084/3165/1763 3085/3166/1763 3083/3164/1763
f 3083/3164/1841 3017/3101/1841 3014/3098/1841
f 3086/3167/1764 3087/3168/1764 3085/3166/1764
f 3085/3166/1842 3020/3104/1842 3017/3101/1842
f 3088/3169/1765 3089/3170/1765 3087/3168/1765
f 3087/3168/1843 3023/3171/1843 3020/3104/1843
f 3089/3170/1766 3092/3172/1766 3091/3173/1766
f 3023/3171/1844 3091/3173/1844 3025/3106/1844
f 3091/3173/1767 3094/3174/1767 3093/3175/1767
f 3025/3106/1845 3093/3175/1845 3028/3107/1845
f 3093/3175/1768 3096/3176/1768 3095/3177/1768
f 3028/3107/1846 3095/3177/1846 3030/3109/1846
f 3095/3177/1769 3098/3178/1769 3097/3179/1769
f 3030/3109/1847 3097/3179/1847 3032/3110/1847
f 3097/3179/1770 3100/3180/1770 3099/3181/1770
f 3032/3110/1848 3099/3181/1848 3034/3113/1848
f 3099/3181/1774 3101/3182/1774 3037/3117/1774
f 3050/3183/1773 3048/3184/1773 3098/3185/1773
f 3019/3100/1765 2891/3035/1765 2895/3037/1765
f 3016/3099/1764 2895/3037/1764 2897/3038/1764
f 2961/2930/1773 2772/2933/1773 2769/2930/1773
f 2958/2933/1773 2775/2936/1773 2772/2933/1773
f 2920/2973/1773 3102/3053/1773 2926/3053/1773
f 3102/3053/1751 2808/2968/1751 2801/2963/1751
f 2912/3047/1773 3105/2991/1773 3104/3047/1773
f 3104/3047/1757 2825/2983/1757 2818/2978/1757
f 2909/2991/1773 2830/2992/1773 3105/2991/1773
f 2906/3044/1773 2832/2993/1773 2830/2992/1773
f 2898/3038/1764 2842/3001/1764 2835/2997/1764
f 2894/3037/1765 2845/3004/1765 2842/3001/1765
f 2880/3030/1773 2855/3011/1773 2883/3032/1773
f 2873/3016/1773 2858/3014/1773 2880/3030/1773
f 3110/3186/1739 2774/2935/1739 3109/2943/1739
f 2760/2921/1738 2771/2932/1738 3110/3186/1738
f 3114/3187/1849 3112/3188/1849 3111/3189/1849
f 3218/3190/1850 3217/3191/1850 3179/3192/1850
f 3115/3193/1851 3111/3194/1851 3113/3195/1851
f 3115/3193/1850 3117/3196/1850 3114/3196/1850
f 3116/3197/1850 3117/3187/1850 3120/3197/1850
f 3118/3198/1849 3120/3197/1849 3117/3187/1849
f 3222/3199/1851 3117/3196/1851 3119/3193/1851
f 3123/3200/1850 3120/3197/1850 3122/3200/1850
f 3121/3201/1852 3122/3200/1852 3120/3197/1852
f 3126/3202/1853 3122/3200/1853 3125/3202/1853
f 3124/3203/1854 3125/3202/1854 3122/3200/1854
f 3131/3204/1850 3125/3202/1850 3128/3204/1850
f 3127/3205/1855 3128/3204/1855 3125/3202/1855
f 3129/3206/1856 3130/3207/1856 3128/3204/1856
f 3133/3208/1850 3128/3204/1850 3130/3207/1850
f 3126/3202/1857 3132/3209/1857 3653/3210/1857
f 3131/3204/1856 3134/3211/1856 3132/3209/1856
f 3133/3208/1858 3136/3212/1858 3134/3211/1858
f 3135/3213/1853 3130/3207/1853 3137/3213/1853
f 3135/3213/1859 3139/3214/1859 3136/3212/1859
f 3138/3215/1850 3137/3213/1850 3140/3215/1850
f 3138/3215/1860 3142/3216/1860 3139/3214/1860
f 3141/3217/1850 3140/3215/1850 3143/3217/1850
f 3142/3216/1861 3144/3218/1861 3145/3219/1861
f 3141/3217/1850 3147/3218/1850 3144/3218/1850
f 3145/3219/1862 3146/3220/1862 3652/3221/1862
f 3144/3218/1850 3149/3222/1850 3146/3220/1850
f 3143/3217/1861 3148/3223/1861 3147/3218/1861
f 3147/3218/1862 3150/3224/1862 3149/3222/1862
f 3149/3222/1863 3152/3225/1863 3151/3226/1863
f 3146/3220/1850 3151/3226/1850 3154/3226/1850
f 3151/3226/1864 3646/3227/1864 3153/3228/1864
f 3154/3226/1850 3153/3228/1850 3156/3229/1850
f 3652/3221/1863 3154/3226/1863 3155/3230/1863
f 3155/3230/1864 3156/3229/1864 3157/3231/1864
f 3157/3231/1865 3158/3232/1865 3159/3233/1865
f 3156/3229/1850 3160/3232/1850 3158/3232/1850
f 3159/3233/1866 3161/3234/1866 3162/3235/1866
f 3158/3232/1850 3164/3234/1850 3161/3234/1850
f 3162/3235/1867 3163/3236/1867 3651/3237/1867
f 3161/3234/1850 3166/3236/1850 3163/3236/1850
f 3160/3232/1866 3165/3238/1866 3164/3234/1866
f 3164/3234/1867 3167/3239/1867 3166/3236/1867
f 3166/3236/1868 3169/3240/1868 3168/3241/1868
f 3163/3236/1850 3168/3241/1850 3171/3241/1850
f 3168/3241/1869 3648/3242/1869 3170/3243/1869
f 3173/3243/1850 3168/3241/1850 3170/3243/1850
f 3651/3237/1870 3171/3241/1870 3172/3244/1870
f 3172/3244/1869 3173/3243/1869 3174/3245/1869
f 3174/3245/1871 3175/3246/1871 3176/3247/1871
f 3175/3246/1850 3170/3243/1850 3177/3246/1850
f 3176/3247/1872 3178/3248/1872 3179/3249/1872
f 3178/3248/1850 3177/3246/1850 3181/3248/1850
f 3179/3249/1873 3180/3250/1873 3650/3251/1873
f 3180/3250/1850 3181/3248/1850 3183/3250/1850
f 3177/3246/1872 3182/3252/1872 3181/3248/1872
f 3181/3248/1874 3184/3253/1874 3183/3250/1874
f 3183/3250/1875 3186/3254/1875 3185/3255/1875
f 3188/3255/1850 3183/3250/1850 3185/3255/1850
f 3185/3255/1876 3250/3256/1876 3187/3257/1876
f 3190/3257/1850 3185/3255/1850 3187/3257/1850
f 3650/3251/1875 3188/3255/1875 3189/3258/1875
f 3189/3258/1876 3190/3257/1876 3191/3259/1876
f 3191/3259/1877 3192/3260/1877 3193/3261/1877
f 3192/3260/1850 3187/3257/1850 3194/3260/1850
f 3193/3261/1878 3195/3262/1878 3196/3263/1878
f 3195/3262/1850 3194/3260/1850 3197/3262/1850
f 3195/3262/1879 3199/3264/1879 3196/3263/1879
f 3195/3262/1850 3201/3265/1850 3198/3265/1850
f 3198/3265/1880 3221/3266/1880 3199/3264/1880
f 3198/3265/1850 3203/3267/1850 3200/3268/1850
f 3244/3269/1879 3201/3265/1879 3197/3262/1879
f 3202/3270/1880 3203/3267/1880 3201/3265/1880
f 3204/3271/1881 3205/3272/1881 3203/3267/1881
f 3200/3268/1850 3205/3272/1850 3206/3273/1850
f 3206/3273/1850 3208/3274/1850 3209/3275/1850
f 3207/3276/1882 3208/3274/1882 3205/3272/1882
f 3209/3275/1850 3211/3277/1850 3212/3277/1850
f 3210/3278/1883 3211/3277/1883 3208/3274/1883
f 3212/3277/1850 3214/3279/1850 3216/3280/1850
f 3213/3281/1884 3214/3279/1884 3211/3277/1884
f 3215/3282/1885 3119/3193/1885 3214/3279/1885
f 3216/3280/1850 3119/3193/1850 3115/3193/1850
f 3212/3277/1884 3217/3283/1884 3218/3284/1884
f 3216/3280/1885 3113/3195/1885 3217/3283/1885
f 3209/3275/1883 3218/3284/1883 3219/3285/1883
f 3206/3273/1886 3219/3285/1886 3220/3286/1886
f 3200/3268/1881 3220/3286/1881 3221/3266/1881
f 3223/3287/1887 3222/3199/1887 3215/3282/1887
f 3225/3281/1887 3215/3282/1887 3213/3281/1887
f 3223/3287/1850 3228/3199/1850 3224/3199/1850
f 3225/3281/1850 3226/3287/1850 3223/3287/1850
f 3230/3288/1884 3226/3287/1884 3229/3281/1884
f 3227/3289/1885 3228/3199/1885 3226/3287/1885
f 3232/3290/1850 3229/3281/1850 3225/3281/1850
f 3233/3291/1883 3229/3281/1883 3231/3290/1883
f 3235/3292/1850 3231/3290/1850 3232/3290/1850
f 3236/3293/1886 3231/3290/1886 3234/3276/1886
f 3240/3294/1850 3234/3276/1850 3235/3292/1850
f 3238/3295/1881 3234/3276/1881 3237/3271/1881
f 3379/3296/1888 3237/3271/1888 3239/3270/1888
f 3241/3297/1850 3237/3271/1850 3240/3294/1850
f 3240/3294/1887 3207/3276/1887 3204/3271/1887
f 3241/3297/1887 3204/3271/1887 3202/3270/1887
f 3242/3269/1887 3202/3270/1887 3244/3269/1887
f 3242/3269/1850 3239/3270/1850 3241/3297/1850
f 3242/3269/1850 3247/3298/1850 3243/3299/1850
f 3242/3269/1887 3246/3298/1887 3245/3298/1887
f 3245/3298/1887 3250/3256/1887 3248/3256/1887
f 3245/3298/1850 3249/3256/1850 3247/3298/1850
f 3248/3256/1850 3253/3254/1850 3249/3256/1850
f 3248/3256/1887 3186/3254/1887 3251/3254/1887
f 3251/3254/1887 3184/3253/1887 3252/3253/1887
f 3251/3254/1850 3255/3253/1850 3253/3254/1850
f 3255/3253/1875 3254/3300/1875 3253/3254/1875
f 3253/3254/1876 3368/3301/1876 3249/3256/1876
f 3257/3252/1874 3256/3302/1874 3255/3253/1874
f 3252/3253/1850 3257/3252/1850 3255/3253/1850
f 3258/3252/1850 3260/3303/1850 3257/3252/1850
f 3260/3303/1872 3259/3304/1872 3257/3252/1872
f 3261/3303/1850 3263/3242/1850 3260/3303/1850
f 3263/3242/1871 3262/3305/1871 3260/3303/1871
f 3264/3242/1850 3266/3240/1850 3263/3242/1850
f 3266/3240/1869 3265/3306/1869 3263/3242/1869
f 3268/3239/1868 3267/3307/1868 3266/3240/1868
f 3270/3239/1850 3266/3240/1850 3269/3240/1850
f 3264/3242/1887 3169/3240/1887 3269/3240/1887
f 3270/3239/1887 3169/3240/1887 3167/3239/1887
f 3271/3238/1887 3167/3239/1887 3165/3238/1887
f 3271/3238/1850 3268/3239/1850 3270/3239/1850
f 3272/3308/1887 3165/3238/1887 3647/3308/1887
f 3272/3308/1850 3273/3238/1850 3271/3238/1850
f 3275/3309/1866 3274/3310/1866 3273/3238/1866
f 3273/3238/1889 3355/3311/1889 3268/3239/1889
f 3278/3227/1850 3275/3309/1850 3272/3308/1850
f 3277/3227/1865 3276/3312/1865 3275/3309/1865
f 3283/3313/1850 3277/3227/1850 3278/3227/1850
f 3280/3225/1864 3279/3314/1864 3277/3227/1864
f 3282/3224/1863 3281/3315/1863 3280/3225/1863
f 3284/3316/1850 3280/3225/1850 3283/3313/1850
f 3283/3313/1887 3646/3227/1887 3152/3225/1887
f 3284/3316/1887 3152/3225/1887 3150/3224/1887
f 3285/3317/1887 3150/3224/1887 3148/3223/1887
f 3285/3317/1850 3282/3224/1850 3284/3316/1850
f 3286/3318/1887 3148/3223/1887 3302/3319/1887
f 3286/3318/1850 3287/3223/1850 3285/3317/1850
f 3289/3319/1861 3288/3320/1861 3287/3223/1861
f 3287/3223/1862 3344/3321/1862 3282/3224/1862
f 3286/3318/1850 3291/3322/1850 3289/3319/1850
f 3293/3323/1860 3289/3319/1860 3291/3322/1860
f 3292/3324/1850 3294/3325/1850 3291/3322/1850
f 3295/3326/1859 3291/3322/1859 3294/3325/1859
f 3333/3327/1858 3294/3325/1858 3296/3328/1858
f 3297/3325/1850 3296/3328/1850 3294/3325/1850
f 3292/3324/1887 3299/3325/1887 3297/3325/1887
f 3297/3325/1887 3301/3328/1887 3298/3329/1887
f 3301/3328/1858 3137/3213/1858 3130/3207/1858
f 3299/3325/1859 3140/3215/1859 3137/3213/1859
f 3298/3329/1887 3129/3206/1887 3303/3330/1887
f 3286/3318/1887 3300/3322/1887 3292/3324/1887
f 3300/3322/1860 3143/3217/1860 3140/3215/1860
f 3298/3329/1850 3305/3330/1850 3296/3328/1850
f 3303/3330/1887 3127/3205/1887 3304/3205/1887
f 3303/3330/1850 3307/3205/1850 3305/3330/1850
f 3308/3331/1890 3305/3330/1890 3307/3205/1890
f 3306/3332/1856 3296/3328/1856 3305/3330/1856
f 3304/3205/1850 3309/3203/1850 3307/3205/1850
f 3311/3333/1854 3307/3205/1854 3309/3203/1854
f 3310/3203/1850 3312/3334/1850 3309/3203/1850
f 3314/3335/1891 3309/3203/1891 3312/3334/1891
f 3313/3201/1850 3315/3198/1850 3312/3334/1850
f 3316/3336/1892 3312/3334/1892 3315/3198/1892
f 3318/3337/1851 3315/3338/1851 3228/3199/1851
f 3224/3199/1850 3315/3338/1850 3317/3338/1850
f 3224/3199/1887 3118/3338/1887 3222/3199/1887
f 3313/3201/1887 3118/3198/1887 3317/3198/1887
f 3321/3339/1893 3316/3340/1893 3318/3337/1893
f 3322/3335/1894 3316/3336/1894 3319/3336/1894
f 3320/3341/1849 3322/3335/1849 3319/3336/1849
f 3390/3342/1895 3319/3340/1895 3321/3339/1895
f 3323/3343/1852 3324/3344/1852 3322/3335/1852
f 3324/3344/1896 3314/3335/1896 3322/3335/1896
f 3325/3345/1854 3326/3331/1854 3324/3344/1854
f 3326/3331/1897 3311/3333/1897 3324/3344/1897
f 3327/3346/1855 3328/3332/1855 3326/3331/1855
f 3328/3332/1898 3308/3331/1898 3326/3331/1898
f 3329/3347/1856 3330/3327/1856 3328/3332/1856
f 3330/3327/1899 3306/3332/1899 3328/3332/1899
f 3331/3348/1858 3332/3349/1858 3330/3327/1858
f 3332/3349/1900 3333/3327/1900 3330/3327/1900
f 3334/3350/1859 3335/3351/1859 3332/3349/1859
f 3335/3351/1901 3295/3326/1901 3332/3349/1901
f 3336/3352/1860 3337/3353/1860 3335/3351/1860
f 3337/3353/1902 3293/3323/1902 3335/3351/1902
f 3337/3353/1861 3340/3354/1861 3339/3320/1861
f 3337/3353/1903 3288/3320/1903 3290/3353/1903
f 3339/3320/1862 3342/3355/1862 3341/3356/1862
f 3339/3320/1904 3344/3321/1904 3288/3320/1904
f 3341/3356/1863 3345/3357/1863 3343/3358/1863
f 3341/3356/1905 3281/3315/1905 3344/3321/1905
f 3343/3358/1864 3347/3359/1864 3346/3314/1864
f 3343/3358/1906 3279/3314/1906 3281/3315/1906
f 3346/3314/1907 3276/3312/1907 3279/3314/1907
f 3346/3314/1865 3349/3360/1865 3348/3361/1865
f 3348/3361/1866 3351/3362/1866 3350/3310/1866
f 3348/3361/1908 3274/3310/1908 3276/3312/1908
f 3350/3310/1867 3353/3363/1867 3352/3311/1867
f 3350/3310/1909 3355/3311/1909 3274/3310/1909
f 3352/3311/1868 3356/3364/1868 3354/3307/1868
f 3352/3311/1910 3267/3307/1910 3355/3311/1910
f 3354/3307/1869 3358/3365/1869 3357/3306/1869
f 3354/3307/1911 3265/3306/1911 3267/3307/1911
f 3359/3305/1912 3265/3306/1912 3357/3306/1912
f 3357/3306/1913 3360/3366/1913 3359/3305/1913
f 3359/3305/1872 3362/3367/1872 3361/3304/1872
f 3361/3304/1914 3262/3305/1914 3359/3305/1914
f 3361/3304/1874 3364/3368/1874 3363/3302/1874
f 3363/3302/1915 3259/3304/1915 3361/3304/1915
f 3363/3302/1875 3366/3369/1875 3365/3300/1875
f 3365/3300/1916 3256/3302/1916 3363/3302/1916
f 3365/3300/1876 3369/3370/1876 3367/3301/1876
f 3367/3301/1917 3254/3300/1917 3365/3300/1917
f 3370/3371/1918 3368/3301/1918 3367/3301/1918
f 3367/3301/1919 3372/3372/1919 3370/3371/1919
f 3373/3373/1920 3371/3371/1920 3370/3371/1920
f 3370/3371/1878 3375/3374/1878 3373/3373/1878
f 3373/3373/1921 3379/3296/1921 3374/3373/1921
f 3375/3374/1879 3376/3375/1879 3373/3373/1879
f 3377/3376/1880 3378/3377/1880 3376/3375/1880
f 3376/3375/1922 3238/3295/1922 3379/3296/1922
f 3374/3373/1879 3239/3270/1879 3243/3299/1879
f 3380/3378/1881 3381/3293/1881 3378/3377/1881
f 3378/3377/1923 3236/3293/1923 3238/3295/1923
f 3382/3379/1886 3383/3380/1886 3381/3293/1886
f 3381/3293/1924 3233/3291/1924 3236/3293/1924
f 3383/3380/1925 3230/3288/1925 3233/3291/1925
f 3384/3381/1883 3385/3382/1883 3383/3380/1883
f 3385/3382/1926 3227/3289/1926 3230/3288/1926
f 3386/3383/1884 3387/3289/1884 3385/3382/1884
f 3388/3384/1885 3321/3339/1885 3387/3289/1885
f 3387/3289/1927 3318/3337/1927 3227/3289/1927
f 3481/3385/1928 3388/3384/1928 3386/3383/1928
f 3389/3386/1929 3390/3342/1929 3388/3384/1929
f 3391/3387/1930 3320/3388/1930 3390/3342/1930
f 3483/3389/1885 3391/3387/1885 3389/3386/1885
f 3392/3390/1851 3393/3391/1851 3391/3387/1851
f 3393/3392/1931 3323/3343/1931 3320/3341/1931
f 3395/3393/1849 3394/3394/1849 3393/3392/1849
f 3396/3395/1932 3397/3396/1932 3395/3393/1932
f 3486/3397/1933 3395/3398/1933 3392/3390/1933
f 3397/3396/1852 3400/3399/1852 3394/3394/1852
f 3398/3400/1934 3399/3401/1934 3397/3396/1934
f 3399/3401/1854 3403/3402/1854 3400/3399/1854
f 3401/3403/1935 3402/3404/1935 3399/3401/1935
f 3402/3404/1890 3406/3405/1890 3403/3402/1890
f 3404/3406/1936 3405/3407/1936 3402/3404/1936
f 3405/3407/1856 3409/3408/1856 3406/3405/1856
f 3407/3409/1937 3408/3410/1937 3405/3407/1937
f 3408/3410/1858 3412/3411/1858 3409/3408/1858
f 3410/3412/1938 3411/3413/1938 3408/3410/1938
f 3411/3413/1859 3415/3414/1859 3412/3411/1859
f 3413/3415/1939 3414/3416/1939 3411/3413/1939
f 3414/3416/1860 3418/3417/1860 3415/3414/1860
f 3416/3418/1940 3417/3419/1940 3414/3416/1940
f 3418/3417/1861 3420/3420/1861 3421/3421/1861
f 3417/3419/1941 3422/3422/1941 3420/3420/1941
f 3421/3421/1862 3423/3423/1862 3424/3424/1862
f 3420/3420/1942 3425/3425/1942 3423/3423/1942
f 3424/3424/1863 3426/3426/1863 3427/3427/1863
f 3423/3423/1943 3428/3428/1943 3426/3426/1943
f 3427/3427/1864 3429/3429/1864 3430/3430/1864
f 3426/3426/1944 3431/3431/1944 3429/3429/1944
f 3430/3430/1865 3432/3432/1865 3433/3433/1865
f 3429/3429/1945 3434/3434/1945 3432/3432/1945
f 3433/3433/1866 3435/3435/1866 3436/3436/1866
f 3432/3432/1946 3437/3437/1946 3435/3435/1946
f 3436/3436/1867 3438/3438/1867 3439/3439/1867
f 3435/3435/1947 3440/3440/1947 3438/3438/1947
f 3439/3439/1868 3441/3441/1868 3442/3442/1868
f 3438/3438/1948 3443/3443/1948 3441/3441/1948
f 3442/3442/1869 3444/3444/1869 3445/3445/1869
f 3441/3441/1949 3446/3446/1949 3444/3444/1949
f 3445/3445/1950 3447/3447/1950 3448/3448/1950
f 3444/3444/1951 3449/3449/1951 3447/3447/1951
f 3448/3448/1872 3450/3450/1872 3451/3451/1872
f 3447/3447/1952 3452/3452/1952 3450/3450/1952
f 3451/3451/1873 3453/3453/1873 3454/3454/1873
f 3450/3450/1953 3455/3455/1953 3453/3453/1953
f 3454/3454/1875 3456/3456/1875 3457/3457/1875
f 3453/3453/1954 3458/3458/1954 3456/3456/1954
f 3457/3457/1876 3459/3459/1876 3460/3460/1876
f 3456/3456/1955 3461/3461/1955 3459/3459/1955
f 3460/3460/1877 3462/3462/1877 3463/3463/1877
f 3459/3459/1956 3464/3464/1956 3462/3462/1956
f 3463/3463/1878 3465/3465/1878 3466/3466/1878
f 3462/3462/1957 3467/3467/1957 3465/3465/1957
f 3465/3465/1879 3469/3468/1879 3466/3466/1879
f 3467/3467/1958 3468/3469/1958 3465/3465/1958
f 3468/3469/1880 3472/3470/1880 3469/3468/1880
f 3470/3471/1959 3471/3472/1959 3468/3469/1959
f 3471/3472/1881 3475/3473/1881 3472/3470/1881
f 3473/3474/1960 3474/3475/1960 3471/3472/1960
f 3474/3475/1886 3478/3476/1886 3475/3473/1886
f 3476/3477/1961 3477/3478/1961 3474/3475/1961
f 3477/3478/1883 3481/3385/1883 3478/3476/1883
f 3479/3479/1962 3480/3480/1962 3477/3478/1962
f 3480/3480/1884 3389/3386/1884 3481/3385/1884
f 3482/3481/1963 3483/3389/1963 3480/3480/1963
f 3484/3482/1964 3392/3390/1964 3483/3389/1964
f 3547/3483/1965 3484/3482/1965 3482/3481/1965
f 3485/3484/1966 3486/3397/1966 3484/3482/1966
f 3487/3485/1967 3396/3486/1967 3486/3397/1967
f 3550/3487/1885 3487/3485/1885 3485/3484/1885
f 3488/3488/1851 3489/3489/1851 3487/3485/1851
f 3489/3490/1968 3398/3400/1968 3396/3395/1968
f 3490/3491/1849 3491/3492/1849 3489/3490/1849
f 3492/3493/1852 3493/3494/1852 3491/3492/1852
f 3491/3492/1969 3401/3403/1969 3398/3400/1969
f 3494/3495/1854 3495/3496/1854 3493/3494/1854
f 3493/3494/1970 3404/3406/1970 3401/3403/1970
f 3496/3497/1855 3497/3498/1855 3495/3496/1855
f 3495/3496/1971 3407/3409/1971 3404/3406/1971
f 3498/3499/1856 3499/3500/1856 3497/3498/1856
f 3497/3498/1972 3410/3412/1972 3407/3409/1972
f 3500/3501/1858 3501/3502/1858 3499/3500/1858
f 3499/3500/1973 3413/3415/1973 3410/3412/1973
f 3502/3503/1859 3503/3504/1859 3501/3502/1859
f 3501/3502/1974 3416/3418/1974 3413/3415/1974
f 3504/3505/1860 3505/3506/1860 3503/3504/1860
f 3503/3504/1975 3419/3507/1975 3416/3418/1975
f 3505/3506/1861 3508/3508/1861 3507/3509/1861
f 3419/3507/1976 3507/3509/1976 3422/3422/1976
f 3507/3509/1862 3510/3510/1862 3509/3511/1862
f 3422/3422/1977 3509/3511/1977 3425/3425/1977
f 3509/3511/1863 3512/3512/1863 3511/3513/1863
f 3425/3425/1978 3511/3513/1978 3428/3428/1978
f 3511/3513/1864 3514/3514/1864 3513/3515/1864
f 3428/3428/1979 3513/3515/1979 3431/3431/1979
f 3513/3515/1865 3516/3516/1865 3515/3517/1865
f 3431/3431/1980 3515/3517/1980 3434/3434/1980
f 3515/3517/1866 3518/3518/1866 3517/3519/1866
f 3434/3434/1981 3517/3519/1981 3437/3437/1981
f 3517/3519/1867 3520/3520/1867 3519/3521/1867
f 3437/3437/1982 3519/3521/1982 3440/3440/1982
f 3519/3521/1868 3522/3522/1868 3521/3523/1868
f 3440/3440/1983 3521/3523/1983 3443/3443/1983
f 3521/3523/1869 3524/3524/1869 3523/3525/1869
f 3443/3443/1984 3523/3525/1984 3446/3446/1984
f 3523/3525/1871 3526/3526/1871 3525/3527/1871
f 3446/3446/1985 3525/3527/1985 3449/3449/1985
f 3525/3527/1872 3528/3528/1872 3527/3529/1872
f 3449/3449/1986 3527/3529/1986 3452/3452/1986
f 3527/3529/1874 3530/3530/1874 3529/3531/1874
f 3452/3452/1987 3529/3531/1987 3455/3455/1987
f 3529/3531/1875 3532/3532/1875 3531/3533/1875
f 3455/3455/1988 3531/3533/1988 3458/3458/1988
f 3531/3533/1876 3534/3534/1876 3533/3535/1876
f 3458/3458/1989 3533/3535/1989 3461/3461/1989
f 3533/3535/1877 3536/3536/1877 3535/3537/1877
f 3461/3461/1990 3535/3537/1990 3464/3464/1990
f 3535/3537/1878 3538/3538/1878 3537/3539/1878
f 3464/3464/1991 3537/3539/1991 3467/3467/1991
f 3538/3538/1879 3539/3540/1879 3537/3539/1879
f 3537/3539/1992 3470/3471/1992 3467/3467/1992
f 3540/3541/1888 3541/3542/1888 3539/3540/1888
f 3539/3540/1993 3473/3474/1993 3470/3471/1993
f 3542/3543/1881 3543/3544/1881 3541/3542/1881
f 3541/3542/1994 3476/3477/1994 3473/3474/1994
f 3544/3545/1886 3545/3546/1886 3543/3544/1886
f 3543/3544/1995 3479/3479/1995 3476/3477/1995
f 3546/3547/1883 3547/3483/1883 3545/3546/1883
f 3545/3546/1996 3482/3481/1996 3479/3479/1996
f 3548/3548/1884 3485/3484/1884 3547/3483/1884
f 3611/3549/1997 3548/3548/1997 3546/3547/1997
f 3549/3550/1998 3550/3487/1998 3548/3548/1998
f 3551/3551/1999 3488/3488/1999 3550/3487/1999
f 3614/3552/2000 3551/3551/2000 3549/3550/2000
f 3552/3553/2001 3553/3554/2001 3551/3551/2001
f 3554/3555/2002 3555/3556/2002 3553/3554/2002
f 3553/3554/2003 3490/3557/2003 3488/3488/2003
f 3555/3558/2004 3492/3493/2004 3490/3491/2004
f 3556/3559/2005 3557/3560/2005 3555/3558/2005
f 3558/3561/2006 3559/3562/2006 3557/3560/2006
f 3557/3560/2007 3494/3495/2007 3492/3493/2007
f 3560/3563/2008 3561/3564/2008 3559/3562/2008
f 3559/3562/2009 3496/3497/2009 3494/3495/2009
f 3562/3565/2010 3563/3566/2010 3561/3564/2010
f 3561/3564/2011 3498/3499/2011 3496/3497/2011
f 3564/3567/2012 3565/3568/2012 3563/3566/2012
f 3563/3566/2013 3500/3501/2013 3498/3499/2013
f 3566/3569/2014 3567/3570/2014 3565/3568/2014
f 3565/3568/2015 3502/3503/2015 3500/3501/2015
f 3568/3571/2016 3569/3572/2016 3567/3570/2016
f 3567/3570/2017 3504/3505/2017 3502/3503/2017
f 3570/3573/2018 3571/3574/2018 3569/3572/2018
f 3569/3572/2019 3506/3575/2019 3504/3505/2019
f 3571/3574/2020 3574/3576/2020 3573/3577/2020
f 3506/3575/2021 3573/3577/2021 3508/3508/2021
f 3573/3577/2022 3576/3578/2022 3575/3579/2022
f 3508/3508/2023 3575/3579/2023 3510/3510/2023
f 3575/3579/2024 3578/3580/2024 3577/3581/2024
f 3510/3510/2025 3577/3581/2025 3512/3512/2025
f 3577/3581/2026 3580/3582/2026 3579/3583/2026
f 3512/3512/2027 3579/3583/2027 3514/3514/2027
f 3579/3583/2028 3582/3584/2028 3581/3585/2028
f 3514/3514/2029 3581/3585/2029 3516/3516/2029
f 3581/3585/2030 3584/3586/2030 3583/3587/2030
f 3516/3516/2031 3583/3587/2031 3518/3518/2031
f 3583/3587/2032 3586/3588/2032 3585/3589/2032
f 3518/3518/2033 3585/3589/2033 3520/3520/2033
f 3585/3589/2034 3588/3590/2034 3587/3591/2034
f 3520/3520/2035 3587/3591/2035 3522/3522/2035
f 3587/3591/2036 3590/3592/2036 3589/3593/2036
f 3522/3522/2037 3589/3593/2037 3524/3524/2037
f 3589/3593/2038 3592/3594/2038 3591/3595/2038
f 3524/3524/2039 3591/3595/2039 3526/3526/2039
f 3591/3595/2040 3594/3596/2040 3593/3597/2040
f 3526/3526/2041 3593/3597/2041 3528/3528/2041
f 3593/3597/2042 3596/3598/2042 3595/3599/2042
f 3528/3528/2043 3595/3599/2043 3530/3530/2043
f 3595/3599/2044 3598/3600/2044 3597/3601/2044
f 3530/3530/2045 3597/3601/2045 3532/3532/2045
f 3597/3601/2046 3600/3602/2046 3599/3603/2046
f 3532/3532/2047 3599/3603/2047 3534/3534/2047
f 3599/3603/2048 3602/3604/2048 3601/3605/2048
f 3534/3534/2049 3601/3605/2049 3536/3536/2049
f 3601/3605/2050 3604/3606/2050 3603/3607/2050
f 3536/3536/2051 3603/3607/2051 3538/3538/2051
f 3604/3606/2052 3605/3608/2052 3603/3607/2052
f 3603/3607/2053 3540/3541/2053 3538/3538/2053
f 3606/3609/2054 3607/3610/2054 3605/3608/2054
f 3605/3608/2055 3542/3543/2055 3540/3541/2055
f 3608/3611/2056 3609/3612/2056 3607/3610/2056
f 3607/3610/2057 3544/3545/2057 3542/3543/2057
f 3610/3613/2058 3611/3549/2058 3609/3612/2058
f 3609/3612/2059 3546/3547/2059 3544/3545/2059
f 3612/3614/2060 3549/3550/2060 3611/3549/2060
f 3613/3615/2061 3614/3552/2061 3612/3614/2061
f 3645/3616/1886 3612/3614/1886 3610/3613/1886
f 3615/3617/1884 3552/3553/1884 3614/3552/1884
f 3622/3618/1887 3621/3619/1887 3631/3620/1887
f 3616/3621/1885 3554/3555/1885 3552/3553/1885
f 3617/3622/1851 3556/3623/1851 3554/3555/1851
f 3618/3624/1849 3558/3561/1849 3556/3559/1849
f 3619/3625/1852 3560/3563/1852 3558/3561/1852
f 3620/3626/1854 3562/3565/1854 3560/3563/1854
f 3621/3627/1855 3564/3567/1855 3562/3565/1855
f 3622/3628/1856 3566/3569/1856 3564/3567/1856
f 3623/3629/1858 3568/3571/1858 3566/3569/1858
f 3624/3630/1859 3570/3573/1859 3568/3571/1859
f 3625/3631/1860 3572/3632/1860 3570/3573/1860
f 3572/3632/1861 3627/3633/1861 3574/3576/1861
f 3574/3576/1862 3628/3634/1862 3576/3578/1862
f 3576/3578/1863 3629/3635/1863 3578/3580/1863
f 3578/3580/1864 3630/3636/1864 3580/3582/1864
f 3580/3582/1865 3631/3637/1865 3582/3584/1865
f 3582/3584/1866 3632/3638/1866 3584/3586/1866
f 3584/3586/1889 3633/3639/1889 3586/3588/1889
f 3586/3588/2062 3634/3640/2062 3588/3590/2062
f 3588/3590/1869 3635/3641/1869 3590/3592/1869
f 3590/3592/1913 3636/3642/1913 3592/3594/1913
f 3592/3594/1872 3637/3643/1872 3594/3596/1872
f 3594/3596/1874 3638/3644/1874 3596/3598/1874
f 3596/3598/1875 3639/3645/1875 3598/3600/1875
f 3598/3600/1876 3640/3646/1876 3600/3602/1876
f 3600/3602/1877 3641/3647/1877 3602/3604/1877
f 3602/3604/1878 3642/3648/1878 3604/3606/1878
f 3642/3648/1879 3606/3609/1879 3604/3606/1879
f 3643/3649/1880 3608/3611/1880 3606/3609/1880
f 3644/3650/1881 3610/3613/1881 3608/3611/1881
f 3478/3476/2063 3386/3383/2063 3384/3381/2063
f 3475/3473/2064 3384/3381/2064 3382/3379/2064
f 3472/3470/2065 3382/3379/2065 3380/3378/2065
f 3469/3468/2066 3380/3378/2066 3377/3376/2066
f 3466/3466/2067 3377/3376/2067 3375/3374/2067
f 3372/3372/2068 3466/3466/2068 3375/3374/2068
f 3369/3370/2069 3463/3463/2069 3372/3372/2069
f 3366/3369/2070 3460/3460/2070 3369/3370/2070
f 3364/3368/2071 3457/3457/2071 3366/3369/2071
f 3362/3367/2072 3454/3454/2072 3364/3368/2072
f 3360/3366/2073 3451/3451/2073 3362/3367/2073
f 3358/3365/2074 3448/3448/2074 3360/3366/2074
f 3356/3364/2075 3445/3445/2075 3358/3365/2075
f 3353/3363/2076 3442/3442/2076 3356/3364/2076
f 3351/3362/2077 3439/3439/2077 3353/3363/2077
f 3349/3360/2078 3436/3436/2078 3351/3362/2078
f 3347/3359/2079 3433/3433/2079 3349/3360/2079
f 3345/3357/2080 3430/3430/2080 3347/3359/2080
f 3342/3355/2081 3427/3427/2081 3345/3357/2081
f 3340/3354/2082 3424/3424/2082 3342/3355/2082
f 3338/3651/2083 3421/3421/2083 3340/3354/2083
f 3415/3414/2084 3338/3651/2084 3336/3352/2084
f 3412/3411/2085 3336/3352/2085 3334/3350/2085
f 3409/3408/2086 3334/3350/2086 3331/3348/2086
f 3406/3405/2087 3331/3348/2087 3329/3347/2087
f 3403/3402/2088 3329/3347/2088 3327/3346/2088
f 3400/3399/2089 3327/3346/2089 3325/3345/2089
f 3394/3394/2090 3325/3345/2090 3323/3343/2090
f 3247/3298/1878 3374/3373/1878 3243/3299/1878
f 3249/3256/1877 3371/3371/1877 3247/3298/1877
f 3310/3203/1887 3121/3201/1887 3313/3201/1887
f 3304/3205/2091 3124/3203/2091 3310/3203/2091
f 3278/3227/1887 3647/3308/1887 3646/3227/1887
f 3153/3228/1865 3647/3308/1865 3160/3232/1865
f 3261/3303/1887 3648/3242/1887 3264/3242/1887
f 3170/3243/1871 3649/3303/1871 3177/3246/1871
f 3258/3252/1887 3649/3303/1887 3261/3303/1887
f 3252/3253/1887 3182/3252/1887 3258/3252/1887
f 3187/3257/1877 3246/3298/1877 3194/3260/1877
f 3194/3260/1878 3244/3269/1878 3197/3262/1878
f 3235/3292/1887 3210/3278/1887 3207/3276/1887
f 3232/3290/1887 3213/3281/1887 3210/3278/1887
f 3123/3200/1854 3653/3210/1854 3654/3652/1854
f 3116/3197/1852 3654/3652/1852 3112/3188/1852
f 3655/3653/2092 3656/3654/2092 3657/3655/2092
f 3655/3656/2093 3659/3657/2093 3656/3658/2093
f 3655/3659/2094 3657/3660/2094 3658/3661/2094
f 3655/3662/2095 3658/3663/2095 3660/3664/2095
f 3659/3665/2096 3655/3666/2096 3660/3667/2096
f 3663/3668/2097 3660/3667/2097 3661/3669/2097
f 3660/3664/2098 3662/3670/2098 3661/3669/2098
f 3660/3664/2099 3658/3663/2099 3662/3670/2099
f 3663/3668/2100 3659/3665/2100 3660/3667/2100
f 3664/3671/2101 3663/3668/2101 3665/3672/2101
f 3664/3671/2102 3659/3665/2102 3663/3668/2102
f 3663/3668/2103 3661/3669/2103 3666/3673/2103
f 3665/3672/2104 3663/3668/2104 3666/3673/2104
f 3665/3672/2105 3666/3673/2105 3667/3674/2105
f 3666/3673/2106 3668/3675/2106 3667/3674/2106
f 3661/3669/2107 3669/3676/2107 3666/3673/2107
f 3666/3673/2108 3669/3676/2108 3668/3675/2108
f 3661/3669/2109 3662/3670/2109 3669/3676/2109
f 3669/3676/2110 3671/3677/2110 3670/3678/2110
f 3669/3676/2111 3670/3678/2111 3668/3675/2111
f 3669/3676/2112 3662/3670/2112 3671/3677/2112
f 3671/3677/2113 3673/3679/2113 3670/3678/2113
f 3662/3670/2114 3672/3680/2114 3671/3677/2114
f 3672/3680/2115 3674/3681/2115 3671/3677/2115
f 3671/3677/2116 3674/3681/2116 3673/3679/2116
f 3672/3680/2117 3677/3682/2117 3674/3681/2117
f 3674/3681/2118 3676/3683/2118 3675/3684/2118
f 3674/3681/2119 3675/3684/2119 3673/3679/2119
f 3674/3681/2120 3677/3682/2120 3676/3683/2120
f 3658/3661/2121 3677/3682/2121 3672/3680/2121
f 3657/3660/2122 3678/3685/2122 3677/3682/2122
f 3677/3682/2123 3678/3685/2123 3676/3683/2123
f 3658/3661/2124 3657/3660/2124 3677/3682/2124
f 3657/3655/2125 3679/3686/2125 3678/3685/2125
f 3678/3685/2126 3679/3686/2126 3680/3687/2126
f 3678/3685/2127 3680/3687/2127 3676/3683/2127
f 3680/3687/2128 3683/3688/2128 3681/3689/2128
f 3680/3687/2129 3681/3689/2129 3682/3690/2129
f 3676/3683/2130 3680/3687/2130 3682/3690/2130
f 3680/3687/2131 3679/3686/2131 3683/3688/2131
f 3683/3691/2132 3685/3692/2132 3681/3693/2132
f 3679/3686/2133 3684/3694/2133 3683/3688/2133
f 3684/3695/2134 3686/3696/2134 3683/3691/2134
f 3683/3691/2135 3686/3696/2135 3685/3692/2135
f 3684/3695/2136 3689/3697/2136 3686/3696/2136
f 3686/3696/2137 3688/3698/2137 3687/3699/2137
f 3686/3696/2138 3687/3699/2138 3685/3692/2138
f 3686/3696/2139 3689/3697/2139 3688/3698/2139
f 3656/3658/2140 3689/3697/2140 3684/3695/2140
f 3659/3657/2141 3664/3671/2141 3689/3697/2141
f 3689/3697/2142 3664/3671/2142 3688/3698/2142
f 3656/3658/2143 3659/3657/2143 3689/3697/2143
f 3688/3698/2144 3690/3700/2144 3687/3699/2144
f 3664/3671/2145 3665/3672/2145 3688/3698/2145
f 3688/3698/2146 3665/3672/2146 3690/3700/2146
f 3687/3699/2147 3690/3700/2147 3691/3701/2147
f 3665/3672/2148 3667/3674/2148 3690/3700/2148
f 3690/3700/2149 3667/3674/2149 3692/3702/2149
f 3691/3701/2150 3690/3700/2150 3692/3702/2150
f 3691/3701/2151 3692/3702/2151 3693/3703/2151
f 3692/3704/2152 3694/3705/2152 3693/3706/2152
f 3667/3674/2153 3668/3675/2153 3692/3704/2153
f 3692/3704/2154 3668/3675/2154 3694/3705/2154
f 3668/3675/2155 3670/3678/2155 3694/3705/2155
f 3670/3678/2156 3673/3679/2156 3694/3707/2156
f 3694/3707/2157 3695/3708/2157 3693/3709/2157
f 3694/3707/2158 3673/3679/2158 3695/3708/2158
f 3673/3679/2159 3675/3684/2159 3695/3708/2159
f 3675/3684/2160 3682/3690/2160 3695/3710/2160
f 3695/3710/2161 3696/3711/2161 3693/3712/2161
f 3695/3710/2162 3682/3690/2162 3696/3711/2162
f 3682/3690/2163 3681/3689/2163 3696/3711/2163
f 3681/3693/2164 3685/3692/2164 3696/3713/2164
f 3696/3713/2165 3691/3714/2165 3693/3715/2165
f 3696/3713/2166 3685/3692/2166 3691/3714/2166
f 3685/3692/2167 3687/3699/2167 3691/3714/2167
f 3656/3654/2168 3684/3694/2168 3679/3686/2168
f 3676/3683/2169 3682/3690/2169 3675/3684/2169
f 3657/3655/2170 3656/3654/2170 3679/3686/2170
f 3658/3663/2171 3672/3680/2171 3662/3670/2171
f 3700/3716/2172 3698/3717/2172 3697/3718/2172
f 3804/3719/2173 3803/3720/2173 4047/3721/2173
f 3701/3722/2174 3697/3723/2174 3699/3724/2174
f 3700/3725/2175 3705/3722/2175 3703/3725/2175
f 3700/3716/2175 3706/3726/2175 3702/3726/2175
f 3704/3727/2172 3706/3726/2172 3703/3716/2172
f 3808/3728/2174 3703/3725/2174 3705/3722/2174
f 3702/3726/2173 3708/3729/2173 3709/3729/2173
f 3707/3730/2176 3708/3729/2176 3706/3726/2176
f 3709/3729/2173 3711/3731/2173 3712/3731/2173
f 3710/3732/2177 3711/3731/2177 3708/3729/2177
f 3712/3731/2178 3714/3733/2178 3717/3734/2178
f 3713/3735/2179 3714/3733/2179 3711/3731/2179
f 3715/3736/2180 3716/3737/2180 3714/3733/2180
f 3717/3734/2178 3716/3737/2178 3719/3738/2178
f 3712/3731/2179 3718/3739/2179 4047/3740/2179
f 3717/3734/2180 3720/3741/2180 3718/3739/2180
f 3719/3738/2181 3722/3742/2181 3720/3741/2181
f 3719/3738/2175 3723/3743/2175 3721/3743/2175
f 3721/3743/2182 3725/3744/2182 3722/3742/2182
f 3721/3743/2173 3726/3745/2173 3724/3746/2173
f 3724/3746/2183 3728/3747/2183 3725/3744/2183
f 3724/3746/2175 3729/3748/2175 3727/3748/2175
f 3728/3747/2184 3730/3749/2184 3731/3750/2184
f 3730/3749/2178 3729/3748/2178 3733/3749/2178
f 3731/3750/2185 3732/3751/2185 4046/3752/2185
f 3732/3751/2175 3733/3749/2175 3735/3753/2175
f 3729/3748/2186 3734/3754/2186 3733/3749/2186
f 3733/3749/2185 3736/3755/2185 3735/3753/2185
f 3735/3753/2187 3738/3756/2187 3737/3757/2187
f 3740/3757/2175 3735/3753/2175 3737/3757/2175
f 3737/3757/2188 4040/3758/2188 3739/3759/2188
f 3742/3759/2178 3737/3757/2178 3739/3759/2178
f 4046/3752/2187 3740/3757/2187 3741/3760/2187
f 3741/3760/2188 3742/3759/2188 3743/3761/2188
f 3743/3761/2189 3744/3762/2189 3745/3763/2189
f 3744/3762/2175 3739/3759/2175 3746/3764/2175
f 3745/3763/2190 3747/3765/2190 3748/3766/2190
f 3747/3765/2173 3746/3764/2173 3750/3765/2173
f 3748/3766/2191 3749/3767/2191 4045/3768/2191
f 3749/3767/2175 3750/3765/2175 3752/3769/2175
f 3746/3764/2190 3751/3770/2190 3750/3765/2190
f 3750/3765/2191 3753/3771/2191 3752/3769/2191
f 3752/3769/2192 3755/3772/2192 3754/3773/2192
f 3757/3774/2175 3752/3769/2175 3754/3773/2175
f 3754/3773/2193 4042/3775/2193 3756/3776/2193
f 3757/3774/2175 3756/3776/2175 3759/3777/2175
f 4045/3768/2192 3757/3774/2192 3758/3778/2192
f 3758/3778/2193 3759/3777/2193 3760/3779/2193
f 3760/3779/2194 3761/3780/2194 3762/3781/2194
f 3759/3777/2175 3763/3780/2175 3761/3780/2175
f 3762/3781/2195 3764/3782/2195 3765/3783/2195
f 3761/3780/2175 3767/3784/2175 3764/3782/2175
f 3765/3783/2196 3766/3785/2196 4044/3786/2196
f 3764/3782/2175 3769/3787/2175 3766/3785/2175
f 3763/3780/2195 3768/3788/2195 3767/3784/2195
f 3767/3784/2196 3770/3789/2196 3769/3787/2196
f 3769/3787/2197 3772/3790/2197 3771/3791/2197
f 3766/3785/2175 3771/3791/2175 3774/3792/2175
f 3771/3791/2198 3836/3793/2198 3773/3794/2198
f 3774/3792/2175 3773/3794/2175 3776/3794/2175
f 4044/3786/2197 3774/3792/2197 3775/3795/2197
f 3775/3795/2198 3776/3794/2198 3777/3796/2198
f 3777/3796/2199 3778/3797/2199 3779/3798/2199
f 3776/3794/2175 3780/3797/2175 3778/3797/2175
f 3779/3798/2200 3781/3799/2200 3782/3800/2200
f 3778/3797/2173 3783/3799/2173 3781/3799/2173
f 3781/3799/2201 3785/3801/2201 3782/3800/2201
f 3784/3802/2173 3783/3799/2173 3787/3802/2173
f 3784/3802/2202 3807/3803/2202 3785/3801/2202
f 3786/3804/2175 3787/3802/2175 3789/3804/2175
f 3830/3805/2203 3787/3802/2203 3783/3799/2203
f 3788/3806/2202 3789/3804/2202 3787/3802/2202
f 3790/3807/2204 3791/3808/2204 3789/3804/2204
f 3792/3808/2173 3789/3804/2173 3791/3808/2173
f 3795/3809/2175 3791/3808/2175 3794/3809/2175
f 3793/3810/2205 3794/3809/2205 3791/3808/2205
f 3798/3811/2175 3794/3809/2175 3797/3811/2175
f 3796/3812/2206 3797/3811/2206 3794/3809/2206
f 3802/3813/2175 3797/3811/2175 3800/3813/2175
f 3799/3814/2207 3800/3813/2207 3797/3811/2207
f 3801/3815/2208 3705/3722/2208 3800/3813/2208
f 3701/3722/2175 3800/3813/2175 3705/3722/2175
f 3798/3811/2207 3803/3816/2207 3804/3817/2207
f 3802/3813/2208 3699/3724/2208 3803/3816/2208
f 3795/3809/2206 3804/3817/2206 3805/3818/2206
f 3792/3808/2205 3805/3818/2205 3806/3819/2205
f 3786/3804/2204 3806/3819/2204 3807/3803/2204
f 3810/3728/2209 3801/3815/2209 3809/3815/2209
f 3809/3815/2210 3799/3814/2210 3811/3814/2210
f 3810/3728/2175 3812/3815/2175 3814/3728/2175
f 3809/3815/2173 3815/3814/2173 3812/3815/2173
f 3816/3820/2207 3812/3815/2207 3815/3814/2207
f 3813/3821/2208 3814/3728/2208 3812/3815/2208
f 3811/3814/2175 3817/3812/2175 3815/3814/2175
f 3819/3822/2206 3815/3814/2206 3817/3812/2206
f 3818/3812/2175 3820/3810/2175 3817/3812/2175
f 3822/3823/2205 3817/3812/2205 3820/3810/2205
f 3821/3810/2175 3823/3807/2175 3820/3810/2175
f 3824/3824/2204 3820/3810/2204 3823/3807/2204
f 3965/3825/2202 3823/3807/2202 3825/3806/2202
f 3826/3807/2175 3825/3806/2175 3823/3807/2175
f 3821/3810/2209 3790/3807/2209 3826/3807/2209
f 3826/3807/2211 3788/3806/2211 3827/3806/2211
f 3827/3806/2209 3830/3805/2209 3828/3805/2209
f 3827/3806/2173 3829/3805/2173 3825/3806/2173
f 3831/3826/2173 3829/3805/2173 3828/3805/2173
f 3831/3826/2209 3830/3805/2209 3832/3826/2209
f 3834/3793/2211 3832/3826/2211 3836/3793/2211
f 3834/3793/2175 3833/3826/2175 3831/3826/2175
f 3837/3790/2175 3835/3827/2175 3834/3793/2175
f 3837/3790/2211 3836/3793/2211 3772/3790/2211
f 3838/3789/2210 3772/3790/2210 3770/3789/2210
f 3838/3789/2175 3839/3790/2175 3837/3790/2175
f 3841/3828/2197 3840/3829/2197 3839/3790/2197
f 3839/3790/2198 3954/3830/2198 3835/3827/2198
f 3843/3788/2196 3842/3831/2196 3841/3828/2196
f 3844/3832/2175 3841/3828/2175 3838/3789/2175
f 3847/3833/2175 3843/3788/2175 3844/3832/2175
f 3846/3834/2195 3845/3835/2195 3843/3788/2195
f 3850/3775/2175 3846/3834/2175 3847/3833/2175
f 3849/3836/2194 3848/3837/2194 3846/3834/2194
f 3855/3838/2175 3849/3836/2175 3850/3775/2175
f 3852/3838/2193 3851/3839/2193 3849/3836/2193
f 3854/3771/2192 3853/3840/2192 3852/3838/2192
f 3855/3838/2175 3854/3771/2175 3852/3838/2175
f 3855/3838/2211 4042/3775/2211 3755/3772/2211
f 3855/3838/2211 3753/3771/2211 3856/3771/2211
f 3856/3771/2209 3751/3770/2209 3857/3841/2209
f 3856/3771/2175 3859/3770/2175 3854/3771/2175
f 3857/3841/2211 4041/3842/2211 3858/3842/2211
f 3857/3841/2175 3861/3842/2175 3859/3770/2175
f 3861/3842/2190 3860/3843/2190 3859/3770/2190
f 3859/3770/2191 3941/3844/2191 3854/3771/2191
f 3858/3842/2175 3863/3758/2175 3861/3842/2175
f 3863/3758/2189 3862/3845/2189 3861/3842/2189
f 3864/3758/2175 3866/3846/2175 3863/3758/2175
f 3866/3846/2188 3865/3847/2188 3863/3758/2188
f 3868/3755/2187 3867/3848/2187 3866/3846/2187
f 3869/3846/2175 3868/3755/2175 3866/3846/2175
f 3864/3758/2211 3738/3756/2211 3869/3846/2211
f 3869/3846/2211 3736/3755/2211 3870/3755/2211
f 3870/3755/2211 3734/3754/2211 3871/3849/2211
f 3870/3755/2175 3873/3754/2175 3868/3755/2175
f 3871/3849/2211 3888/3850/2211 3872/3851/2211
f 3871/3849/2175 3875/3850/2175 3873/3754/2175
f 3875/3850/2184 3874/3852/2184 3873/3754/2184
f 3873/3754/2185 3930/3853/2185 3868/3755/2185
f 3878/3854/2175 3875/3850/2175 3872/3851/2175
f 3879/3855/2183 3875/3850/2183 3877/3854/2183
f 3883/3856/2175 3877/3854/2175 3878/3854/2175
f 3881/3857/2182 3877/3854/2182 3880/3856/2182
f 3919/3858/2181 3880/3856/2181 3882/3859/2181
f 3884/3860/2175 3880/3856/2175 3883/3856/2175
f 3883/3856/2211 3886/3854/2211 3885/3856/2211
f 3884/3860/2209 3885/3856/2209 3887/3859/2209
f 3887/3859/2181 3723/3743/2181 3716/3737/2181
f 3885/3856/2182 3726/3745/2182 3723/3743/2182
f 3889/3861/2211 3887/3859/2211 3715/3736/2211
f 3878/3854/2209 3888/3850/2209 3886/3854/2209
f 3886/3854/2212 3729/3748/2212 3726/3745/2212
f 3889/3861/2175 3882/3859/2175 3884/3860/2175
f 3890/3735/2211 3715/3736/2211 3713/3735/2211
f 3890/3735/2173 3891/3736/2173 3889/3861/2173
f 3894/3862/2179 3891/3736/2179 3893/3735/2179
f 3892/3863/2180 3882/3859/2180 3891/3736/2180
f 3896/3732/2175 3893/3735/2175 3890/3735/2175
f 3897/3864/2177 3893/3735/2177 3895/3732/2177
f 3899/3730/2175 3895/3732/2175 3896/3732/2175
f 3900/3865/2176 3895/3732/2176 3898/3730/2176
f 3903/3727/2175 3898/3730/2175 3899/3730/2175
f 3902/3866/2172 3898/3730/2172 3901/3727/2172
f 3904/3867/2174 3901/3868/2174 3814/3728/2174
f 3903/3868/2175 3814/3728/2175 3901/3868/2175
f 3903/3868/2211 3808/3728/2211 3810/3728/2211
f 3903/3727/2211 3707/3730/2211 3704/3727/2211
f 3905/3869/2213 3904/3867/2213 3907/3867/2213
f 3905/3866/2214 3900/3865/2214 3902/3866/2214
f 3906/3870/2172 3908/3865/2172 3905/3866/2172
f 3976/3871/2174 3905/3869/2174 3907/3867/2174
f 3909/3872/2176 3910/3864/2176 3908/3865/2176
f 3908/3865/2215 3897/3864/2215 3900/3865/2215
f 3911/3873/2177 3912/3862/2177 3910/3864/2177
f 3910/3864/2216 3894/3862/2216 3897/3864/2216
f 3913/3874/2179 3914/3863/2179 3912/3862/2179
f 3912/3862/2217 3892/3863/2217 3894/3862/2217
f 3915/3875/2180 3916/3858/2180 3914/3863/2180
f 3914/3863/2218 3919/3858/2218 3892/3863/2218
f 3917/3876/2181 3918/3857/2181 3916/3858/2181
f 3916/3858/2219 3881/3857/2219 3919/3858/2219
f 3920/3877/2182 3921/3878/2182 3918/3857/2182
f 3918/3857/2220 3879/3855/2220 3881/3857/2220
f 3922/3879/2183 3923/3880/2183 3921/3878/2183
f 3921/3878/2221 3876/3880/2221 3879/3855/2221
f 3923/3880/2184 3926/3881/2184 3925/3882/2184
f 3925/3882/2222 3876/3880/2222 3923/3880/2222
f 3925/3882/2185 3928/3883/2185 3927/3853/2185
f 3927/3853/2223 3874/3852/2223 3925/3882/2223
f 3927/3853/2187 3931/3884/2187 3929/3848/2187
f 3929/3848/2224 3930/3853/2224 3927/3853/2224
f 3929/3848/2188 3933/3885/2188 3932/3847/2188
f 3932/3847/2225 3867/3848/2225 3929/3848/2225
f 3934/3845/2226 3865/3847/2226 3932/3847/2226
f 3932/3847/2189 3935/3886/2189 3934/3845/2189
f 3934/3845/2190 3937/3887/2190 3936/3843/2190
f 3936/3843/2227 3862/3845/2227 3934/3845/2227
f 3936/3843/2191 3939/3888/2191 3938/3889/2191
f 3938/3889/2228 3860/3843/2228 3936/3843/2228
f 3938/3889/2192 3942/3890/2192 3940/3840/2192
f 3940/3840/2229 3941/3844/2229 3938/3889/2229
f 3940/3840/2193 3944/3891/2193 3943/3892/2193
f 3940/3840/2230 3851/3839/2230 3853/3840/2230
f 3943/3892/2231 3848/3837/2231 3851/3839/2231
f 3943/3892/2194 3946/3893/2194 3945/3894/2194
f 3945/3894/2195 3948/3895/2195 3947/3835/2195
f 3945/3894/2232 3845/3835/2232 3848/3837/2232
f 3947/3835/2196 3950/3896/2196 3949/3831/2196
f 3947/3835/2233 3842/3831/2233 3845/3835/2233
f 3949/3831/2197 3952/3897/2197 3951/3898/2197
f 3949/3831/2234 3840/3829/2234 3842/3831/2234
f 3951/3898/2198 3955/3899/2198 3953/3830/2198
f 3951/3898/2235 3954/3830/2235 3840/3829/2235
f 3953/3830/2236 3957/3900/2236 3954/3830/2236
f 3953/3830/2199 3958/3901/2199 3956/3900/2199
f 3956/3900/2237 3960/3902/2237 3957/3900/2237
f 3956/3900/2200 3961/3903/2200 3959/3902/2200
f 3962/3825/2238 3960/3902/2238 3959/3902/2238
f 3961/3903/2201 3962/3825/2201 3959/3902/2201
f 3963/3904/2202 3964/3824/2202 3962/3825/2202
f 3964/3824/2239 3965/3825/2239 3962/3825/2239
f 3960/3902/2201 3825/3806/2201 3829/3805/2201
f 3966/3905/2204 3967/3823/2204 3964/3824/2204
f 3967/3823/2240 3824/3824/2240 3964/3824/2240
f 3968/3906/2205 3969/3822/2205 3967/3823/2205
f 3969/3822/2241 3822/3823/2241 3967/3823/2241
f 3971/3820/2242 3819/3822/2242 3969/3822/2242
f 3970/3907/2206 3971/3820/2206 3969/3822/2206
f 3973/3821/2243 3816/3820/2243 3971/3820/2243
f 3972/3908/2207 3973/3821/2207 3971/3820/2207
f 3974/3909/2208 3907/3867/2208 3973/3821/2208
f 3907/3867/2244 3813/3821/2244 3973/3821/2244
f 3972/3908/2245 3975/3910/2245 3974/3909/2245
f 3974/3909/2246 3977/3911/2246 3976/3871/2246
f 3976/3871/2247 3979/3912/2247 3906/3913/2247
f 3978/3914/2174 3979/3912/2174 3977/3911/2174
f 4039/3915/2208 3977/3911/2208 3975/3910/2208
f 3980/3916/2172 3981/3917/2172 3979/3918/2172
f 3979/3918/2248 3909/3872/2248 3906/3870/2248
f 3982/3919/2176 3983/3920/2176 3981/3917/2176
f 3981/3917/2249 3911/3873/2249 3909/3872/2249
f 3984/3921/2177 3985/3922/2177 3983/3920/2177
f 3983/3920/2250 3913/3874/2250 3911/3873/2250
f 3986/3923/2179 3987/3924/2179 3985/3922/2179
f 3985/3922/2251 3915/3875/2251 3913/3874/2251
f 3988/3925/2180 3989/3926/2180 3987/3924/2180
f 3987/3924/2252 3917/3876/2252 3915/3875/2252
f 3990/3927/2181 3991/3928/2181 3989/3926/2181
f 3989/3926/2253 3920/3877/2253 3917/3876/2253
f 3992/3929/2182 3993/3930/2182 3991/3928/2182
f 3991/3928/2254 3922/3879/2254 3920/3877/2254
f 3994/3931/2212 3995/3932/2212 3993/3930/2212
f 3993/3930/2255 3924/3933/2255 3922/3879/2255
f 3995/3932/2186 3998/3934/2186 3997/3935/2186
f 3924/3933/2256 3997/3935/2256 3926/3881/2256
f 3997/3935/2185 4000/3936/2185 3999/3937/2185
f 3926/3881/2257 3999/3937/2257 3928/3883/2257
f 3999/3937/2187 4002/3938/2187 4001/3939/2187
f 3928/3883/2258 4001/3939/2258 3931/3884/2258
f 4001/3939/2188 4004/3940/2188 4003/3941/2188
f 3931/3884/2259 4003/3941/2259 3933/3885/2259
f 4003/3941/2189 4006/3942/2189 4005/3943/2189
f 3933/3885/2260 4005/3943/2260 3935/3886/2260
f 4005/3943/2190 4008/3944/2190 4007/3945/2190
f 3935/3886/2261 4007/3945/2261 3937/3887/2261
f 4007/3945/2191 4010/3946/2191 4009/3947/2191
f 3937/3887/2262 4009/3947/2262 3939/3888/2262
f 4009/3947/2192 4012/3948/2192 4011/3949/2192
f 3939/3888/2263 4011/3949/2263 3942/3890/2263
f 4011/3949/2193 4014/3950/2193 4013/3951/2193
f 4011/3949/2264 3944/3891/2264 3942/3890/2264
f 4013/3951/2194 4016/3952/2194 4015/3953/2194
f 4013/3951/2265 3946/3893/2265 3944/3891/2265
f 4015/3953/2195 4018/3954/2195 4017/3955/2195
f 4015/3953/2266 3948/3895/2266 3946/3893/2266
f 4017/3955/2196 4020/3956/2196 4019/3957/2196
f 4017/3955/2267 3950/3896/2267 3948/3895/2267
f 4019/3957/2197 4022/3958/2197 4021/3959/2197
f 4019/3957/2268 3952/3897/2268 3950/3896/2268
f 4021/3959/2198 4024/3960/2198 4023/3961/2198
f 4021/3959/2269 3955/3899/2269 3952/3897/2269
f 4023/3961/2199 4026/3962/2199 4025/3963/2199
f 4023/3961/2270 3958/3901/2270 3955/3899/2270
f 4025/3963/2271 4028/3964/2271 4027/3965/2271
f 4025/3963/2272 3961/3903/2272 3958/3901/2272
f 4028/3964/2201 4029/3966/2201 4027/3965/2201
f 3961/3903/2273 4029/3966/2273 3963/3904/2273
f 4030/3967/2202 4031/3968/2202 4029/3966/2202
f 3963/3904/2274 4031/3968/2274 3966/3905/2274
f 4032/3969/2204 4033/3970/2204 4031/3968/2204
f 3966/3905/2275 4033/3970/2275 3968/3906/2275
f 4034/3971/2205 4035/3972/2205 4033/3970/2205
f 3968/3906/2276 4035/3972/2276 3970/3907/2276
f 4036/3973/2206 4037/3974/2206 4035/3972/2206
f 3970/3907/2277 4037/3974/2277 3972/3908/2277
f 4038/3975/2207 3975/3910/2207 4037/3974/2207
f 3988/3976/2211 3986/3977/2211 4036/3978/2211
f 3833/3826/2200 3960/3902/2200 3829/3805/2200
f 3835/3827/2199 3957/3900/2199 3833/3826/2199
f 3899/3730/2209 3710/3732/2209 3707/3730/2209
f 3896/3732/2209 3713/3735/2209 3710/3732/2209
f 3858/3842/2209 4040/3758/2209 3864/3758/2209
f 3739/3759/2189 4041/3842/2189 3746/3764/2189
f 3850/3775/2211 4043/3834/2211 4042/3775/2211
f 3756/3776/2194 4043/3834/2194 3763/3780/2194
f 3847/3833/2209 3768/3788/2209 4043/3834/2209
f 3844/3832/2211 3770/3789/2211 3768/3788/2211
f 3773/3794/2199 3832/3826/2199 3780/3797/2199
f 3780/3797/2271 3830/3805/2271 3783/3799/2271
f 3818/3812/2211 3793/3810/2211 3821/3810/2211
f 3811/3814/2211 3796/3812/2211 3818/3812/2211
f 3709/3729/2177 4047/3740/2177 4048/3979/2177
f 3702/3726/2176 4048/3979/2176 3698/3717/2176
f 4052/3980/2278 4050/3981/2278 4049/3982/2278
f 4156/3983/2279 4155/3984/2279 4117/3985/2279
f 4053/3986/2280 4049/3987/2280 4051/3988/2280
f 4053/3986/2279 4055/3989/2279 4052/3990/2279
f 4054/3991/2279 4055/3980/2279 4058/3992/2279
f 4056/3993/2278 4058/3992/2278 4055/3980/2278
f 4160/3994/2280 4055/3989/2280 4057/3986/2280
f 4061/3995/2279 4058/3992/2279 4060/3995/2279
f 4059/3996/2281 4060/3995/2281 4058/3992/2281
f 4064/3997/2279 4060/3995/2279 4063/3997/2279
f 4062/3998/2282 4063/3997/2282 4060/3995/2282
f 4069/3999/2279 4063/3997/2279 4066/3999/2279
f 4065/4000/2283 4066/3999/2283 4063/3997/2283
f 4067/4001/2284 4068/4002/2284 4066/3999/2284
f 4071/4002/2279 4066/3999/2279 4068/4002/2279
f 4064/3997/2283 4070/4003/2283 4591/4004/2283
f 4069/3999/2285 4072/4005/2285 4070/4003/2285
f 4071/4002/2286 4074/4006/2286 4072/4005/2286
f 4073/4007/2279 4068/4002/2279 4075/4007/2279
f 4073/4007/2287 4077/4008/2287 4074/4006/2287
f 4076/4009/2279 4075/4007/2279 4078/4009/2279
f 4076/4009/2288 4080/4010/2288 4077/4008/2288
f 4079/4011/2279 4078/4009/2279 4081/4011/2279
f 4080/4010/2289 4082/4012/2289 4083/4013/2289
f 4079/4011/2279 4085/4012/2279 4082/4012/2279
f 4083/4013/2290 4084/4014/2290 4590/4015/2290
f 4082/4012/2291 4087/4014/2291 4084/4014/2291
f 4081/4011/2289 4086/4016/2289 4085/4012/2289
f 4085/4012/2290 4088/4017/2290 4087/4014/2290
f 4087/4014/2292 4090/4018/2292 4089/4019/2292
f 4084/4014/2279 4089/4019/2279 4092/4019/2279
f 4089/4019/2293 4584/4020/2293 4091/4021/2293
f 4092/4019/2279 4091/4021/2279 4094/4021/2279
f 4590/4015/2294 4092/4019/2294 4093/4022/2294
f 4093/4022/2295 4094/4021/2295 4095/4023/2295
f 4095/4023/2296 4096/4024/2296 4097/4025/2296
f 4094/4021/2279 4098/4024/2279 4096/4024/2279
f 4097/4025/2297 4099/4026/2297 4100/4027/2297
f 4096/4024/2279 4102/4026/2279 4099/4026/2279
f 4100/4027/2298 4101/4028/2298 4589/4029/2298
f 4099/4026/2279 4104/4030/2279 4101/4028/2279
f 4098/4024/2297 4103/4031/2297 4102/4026/2297
f 4102/4026/2298 4105/4032/2298 4104/4030/2298
f 4104/4030/2299 4107/4033/2299 4106/4034/2299
f 4101/4028/2279 4106/4034/2279 4109/4034/2279
f 4106/4034/2300 4586/4035/2300 4108/4036/2300
f 4111/4037/2279 4106/4034/2279 4108/4036/2279
f 4589/4029/2299 4109/4034/2299 4110/4038/2299
f 4110/4038/2300 4111/4037/2300 4112/4039/2300
f 4112/4039/2301 4113/4040/2301 4114/4041/2301
f 4113/4040/2279 4108/4036/2279 4115/4040/2279
f 4114/4041/2302 4116/4042/2302 4117/4043/2302
f 4116/4042/2279 4115/4040/2279 4119/4042/2279
f 4117/4043/2303 4118/4044/2303 4588/4045/2303
f 4118/4044/2279 4119/4042/2279 4121/4046/2279
f 4115/4040/2302 4120/4047/2302 4119/4042/2302
f 4119/4042/2303 4122/4048/2303 4121/4046/2303
f 4121/4046/2304 4124/4049/2304 4123/4050/2304
f 4126/4050/2279 4121/4046/2279 4123/4050/2279
f 4123/4050/2305 4188/4051/2305 4125/4052/2305
f 4128/4053/2279 4123/4050/2279 4125/4052/2279
f 4588/4045/2306 4126/4050/2306 4127/4054/2306
f 4127/4054/2305 4128/4053/2305 4129/4055/2305
f 4129/4055/2307 4130/4056/2307 4131/4057/2307
f 4130/4056/2279 4125/4052/2279 4132/4056/2279
f 4131/4057/2308 4133/4058/2308 4134/4059/2308
f 4133/4058/2279 4132/4056/2279 4135/4060/2279
f 4133/4058/2309 4137/4061/2309 4134/4059/2309
f 4133/4058/2291 4139/4062/2291 4136/4062/2291
f 4136/4062/2310 4159/4063/2310 4137/4061/2310
f 4136/4062/2291 4141/4064/2291 4138/4065/2291
f 4182/4066/2309 4139/4062/2309 4135/4060/2309
f 4140/4067/2310 4141/4064/2310 4139/4062/2310
f 4142/4068/2311 4143/4069/2311 4141/4064/2311
f 4138/4065/2279 4143/4069/2279 4144/4070/2279
f 4144/4070/2279 4146/4071/2279 4147/4072/2279
f 4145/4073/2312 4146/4071/2312 4143/4069/2312
f 4147/4072/2279 4149/4074/2279 4150/4074/2279
f 4148/4075/2313 4149/4074/2313 4146/4071/2313
f 4150/4074/2279 4152/4076/2279 4154/4076/2279
f 4151/4077/2314 4152/4076/2314 4149/4074/2314
f 4153/4078/2315 4057/3986/2315 4152/4076/2315
f 4154/4076/2279 4057/3986/2279 4053/3986/2279
f 4150/4074/2314 4155/4079/2314 4156/4080/2314
f 4154/4076/2316 4051/3988/2316 4155/4079/2316
f 4147/4072/2313 4156/4080/2313 4157/4081/2313
f 4144/4070/2312 4157/4081/2312 4158/4082/2312
f 4138/4065/2311 4158/4082/2311 4159/4063/2311
f 4161/4083/2317 4160/3994/2317 4153/4078/2317
f 4163/4077/2317 4153/4078/2317 4151/4077/2317
f 4161/4083/2279 4166/4084/2279 4162/3994/2279
f 4163/4077/2279 4164/4083/2279 4161/4083/2279
f 4168/4085/2314 4164/4083/2314 4167/4077/2314
f 4165/4086/2315 4166/4084/2315 4164/4083/2315
f 4170/4087/2279 4167/4077/2279 4163/4077/2279
f 4171/4088/2313 4167/4077/2313 4169/4087/2313
f 4173/4073/2279 4169/4087/2279 4170/4087/2279
f 4174/4089/2318 4169/4087/2318 4172/4073/2318
f 4178/4090/2279 4172/4073/2279 4173/4073/2279
f 4176/4091/2319 4172/4073/2319 4175/4068/2319
f 4317/4092/2310 4175/4068/2310 4177/4067/2310
f 4179/4067/2279 4175/4068/2279 4178/4090/2279
f 4178/4090/2317 4145/4073/2317 4142/4068/2317
f 4179/4067/2317 4142/4068/2317 4140/4067/2317
f 4180/4093/2317 4140/4067/2317 4182/4066/2317
f 4180/4093/2279 4177/4067/2279 4179/4067/2279
f 4180/4093/2279 4185/4094/2279 4181/4066/2279
f 4180/4093/2317 4184/4095/2317 4183/4095/2317
f 4183/4095/2317 4188/4051/2317 4186/4096/2317
f 4183/4095/2279 4187/4096/2279 4185/4094/2279
f 4186/4096/2279 4191/4097/2279 4187/4096/2279
f 4186/4096/2317 4124/4049/2317 4189/4097/2317
f 4189/4097/2317 4122/4048/2317 4190/4048/2317
f 4189/4097/2279 4193/4098/2279 4191/4097/2279
f 4193/4098/2304 4192/4099/2304 4191/4097/2304
f 4191/4097/2305 4306/4100/2305 4187/4096/2305
f 4195/4047/2303 4194/4101/2303 4193/4098/2303
f 4190/4048/2279 4195/4047/2279 4193/4098/2279
f 4196/4047/2279 4198/4102/2279 4195/4047/2279
f 4198/4102/2302 4197/4103/2302 4195/4047/2302
f 4199/4104/2279 4201/4035/2279 4198/4102/2279
f 4201/4035/2301 4200/4105/2301 4198/4102/2301
f 4202/4106/2279 4204/4033/2279 4201/4035/2279
f 4204/4033/2300 4203/4107/2300 4201/4035/2300
f 4206/4108/2299 4205/4109/2299 4204/4033/2299
f 4208/4032/2279 4204/4033/2279 4207/4033/2279
f 4202/4106/2317 4107/4033/2317 4207/4033/2317
f 4208/4032/2317 4107/4033/2317 4105/4032/2317
f 4209/4031/2317 4105/4032/2317 4103/4031/2317
f 4209/4031/2279 4206/4108/2279 4208/4032/2279
f 4210/4110/2317 4103/4031/2317 4585/4110/2317
f 4210/4110/2279 4211/4031/2279 4209/4031/2279
f 4213/4110/2297 4212/4111/2297 4211/4031/2297
f 4211/4031/2298 4293/4112/2298 4206/4108/2298
f 4216/4020/2279 4213/4110/2279 4210/4110/2279
f 4215/4020/2296 4214/4113/2296 4213/4110/2296
f 4221/4018/2279 4215/4020/2279 4216/4020/2279
f 4218/4018/2293 4217/4114/2293 4215/4020/2293
f 4220/4017/2294 4219/4115/2294 4218/4018/2294
f 4222/4017/2279 4218/4018/2279 4221/4018/2279
f 4221/4018/2317 4584/4020/2317 4090/4018/2317
f 4222/4017/2317 4090/4018/2317 4088/4017/2317
f 4223/4016/2317 4088/4017/2317 4086/4016/2317
f 4223/4016/2279 4220/4017/2279 4222/4017/2279
f 4224/4116/2317 4086/4016/2317 4240/4116/2317
f 4224/4116/2279 4225/4016/2279 4223/4016/2279
f 4227/4116/2289 4226/4117/2289 4225/4016/2289
f 4225/4016/2290 4282/4118/2290 4220/4017/2290
f 4224/4116/2279 4229/4119/2279 4227/4116/2279
f 4231/4120/2288 4227/4116/2288 4229/4119/2288
f 4230/4119/2279 4232/4121/2279 4229/4119/2279
f 4233/4122/2287 4229/4119/2287 4232/4121/2287
f 4271/4123/2286 4232/4121/2286 4234/4124/2286
f 4235/4121/2279 4234/4124/2279 4232/4121/2279
f 4230/4119/2317 4237/4121/2317 4235/4121/2317
f 4235/4121/2317 4239/4124/2317 4236/4124/2317
f 4239/4124/2286 4075/4007/2286 4068/4002/2286
f 4237/4121/2320 4078/4009/2320 4075/4007/2320
f 4236/4124/2317 4067/4001/2317 4241/4001/2317
f 4224/4116/2317 4238/4119/2317 4230/4119/2317
f 4238/4119/2288 4081/4011/2288 4078/4009/2288
f 4236/4124/2279 4243/4001/2279 4234/4124/2279
f 4241/4001/2317 4065/4000/2317 4242/4000/2317
f 4241/4001/2279 4245/4000/2279 4243/4001/2279
f 4246/4125/2283 4243/4001/2283 4245/4000/2283
f 4244/4126/2321 4234/4124/2321 4243/4001/2321
f 4242/4000/2279 4247/4127/2279 4245/4000/2279
f 4249/4128/2282 4245/4000/2282 4247/4127/2282
f 4248/4127/2279 4250/3996/2279 4247/4127/2279
f 4252/4129/2281 4247/4127/2281 4250/3996/2281
f 4251/4130/2279 4253/3993/2279 4250/3996/2279
f 4254/4131/2278 4250/3996/2278 4253/3993/2278
f 4256/4132/2280 4253/4133/2280 4166/4084/2280
f 4162/3994/2279 4253/4133/2279 4255/4133/2279
f 4162/3994/2317 4056/4134/2317 4160/3994/2317
f 4251/4130/2317 4056/3993/2317 4255/4135/2317
f 4257/4136/2322 4256/4132/2322 4259/4137/2322
f 4260/4129/2323 4254/4131/2323 4257/4131/2323
f 4258/4138/2278 4260/4129/2278 4257/4131/2278
f 4328/4139/2280 4257/4136/2280 4259/4137/2280
f 4261/4140/2324 4262/4141/2324 4260/4129/2324
f 4262/4141/2325 4252/4129/2325 4260/4129/2325
f 4263/4142/2282 4264/4125/2282 4262/4141/2282
f 4264/4125/2326 4249/4128/2326 4262/4141/2326
f 4265/4143/2283 4266/4126/2283 4264/4125/2283
f 4266/4126/2327 4246/4125/2327 4264/4125/2327
f 4267/4144/2328 4268/4123/2328 4266/4126/2328
f 4268/4123/2329 4244/4126/2329 4266/4126/2329
f 4269/4145/2286 4270/4122/2286 4268/4123/2286
f 4270/4122/2330 4271/4123/2330 4268/4123/2330
f 4272/4146/2320 4273/4120/2320 4270/4122/2320
f 4273/4120/2331 4233/4122/2331 4270/4122/2331
f 4274/4147/2288 4275/4148/2288 4273/4120/2288
f 4275/4148/2332 4231/4120/2332 4273/4120/2332
f 4275/4148/2333 4278/4149/2333 4277/4117/2333
f 4275/4148/2334 4226/4117/2334 4228/4148/2334
f 4277/4117/2290 4280/4150/2290 4279/4118/2290
f 4277/4117/2335 4282/4118/2335 4226/4117/2335
f 4279/4118/2294 4283/4151/2294 4281/4115/2294
f 4279/4118/2336 4219/4115/2336 4282/4118/2336
f 4281/4115/2293 4285/4152/2293 4284/4114/2293
f 4281/4115/2337 4217/4114/2337 4219/4115/2337
f 4284/4114/2338 4214/4113/2338 4217/4114/2338
f 4284/4114/2339 4287/4153/2339 4286/4113/2339
f 4286/4113/2297 4289/4154/2297 4288/4111/2297
f 4286/4113/2340 4212/4111/2340 4214/4113/2340
f 4288/4111/2298 4291/4155/2298 4290/4112/2298
f 4288/4111/2341 4293/4112/2341 4212/4111/2341
f 4290/4112/2299 4294/4156/2299 4292/4109/2299
f 4290/4112/2342 4205/4109/2342 4293/4112/2342
f 4292/4109/2300 4296/4157/2300 4295/4107/2300
f 4292/4109/2343 4203/4107/2343 4205/4109/2343
f 4297/4105/2344 4203/4107/2344 4295/4107/2344
f 4295/4107/2301 4298/4158/2301 4297/4105/2301
f 4297/4105/2302 4300/4159/2302 4299/4160/2302
f 4299/4160/2345 4200/4105/2345 4297/4105/2345
f 4299/4160/2303 4302/4161/2303 4301/4162/2303
f 4301/4162/2346 4197/4103/2346 4299/4160/2346
f 4301/4162/2347 4304/4163/2347 4303/4164/2347
f 4303/4164/2348 4194/4101/2348 4301/4162/2348
f 4303/4164/2349 4307/4165/2349 4305/4100/2349
f 4305/4100/2350 4192/4099/2350 4303/4164/2350
f 4308/4166/2351 4306/4100/2351 4305/4100/2351
f 4305/4100/2307 4310/4167/2307 4308/4166/2307
f 4311/4168/2352 4309/4166/2352 4308/4166/2352
f 4308/4166/2308 4313/4169/2308 4311/4168/2308
f 4311/4168/2353 4317/4092/2353 4312/4170/2353
f 4313/4169/2309 4314/4092/2309 4311/4168/2309
f 4315/4171/2310 4316/4091/2310 4314/4092/2310
f 4314/4092/2354 4176/4091/2354 4317/4092/2354
f 4312/4170/2309 4177/4067/2309 4181/4066/2309
f 4318/4172/2311 4319/4173/2311 4316/4091/2311
f 4316/4091/2355 4174/4089/2355 4176/4091/2355
f 4320/4174/2312 4321/4175/2312 4319/4173/2312
f 4319/4173/2356 4171/4088/2356 4174/4089/2356
f 4321/4175/2357 4168/4085/2357 4171/4088/2357
f 4322/4176/2313 4323/4085/2313 4321/4175/2313
f 4323/4085/2358 4165/4086/2358 4168/4085/2358
f 4324/4177/2314 4325/4178/2314 4323/4085/2314
f 4326/4179/2315 4259/4137/2315 4325/4178/2315
f 4325/4178/2359 4256/4132/2359 4165/4086/2359
f 4419/4180/2360 4326/4179/2360 4324/4177/2360
f 4327/4181/2361 4328/4139/2361 4326/4179/2361
f 4329/4182/2362 4258/4183/2362 4328/4139/2362
f 4421/4184/2316 4329/4182/2316 4327/4181/2316
f 4330/4185/2280 4331/4186/2280 4329/4182/2280
f 4331/4187/2363 4261/4140/2363 4258/4138/2363
f 4333/4188/2278 4332/4189/2278 4331/4187/2278
f 4334/4190/2364 4335/4191/2364 4333/4188/2364
f 4424/4192/2365 4333/4193/2365 4330/4185/2365
f 4335/4191/2366 4338/4194/2366 4332/4189/2366
f 4336/4195/2367 4337/4196/2367 4335/4191/2367
f 4337/4196/2282 4341/4197/2282 4338/4194/2282
f 4339/4198/2368 4340/4199/2368 4337/4196/2368
f 4340/4199/2283 4344/4200/2283 4341/4197/2283
f 4342/4201/2369 4343/4202/2369 4340/4199/2369
f 4343/4202/2328 4347/4203/2328 4344/4200/2328
f 4345/4204/2370 4346/4205/2370 4343/4202/2370
f 4346/4205/2371 4350/4206/2371 4347/4203/2371
f 4348/4207/2372 4349/4208/2372 4346/4205/2372
f 4349/4208/2320 4353/4209/2320 4350/4206/2320
f 4351/4210/2373 4352/4211/2373 4349/4208/2373
f 4352/4211/2288 4356/4212/2288 4353/4209/2288
f 4354/4213/2374 4355/4214/2374 4352/4211/2374
f 4356/4212/2289 4358/4215/2289 4359/4216/2289
f 4355/4214/2375 4360/4217/2375 4358/4215/2375
f 4359/4216/2376 4361/4218/2376 4362/4219/2376
f 4358/4215/2377 4363/4220/2377 4361/4218/2377
f 4362/4219/2294 4364/4221/2294 4365/4222/2294
f 4361/4218/2378 4366/4223/2378 4364/4221/2378
f 4365/4222/2293 4367/4224/2293 4368/4225/2293
f 4364/4221/2379 4369/4226/2379 4367/4224/2379
f 4368/4225/2296 4370/4227/2296 4371/4228/2296
f 4367/4224/2380 4372/4229/2380 4370/4227/2380
f 4371/4228/2297 4373/4230/2297 4374/4231/2297
f 4370/4227/2381 4375/4232/2381 4373/4230/2381
f 4374/4231/2298 4376/4233/2298 4377/4234/2298
f 4373/4230/2382 4378/4235/2382 4376/4233/2382
f 4377/4234/2299 4379/4236/2299 4380/4237/2299
f 4376/4233/2383 4381/4238/2383 4379/4236/2383
f 4380/4237/2300 4382/4239/2300 4383/4240/2300
f 4379/4236/2384 4384/4241/2384 4382/4239/2384
f 4383/4240/2385 4385/4242/2385 4386/4243/2385
f 4382/4239/2386 4387/4244/2386 4385/4242/2386
f 4386/4243/2302 4388/4245/2302 4389/4246/2302
f 4385/4242/2387 4390/4247/2387 4388/4245/2387
f 4389/4246/2303 4391/4248/2303 4392/4249/2303
f 4388/4245/2388 4393/4250/2388 4391/4248/2388
f 4392/4249/2304 4394/4251/2304 4395/4252/2304
f 4391/4248/2389 4396/4253/2389 4394/4251/2389
f 4395/4252/2305 4397/4254/2305 4398/4255/2305
f 4394/4251/2390 4399/4256/2390 4397/4254/2390
f 4398/4255/2391 4400/4257/2391 4401/4258/2391
f 4397/4254/2392 4402/4259/2392 4400/4257/2392
f 4401/4258/2308 4403/4260/2308 4404/4261/2308
f 4400/4257/2393 4405/4262/2393 4403/4260/2393
f 4403/4260/2309 4407/4263/2309 4404/4261/2309
f 4405/4262/2394 4406/4264/2394 4403/4260/2394
f 4406/4264/2310 4410/4265/2310 4407/4263/2310
f 4408/4266/2395 4409/4267/2395 4406/4264/2395
f 4409/4267/2319 4413/4268/2319 4410/4265/2319
f 4411/4269/2396 4412/4270/2396 4409/4267/2396
f 4412/4270/2312 4416/4271/2312 4413/4268/2312
f 4414/4272/2397 4415/4273/2397 4412/4270/2397
f 4415/4273/2313 4419/4180/2313 4416/4271/2313
f 4417/4274/2398 4418/4275/2398 4415/4273/2398
f 4418/4275/2314 4327/4181/2314 4419/4180/2314
f 4420/4276/2399 4421/4184/2399 4418/4275/2399
f 4422/4277/2400 4330/4185/2400 4421/4184/2400
f 4485/4278/2401 4422/4277/2401 4420/4276/2401
f 4423/4279/2402 4424/4192/2402 4422/4277/2402
f 4425/4280/2403 4334/4281/2403 4424/4192/2403
f 4488/4282/2315 4425/4280/2315 4423/4279/2315
f 4426/4283/2280 4427/4284/2280 4425/4280/2280
f 4427/4285/2404 4336/4195/2404 4334/4190/2404
f 4428/4286/2278 4429/4287/2278 4427/4285/2278
f 4430/4288/2405 4431/4289/2405 4429/4287/2405
f 4429/4287/2406 4339/4198/2406 4336/4195/2406
f 4432/4290/2282 4433/4291/2282 4431/4289/2282
f 4431/4289/2407 4342/4201/2407 4339/4198/2407
f 4434/4292/2283 4435/4293/2283 4433/4291/2283
f 4433/4291/2408 4345/4204/2408 4342/4201/2408
f 4436/4294/2285 4437/4295/2285 4435/4293/2285
f 4435/4293/2409 4348/4207/2409 4345/4204/2409
f 4438/4296/2286 4439/4297/2286 4437/4295/2286
f 4437/4295/2410 4351/4210/2410 4348/4207/2410
f 4440/4298/2320 4441/4299/2320 4439/4297/2320
f 4439/4297/2411 4354/4213/2411 4351/4210/2411
f 4442/4300/2288 4443/4301/2288 4441/4299/2288
f 4441/4299/2412 4357/4302/2412 4354/4213/2412
f 4443/4301/2289 4446/4303/2289 4445/4304/2289
f 4357/4302/2413 4445/4304/2413 4360/4217/2413
f 4445/4304/2290 4448/4305/2290 4447/4306/2290
f 4360/4217/2414 4447/4306/2414 4363/4220/2414
f 4447/4306/2294 4450/4307/2294 4449/4308/2294
f 4363/4220/2415 4449/4308/2415 4366/4223/2415
f 4449/4308/2295 4452/4309/2295 4451/4310/2295
f 4366/4223/2416 4451/4310/2416 4369/4226/2416
f 4451/4310/2339 4454/4311/2339 4453/4312/2339
f 4369/4226/2417 4453/4312/2417 4372/4229/2417
f 4453/4312/2297 4456/4313/2297 4455/4314/2297
f 4372/4229/2418 4455/4314/2418 4375/4232/2418
f 4455/4314/2419 4458/4315/2419 4457/4316/2419
f 4375/4232/2420 4457/4316/2420 4378/4235/2420
f 4457/4316/2299 4460/4317/2299 4459/4318/2299
f 4378/4235/2421 4459/4318/2421 4381/4238/2421
f 4459/4318/2300 4462/4319/2300 4461/4320/2300
f 4381/4238/2422 4461/4320/2422 4384/4241/2422
f 4461/4320/2423 4464/4321/2423 4463/4322/2423
f 4384/4241/2424 4463/4322/2424 4387/4244/2424
f 4463/4322/2302 4466/4323/2302 4465/4324/2302
f 4387/4244/2425 4465/4324/2425 4390/4247/2425
f 4465/4324/2303 4468/4325/2303 4467/4326/2303
f 4390/4247/2426 4467/4326/2426 4393/4250/2426
f 4467/4326/2306 4470/4327/2306 4469/4328/2306
f 4393/4250/2427 4469/4328/2427 4396/4253/2427
f 4469/4328/2349 4472/4329/2349 4471/4330/2349
f 4396/4253/2428 4471/4330/2428 4399/4256/2428
f 4471/4330/2307 4474/4331/2307 4473/4332/2307
f 4399/4256/2429 4473/4332/2429 4402/4259/2429
f 4473/4332/2308 4476/4333/2308 4475/4334/2308
f 4402/4259/2430 4475/4334/2430 4405/4262/2430
f 4476/4333/2309 4477/4335/2309 4475/4334/2309
f 4475/4334/2431 4408/4266/2431 4405/4262/2431
f 4478/4336/2310 4479/4337/2310 4477/4335/2310
f 4477/4335/2432 4411/4269/2432 4408/4266/2432
f 4480/4338/2311 4481/4339/2311 4479/4337/2311
f 4479/4337/2433 4414/4272/2433 4411/4269/2433
f 4482/4340/2312 4483/4341/2312 4481/4339/2312
f 4481/4339/2434 4417/4274/2434 4414/4272/2434
f 4484/4342/2313 4485/4278/2313 4483/4341/2313
f 4483/4341/2435 4420/4276/2435 4417/4274/2435
f 4486/4343/2314 4423/4279/2314 4485/4278/2314
f 4549/4344/2436 4486/4343/2436 4484/4342/2436
f 4487/4345/2437 4488/4282/2437 4486/4343/2437
f 4489/4346/2438 4426/4283/2438 4488/4282/2438
f 4552/4347/2439 4489/4346/2439 4487/4345/2439
f 4490/4348/2440 4491/4349/2440 4489/4346/2440
f 4492/4350/2441 4493/4351/2441 4491/4349/2441
f 4491/4349/2442 4428/4352/2442 4426/4283/2442
f 4493/4353/2443 4430/4288/2443 4428/4286/2443
f 4494/4354/2444 4495/4355/2444 4493/4353/2444
f 4496/4356/2445 4497/4357/2445 4495/4355/2445
f 4495/4355/2446 4432/4290/2446 4430/4288/2446
f 4498/4358/2447 4499/4359/2447 4497/4357/2447
f 4497/4357/2448 4434/4292/2448 4432/4290/2448
f 4500/4360/2449 4501/4361/2449 4499/4359/2449
f 4499/4359/2450 4436/4294/2450 4434/4292/2450
f 4502/4362/2451 4503/4363/2451 4501/4361/2451
f 4501/4361/2452 4438/4296/2452 4436/4294/2452
f 4504/4364/2453 4505/4365/2453 4503/4363/2453
f 4503/4363/2454 4440/4298/2454 4438/4296/2454
f 4506/4366/2455 4507/4367/2455 4505/4365/2455
f 4505/4365/2456 4442/4300/2456 4440/4298/2456
f 4508/4368/2457 4509/4369/2457 4507/4367/2457
f 4507/4367/2458 4444/4370/2458 4442/4300/2458
f 4509/4369/2459 4512/4371/2459 4511/4372/2459
f 4444/4370/2460 4511/4372/2460 4446/4303/2460
f 4511/4372/2461 4514/4373/2461 4513/4374/2461
f 4446/4303/2462 4513/4374/2462 4448/4305/2462
f 4513/4374/2463 4516/4375/2463 4515/4376/2463
f 4448/4305/2464 4515/4376/2464 4450/4307/2464
f 4515/4376/2465 4518/4377/2465 4517/4378/2465
f 4450/4307/2466 4517/4378/2466 4452/4309/2466
f 4517/4378/2467 4520/4379/2467 4519/4380/2467
f 4452/4309/2468 4519/4380/2468 4454/4311/2468
f 4519/4380/2469 4522/4381/2469 4521/4382/2469
f 4454/4311/2470 4521/4382/2470 4456/4313/2470
f 4521/4382/2471 4524/4383/2471 4523/4384/2471
f 4456/4313/2472 4523/4384/2472 4458/4315/2472
f 4523/4384/2473 4526/4385/2473 4525/4386/2473
f 4458/4315/2474 4525/4386/2474 4460/4317/2474
f 4525/4386/2475 4528/4387/2475 4527/4388/2475
f 4460/4317/2476 4527/4388/2476 4462/4319/2476
f 4527/4388/2477 4530/4389/2477 4529/4390/2477
f 4462/4319/2478 4529/4390/2478 4464/4321/2478
f 4529/4390/2479 4532/4391/2479 4531/4392/2479
f 4464/4321/2480 4531/4392/2480 4466/4323/2480
f 4531/4392/2481 4534/4393/2481 4533/4394/2481
f 4466/4323/2482 4533/4394/2482 4468/4325/2482
f 4533/4394/2483 4536/4395/2483 4535/4396/2483
f 4468/4325/2484 4535/4396/2484 4470/4327/2484
f 4535/4396/2485 4538/4397/2485 4537/4398/2485
f 4470/4327/2486 4537/4398/2486 4472/4329/2486
f 4537/4398/2487 4540/4399/2487 4539/4400/2487
f 4472/4329/2488 4539/4400/2488 4474/4331/2488
f 4539/4400/2489 4542/4401/2489 4541/4402/2489
f 4474/4331/2490 4541/4402/2490 4476/4333/2490
f 4542/4401/2491 4543/4403/2491 4541/4402/2491
f 4541/4402/2492 4478/4336/2492 4476/4333/2492
f 4544/4404/2493 4545/4405/2493 4543/4403/2493
f 4543/4403/2494 4480/4338/2494 4478/4336/2494
f 4546/4406/2495 4547/4407/2495 4545/4405/2495
f 4545/4405/2496 4482/4340/2496 4480/4338/2496
f 4548/4408/2497 4549/4344/2497 4547/4407/2497
f 4547/4407/2498 4484/4342/2498 4482/4340/2498
f 4550/4409/2499 4487/4345/2499 4549/4344/2499
f 4551/4410/2313 4552/4347/2313 4550/4409/2313
f 4583/4411/2312 4550/4409/2312 4548/4408/2312
f 4553/4412/2314 4490/4348/2314 4552/4347/2314
f 4560/4413/2317 4559/4414/2317 4569/4415/2317
f 4554/4416/2316 4492/4350/2316 4490/4348/2316
f 4555/4417/2280 4494/4418/2280 4492/4350/2280
f 4556/4419/2278 4496/4356/2278 4494/4354/2278
f 4557/4420/2405 4498/4358/2405 4496/4356/2405
f 4558/4421/2282 4500/4360/2282 4498/4358/2282
f 4559/4422/2283 4502/4362/2283 4500/4360/2283
f 4560/4423/2328 4504/4364/2328 4502/4362/2328
f 4561/4424/2286 4506/4366/2286 4504/4364/2286
f 4562/4425/2287 4508/4368/2287 4506/4366/2287
f 4563/4426/2288 4510/4427/2288 4508/4368/2288
f 4510/4427/2289 4565/4428/2289 4512/4371/2289
f 4512/4371/2290 4566/4429/2290 4514/4373/2290
f 4514/4373/2292 4567/4430/2292 4516/4375/2292
f 4516/4375/2293 4568/4431/2293 4518/4377/2293
f 4518/4377/2296 4569/4432/2296 4520/4379/2296
f 4520/4379/2297 4570/4433/2297 4522/4381/2297
f 4522/4381/2298 4571/4434/2298 4524/4383/2298
f 4524/4383/2299 4572/4435/2299 4526/4385/2299
f 4526/4385/2300 4573/4436/2300 4528/4387/2300
f 4528/4387/2385 4574/4437/2385 4530/4389/2385
f 4530/4389/2302 4575/4438/2302 4532/4391/2302
f 4532/4391/2303 4576/4439/2303 4534/4393/2303
f 4534/4393/2304 4577/4440/2304 4536/4395/2304
f 4536/4395/2349 4578/4441/2349 4538/4397/2349
f 4538/4397/2391 4579/4442/2391 4540/4399/2391
f 4540/4399/2308 4580/4443/2308 4542/4401/2308
f 4580/4443/2309 4544/4404/2309 4542/4401/2309
f 4581/4444/2310 4546/4406/2310 4544/4404/2310
f 4582/4445/2319 4548/4408/2319 4546/4406/2319
f 4416/4271/2500 4324/4177/2500 4322/4176/2500
f 4413/4268/2501 4322/4176/2501 4320/4174/2501
f 4410/4265/2502 4320/4174/2502 4318/4172/2502
f 4407/4263/2503 4318/4172/2503 4315/4171/2503
f 4404/4261/2504 4315/4171/2504 4313/4169/2504
f 4310/4167/2505 4404/4261/2505 4313/4169/2505
f 4307/4165/2506 4401/4258/2506 4310/4167/2506
f 4304/4163/2507 4398/4255/2507 4307/4165/2507
f 4302/4161/2508 4395/4252/2508 4304/4163/2508
f 4300/4159/2509 4392/4249/2509 4302/4161/2509
f 4298/4158/2510 4389/4246/2510 4300/4159/2510
f 4296/4157/2511 4386/4243/2511 4298/4158/2511
f 4294/4156/2512 4383/4240/2512 4296/4157/2512
f 4291/4155/2513 4380/4237/2513 4294/4156/2513
f 4289/4154/2514 4377/4234/2514 4291/4155/2514
f 4287/4153/2515 4374/4231/2515 4289/4154/2515
f 4285/4152/2516 4371/4228/2516 4287/4153/2516
f 4283/4151/2517 4368/4225/2517 4285/4152/2517
f 4280/4150/2518 4365/4222/2518 4283/4151/2518
f 4278/4149/2519 4362/4219/2519 4280/4150/2519
f 4276/4446/2520 4359/4216/2520 4278/4149/2520
f 4353/4209/2521 4276/4446/2521 4274/4147/2521
f 4350/4206/2522 4274/4147/2522 4272/4146/2522
f 4347/4203/2523 4272/4146/2523 4269/4145/2523
f 4344/4200/2524 4269/4145/2524 4267/4144/2524
f 4341/4197/2525 4267/4144/2525 4265/4143/2525
f 4338/4194/2526 4265/4143/2526 4263/4142/2526
f 4332/4189/2527 4263/4142/2527 4261/4140/2527
f 4185/4094/2308 4312/4170/2308 4181/4066/2308
f 4187/4096/2307 4309/4166/2307 4185/4094/2307
f 4248/4127/2317 4059/3996/2317 4251/4130/2317
f 4242/4000/2317 4062/3998/2317 4248/4127/2317
f 4216/4020/2317 4585/4110/2317 4584/4020/2317
f 4091/4021/2339 4585/4110/2339 4098/4024/2339
f 4199/4104/2317 4586/4035/2317 4202/4106/2317
f 4108/4036/2385 4587/4102/2385 4115/4040/2385
f 4196/4047/2317 4587/4102/2317 4199/4104/2317
f 4190/4048/2317 4120/4047/2317 4196/4047/2317
f 4125/4052/2391 4184/4095/2391 4132/4056/2391
f 4132/4056/2308 4182/4066/2308 4135/4060/2308
f 4173/4073/2317 4148/4075/2317 4145/4073/2317
f 4170/4087/2317 4151/4077/2317 4148/4075/2317
f 4061/3995/2282 4591/4004/2282 4592/4447/2282
f 4054/3991/2281 4592/4447/2281 4050/3981/2281
f 4674/4448/2528 4596/4449/2528 4615/4450/2528
f 4631/4451/2529 4600/4452/2529 4617/4453/2529
f 4668/4454/2530 4598/4455/2530 4619/4456/2530
f 4625/4457/2531 4594/4458/2531 4614/4459/2531
f 4662/4460/2532 4597/4461/2532 4609/4462/2532
f 4653/4463/2533 4594/4458/2533 4612/4464/2533
f 4647/4465/2533 4598/4455/2533 4644/4466/2533
f 4650/4467/2533 4610/4468/2533 4647/4465/2533
f 4650/4467/2534 4612/4464/2534 4611/4469/2534
f 4656/4470/2535 4593/4471/2535 4635/4472/2535
f 4659/4473/2536 4607/4474/2536 4656/4470/2536
f 4659/4473/2537 4609/4462/2537 4608/4475/2537
f 4598/4455/2538 4621/4476/2538 4619/4456/2538
f 4621/4476/2539 4611/4469/2539 4623/4477/2539
f 4611/4469/2540 4625/4457/2540 4623/4477/2540
f 4596/4449/2541 4627/4478/2541 4615/4450/2541
f 4627/4478/2542 4605/4479/2542 4629/4480/2542
f 4605/4479/2543 4631/4451/2543 4629/4480/2543
f 4602/4481/2544 4632/4482/2544 4601/4483/2544
f 4629/4480/2545 4632/4482/2545 4630/4484/2545
f 4628/4485/2546 4602/4481/2546 4603/4486/2546
f 4628/4485/2547 4629/4480/2547 4630/4484/2547
f 4616/4487/2548 4603/4486/2548 4595/4488/2548
f 4615/4450/2549 4628/4485/2549 4616/4487/2549
f 4608/4489/2550 4626/4490/2550 4607/4491/2550
f 4623/4477/2551 4626/4490/2551 4624/4492/2551
f 4622/4493/2552 4608/4489/2552 4609/4494/2552
f 4622/4493/2553 4623/4477/2553 4624/4492/2553
f 4620/4495/2554 4609/4494/2554 4597/4496/2554
f 4619/4456/2555 4622/4493/2555 4620/4495/2555
f 4607/4491/2556 4613/4497/2556 4593/4498/2556
f 4626/4490/2557 4614/4459/2557 4613/4497/2557
f 4665/4499/2558 4597/4496/2558 4639/4500/2558
f 4668/4454/2559 4620/4495/2559 4665/4499/2559
f 4601/4483/2560 4618/4501/2560 4599/4502/2560
f 4632/4482/2561 4617/4453/2561 4618/4501/2561
f 4671/4503/2562 4595/4488/2562 4633/4504/2562
f 4674/4448/2563 4616/4487/2563 4671/4503/2563
f 4613/4497/2564 4672/4505/2564 4669/4506/2564
f 4672/4505/2565 4670/4507/2565 4669/4506/2565
f 4670/4507/2566 4674/4448/2566 4671/4503/2566
f 4593/4498/2567 4669/4506/2567 4635/4508/2567
f 4804/4509/2568 4635/4508/2568 4669/4506/2568
f 4804/4509/2569 4670/4507/2569 4803/4510/2569
f 4618/4501/2570 4666/4511/2570 4663/4512/2570
f 4666/4511/2571 4664/4513/2571 4663/4512/2571
f 4667/4514/2572 4665/4499/2572 4664/4513/2572
f 4599/4502/2573 4663/4512/2573 4641/4515/2573
f 4859/4516/2574 4641/4515/2574 4663/4512/2574
f 4860/4517/2575 4663/4512/2575 4664/4513/2575
f 4601/4518/2532 4657/4519/2532 4602/4520/2532
f 4660/4521/2536 4658/4522/2536 4657/4519/2536
f 4658/4522/2576 4662/4460/2576 4659/4473/2576
f 4603/4523/2536 4657/4519/2536 4654/4524/2536
f 4654/4524/2577 4658/4522/2577 4655/4525/2577
f 4658/4522/2577 4656/4470/2577 4655/4525/2577
f 4595/4526/2578 4654/4524/2578 4633/4527/2578
f 4633/4527/2579 4655/4525/2579 4634/4528/2579
f 4655/4525/2535 4635/4472/2535 4634/4528/2535
f 4604/4529/2580 4648/4530/2580 4605/4479/2580
f 4651/4531/2581 4649/4532/2581 4648/4530/2581
f 4649/4532/2582 4653/4463/2582 4650/4467/2582
f 4606/4533/2533 4648/4530/2533 4645/4534/2533
f 4645/4534/2583 4649/4532/2583 4646/4535/2583
f 4649/4532/2583 4647/4465/2583 4646/4535/2583
f 4600/4452/2533 4645/4534/2533 4642/4536/2533
f 4642/4536/2584 4646/4535/2584 4643/4537/2584
f 4646/4535/2585 4644/4466/2585 4643/4537/2585
f 4596/4449/2533 4651/4531/2533 4604/4529/2533
f 4638/4538/2533 4652/4539/2533 4651/4531/2533
f 4652/4539/2533 4636/4540/2533 4653/4463/2533
f 4599/4541/2532 4660/4521/2532 4601/4518/2532
f 4641/4542/2532 4661/4543/2532 4660/4521/2532
f 4661/4543/2532 4639/4544/2532 4662/4460/2532
f 4600/4452/2530 4666/4511/2530 4617/4453/2530
f 4642/4536/2530 4667/4514/2530 4666/4511/2530
f 4667/4514/2530 4644/4466/2530 4668/4454/2530
f 4614/4459/2586 4636/4540/2586 4672/4505/2586
f 4636/4540/2587 4673/4545/2587 4672/4505/2587
f 4637/4546/2528 4674/4448/2528 4673/4545/2528
f 4687/4547/2588 4707/4548/2588 4731/4549/2588
f 4703/4550/2589 4678/4551/2589 4681/4552/2589
f 4691/4553/2590 4710/4554/2590 4725/4555/2590
f 4697/4556/2591 4675/4557/2591 4684/4558/2591
f 4719/4559/2536 4675/4557/2536 4705/4560/2536
f 4677/4561/2536 4713/4562/2536 4710/4554/2536
f 4682/4563/2536 4716/4564/2536 4713/4562/2536
f 4716/4564/2536 4684/4558/2536 4719/4559/2536
f 4693/4565/2592 4677/4561/2592 4691/4553/2592
f 4693/4565/2593 4683/4566/2593 4682/4563/2593
f 4697/4556/2594 4683/4566/2594 4695/4567/2594
f 4699/4568/2595 4676/4569/2595 4687/4547/2595
f 4699/4568/2596 4680/4570/2596 4679/4571/2596
f 4703/4550/2597 4680/4570/2597 4701/4572/2597
f 4602/4573/2598 4704/4574/2598 4702/4575/2598
f 4704/4574/2545 4701/4572/2545 4702/4575/2545
f 4602/4573/2599 4700/4576/2599 4603/4577/2599
f 4700/4576/2600 4701/4572/2600 4699/4568/2600
f 4603/4577/2601 4688/4578/2601 4595/4579/2601
f 4700/4576/2602 4687/4547/2602 4688/4578/2602
f 4608/4580/2603 4698/4581/2603 4696/4582/2603
f 4698/4581/2551 4695/4567/2551 4696/4582/2551
f 4608/4580/2604 4694/4583/2604 4609/4584/2604
f 4694/4583/2605 4695/4567/2605 4693/4565/2605
f 4609/4584/2606 4692/4585/2606 4597/4586/2606
f 4694/4583/2607 4691/4553/2607 4692/4585/2607
f 4607/4587/2608 4685/4588/2608 4698/4581/2608
f 4698/4581/2609 4686/4589/2609 4697/4556/2609
f 4597/4586/2610 4722/4590/2610 4639/4591/2610
f 4692/4585/2611 4725/4555/2611 4722/4590/2611
f 4601/4592/2612 4690/4593/2612 4704/4574/2612
f 4704/4574/2613 4689/4594/2613 4703/4550/2613
f 4595/4579/2614 4728/4595/2614 4633/4596/2614
f 4688/4578/2615 4731/4549/2615 4728/4595/2615
f 4685/4588/2616 4729/4597/2616 4686/4589/2616
f 4726/4598/2617 4730/4599/2617 4729/4597/2617
f 4728/4595/2618 4730/4599/2618 4727/4600/2618
f 4593/4601/2619 4726/4598/2619 4685/4588/2619
f 4810/4602/2620 4727/4600/2620 4809/4603/2620
f 4809/4603/2621 4726/4598/2621 4808/4604/2621
f 4690/4593/2622 4723/4605/2622 4689/4594/2622
f 4720/4606/2623 4724/4607/2623 4723/4605/2623
f 4721/4608/2624 4725/4555/2624 4724/4607/2624
f 4599/4609/2625 4720/4606/2625 4690/4593/2625
f 4865/4610/2626 4721/4608/2626 4866/4611/2626
f 4867/4612/2627 4721/4608/2627 4720/4606/2627
f 4714/4613/2628 4679/4571/2628 4680/4570/2628
f 4715/4614/2629 4717/4615/2629 4714/4613/2629
f 4715/4614/2630 4719/4559/2630 4718/4616/2630
f 4681/4552/2631 4714/4613/2631 4680/4570/2631
f 4711/4617/2632 4715/4614/2632 4714/4613/2632
f 4713/4562/2633 4715/4614/2633 4712/4618/2633
f 4678/4551/2536 4711/4617/2536 4681/4552/2536
f 4708/4619/2536 4712/4618/2536 4711/4617/2536
f 4710/4554/2536 4712/4618/2536 4709/4620/2536
f 4717/4615/2536 4676/4569/2536 4679/4571/2536
f 4718/4616/2536 4707/4548/2536 4717/4615/2536
f 4718/4616/2577 4705/4560/2577 4706/4621/2577
f 4723/4605/2590 4678/4551/2590 4689/4594/2590
f 4724/4607/2634 4708/4619/2634 4723/4605/2634
f 4724/4607/2634 4710/4554/2634 4709/4620/2634
f 4729/4597/2588 4675/4557/2588 4686/4589/2588
f 4729/4597/2588 4706/4621/2588 4705/4560/2588
f 4731/4549/2588 4706/4621/2588 4730/4599/2588
f 4777/4622/2635 4754/4623/2635 4813/4624/2635
f 4770/4625/2636 4739/4626/2636 4756/4627/2636
f 4807/4628/2637 4737/4629/2637 4758/4630/2637
f 4764/4631/2638 4733/4632/2638 4753/4633/2638
f 4801/4634/2639 4736/4635/2639 4748/4636/2639
f 4792/4637/2640 4733/4632/2640 4751/4638/2640
f 4786/4639/2641 4737/4629/2641 4783/4640/2641
f 4789/4641/2640 4749/4642/2640 4786/4639/2640
f 4789/4641/2642 4751/4638/2642 4750/4643/2642
f 4795/4644/2643 4732/4645/2643 4774/4646/2643
f 4798/4647/2644 4746/4648/2644 4795/4644/2644
f 4798/4647/2645 4748/4636/2645 4747/4649/2645
f 4737/4629/2646 4760/4650/2646 4758/4630/2646
f 4760/4650/2647 4750/4643/2647 4762/4651/2647
f 4750/4643/2648 4764/4631/2648 4762/4651/2648
f 4735/4652/2649 4766/4653/2649 4754/4623/2649
f 4766/4653/2650 4744/4654/2650 4768/4655/2650
f 4744/4654/2651 4770/4625/2651 4768/4655/2651
f 4741/4656/2652 4771/4657/2652 4740/4658/2652
f 4768/4655/2653 4771/4657/2653 4769/4659/2653
f 4767/4660/2654 4741/4656/2654 4742/4661/2654
f 4767/4660/2655 4768/4655/2655 4769/4659/2655
f 4755/4662/2656 4742/4661/2656 4734/4663/2656
f 4754/4623/2657 4767/4660/2657 4755/4662/2657
f 4747/4664/2658 4765/4665/2658 4746/4666/2658
f 4762/4651/2659 4765/4665/2659 4763/4667/2659
f 4761/4668/2660 4747/4664/2660 4748/4669/2660
f 4761/4668/2661 4762/4651/2661 4763/4667/2661
f 4759/4670/2662 4748/4669/2662 4736/4671/2662
f 4758/4630/2663 4761/4668/2663 4759/4670/2663
f 4746/4666/2664 4752/4672/2664 4732/4673/2664
f 4765/4665/2665 4753/4633/2665 4752/4672/2665
f 4804/4509/2666 4736/4671/2666 4778/4674/2666
f 4807/4628/2667 4759/4670/2667 4804/4509/2667
f 4740/4658/2668 4757/4675/2668 4738/4676/2668
f 4771/4657/2669 4756/4627/2669 4757/4675/2669
f 4810/4602/2670 4734/4663/2670 4772/4677/2670
f 4813/4624/2671 4755/4662/2671 4810/4602/2671
f 4752/4672/2672 4811/4678/2672 4808/4604/2672
f 4808/4604/2673 4812/4679/2673 4809/4603/2673
f 4809/4603/2674 4813/4624/2674 4810/4602/2674
f 4732/4673/2675 4808/4604/2675 4774/4680/2675
f 4808/4604/2574 4635/4681/2574 4774/4680/2574
f 4774/4680/2676 4634/4682/2676 4773/4683/2676
f 4757/4675/2677 4805/4684/2677 4802/4685/2677
f 4805/4684/2678 4803/4510/2678 4802/4685/2678
f 4806/4686/2679 4804/4509/2679 4803/4510/2679
f 4738/4676/2680 4802/4685/2680 4780/4687/2680
f 4803/4510/2569 4671/4503/2569 4802/4685/2569
f 4802/4685/2681 4633/4504/2681 4780/4687/2681
f 4740/4688/2644 4796/4689/2644 4741/4690/2644
f 4799/4691/2682 4797/4692/2682 4796/4689/2682
f 4797/4692/2683 4801/4634/2683 4798/4647/2683
f 4742/4693/2684 4796/4689/2684 4793/4694/2684
f 4793/4694/2639 4797/4692/2639 4794/4695/2639
f 4797/4692/2685 4795/4644/2685 4794/4695/2685
f 4734/4696/2686 4793/4694/2686 4772/4697/2686
f 4772/4697/2687 4794/4695/2687 4773/4698/2687
f 4794/4695/2682 4774/4646/2682 4773/4698/2682
f 4743/4699/2688 4787/4700/2688 4744/4654/2688
f 4790/4701/2689 4788/4702/2689 4787/4700/2689
f 4788/4702/2690 4792/4637/2690 4789/4641/2690
f 4745/4703/2640 4787/4700/2640 4784/4704/2640
f 4784/4704/2691 4788/4702/2691 4785/4705/2691
f 4788/4702/2691 4786/4639/2691 4785/4705/2691
f 4739/4626/2641 4784/4704/2641 4781/4706/2641
f 4781/4706/2641 4785/4705/2641 4782/4707/2641
f 4785/4705/2640 4783/4640/2640 4782/4707/2640
f 4735/4652/2641 4790/4701/2641 4743/4699/2641
f 4777/4622/2692 4791/4708/2692 4790/4701/2692
f 4791/4708/2693 4775/4709/2693 4792/4637/2693
f 4738/4710/2694 4799/4691/2694 4740/4688/2694
f 4780/4711/2639 4800/4712/2639 4799/4691/2639
f 4800/4712/2639 4778/4713/2639 4801/4634/2639
f 4739/4626/2637 4805/4684/2637 4756/4627/2637
f 4805/4684/2637 4782/4707/2637 4806/4686/2637
f 4806/4686/2637 4783/4640/2637 4807/4628/2637
f 4753/4633/2695 4775/4709/2695 4811/4678/2695
f 4811/4678/2696 4776/4714/2696 4812/4679/2696
f 4776/4714/2635 4813/4624/2635 4812/4679/2635
f 4870/4715/2697 4815/4716/2697 4846/4717/2697
f 4842/4718/2698 4817/4719/2698 4820/4720/2698
f 4864/4721/2699 4816/4722/2699 4849/4723/2699
f 4836/4724/2700 4814/4725/2700 4823/4726/2700
f 4858/4727/2701 4814/4725/2701 4844/4728/2701
f 4816/4722/2701 4852/4729/2701 4849/4723/2701
f 4821/4730/2701 4855/4731/2701 4852/4729/2701
f 4855/4731/2701 4823/4726/2701 4858/4727/2701
f 4832/4732/2702 4816/4722/2702 4830/4733/2702
f 4832/4732/2703 4822/4734/2703 4821/4730/2703
f 4836/4724/2704 4822/4734/2704 4834/4735/2704
f 4838/4736/2705 4815/4716/2705 4826/4737/2705
f 4838/4736/2706 4819/4738/2706 4818/4739/2706
f 4842/4718/2707 4819/4738/2707 4840/4740/2707
f 4741/4741/2708 4843/4742/2708 4841/4743/2708
f 4843/4742/2653 4840/4740/2653 4841/4743/2653
f 4741/4741/2709 4839/4744/2709 4742/4745/2709
f 4839/4744/2710 4840/4740/2710 4838/4736/2710
f 4742/4745/2711 4827/4746/2711 4734/4747/2711
f 4839/4744/2712 4826/4737/2712 4827/4746/2712
f 4747/4748/2713 4837/4749/2713 4835/4750/2713
f 4837/4749/2659 4834/4735/2659 4835/4750/2659
f 4747/4748/2714 4833/4751/2714 4748/4752/2714
f 4833/4751/2715 4834/4735/2715 4832/4732/2715
f 4748/4752/2716 4831/4753/2716 4736/4754/2716
f 4833/4751/2717 4830/4733/2717 4831/4753/2717
f 4746/4755/2718 4824/4756/2718 4837/4749/2718
f 4837/4749/2719 4825/4757/2719 4836/4724/2719
f 4736/4754/2720 4861/4758/2720 4778/4759/2720
f 4831/4753/2721 4864/4721/2721 4861/4758/2721
f 4740/4760/2722 4829/4761/2722 4843/4742/2722
f 4843/4742/2723 4828/4762/2723 4842/4718/2723
f 4734/4747/2724 4867/4612/2724 4772/4763/2724
f 4827/4746/2725 4870/4715/2725 4867/4612/2725
f 4824/4756/2726 4868/4764/2726 4825/4757/2726
f 4865/4610/2727 4869/4765/2727 4868/4764/2727
f 4866/4611/2727 4870/4715/2727 4869/4765/2727
f 4732/4766/2728 4865/4610/2728 4824/4756/2728
f 4867/4612/2568 4641/4767/2568 4772/4763/2568
f 4772/4763/2729 4640/4768/2729 4773/4769/2729
f 4829/4761/2730 4862/4770/2730 4828/4762/2730
f 4859/4516/2731 4863/4771/2731 4862/4770/2731
f 4861/4758/2732 4863/4771/2732 4860/4517/2732
f 4738/4772/2733 4859/4516/2733 4829/4761/2733
f 4860/4517/2734 4665/4499/2734 4861/4758/2734
f 4861/4758/2735 4639/4500/2735 4778/4759/2735
f 4853/4773/2736 4818/4739/2736 4819/4738/2736
f 4854/4774/2737 4856/4775/2737 4853/4773/2737
f 4854/4774/2738 4858/4727/2738 4857/4776/2738
f 4820/4720/2739 4853/4773/2739 4819/4738/2739
f 4850/4777/2740 4854/4774/2740 4853/4773/2740
f 4852/4729/2741 4854/4774/2741 4851/4778/2741
f 4817/4719/2701 4850/4777/2701 4820/4720/2701
f 4847/4779/2742 4851/4778/2742 4850/4777/2742
f 4849/4723/2643 4851/4778/2643 4848/4780/2643
f 4856/4775/2701 4815/4716/2701 4818/4739/2701
f 4857/4776/2701 4846/4717/2701 4856/4775/2701
f 4857/4776/2701 4844/4728/2701 4845/4781/2701
f 4862/4770/2743 4817/4719/2743 4828/4762/2743
f 4862/4770/2743 4848/4780/2743 4847/4779/2743
f 4864/4721/2744 4848/4780/2744 4863/4771/2744
f 4868/4764/2697 4814/4725/2697 4825/4757/2697
f 4869/4765/2697 4844/4728/2697 4868/4764/2697
f 4869/4765/2697 4846/4717/2697 4845/4781/2697
f 4778/4674/2745 4634/4782/2745 4635/4508/2745
f 4780/4687/2569 4634/4782/2569 4779/4783/2569
f 4780/4784/2746 4640/4785/2746 4641/4515/2746
f 4778/4759/2747 4640/4785/2747 4779/4786/2747
f 4810/4602/2735 4633/4596/2735 4728/4595/2735
f 4773/4683/2676 4633/4596/2676 4772/4677/2676
f 4865/4610/2681 4639/4591/2681 4722/4590/2681
f 4773/4769/2729 4639/4591/2729 4774/4787/2729
f 4871/4788/2748 4877/4789/2748 4874/4790/2748
f 4883/4791/2749 4880/4792/2749 4889/4793/2749
f 4871/4794/2750 4876/4795/2750 4873/4796/2750
f 4874/4790/2751 4878/4797/2751 4875/4798/2751
f 4874/4799/2752 4895/4800/2752 4876/4795/2752
f 4872/4801/2753 4879/4802/2753 4877/4803/2753
f 4877/4803/2754 4881/4804/2754 4878/4805/2754
f 4883/4806/2755 4879/4807/2755 4880/4808/2755
f 4882/4809/2756 4881/4810/2756 4879/4807/2756
f 4886/4811/2757 4882/4812/2757 4883/4791/2757
f 4885/4813/2758 4884/4814/2758 4882/4812/2758
f 4886/4815/2759 4888/4816/2759 4885/4817/2759
f 4885/4817/2760 4890/4818/2760 4887/4819/2760
f 4889/4793/2761 4891/4820/2761 4888/4821/2761
f 4888/4821/2762 4893/4822/2762 4890/4823/2762
f 4873/4824/2763 4891/4825/2763 4892/4826/2763
f 4876/4827/2764 4893/4828/2764 4891/4825/2764
f 4893/4822/2765 4908/4829/2765 4890/4823/2765
f 4893/4828/2766 4896/4830/2766 4894/4831/2766
f 4895/4800/2767 4898/4832/2767 4896/4833/2767
f 4894/4831/2768 4897/4834/2768 4911/4835/2768
f 4896/4833/2769 4899/4836/2769 4897/4837/2769
f 4878/4838/2770 4898/4839/2770 4875/4840/2770
f 4900/4841/2771 4899/4842/2771 4898/4839/2771
f 4902/4843/2772 4901/4844/2772 4900/4845/2772
f 4881/4804/2773 4900/4845/2773 4878/4805/2773
f 4902/4846/2774 4905/4847/2774 4903/4848/2774
f 4881/4849/2775 4904/4850/2775 4902/4846/2775
f 4904/4851/2776 4907/4852/2776 4905/4853/2776
f 4884/4814/2777 4906/4854/2777 4904/4851/2777
f 4908/4855/2778 4907/4856/2778 4906/4857/2778
f 4890/4858/2779 4906/4857/2779 4887/4859/2779
f 4894/4860/2780 4909/4861/2780 4908/4829/2780
f 4909/4862/2781 4924/4863/2781 4907/4856/2781
f 4911/4864/2782 4910/4865/2782 4909/4861/2782
f 4911/4835/2783 4914/4866/2783 4912/4867/2783
f 4912/4868/2784 4927/4869/2784 4910/4865/2784
f 4912/4867/2785 4915/4870/2785 4913/4871/2785
f 4914/4872/2786 4917/4873/2786 4915/4874/2786
f 4897/4837/2787 4916/4875/2787 4914/4872/2787
f 4901/4876/2788 4916/4877/2788 4899/4842/2788
f 4918/4878/2789 4917/4879/2789 4916/4877/2789
f 4920/4880/2790 4919/4881/2790 4918/4882/2790
f 4903/4883/2791 4918/4882/2791 4901/4844/2791
f 4920/4884/2792 4923/4885/2792 4921/4886/2792
f 4903/4848/2793 4922/4887/2793 4920/4884/2793
f 4922/4888/2794 4925/4889/2794 4923/4890/2794
f 4905/4853/2795 4924/4891/2795 4922/4888/2795
f 4910/4892/2796 4925/4893/2796 4924/4863/2796
f 4927/4894/2797 4926/4895/2797 4925/4893/2797
f 4923/4890/2798 4926/4896/2798 4934/4897/2798
f 4913/4898/2799 4928/4899/2799 4927/4869/2799
f 4929/4900/2800 4930/4901/2800 4932/4902/2800
f 4913/4871/2801 4930/4903/2801 4929/4904/2801
f 4915/4874/2802 4931/4905/2802 4930/4901/2802
f 4919/4906/2803 4931/4907/2803 4917/4879/2803
f 4921/4908/2804 4932/4902/2804 4919/4881/2804
f 4921/4886/2805 4934/4909/2805 4933/4910/2805
f 4980/4911/2806 4957/4912/2806 5016/4913/2806
f 4948/4914/2807 4959/4915/2807 4973/4916/2807
f 4986/4917/2808 4961/4918/2808 5010/4919/2808
f 4954/4920/2809 4956/4921/2809 4967/4922/2809
f 4981/4923/2810 4951/4924/2810 5004/4925/2810
f 4995/4926/2811 4936/4927/2811 4954/4920/2811
f 4986/4917/2812 4952/4928/2812 4940/4929/2812
f 4989/4930/2813 4953/4931/2813 4952/4928/2813
f 4992/4932/2814 4954/4920/2814 4953/4931/2814
f 4998/4933/2815 4935/4934/2815 4977/4935/2815
f 5001/4936/2816 4949/4937/2816 4998/4933/2816
f 5004/4925/2817 4950/4938/2817 5001/4936/2817
f 4940/4929/2818 4963/4939/2818 4961/4918/2818
f 4963/4939/2819 4953/4931/2819 4965/4940/2819
f 4953/4931/2820 4967/4922/2820 4965/4940/2820
f 4938/4941/2821 4969/4942/2821 4957/4912/2821
f 4969/4942/2822 4947/4943/2822 4971/4944/2822
f 4947/4943/2823 4973/4916/2823 4971/4944/2823
f 4944/4945/2824 4974/4946/2824 4943/4947/2824
f 4972/4948/2825 4973/4916/2825 4974/4946/2825
f 4945/4949/2826 4972/4948/2826 4944/4945/2826
f 4970/4950/2827 4971/4944/2827 4972/4948/2827
f 4958/4951/2828 4945/4949/2828 4937/4952/2828
f 4957/4912/2829 4970/4950/2829 4958/4951/2829
f 4950/4953/2830 4968/4954/2830 4949/4955/2830
f 4965/4940/2831 4968/4954/2831 4966/4956/2831
f 4951/4957/2832 4966/4956/2832 4950/4953/2832
f 4964/4958/2833 4965/4940/2833 4966/4956/2833
f 4962/4959/2834 4951/4957/2834 4939/4960/2834
f 4961/4918/2835 4964/4958/2835 4962/4959/2835
f 4968/4954/2836 4935/4961/2836 4949/4955/2836
f 4967/4922/2837 4955/4962/2837 4968/4954/2837
f 5007/4963/2838 4939/4960/2838 4981/4964/2838
f 5010/4919/2839 4962/4959/2839 5007/4963/2839
f 4943/4947/2840 4960/4965/2840 4941/4966/2840
f 4974/4946/2841 4959/4915/2841 4960/4965/2841
f 5013/4967/2842 4937/4952/2842 4975/4968/2842
f 5016/4913/2843 4958/4951/2843 5013/4967/2843
f 4955/4962/2844 5014/4969/2844 5011/4970/2844
f 5014/4969/2845 5012/4971/2845 5011/4970/2845
f 5015/4972/2846 5013/4967/2846 5012/4971/2846
f 4935/4961/2847 5011/4970/2847 4977/4973/2847
f 5120/4974/2848 5011/4970/2848 5146/4975/2848
f 5146/4975/2849 5012/4971/2849 5145/4976/2849
f 4960/4965/2850 5008/4977/2850 5005/4978/2850
f 5008/4977/2851 5006/4979/2851 5005/4978/2851
f 5009/4980/2851 5007/4963/2851 5006/4979/2851
f 4941/4966/2852 5005/4978/2852 4983/4981/2852
f 5122/4982/2853 5005/4978/2853 5201/4983/2853
f 5201/4983/2854 5006/4979/2854 5202/4984/2854
f 4943/4985/2855 4999/4986/2855 4944/4987/2855
f 5002/4988/2856 5000/4989/2856 4999/4986/2856
f 5003/4990/2857 5001/4936/2857 5000/4989/2857
f 4944/4987/2858 4996/4991/2858 4945/4992/2858
f 4999/4986/2858 4997/4993/2858 4996/4991/2858
f 5000/4989/2859 4998/4933/2859 4997/4993/2859
f 4945/4992/2860 4975/4994/2860 4937/4995/2860
f 4996/4991/2861 4976/4996/2861 4975/4994/2861
f 4997/4993/2862 4977/4935/2862 4976/4996/2862
f 4947/4943/2863 4993/4997/2863 4990/4998/2863
f 4990/4998/2864 4994/4999/2864 4991/5000/2864
f 4991/5000/2865 4995/4926/2865 4992/4932/2865
f 4948/4914/2811 4990/4998/2811 4987/5001/2811
f 4987/5001/2866 4991/5000/2866 4988/5002/2866
f 4988/5002/2811 4992/4932/2811 4989/4930/2811
f 4942/5003/2867 4987/5001/2867 4984/5004/2867
f 4984/5004/2867 4988/5002/2867 4985/5005/2867
f 4985/5005/2867 4989/4930/2867 4986/4917/2867
f 4946/5006/2811 4980/4911/2811 4993/4997/2811
f 4993/4997/2811 4979/5007/2811 4994/4999/2811
f 4994/4999/2811 4978/5008/2811 4995/4926/2811
f 4941/5009/2868 5002/4988/2868 4943/4985/2868
f 4983/5010/2869 5003/4990/2869 5002/4988/2869
f 4982/5011/2870 5004/4925/2870 5003/4990/2870
f 4942/5003/2871 5008/4977/2871 4959/4915/2871
f 4984/5004/2808 5009/4980/2808 5008/4977/2808
f 4985/5005/2871 5010/4919/2871 5009/4980/2871
f 4936/4927/2872 5014/4969/2872 4956/4921/2872
f 4978/5008/2873 5015/4972/2873 5014/4969/2873
f 4979/5007/2806 5016/4913/2806 5015/4972/2806
f 5029/5012/2874 5049/5013/2874 5073/5014/2874
f 5031/5015/2875 5023/5016/2875 5045/5017/2875
f 5033/5018/2876 5052/5019/2876 5067/5020/2876
f 5028/5021/2877 5026/5022/2877 5039/5023/2877
f 5061/5024/2870 5017/5025/2870 5047/5026/2870
f 5052/5019/2878 5024/5027/2878 5055/5028/2878
f 5055/5028/2879 5025/5029/2879 5058/5030/2879
f 5058/5030/2878 5026/5022/2878 5061/5024/2878
f 5035/5031/2880 5019/5032/2880 5033/5018/2880
f 5035/5031/2881 5025/5029/2881 5024/5027/2881
f 5039/5023/2882 5025/5029/2882 5037/5033/2882
f 5041/5034/2883 5018/5035/2883 5029/5012/2883
f 5041/5034/2884 5022/5036/2884 5021/5037/2884
f 5045/5017/2885 5022/5036/2885 5043/5038/2885
f 4944/5039/2886 5046/5040/2886 5044/5041/2886
f 5046/5040/2887 5043/5038/2887 5044/5041/2887
f 4945/5042/2888 5044/5041/2888 5042/5043/2888
f 5042/5043/2889 5043/5038/2889 5041/5034/2889
f 4945/5042/2890 5030/5044/2890 4937/5045/2890
f 5042/5043/2891 5029/5012/2891 5030/5044/2891
f 4950/5046/2892 5040/5047/2892 5038/5048/2892
f 5038/5048/2893 5039/5023/2893 5037/5033/2893
f 4951/5049/2894 5038/5048/2894 5036/5050/2894
f 5036/5050/2895 5037/5033/2895 5035/5031/2895
f 4951/5049/2896 5034/5051/2896 4939/5052/2896
f 5036/5050/2897 5033/5018/2897 5034/5051/2897
f 4949/5053/2898 5027/5054/2898 5040/5047/2898
f 5040/5047/2899 5028/5021/2899 5039/5023/2899
f 4939/5052/2900 5064/5055/2900 4981/5056/2900
f 5034/5051/2901 5067/5020/2901 5064/5055/2901
f 4941/5057/2902 5046/5040/2902 4943/5058/2902
f 5032/5059/2903 5045/5017/2903 5046/5040/2903
f 4937/5045/2904 5070/5060/2904 4975/5061/2904
f 5030/5044/2905 5073/5014/2905 5070/5060/2905
f 5027/5054/2906 5071/5062/2906 5028/5021/2906
f 5069/5063/2907 5071/5062/2907 5068/5064/2907
f 5070/5060/2908 5072/5065/2908 5069/5063/2908
f 4935/5066/2909 5068/5064/2909 5027/5054/2909
f 5151/5067/2910 5070/5060/2910 5069/5063/2910
f 5150/5068/2911 5069/5063/2911 5068/5064/2911
f 5032/5059/2912 5065/5069/2912 5031/5015/2912
f 5063/5070/2913 5065/5069/2913 5062/5071/2913
f 5064/5055/2914 5066/5072/2914 5063/5070/2914
f 4941/5057/2915 5062/5071/2915 5032/5059/2915
f 5208/5073/2916 5064/5055/2916 5063/5070/2916
f 5209/5074/2917 5063/5070/2917 5062/5071/2917
f 5022/5036/2918 5059/5075/2918 5021/5037/2918
f 5056/5076/2878 5060/5077/2878 5059/5075/2878
f 5057/5078/2919 5061/5024/2919 5060/5077/2919
f 5023/5016/2920 5056/5076/2920 5022/5036/2920
f 5053/5079/2921 5057/5078/2921 5056/5076/2921
f 5054/5080/2922 5058/5030/2922 5057/5078/2922
f 5020/5081/2878 5053/5079/2878 5023/5016/2878
f 5050/5082/2878 5054/5080/2878 5053/5079/2878
f 5051/5083/2878 5055/5028/2878 5054/5080/2878
f 5021/5037/2923 5049/5013/2923 5018/5035/2923
f 5059/5075/2870 5048/5084/2870 5049/5013/2870
f 5060/5077/2923 5047/5026/2923 5048/5084/2923
f 5065/5069/2924 5020/5081/2924 5031/5015/2924
f 5066/5072/2876 5050/5082/2876 5065/5069/2876
f 5067/5020/2924 5051/5083/2924 5066/5072/2924
f 5071/5062/2874 5017/5025/2874 5028/5021/2874
f 5072/5065/2874 5047/5026/2874 5071/5062/2874
f 5073/5014/2925 5048/5084/2925 5072/5065/2925
f 5119/5085/2926 5096/5086/2926 5155/5087/2926
f 5112/5088/2927 5081/5089/2927 5098/5090/2927
f 5149/5091/2928 5079/5092/2928 5100/5093/2928
f 5093/5094/2929 5095/5095/2929 5106/5096/2929
f 5143/5097/2930 5078/5098/2930 5090/5099/2930
f 5134/5100/2931 5075/5101/2931 5093/5094/2931
f 5128/5102/2932 5079/5092/2932 5125/5103/2932
f 5131/5104/2931 5091/5105/2931 5128/5102/2931
f 5131/5104/2933 5093/5094/2933 5092/5106/2933
f 5137/5107/2934 5074/5108/2934 5116/5109/2934
f 5137/5107/2930 5089/5110/2930 5088/5111/2930
f 5140/5112/2930 5090/5099/2930 5089/5110/2930
f 5100/5093/2935 5091/5105/2935 5102/5113/2935
f 5102/5113/2936 5092/5106/2936 5104/5114/2936
f 5092/5106/2937 5106/5096/2937 5104/5114/2937
f 5077/5115/2938 5108/5116/2938 5096/5086/2938
f 5085/5117/2939 5110/5118/2939 5108/5116/2939
f 5110/5118/2940 5087/5119/2940 5112/5088/2940
f 5083/5120/2941 5113/5121/2941 5082/5122/2941
f 5111/5123/2942 5112/5088/2942 5113/5121/2942
f 5109/5124/2943 5083/5120/2943 5084/5125/2943
f 5108/5116/2944 5111/5123/2944 5109/5124/2944
f 5097/5126/2945 5084/5125/2945 5076/5127/2945
f 5096/5086/2946 5109/5124/2946 5097/5126/2946
f 5105/5128/2947 5088/5129/2947 5089/5130/2947
f 5104/5114/2948 5107/5131/2948 5105/5128/2948
f 5090/5132/2949 5105/5128/2949 5089/5130/2949
f 5103/5133/2950 5104/5114/2950 5105/5128/2950
f 5078/5134/2951 5103/5133/2951 5090/5132/2951
f 5101/5135/2952 5102/5113/2952 5103/5133/2952
f 5107/5131/2953 5074/5136/2953 5088/5129/2953
f 5107/5131/2954 5095/5095/2954 5094/5137/2954
f 5146/4975/2955 5078/5134/2955 5120/4974/2955
f 5149/5091/2956 5101/5135/2956 5146/4975/2956
f 5082/5122/2957 5099/5138/2957 5080/5139/2957
f 5113/5121/2958 5098/5090/2958 5099/5138/2958
f 5152/5140/2959 5076/5127/2959 5114/5141/2959
f 5155/5087/2960 5097/5126/2960 5152/5140/2960
f 5094/5137/2961 5153/5142/2961 5150/5068/2961
f 5153/5142/2962 5151/5067/2962 5150/5068/2962
f 5154/5143/2963 5152/5140/2963 5151/5067/2963
f 5074/5136/2964 5150/5068/2964 5116/5144/2964
f 5116/5144/2853 5068/5064/2853 4977/5145/2853
f 5115/5146/2965 4977/5145/2965 4976/5147/2965
f 5099/5138/2966 5147/5148/2966 5144/5149/2966
f 5144/5149/2967 5148/5150/2967 5145/4976/2967
f 5145/4976/2968 5149/5091/2968 5146/4975/2968
f 5080/5139/2969 5144/5149/2969 5122/5151/2969
f 5145/4976/2970 5013/4967/2970 5144/5149/2970
f 5122/5151/2971 5013/4967/2971 4975/4968/2971
f 5083/5152/2972 5141/5153/2972 5138/5154/2972
f 5138/5154/2973 5142/5155/2973 5139/5156/2973
f 5139/5156/2974 5143/5097/2974 5140/5112/2974
f 5084/5157/2975 5138/5154/2975 5135/5158/2975
f 5135/5158/2976 5139/5156/2976 5136/5159/2976
f 5136/5159/2977 5140/5112/2977 5137/5107/2977
f 5076/5160/2978 5135/5158/2978 5114/5161/2978
f 5114/5161/2979 5136/5159/2979 5115/5162/2979
f 5136/5159/2980 5116/5109/2980 5115/5162/2980
f 5085/5117/2981 5129/5163/2981 5086/5164/2981
f 5132/5165/2982 5130/5166/2982 5129/5163/2982
f 5133/5167/2983 5131/5104/2983 5130/5166/2983
f 5086/5164/2984 5126/5168/2984 5087/5119/2984
f 5126/5168/2985 5130/5166/2985 5127/5169/2985
f 5127/5169/2931 5131/5104/2931 5128/5102/2931
f 5081/5089/2986 5126/5168/2986 5123/5170/2986
f 5123/5170/2932 5127/5169/2932 5124/5171/2932
f 5127/5169/2986 5125/5103/2986 5124/5171/2986
f 5077/5115/2931 5132/5165/2931 5085/5117/2931
f 5119/5085/2931 5133/5167/2931 5132/5165/2931
f 5133/5167/2931 5117/5172/2931 5134/5100/2931
f 5080/5173/2987 5141/5153/2987 5082/5174/2987
f 5122/5175/2976 5142/5155/2976 5141/5153/2976
f 5142/5155/2930 5120/5176/2930 5143/5097/2930
f 5098/5090/2928 5123/5170/2928 5147/5148/2928
f 5147/5148/2928 5124/5171/2928 5148/5150/2928
f 5148/5150/2988 5125/5103/2988 5149/5091/2988
f 5075/5101/2989 5153/5142/2989 5095/5095/2989
f 5117/5172/2990 5154/5143/2990 5153/5142/2990
f 5118/5177/2991 5155/5087/2991 5154/5143/2991
f 5212/5178/2992 5157/5179/2992 5188/5180/2992
f 5170/5181/2993 5162/5182/2993 5184/5183/2993
f 5172/5184/2994 5191/5185/2994 5206/5186/2994
f 5178/5187/2995 5156/5188/2995 5165/5189/2995
f 5200/5190/2996 5156/5188/2996 5186/5191/2996
f 5158/5192/2996 5194/5193/2996 5191/5185/2996
f 5163/5194/2996 5197/5195/2996 5194/5193/2996
f 5164/5196/2997 5200/5190/2997 5197/5195/2997
f 5174/5197/2998 5158/5192/2998 5172/5184/2998
f 5176/5198/2999 5163/5194/2999 5174/5197/2999
f 5176/5198/3000 5165/5189/3000 5164/5196/3000
f 5168/5199/3001 5160/5200/3001 5157/5179/3001
f 5180/5201/3002 5161/5202/3002 5160/5200/3002
f 5184/5183/3003 5161/5202/3003 5182/5203/3003
f 5082/5204/3004 5183/5205/3004 5083/5206/3004
f 5185/5207/3005 5182/5203/3005 5183/5205/3005
f 5084/5208/3006 5183/5205/3006 5181/5209/3006
f 5181/5209/3007 5182/5203/3007 5180/5201/3007
f 5076/5210/3008 5181/5209/3008 5169/5211/3008
f 5169/5211/3009 5180/5201/3009 5168/5199/3009
f 5089/5212/3010 5179/5213/3010 5177/5214/3010
f 5177/5214/3011 5178/5187/3011 5176/5198/3011
f 5089/5212/3012 5175/5215/3012 5090/5216/3012
f 5177/5214/3013 5174/5197/3013 5175/5215/3013
f 5090/5216/3014 5173/5217/3014 5078/5218/3014
f 5175/5215/3015 5172/5184/3015 5173/5217/3015
f 5088/5219/3016 5166/5220/3016 5179/5213/3016
f 5179/5213/3017 5167/5221/3017 5178/5187/3017
f 5078/5218/3018 5203/5222/3018 5120/5223/3018
f 5173/5217/3019 5206/5186/3019 5203/5222/3019
f 5080/5224/3020 5185/5207/3020 5082/5204/3020
f 5185/5207/3021 5170/5181/3021 5184/5183/3021
f 5076/5210/3022 5209/5074/3022 5114/5225/3022
f 5169/5211/3023 5212/5178/3023 5209/5074/3023
f 5166/5220/3024 5210/5226/3024 5167/5221/3024
f 5207/5227/3025 5211/5228/3025 5210/5226/3025
f 5208/5073/3025 5212/5178/3025 5211/5228/3025
f 5074/5229/3026 5207/5227/3026 5166/5220/3026
f 5114/5225/2848 5062/5071/2848 4983/5230/2848
f 5115/5231/3027 4983/5230/3027 4982/5232/3027
f 5171/5233/3028 5204/5234/3028 5170/5181/3028
f 5202/4984/3029 5204/5234/3029 5201/4983/3029
f 5203/5222/3030 5205/5235/3030 5202/4984/3030
f 5080/5224/3031 5201/4983/3031 5171/5233/3031
f 5202/4984/3032 5007/4963/3032 5203/5222/3032
f 5120/5223/3033 5007/4963/3033 4981/4964/3033
f 5195/5236/3034 5160/5200/3034 5161/5202/3034
f 5195/5236/2996 5199/5237/2996 5198/5238/2996
f 5196/5239/3035 5200/5190/3035 5199/5237/3035
f 5162/5182/3036 5195/5236/3036 5161/5202/3036
f 5193/5240/2996 5195/5236/2996 5192/5241/2996
f 5194/5193/3037 5196/5239/3037 5193/5240/3037
f 5159/5242/2996 5192/5241/2996 5162/5182/2996
f 5189/5243/2996 5193/5240/2996 5192/5241/2996
f 5191/5185/2996 5193/5240/2996 5190/5244/2996
f 5198/5238/2996 5157/5179/2996 5160/5200/2996
f 5199/5237/2996 5188/5180/2996 5198/5238/2996
f 5199/5237/2996 5186/5191/2996 5187/5245/2996
f 5204/5234/3038 5159/5242/3038 5170/5181/3038
f 5205/5235/3038 5189/5243/3038 5204/5234/3038
f 5206/5186/2994 5190/5244/2994 5205/5235/2994
f 5167/5221/3039 5186/5191/3039 5156/5188/3039
f 5210/5226/2992 5187/5245/2992 5186/5191/2992
f 5211/5228/2992 5188/5180/2992 5187/5245/2992
f 5121/5246/3040 4977/4973/3040 5120/4974/3040
f 5122/5151/3041 4976/5247/3041 5121/5246/3041
f 5121/5248/3042 4983/4981/3042 5122/4982/3042
f 5120/5223/3043 4982/5249/3043 5121/5248/3043
f 5114/5141/3033 5070/5060/3033 5152/5140/3033
f 5114/5141/3044 4976/5147/3044 4975/5061/3044
f 5116/5250/2971 5064/5055/2971 5207/5227/2971
f 5116/5250/3045 4982/5232/3045 4981/5056/3045
f 5213/5251/3046 5219/5252/3046 5216/5253/3046
f 5222/5254/3047 5214/5255/3047 5215/5256/3047
f 5213/5257/3048 5218/5258/3048 5215/5259/3048
f 5216/5253/3049 5220/5260/3049 5217/5261/3049
f 5216/5262/3050 5237/5263/3050 5218/5258/3050
f 5214/5264/3051 5221/5265/3051 5219/5266/3051
f 5219/5266/3052 5223/5267/3052 5220/5268/3052
f 5222/5254/3053 5224/5269/3053 5221/5270/3053
f 5221/5270/3054 5226/5271/3054 5223/5272/3054
f 5228/5273/3055 5224/5274/3055 5225/5275/3055
f 5227/5276/3056 5226/5277/3056 5224/5274/3056
f 5228/5278/3057 5230/5279/3057 5227/5280/3057
f 5227/5280/3058 5232/5281/3058 5229/5282/3058
f 5234/5283/3059 5230/5284/3059 5231/5285/3059
f 5233/5286/3060 5232/5287/3060 5230/5284/3060
f 5215/5256/3061 5233/5288/3061 5234/5289/3061
f 5218/5290/3062 5235/5291/3062 5233/5288/3062
f 5235/5292/3063 5250/5293/3063 5232/5287/3063
f 5237/5294/3064 5236/5295/3064 5235/5291/3064
f 5237/5263/3065 5240/5296/3065 5238/5297/3065
f 5238/5298/3066 5253/5299/3066 5236/5295/3066
f 5240/5296/3067 5239/5300/3067 5238/5297/3067
f 5220/5260/3068 5240/5301/3068 5217/5261/3068
f 5240/5301/3069 5243/5302/3069 5241/5303/3069
f 5242/5304/3070 5245/5305/3070 5243/5306/3070
f 5220/5268/3071 5244/5307/3071 5242/5304/3071
f 5244/5308/3072 5247/5309/3072 5245/5310/3072
f 5223/5272/3073 5246/5311/3073 5244/5308/3073
f 5246/5312/3074 5249/5313/3074 5247/5314/3074
f 5226/5277/3075 5248/5315/3075 5246/5312/3075
f 5250/5316/3076 5249/5317/3076 5248/5318/3076
f 5232/5281/3077 5248/5318/3077 5229/5282/3077
f 5236/5319/3078 5251/5320/3078 5250/5293/3078
f 5251/5321/3079 5266/5322/3079 5249/5317/3079
f 5253/5323/3080 5252/5324/3080 5251/5320/3080
f 5239/5325/3081 5254/5326/3081 5253/5299/3081
f 5254/5327/3082 5269/5328/3082 5252/5324/3082
f 5256/5329/3083 5255/5330/3083 5254/5326/3083
f 5258/5331/3084 5257/5332/3084 5256/5333/3084
f 5241/5334/3085 5256/5333/3085 5239/5300/3085
f 5241/5303/3086 5260/5335/3086 5258/5336/3086
f 5258/5336/3087 5261/5337/3087 5259/5338/3087
f 5260/5339/3088 5263/5340/3088 5261/5341/3088
f 5243/5306/3089 5262/5342/3089 5260/5339/3089
f 5262/5343/3090 5265/5344/3090 5263/5345/3090
f 5245/5310/3091 5264/5346/3091 5262/5343/3091
f 5264/5347/3092 5267/5348/3092 5265/5349/3092
f 5247/5314/3093 5266/5350/3093 5264/5347/3093
f 5252/5351/3094 5267/5352/3094 5266/5322/3094
f 5269/5353/3095 5268/5354/3095 5267/5352/3095
f 5265/5349/3096 5268/5355/3096 5276/5356/3096
f 5255/5357/3097 5270/5358/3097 5269/5328/3097
f 5271/5359/3098 5272/5360/3098 5275/5361/3098
f 5257/5362/3099 5271/5359/3099 5255/5330/3099
f 5259/5363/3100 5272/5364/3100 5257/5332/3100
f 5259/5338/3101 5274/5365/3101 5273/5366/3101
f 5261/5341/3102 5275/5367/3102 5274/5368/3102
f 5263/5345/3103 5276/5369/3103 5275/5361/3103
f 5277/5370/3104 5284/5371/3104 5281/5372/3104
f 5505/5373/3105 5277/5374/3105 5278/5375/3105
f 5277/5376/3106 5408/5377/3106 5278/5378/3106
f 5279/5379/3107 5281/5372/3107 5283/5380/3107
f 5279/5381/3108 5280/5382/3108 5277/5376/3108
f 5281/5372/3109 5286/5383/3109 5282/5384/3109
f 5283/5380/3110 5282/5384/3110 5503/5385/3110
f 5287/5386/3111 5285/5387/3111 5284/5371/3111
f 5285/5387/3112 5286/5383/3112 5284/5371/3112
f 5287/5386/3113 5278/5388/3113 5291/5389/3113
f 5292/5390/3114 5287/5386/3114 5291/5389/3114
f 5288/5391/3115 5290/5392/3115 5287/5386/3115
f 5287/5386/3116 5428/5393/3116 5289/5394/3116
f 5293/5395/3117 5278/5388/3117 5508/5396/3117
f 5292/5397/3118 5295/5398/3118 5466/5399/3118
f 5294/5400/3119 5292/5401/3119 5291/5402/3119
f 5293/5403/3120 5296/5404/3120 5291/5405/3120
f 5368/5406/711 5291/5402/711 5293/5407/711
f 5295/5398/3121 5296/5404/3121 5301/5408/3121
f 5297/5409/3122 5301/5408/3122 5296/5404/3122
f 5300/5410/3123 5297/5411/3123 5490/5412/3123
f 5299/5413/3124 5297/5414/3124 5296/5415/3124
f 5514/5416/3125 5296/5417/3125 5300/5410/3125
f 5302/5418/3126 5298/5419/3126 5304/5420/3126
f 5307/5421/3127 5296/5415/3127 5302/5418/3127
f 5303/5422/3128 5307/5421/3128 5302/5418/3128
f 5306/5423/711 5303/5424/711 5457/5425/711
f 5305/5426/3129 5303/5427/3129 5302/5428/3129
f 5374/5429/711 5302/5430/711 5306/5423/711
f 5302/5428/3130 5508/5431/3130 5278/5378/3130
f 5305/5426/3131 5278/5378/3131 5408/5377/3131
f 5309/5432/3132 5299/5413/3132 5307/5421/3132
f 5308/5433/3133 5310/5434/3133 5307/5421/3133
f 5309/5432/3134 5310/5434/3134 5312/5435/3134
f 5311/5436/3135 5313/5437/3135 5310/5434/3135
f 5312/5435/3135 5313/5437/3135 5315/5438/3135
f 5314/5439/711 5316/5440/711 5313/5437/711
f 5313/5437/711 5318/5441/711 5315/5438/711
f 5317/5442/711 5319/5443/711 5316/5440/711
f 5316/5440/3136 5321/5444/3136 5318/5441/3136
f 5319/5443/711 5323/5445/711 5322/5446/711
f 5321/5444/3137 5322/5446/3137 5324/5447/3137
f 5322/5446/711 5326/5448/711 5325/5449/711
f 5324/5447/3138 5325/5449/3138 5327/5450/3138
f 5329/5451/3139 5325/5449/3139 5326/5448/3139
f 5328/5452/3139 5327/5450/3139 5325/5449/3139
f 5466/5399/3140 5328/5452/3140 5329/5451/3140
f 5332/5453/3141 5328/5452/3141 5295/5398/3141
f 5331/5454/3139 5327/5450/3139 5330/5455/3139
f 5333/5456/3141 5330/5455/3141 5332/5453/3141
f 5295/5398/3120 5334/5457/3120 5332/5453/3120
f 5333/5456/3142 5334/5457/3142 5335/5458/3142
f 5334/5457/3143 5337/5459/3143 5335/5458/3143
f 5334/5457/3144 5338/5460/3144 5336/5461/3144
f 5337/5459/3145 5339/5462/3145 5340/5463/3145
f 5336/5461/3145 5341/5464/3145 5339/5462/3145
f 5340/5463/3125 5342/5465/3125 5343/5466/3125
f 5341/5464/3125 5342/5465/3125 5339/5462/3125
f 5343/5466/3146 5345/5467/3146 5346/5468/3146
f 5344/5469/3147 5345/5467/3147 5342/5465/3147
f 5345/5467/3148 5349/5470/3148 5346/5468/3148
f 5345/5467/3149 5350/5471/3149 5348/5472/3149
f 5348/5472/3125 5353/5473/3125 5349/5470/3125
f 5348/5472/3125 5352/5474/3125 5351/5475/3125
f 5354/5476/3150 5352/5474/3150 5286/5383/3150
f 5354/5476/3150 5353/5473/3150 5351/5475/3150
f 5285/5387/3112 5355/5477/3112 5354/5476/3112
f 5358/5478/3151 5355/5477/3151 5357/5479/3151
f 5356/5480/3150 5353/5473/3150 5355/5477/3150
f 5535/5481/3152 5357/5479/3152 5359/5482/3152
f 5360/5483/3111 5285/5387/3111 5289/5394/3111
f 5360/5483/3127 5359/5482/3127 5357/5479/3127
f 5362/5484/3153 5361/5485/3153 5360/5483/3153
f 5360/5483/3154 5365/5486/3154 5363/5487/3154
f 5289/5394/3116 5362/5484/3116 5360/5483/3116
f 5363/5488/3155 5298/5489/3155 5293/5403/3155
f 5333/5456/3131 5364/5490/3131 5363/5488/3131
f 5365/5491/3156 5333/5456/3156 5363/5488/3156
f 5365/5492/711 5366/5493/711 5363/5494/711
f 5293/5395/3157 5359/5482/3157 5363/5487/3157
f 5363/5494/711 5368/5406/711 5293/5407/711
f 5367/5495/3158 5369/5496/3158 5366/5493/3158
f 5366/5493/711 5371/5497/711 5368/5406/711
f 5373/5498/3159 5369/5496/3159 5370/5499/3159
f 5372/5500/3160 5371/5497/3160 5369/5496/3160
f 5376/5501/3119 5372/5500/3119 5373/5498/3119
f 5375/5502/3161 5374/5429/3161 5372/5500/3161
f 5376/5503/3162 5378/5504/3162 5379/5505/3162
f 5376/5506/3163 5377/5507/3163 5375/5508/3163
f 5304/5420/3132 5364/5509/3132 5375/5510/3132
f 5304/5511/3164 5359/5512/3164 5508/5431/3164
f 5377/5507/3121 5359/5512/3121 5375/5508/3121
f 5378/5504/3113 5364/5509/3113 5381/5513/3113
f 5379/5505/3165 5380/5514/3165 5536/5515/3165
f 5378/5504/3134 5312/5435/3134 5380/5514/3134
f 5378/5504/3132 5383/5516/3132 5309/5432/3132
f 5515/5517/3166 5381/5513/3166 5364/5509/3166
f 5382/5518/3167 5384/5519/3167 5381/5513/3167
f 5381/5513/3168 5386/5520/3168 5383/5516/3168
f 5388/5521/3169 5384/5519/3169 5385/5522/3169
f 5384/5519/3169 5389/5523/3169 5386/5520/3169
f 5388/5521/3170 5390/5524/3170 5387/5525/3170
f 5387/5525/3170 5392/5526/3170 5389/5523/3170
f 5391/5527/3170 5393/5528/3170 5390/5524/3170
f 5390/5524/3171 5395/5529/3171 5392/5526/3171
f 5397/5530/3172 5393/5528/3172 5394/5531/3172
f 5396/5532/3173 5395/5529/3173 5393/5528/3173
f 5400/5533/3170 5396/5532/3170 5397/5530/3170
f 5399/5534/3170 5398/5535/3170 5396/5532/3170
f 5399/5534/3174 5403/5536/3174 5402/5537/3174
f 5404/5538/3174 5399/5534/3174 5402/5537/3174
f 5402/5537/3175 5406/5539/3175 5405/5540/3175
f 5404/5538/3176 5405/5540/3176 5407/5541/3176
f 5405/5540/3177 5535/5542/3177 5359/5512/3177
f 5377/5507/3178 5407/5541/3178 5405/5540/3178
f 5305/5426/3178 5407/5541/3178 5409/5543/3178
f 5408/5377/3176 5404/5538/3176 5407/5541/3176
f 5411/5544/3179 5409/5543/3179 5377/5507/3179
f 5410/5545/3179 5305/5426/3179 5409/5543/3179
f 5414/5546/3180 5410/5545/3180 5411/5544/3180
f 5410/5545/3180 5415/5547/3180 5412/5548/3180
f 5414/5546/714 5416/5549/714 5413/5550/714
f 5416/5549/714 5415/5547/714 5413/5550/714
f 5417/5551/3181 5419/5552/3181 5416/5549/3181
f 5419/5552/3181 5418/5553/3181 5416/5549/3181
f 5423/5554/3182 5419/5552/3182 5420/5555/3182
f 5419/5552/3183 5424/5556/3183 5421/5557/3183
f 5427/5558/714 5422/5559/714 5423/5554/714
f 5422/5559/714 5426/5560/714 5424/5556/714
f 5426/5560/3184 5428/5393/3184 5290/5392/3184
f 5428/5393/3184 5427/5558/3184 5362/5484/3184
f 5429/5561/714 5423/5554/714 5430/5562/714
f 5362/5484/3184 5429/5561/3184 5431/5563/3184
f 5429/5561/3185 5432/5564/3185 5431/5563/3185
f 5431/5563/3186 5433/5565/3186 5361/5485/3186
f 5432/5564/3187 5435/5566/3187 5434/5567/3187
f 5433/5565/3188 5434/5567/3188 5436/5568/3188
f 5435/5566/3189 5437/5569/3189 5434/5567/3189
f 5434/5567/3190 5439/5570/3190 5436/5568/3190
f 5437/5569/3191 5441/5571/3191 5440/5572/3191
f 5439/5570/3192 5440/5572/3192 5442/5573/3192
f 5440/5572/3180 5414/5546/3180 5411/5544/3180
f 5442/5573/3193 5411/5544/3193 5377/5507/3193
f 5373/5574/3194 5442/5573/3194 5376/5506/3194
f 5441/5571/714 5417/5551/714 5414/5546/714
f 5370/5575/3195 5439/5570/3195 5373/5574/3195
f 5438/5576/714 5420/5555/714 5417/5551/714
f 5433/5565/3196 5370/5575/3196 5367/5577/3196
f 5430/5562/3197 5420/5555/3197 5435/5566/3197
f 5361/5485/3198 5367/5577/3198 5365/5486/3198
f 5443/5578/3184 5290/5392/3184 5444/5579/3184
f 5424/5556/714 5443/5578/714 5445/5580/714
f 5447/5581/3199 5443/5578/3199 5444/5579/3199
f 5446/5582/3200 5447/5581/3200 5449/5583/3200
f 5421/5557/3201 5445/5580/3201 5446/5582/3201
f 5448/5584/3202 5444/5579/3202 5288/5391/3202
f 5449/5583/3203 5448/5584/3203 5450/5585/3203
f 5451/5586/3204 5446/5582/3204 5449/5583/3204
f 5453/5587/3205 5449/5583/3205 5450/5585/3205
f 5455/5588/3206 5451/5586/3206 5454/5589/3206
f 5454/5589/3207 5453/5587/3207 5456/5590/3207
f 5415/5547/3180 5454/5589/3180 5412/5548/3180
f 5412/5548/3208 5456/5590/3208 5305/5426/3208
f 5456/5590/3209 5457/5591/3209 5303/5427/3209
f 5418/5553/714 5455/5588/714 5415/5547/714
f 5453/5587/3210 5458/5592/3210 5457/5591/3210
f 5457/5593/3211 5308/5433/3211 5303/5422/3211
f 5458/5594/3212 5459/5595/3212 5457/5593/3212
f 5467/5596/711 5457/5425/711 5458/5597/711
f 5459/5595/3213 5311/5436/3213 5308/5433/3213
f 5459/5595/3214 5462/5598/3214 5460/5599/3214
f 5458/5594/3215 5463/5600/3215 5461/5601/3215
f 5463/5600/3203 5462/5598/3203 5461/5601/3203
f 5464/5602/3216 5466/5399/3216 5463/5600/3216
f 5463/5600/3217 5329/5451/3217 5465/5603/3217
f 5465/5603/3218 5320/5604/3218 5462/5598/3218
f 5465/5603/3219 5326/5448/3219 5323/5445/3219
f 5464/5605/3220 5288/5391/3220 5292/5390/3220
f 5467/5596/711 5464/5606/711 5294/5400/711
f 5458/5592/3221 5448/5584/3221 5464/5605/3221
f 5460/5599/3222 5320/5604/3222 5317/5442/3222
f 5460/5599/3223 5314/5439/3223 5311/5436/3223
f 5371/5497/711 5294/5400/711 5368/5406/711
f 5371/5497/3158 5306/5423/3158 5467/5596/3158
f 5421/5557/714 5452/5607/714 5418/5553/714
f 5280/5382/3224 5468/5608/3224 5408/5377/3224
f 5471/5609/3174 5468/5608/3174 5469/5610/3174
f 5468/5608/3174 5401/5611/3174 5404/5538/3174
f 5472/5612/3170 5471/5609/3170 5473/5613/3170
f 5398/5535/3170 5470/5614/3170 5472/5612/3170
f 5474/5615/3225 5473/5613/3225 5475/5616/3225
f 5395/5529/3226 5472/5612/3226 5474/5615/3226
f 5474/5615/3170 5477/5617/3170 5476/5618/3170
f 5395/5529/3171 5476/5618/3171 5392/5526/3171
f 5476/5618/3170 5479/5619/3170 5478/5620/3170
f 5392/5526/3170 5478/5620/3170 5389/5523/3170
f 5478/5620/3169 5481/5621/3169 5480/5622/3169
f 5389/5523/3169 5480/5622/3169 5386/5520/3169
f 5480/5622/3227 5482/5623/3227 5299/5413/3227
f 5383/5516/3168 5480/5622/3168 5299/5413/3168
f 5479/5619/3228 5483/5624/3228 5481/5621/3228
f 5481/5621/3229 5484/5625/3229 5482/5623/3229
f 5483/5624/3230 5475/5616/3230 5485/5626/3230
f 5484/5625/3231 5485/5626/3231 5486/5627/3231
f 5475/5616/3232 5487/5628/3232 5485/5626/3232
f 5485/5626/3233 5488/5629/3233 5486/5627/3233
f 5487/5628/3234 5471/5609/3234 5469/5610/3234
f 5488/5629/3235 5469/5610/3235 5280/5382/3235
f 5489/5630/3236 5488/5629/3236 5279/5381/3236
f 5484/5625/3237 5489/5630/3237 5490/5631/3237
f 5489/5632/3238 5283/5380/3238 5492/5633/3238
f 5491/5634/3125 5279/5635/3125 5505/5373/3125
f 5489/5632/3239 5494/5636/3239 5490/5637/3239
f 5491/5634/3240 5490/5412/3240 5489/5638/3240
f 5494/5636/3241 5493/5639/3241 5495/5640/3241
f 5283/5380/3233 5493/5639/3233 5492/5633/3233
f 5490/5637/3242 5496/5641/3242 5297/5409/3242
f 5494/5636/3243 5497/5642/3243 5496/5641/3243
f 5496/5641/3244 5338/5460/3244 5301/5408/3244
f 5495/5640/3245 5498/5643/3245 5497/5642/3245
f 5497/5642/3145 5341/5464/3145 5338/5460/3145
f 5498/5643/3125 5344/5469/3125 5341/5464/3125
f 5495/5640/3246 5500/5644/3246 5499/5645/3246
f 5499/5645/3125 5347/5646/3125 5344/5469/3125
f 5503/5385/3247 5500/5644/3247 5493/5639/3247
f 5347/5646/3125 5501/5647/3125 5350/5471/3125
f 5350/5471/3125 5502/5648/3125 5352/5474/3125
f 5503/5385/3248 5502/5648/3248 5501/5647/3248
f 5282/5384/3150 5352/5474/3150 5502/5648/3150
f 5504/5649/3123 5505/5373/3123 5506/5650/3123
f 5504/5649/3123 5300/5410/3123 5491/5634/3123
f 5506/5650/3249 5278/5375/3249 5508/5651/3249
f 5359/5652/3250 5506/5650/3250 5508/5651/3250
f 5507/5653/3240 5504/5649/3240 5506/5650/3240
f 5535/5654/3240 5507/5653/3240 5359/5652/3240
f 5509/5655/3125 5510/5656/3125 5507/5653/3125
f 5513/5657/3240 5510/5656/3240 5511/5658/3240
f 5512/5659/3123 5504/5649/3123 5510/5656/3123
f 5515/5660/3240 5512/5659/3240 5513/5657/3240
f 5364/5661/3125 5514/5416/3125 5512/5659/3125
f 5513/5662/3251 5520/5663/3251 5517/5664/3251
f 5513/5665/3252 5382/5518/3252 5515/5517/3252
f 5511/5666/3253 5517/5664/3253 5519/5667/3253
f 5511/5668/3254 5516/5669/3254 5513/5665/3254
f 5517/5664/3255 5521/5670/3255 5518/5671/3255
f 5517/5664/3256 5526/5672/3256 5519/5667/3256
f 5515/5673/3257 5335/5458/3257 5520/5663/3257
f 5520/5663/3258 5337/5459/3258 5521/5670/3258
f 5337/5459/3145 5522/5674/3145 5521/5670/3145
f 5518/5671/3259 5522/5674/3259 5523/5675/3259
f 5522/5674/3125 5343/5466/3125 5523/5675/3125
f 5523/5675/3260 5346/5468/3260 5524/5676/3260
f 5518/5671/3261 5524/5676/3261 5526/5672/3261
f 5346/5468/3262 5525/5677/3262 5524/5676/3262
f 5527/5678/3263 5524/5676/3263 5525/5677/3263
f 5528/5679/3264 5526/5672/3264 5527/5678/3264
f 5527/5678/3265 5529/5680/3265 5356/5480/3265
f 5528/5679/3266 5356/5480/3266 5358/5478/3266
f 5509/5681/3267 5358/5478/3267 5535/5481/3267
f 5511/5666/3268 5528/5679/3268 5509/5681/3268
f 5349/5470/3125 5529/5680/3125 5525/5677/3125
f 5516/5669/3269 5385/5522/3269 5382/5518/3269
f 5532/5682/3256 5516/5669/3256 5531/5683/3256
f 5533/5684/3270 5511/5668/3270 5509/5685/3270
f 5533/5684/3271 5532/5682/3271 5531/5683/3271
f 5406/5539/3272 5509/5685/3272 5535/5542/3272
f 5403/5536/3273 5533/5684/3273 5406/5539/3273
f 5534/5686/3274 5394/5531/3274 5532/5682/3274
f 5400/5533/3275 5534/5686/3275 5403/5536/3275
f 5394/5531/3276 5530/5687/3276 5532/5682/3276
f 5530/5687/3277 5388/5521/3277 5385/5522/3277
f 5482/5623/3278 5490/5631/3278 5297/5414/3278
f 5536/5515/3135 5537/5688/3135 5538/5689/3135
f 5380/5514/3135 5315/5438/3135 5537/5688/3135
f 5538/5689/711 5539/5690/711 5540/5691/711
f 5537/5688/711 5318/5441/711 5539/5690/711
f 5540/5691/3279 5541/5692/3279 5542/5693/3279
f 5539/5690/3280 5321/5444/3280 5541/5692/3280
f 5541/5692/3281 5544/5694/3281 5542/5693/3281
f 5321/5444/3282 5543/5695/3282 5541/5692/3282
f 5543/5695/711 5546/5696/711 5544/5694/711
f 5324/5447/711 5545/5697/711 5543/5695/711
f 5331/5454/3139 5546/5696/3139 5545/5697/3139
f 5549/5698/3283 5546/5696/3283 5547/5699/3283
f 5548/5700/3284 5331/5454/3284 5333/5456/3284
f 5550/5701/3285 5547/5699/3285 5548/5700/3285
f 5549/5698/3286 5542/5693/3286 5544/5694/3286
f 5550/5701/3287 5551/5702/3287 5549/5698/3287
f 5553/5703/3288 5542/5693/3288 5551/5702/3288
f 5554/5704/3190 5551/5702/3190 5552/5705/3190
f 5553/5703/3289 5538/5689/3289 5540/5691/3289
f 5554/5704/3290 5536/5515/3290 5553/5703/3290
f 5373/5706/3291 5379/5505/3291 5554/5704/3291
f 5370/5707/3292 5554/5704/3292 5552/5705/3292
f 5370/5707/3293 5550/5701/3293 5367/5708/3293
f 5367/5708/3294 5548/5700/3294 5365/5491/3294
f 5603/5709/3295 5595/5710/3295 5556/5711/3295
f 5555/5712/3296 5590/5713/3296 5558/5714/3296
f 5563/5715/3297 5555/5712/3297 5559/5716/3297
f 5558/5714/3298 5560/5712/3298 5555/5712/3298
f 5559/5716/3299 5560/5712/3299 5562/5716/3299
f 5560/5712/3300 5561/5714/3300 5562/5716/3300
f 5559/5716/3301 5561/5714/3301 5558/5714/3301
f 5564/5717/3302 5565/5718/3302 5615/5719/3302
f 5566/5720/3303 5559/5716/3303 5558/5714/3303
f 5565/5718/3304 5567/5721/3304 5571/5722/3304
f 5566/5720/3305 5568/5717/3305 5564/5717/3305
f 5564/5717/3306 5570/5721/3306 5567/5721/3306
f 5568/5717/3307 5569/5723/3307 5570/5721/3307
f 5566/5720/3308 5570/5721/3308 5569/5723/3308
f 5573/5724/3309 5571/5722/3309 5572/5725/3309
f 5574/5726/3310 5567/5721/3310 5566/5720/3310
f 5579/5727/3311 5572/5728/3311 5575/5729/3311
f 5574/5726/3312 5576/5725/3312 5572/5725/3312
f 5575/5729/3313 5576/5728/3313 5578/5729/3313
f 5577/5730/3314 5578/5729/3314 5576/5728/3314
f 5574/5730/3315 5578/5729/3315 5577/5730/3315
f 5649/5731/3316 5575/5729/3316 5581/5732/3316
f 5574/5730/3170 5580/5733/3170 5575/5729/3170
f 5587/5734/3317 5580/5733/3317 5583/5735/3317
f 5580/5733/3318 5585/5736/3318 5584/5733/3318
f 5580/5733/3319 5586/5735/3319 5583/5735/3319
f 5585/5736/3320 5586/5735/3320 5584/5733/3320
f 5582/5736/3321 5586/5735/3321 5585/5736/3321
f 5594/5737/3322 5583/5735/3322 5588/5738/3322
f 5583/5735/3323 5590/5739/3323 5588/5738/3323
f 5589/5740/3324 5556/5741/3324 5595/5742/3324
f 5588/5738/3325 5592/5741/3325 5556/5741/3325
f 5590/5739/3326 5591/5738/3326 5588/5738/3326
f 5592/5741/3327 5591/5738/3327 5593/5739/3327
f 5590/5713/3328 5592/5711/3328 5593/5713/3328
f 5582/5743/3329 5574/5726/3329 5566/5720/3329
f 5594/5737/3330 5596/5744/3330 5600/5745/3330
f 5589/5740/3331 5598/5742/3331 5597/5740/3331
f 5596/5744/3332 5597/5740/3332 5599/5744/3332
f 5597/5740/3333 5598/5746/3333 5599/5744/3333
f 5596/5744/3334 5598/5747/3334 5595/5747/3334
f 5602/5748/3335 5600/5745/3335 5601/5749/3335
f 5603/5750/3336 5596/5744/3336 5595/5747/3336
f 5602/5748/3337 5604/5751/3337 5608/5752/3337
f 5601/5749/3338 5606/5750/3338 5605/5749/3338
f 5604/5751/3339 5605/5749/3339 5607/5751/3339
f 5606/5750/3340 5607/5751/3340 5605/5749/3340
f 5604/5751/3341 5606/5753/3341 5603/5753/3341
f 5610/5754/3342 5614/5755/3342 5608/5752/3342
f 5604/5751/3343 5557/5756/3343 5609/5757/3343
f 5610/5754/3344 5563/5715/3344 5615/5719/3344
f 5609/5757/3345 5612/5756/3345 5611/5757/3345
f 5563/5715/3346 5611/5757/3346 5613/5715/3346
f 5612/5756/3347 5613/5715/3347 5611/5757/3347
f 5563/5715/3348 5612/5758/3348 5557/5758/3348
f 5614/5755/3349 5616/5759/3349 5620/5760/3349
f 5610/5754/3350 5618/5719/3350 5617/5754/3350
f 5610/5754/3351 5619/5761/3351 5616/5759/3351
f 5617/5754/3352 5618/5719/3352 5619/5761/3352
f 5615/5719/3353 5619/5761/3353 5618/5719/3353
f 5621/5762/3354 5622/5763/3354 5626/5764/3354
f 5565/5718/3355 5616/5759/3355 5615/5719/3355
f 5627/5765/3356 5621/5762/3356 5571/5722/3356
f 5565/5718/3357 5623/5762/3357 5621/5762/3357
f 5571/5722/3358 5623/5762/3358 5625/5722/3358
f 5624/5718/3359 5625/5722/3359 5623/5762/3359
f 5565/5718/3360 5625/5722/3360 5624/5718/3360
f 5633/5766/3361 5622/5763/3361 5628/5767/3361
f 5627/5765/3362 5629/5763/3362 5622/5763/3362
f 5622/5763/3363 5631/5767/3363 5628/5767/3363
f 5629/5763/3364 5630/5765/3364 5631/5767/3364
f 5627/5765/3365 5631/5767/3365 5630/5765/3365
f 5650/5768/3366 5634/5769/3366 5633/5766/3366
f 5627/5765/3367 5632/5770/3367 5628/5767/3367
f 5634/5771/3368 5635/5772/3368 5633/5773/3368
f 5626/5764/3369 5636/5766/3369 5637/5764/3369
f 5635/5772/3370 5636/5773/3370 5633/5773/3370
f 5638/5772/3371 5637/5764/3371 5636/5773/3371
f 5635/5772/3372 5637/5764/3372 5638/5772/3372
f 5639/5774/3373 5635/5772/3373 5640/5775/3373
f 5635/5772/3374 5620/5760/3374 5626/5764/3374
f 5642/5776/3375 5641/5777/3375 5640/5775/3375
f 5642/5776/3376 5643/5775/3376 5644/5776/3376
f 5640/5775/3377 5645/5771/3377 5643/5775/3377
f 5644/5776/3378 5643/5775/3378 5645/5778/3378
f 5642/5776/3379 5645/5779/3379 5634/5779/3379
f 5642/5776/3380 5648/5780/3380 5646/5781/3380
f 5634/5779/3381 5647/5782/3381 5642/5776/3381
f 5647/5782/3382 5581/5732/3382 5648/5780/3382
f 5647/5782/3383 5652/5731/3383 5649/5731/3383
f 5647/5782/3384 5653/5783/3384 5651/5782/3384
f 5652/5731/3385 5651/5782/3385 5653/5783/3385
f 5649/5731/3386 5653/5784/3386 5650/5784/3386
f 5579/5727/3387 5650/5784/3387 5632/5785/3387
f 5587/5734/3388 5654/5786/3388 5648/5780/3388
f 5648/5780/3389 5656/5734/3389 5587/5734/3389
f 5581/5732/3390 5655/5780/3390 5648/5780/3390
f 5656/5734/3391 5655/5780/3391 5657/5732/3391
f 5581/5732/3392 5656/5734/3392 5657/5732/3392
f 5661/5787/3393 5654/5786/3393 5600/5745/3393
f 5654/5786/3394 5659/5737/3394 5658/5788/3394
f 5654/5786/3395 5660/5745/3395 5600/5745/3395
f 5659/5737/3396 5660/5745/3396 5658/5788/3396
f 5600/5745/3397 5659/5737/3397 5594/5737/3397
f 5646/5781/3398 5663/5787/3398 5662/5781/3398
f 5641/5777/3399 5662/5781/3399 5664/5777/3399
f 5663/5787/3400 5664/5777/3400 5662/5781/3400
f 5641/5777/3401 5663/5787/3401 5661/5787/3401
f 5661/5787/3402 5665/5789/3402 5641/5777/3402
f 5614/5755/3125 5665/5789/3125 5608/5752/3125
f 5665/5789/3403 5667/5748/3403 5666/5789/3403
f 5665/5789/3404 5668/5752/3404 5608/5752/3404
f 5667/5748/3405 5668/5752/3405 5666/5789/3405
f 5608/5752/3406 5667/5748/3406 5602/5748/3406
f 5614/5755/3407 5669/5774/3407 5639/5774/3407
f 5639/5774/3408 5671/5760/3408 5620/5760/3408
f 5670/5755/3409 5671/5760/3409 5669/5774/3409
f 5614/5755/3410 5671/5760/3410 5670/5755/3410
f 5579/5727/3411 5672/5785/3411 5673/5727/3411
f 5573/5724/3412 5672/5770/3412 5632/5770/3412
f 5674/5790/3413 5673/5727/3413 5672/5785/3413
f 5579/5727/3414 5674/5790/3414 5573/5790/3414
f 5675/5791/3415 5681/5792/3415 5676/5793/3415
f 5705/5794/711 5708/5795/711 5687/5796/711
f 5680/5797/3416 5675/5798/3416 5677/5799/3416
f 5678/5800/3417 5682/5801/3417 5681/5792/3417
f 5711/5802/3418 5678/5803/3418 5680/5797/3418
f 5676/5793/3419 5683/5804/3419 5684/5805/3419
f 5681/5792/3420 5685/5806/3420 5683/5804/3420
f 5684/5805/3421 5686/5807/3421 5687/5808/3421
f 5683/5804/3422 5688/5809/3422 5686/5807/3422
f 5686/5807/3423 5690/5810/3423 5687/5808/3423
f 5688/5809/3424 5689/5811/3424 5686/5807/3424
f 5689/5811/3425 5693/5812/3425 5690/5810/3425
f 5691/5813/3426 5692/5814/3426 5689/5811/3426
f 5692/5814/3427 5696/5815/3427 5693/5812/3427
f 5694/5816/3428 5695/5817/3428 5692/5814/3428
f 5696/5815/3429 5698/5818/3429 5699/5819/3429
f 5695/5817/3430 5700/5820/3430 5698/5818/3430
f 5699/5819/3431 5701/5821/3431 5702/5822/3431
f 5698/5818/3432 5703/5823/3432 5701/5821/3432
f 5702/5822/3433 5704/5824/3433 5705/5825/3433
f 5701/5821/3434 5706/5826/3434 5704/5824/3434
f 5704/5824/3435 5708/5827/3435 5705/5825/3435
f 5706/5826/3436 5707/5828/3436 5704/5824/3436
f 5707/5828/3437 5677/5799/3437 5708/5827/3437
f 5709/5829/3438 5680/5797/3438 5707/5828/3438
f 5732/5830/3439 5709/5829/3439 5706/5826/3439
f 5710/5831/3440 5711/5802/3440 5709/5829/3440
f 5712/5832/3441 5679/5833/3441 5711/5802/3441
f 5710/5831/3442 5713/5832/3442 5712/5832/3442
f 5712/5832/3443 5715/5834/3443 5714/5834/3443
f 5679/5835/3444 5716/5836/3444 5682/5801/3444
f 5716/5836/3445 5715/5837/3445 5717/5836/3445
f 5682/5801/3446 5718/5838/3446 5685/5806/3446
f 5718/5838/3447 5717/5836/3447 5719/5838/3447
f 5720/5839/3448 5719/5838/3448 5721/5839/3448
f 5685/5806/3449 5720/5839/3449 5688/5809/3449
f 5720/5839/3450 5723/5840/3450 5722/5840/3450
f 5720/5839/3451 5691/5813/3451 5688/5809/3451
f 5722/5840/3452 5694/5816/3452 5691/5813/3452
f 5722/5840/3453 5725/5841/3453 5724/5841/3453
f 5724/5841/3454 5697/5842/3454 5694/5816/3454
f 5724/5841/3455 5727/5843/3455 5726/5844/3455
f 5697/5842/3456 5728/5845/3456 5700/5820/3456
f 5728/5845/3457 5727/5843/3457 5729/5845/3457
f 5700/5820/3458 5730/5846/3458 5703/5823/3458
f 5730/5846/3459 5729/5845/3459 5731/5846/3459
f 5732/5830/3460 5731/5846/3460 5733/5830/3460
f 5703/5823/3461 5732/5830/3461 5706/5826/3461
f 5732/5830/3462 5735/5831/3462 5710/5831/3462
f 5733/5830/3463 5736/5847/3463 5735/5831/3463
f 5746/5848/3464 5733/5830/3464 5731/5846/3464
f 5735/5831/3465 5737/5849/3465 5713/5832/3465
f 5741/5850/714 5740/5851/714 5736/5852/714
f 5713/5832/3466 5738/5853/3466 5715/5834/3466
f 5738/5854/3467 5717/5836/3467 5715/5837/3467
f 5739/5855/3468 5719/5838/3468 5717/5836/3468
f 5740/5856/3469 5721/5839/3469 5719/5838/3469
f 5721/5839/3470 5742/5857/3470 5723/5840/3470
f 5723/5840/3471 5743/5858/3471 5725/5841/3471
f 5725/5841/3472 5744/5859/3472 5727/5843/3472
f 5744/5859/3473 5729/5845/3473 5727/5843/3473
f 5745/5860/3474 5731/5846/3474 5729/5845/3474
f 6/1/3475 27/4/3475 49/2/3475
f 27/4/3476 2/12/3476 14/5/3476
f 22/6/3477 50/10/3477 20/7/3477
f 1/9/3478 15/49/3478 50/10/3478
f 19/11/3479 51/14/3479 14/5/3479
f 3/13/3480 17/117/3480 51/14/3480
f 52/15/3481 18/69/3481 3/16/3481
f 16/18/3482 52/15/3482 19/17/3482
f 53/20/3483 13/47/3483 1/21/3483
f 21/23/3484 53/20/3484 22/22/3484
f 30/25/3485 54/29/3485 32/26/3485
f 30/25/3486 5/43/3486 23/28/3486
f 24/30/3487 5/41/3487 30/31/3487
f 31/33/3488 55/32/3488 30/31/3488
f 16/18/3489 2/19/3489 27/35/3489
f 56/36/3490 27/35/3490 6/37/3490
f 57/39/3491 28/38/3491 6/37/3491
f 24/30/3492 57/39/3492 26/40/3492
f 26/42/3493 58/44/3493 23/28/3493
f 6/1/3494 29/3/3494 58/44/3494
f 59/45/3495 31/33/3495 7/34/3495
f 13/47/3496 59/45/3496 25/46/3496
f 25/48/3497 60/50/3497 15/49/3497
f 7/27/3498 32/26/3498 60/50/3498
f 11/51/3499 45/87/3499 61/52/3499
f 43/53/3500 61/52/3500 34/54/3500
f 20/7/3501 62/57/3501 38/56/3501
f 62/57/3502 35/79/3502 8/58/3502
f 34/54/3503 63/63/3503 37/59/3503
f 60/50/3504 32/26/3504 131/60/3504
f 16/18/3505 93/114/3505 175/62/3505
f 63/63/3506 17/117/3506 3/13/3506
f 34/54/3507 61/52/3507 192/64/3507
f 36/66/3508 9/5861/3508 37/67/3508
f 64/68/3509 37/67/3509 3/16/3509
f 58/44/3510 185/89/3510 109/70/3510
f 14/5/3511 80/108/3511 172/71/3511
f 21/23/3512 4/24/3512 38/72/3512
f 65/73/3513 38/72/3513 8/74/3513
f 48/76/3514 169/142/3514 199/77/3514
f 35/79/3515 149/131/3515 209/80/3515
f 64/68/3516 18/69/3516 100/82/3516
f 13/47/3517 79/137/3517 188/84/3517
f 70/85/3518 205/106/3518 163/86/3518
f 52/15/3519 175/62/3519 100/82/3519
f 61/52/3520 45/87/3520 163/86/3520
f 58/44/3521 29/3/3521 123/88/3521
f 56/36/3522 28/38/3522 121/90/3522
f 48/76/3523 66/78/3523 46/92/3523
f 71/94/3524 47/101/3524 168/95/3524
f 36/66/3525 64/68/3525 195/83/3525
f 46/92/3526 66/78/3526 39/98/3526
f 59/45/3527 188/84/3527 130/100/3527
f 47/101/3528 12/139/3528 46/102/3528
f 46/102/3529 10/5862/3529 40/104/3529
f 70/85/3530 39/98/3530 156/105/3530
f 14/5/3531 51/14/3531 174/107/3531
f 11/109/3532 43/112/3532 68/110/3532
f 43/112/3533 9/5861/3533 36/66/3533
f 36/66/3534 150/97/3534 201/113/3534
f 16/18/3535 56/36/3535 181/91/3535
f 33/75/3536 71/94/3536 208/96/3536
f 63/63/3537 194/122/3537 99/116/3537
f 51/14/3538 17/117/3538 99/116/3538
f 68/110/3539 201/113/3539 161/118/3539
f 40/104/3540 10/5862/3540 42/119/3540
f 69/120/3541 42/119/3541 11/109/3541
f 31/33/3542 130/100/3542 180/121/3542
f 34/54/3543 139/65/3543 194/122/3543
f 50/10/3544 173/134/3544 101/123/3544
f 57/39/3545 24/30/3545 110/124/3545
f 67/103/3546 40/104/3546 157/126/3546
f 39/98/3547 70/85/3547 42/128/3547
f 55/32/3548 180/121/3548 110/124/3548
f 53/20/3549 21/23/3549 102/129/3549
f 70/85/3550 45/87/3550 11/51/3550
f 62/57/3551 193/140/3551 149/131/3551
f 69/120/3552 44/111/3552 161/118/3552
f 50/10/3553 15/49/3553 92/133/3553
f 57/39/3554 183/125/3554 121/90/3554
f 47/101/3555 67/103/3555 200/127/3555
f 32/26/3556 54/29/3556 179/135/3556
f 65/73/3557 33/75/3557 138/115/3557
f 15/49/3558 60/50/3558 189/61/3558
f 53/20/3559 176/130/3559 79/137/3559
f 33/75/3560 8/74/3560 41/138/3560
f 71/94/3561 41/138/3561 12/139/3561
f 62/57/3562 20/7/3562 101/123/3562
f 35/79/3563 72/81/3563 41/141/3563
f 69/120/3564 203/132/3564 157/126/3564
f 49/2/3565 172/71/3565 123/88/3565
f 72/81/3566 48/76/3566 12/93/3566
f 66/78/3567 199/77/3567 156/105/3567
f 72/81/3568 209/80/3568 169/142/3568
f 54/29/3569 23/28/3569 109/70/3569
f 65/73/3570 196/136/3570 102/129/3570
f 120/143/3571 171/147/3571 124/144/3571
f 73/146/3572 74/148/3572 171/147/3572
f 74/148/3573 75/165/3573 117/149/3573
f 124/144/3574 171/147/3574 117/149/3574
f 172/151/3575 80/164/3575 81/152/3575
f 123/154/3576 172/151/3576 118/153/3576
f 92/156/3577 84/222/3577 86/157/3577
f 173/158/3578 86/157/3578 85/159/3578
f 99/161/3579 98/184/3579 97/162/3579
f 174/163/3580 97/162/3580 81/152/3580
f 75/165/3581 74/148/3581 175/166/3581
f 74/148/3582 73/146/3582 100/168/3582
f 88/169/3583 87/172/3583 176/170/3583
f 87/172/3584 78/218/3584 79/173/3584
f 82/174/3585 126/177/3585 177/175/3585
f 126/177/3586 96/188/3586 103/178/3586
f 177/175/3587 103/178/3587 219/179/3587
f 118/153/3588 178/183/3588 122/182/3588
f 118/153/3589 81/152/3589 97/162/3589
f 178/183/3590 97/162/3590 98/184/3590
f 122/182/3591 178/183/3591 119/185/3591
f 179/187/3592 109/211/3592 96/188/3592
f 131/189/3593 179/187/3593 126/177/3593
f 125/190/3594 180/194/3594 130/191/3594
f 91/193/3595 110/205/3595 180/194/3595
f 117/149/3596 181/196/3596 121/195/3596
f 75/165/3597 93/167/3597 181/196/3597
f 128/200/3598 111/270/3598 226/201/3598
f 112/203/3599 91/193/3599 125/190/3599
f 182/198/3600 125/190/3600 76/192/3600
f 90/204/3601 183/206/3601 110/205/3601
f 90/204/3602 89/150/3602 121/195/3602
f 96/188/3603 95/208/3603 184/207/3603
f 94/155/3604 122/182/3604 184/207/3604
f 184/207/3605 122/182/3605 107/186/3605
f 184/207/3606 213/289/3606 219/179/3606
f 123/154/3607 94/155/3607 95/208/3607
f 109/211/3608 185/210/3608 95/208/3608
f 222/212/3609 224/291/3609 116/213/3609
f 115/145/3610 124/144/3610 186/214/3610
f 186/214/3611 124/144/3611 89/150/3611
f 186/214/3612 90/204/3612 91/193/3612
f 114/215/3613 187/216/3613 87/172/3613
f 114/215/3614 113/197/3614 129/199/3614
f 129/199/3615 76/192/3615 77/217/3615
f 187/216/3616 77/217/3616 78/218/3616
f 78/218/3617 77/217/3617 188/219/3617
f 76/192/3618 130/191/3618 188/219/3618
f 189/220/3619 131/189/3619 82/174/3619
f 189/220/3620 83/221/3620 84/222/3620
f 84/222/3621 83/221/3621 190/223/3621
f 83/221/3622 82/174/3622 132/176/3622
f 132/176/3623 105/181/3623 106/224/3623
f 86/157/3624 190/223/3624 106/224/3624
f 164/225/3625 191/227/3625 120/143/3625
f 164/225/3626 146/264/3626 159/226/3626
f 159/226/3627 134/239/3627 133/228/3627
f 191/227/3628 133/228/3628 73/146/3628
f 163/229/3629 151/253/3629 160/230/3629
f 192/231/3630 160/230/3630 140/232/3630
f 85/159/3631 144/235/3631 193/234/3631
f 144/235/3632 143/281/3632 149/236/3632
f 140/232/3633 154/238/3633 194/237/3633
f 154/238/3634 98/184/3634 99/161/3634
f 134/239/3635 150/5863/3635 195/240/3635
f 133/228/3636 195/240/3636 100/168/3636
f 88/169/3637 102/171/3637 196/241/3637
f 145/242/3638 196/241/3638 138/243/3638
f 141/245/3639 170/248/3639 197/246/3639
f 197/246/3640 216/288/3640 218/249/3640
f 166/247/3641 197/246/3641 155/250/3641
f 162/252/3642 198/254/3642 160/230/3642
f 162/252/3643 107/186/3643 119/185/3643
f 198/254/3644 119/185/3644 98/184/3644
f 160/230/3645 198/254/3645 154/238/3645
f 169/255/3646 141/245/3646 166/247/3646
f 199/256/3647 166/247/3647 153/251/3647
f 168/258/3648 200/261/3648 165/259/3648
f 200/261/3649 157/271/3649 148/262/3649
f 161/263/3650 201/265/3650 159/226/3650
f 201/265/3651 150/5863/3651 134/239/3651
f 135/260/3652 165/259/3652 202/267/3652
f 165/259/3653 148/262/3653 158/268/3653
f 128/200/3654 225/292/3654 227/269/3654
f 157/271/3655 203/5864/3655 147/272/3655
f 147/272/3656 203/5864/3656 161/263/3656
f 153/251/3657 155/250/3657 204/273/3657
f 218/249/3658 212/287/3658 204/273/3658
f 204/273/3659 108/209/3659 107/186/3659
f 204/273/3660 162/252/3660 151/253/3660
f 156/257/3661 153/251/3661 152/274/3661
f 152/274/3662 151/253/3662 163/229/3662
f 148/262/3663 147/272/3663 206/277/3663
f 206/277/3664 147/272/3664 146/264/3664
f 206/277/3665 164/225/3665 115/145/3665
f 145/242/3666 207/278/3666 114/215/3666
f 137/244/3667 136/279/3667 207/278/3667
f 136/279/3668 135/260/3668 167/266/3668
f 114/215/3669 207/278/3669 167/266/3669
f 137/244/3670 138/243/3670 208/280/3670
f 208/280/3671 168/258/3671 135/260/3671
f 143/281/3672 142/284/3672 209/282/3672
f 209/282/3673 142/284/3673 141/245/3673
f 143/281/3674 144/235/3674 210/283/3674
f 144/235/3675 85/159/3675 106/224/3675
f 106/224/3676 105/181/3676 170/248/3676
f 142/284/3677 210/283/3677 170/248/3677
f 104/285/3125 211/5865/3125 214/286/3125
f 105/181/3678 215/290/3678 216/288/3678
f 213/289/3679 184/207/3679 108/209/3679
f 105/181/3680 177/175/3680 217/180/3680
f 104/285/3681 213/289/3681 214/286/3681
f 186/214/3682 112/203/3682 226/201/3682
f 224/291/3125 220/5866/3125 111/270/3125
f 113/197/3683 221/294/3683 228/202/3683
f 225/292/3684 221/294/3684 113/197/3684
f 212/287/3685 214/286/3685 108/209/3685
f 219/179/3686 104/285/3686 127/293/3686
f 218/249/3687 216/288/3687 127/293/3687
f 116/213/3688 224/291/3688 223/276/3688
f 227/269/3689 225/292/3689 202/267/3689
f 227/269/3690 158/268/3690 206/277/3690
f 226/201/3691 112/203/3691 182/198/3691
f 272/358/312 274/361/312 340/359/312
f 274/361/313 276/363/313 345/362/313
f 276/363/314 278/365/314 350/364/314
f 278/365/315 280/367/315 355/366/315
f 280/367/316 282/369/316 360/368/316
f 282/369/317 284/371/317 365/370/317
f 284/371/318 286/373/318 370/372/318
f 286/373/319 288/5867/319 375/374/319
f 375/374/320 288/5867/320 290/375/320
f 380/376/321 290/375/321 292/377/321
f 385/378/322 292/377/322 294/379/322
f 390/380/323 294/379/323 296/381/323
f 395/382/324 296/381/324 298/383/324
f 400/384/325 298/383/325 300/385/325
f 405/386/326 300/385/326 302/387/326
f 410/388/327 302/387/327 304/389/327
f 415/390/328 304/389/328 306/391/328
f 420/392/329 306/391/329 308/393/329
f 425/394/330 308/393/330 310/395/330
f 430/396/331 310/395/331 312/397/331
f 435/398/332 312/397/332 314/399/332
f 440/400/333 314/399/333 316/401/333
f 445/402/334 316/401/334 318/403/334
f 450/404/335 318/403/335 320/405/335
f 320/405/336 322/408/336 460/407/336
f 322/408/337 324/410/337 465/409/337
f 324/410/338 326/412/338 470/411/338
f 326/412/339 328/414/339 475/413/339
f 328/414/340 330/416/340 480/415/340
f 330/416/341 332/421/341 485/417/341
f 276/5868/3692 274/5869/3692 332/5870/3692
f 274/5869/342 272/5871/342 334/5872/342
f 332/5870/413 274/5869/413 334/5872/413
f 332/5870/342 330/5873/342 276/5868/342
f 330/5873/342 328/420/342 278/419/342
f 276/5868/342 330/5873/342 278/419/342
f 328/420/342 326/5874/342 280/418/342
f 326/5874/342 324/5875/342 282/5876/342
f 280/418/342 326/5874/342 282/5876/342
f 324/5875/342 322/5877/342 286/5878/342
f 322/5877/342 320/5879/342 288/5880/342
f 320/5879/342 318/5881/342 290/5882/342
f 318/5881/342 316/5883/342 292/5884/342
f 316/5883/342 314/5885/342 292/5884/342
f 314/5885/342 312/5886/342 294/5887/342
f 292/5884/342 314/5885/342 294/5887/342
f 312/5886/342 310/5888/342 296/5889/342
f 310/5888/342 308/5890/342 298/5891/342
f 296/5889/342 310/5888/342 298/5891/342
f 308/5890/3692 306/5892/3692 302/5893/3692
f 306/5892/342 304/5894/342 302/5893/342
f 302/5893/413 300/5895/413 308/5890/413
f 300/5895/342 298/5891/342 308/5890/342
f 296/5889/342 294/5887/342 312/5886/342
f 292/5884/342 290/5882/342 318/5881/342
f 290/5882/342 288/5880/342 320/5879/342
f 288/5880/342 286/5878/342 322/5877/342
f 286/5878/342 284/5896/342 324/5875/342
f 284/5896/342 282/5876/342 324/5875/342
f 332/421/343 334/423/343 490/422/343
f 334/423/344 272/5897/344 339/424/344
f 333/5898/358 271/5899/358 273/5900/358
f 273/5900/345 275/5901/345 333/5898/345
f 275/5901/345 277/427/345 331/426/345
f 333/5898/345 275/5901/345 331/426/345
f 277/427/345 279/5902/345 327/5903/345
f 279/5902/345 281/5904/345 325/5905/345
f 281/5904/345 283/5906/345 325/5905/345
f 283/5906/345 285/5907/345 323/5908/345
f 325/5905/345 283/5906/345 323/5908/345
f 285/5907/345 287/5909/345 319/5910/345
f 287/5909/345 289/5911/345 317/5912/345
f 289/5911/345 291/5913/345 317/5912/345
f 291/5913/345 293/5914/345 315/5915/345
f 317/5912/345 291/5913/345 315/5915/345
f 293/5914/345 295/5916/345 311/5917/345
f 295/5916/345 297/5918/345 309/5919/345
f 297/5918/345 299/5920/345 309/5919/345
f 299/5920/345 301/5921/345 307/5922/345
f 309/5919/345 299/5920/345 307/5922/345
f 301/5921/3693 303/5923/3693 305/5924/3693
f 305/5924/358 307/5922/358 301/5921/358
f 309/5919/345 311/5917/345 295/5916/345
f 311/5917/345 313/5925/345 293/5914/345
f 313/5925/345 315/5915/345 293/5914/345
f 317/5912/345 319/5910/345 287/5909/345
f 319/5910/345 321/5926/345 285/5907/345
f 321/5926/345 323/5908/345 285/5907/345
f 325/5905/345 327/5903/345 279/5902/345
f 327/5903/345 329/425/345 277/427/345
f 494/428/344 335/625/344 271/429/344
f 473/431/342 613/431/342 611/432/342
f 473/431/345 468/432/345 548/433/345
f 491/434/344 338/437/344 337/435/344
f 491/434/346 490/422/346 339/424/346
f 489/438/343 494/428/343 333/430/343
f 364/440/345 570/632/345 572/441/345
f 337/442/347 342/443/347 497/443/347
f 486/444/343 491/434/343 492/436/343
f 486/444/348 485/417/348 490/422/348
f 484/446/341 489/438/341 331/439/341
f 474/448/345 469/449/345 612/449/345
f 442/451/3694 447/452/3694 539/452/3694
f 481/453/341 486/444/341 487/445/341
f 481/453/350 480/415/350 485/417/350
f 479/455/340 484/446/340 329/447/340
f 336/457/342 343/458/342 561/458/342
f 336/457/345 495/457/345 498/458/345
f 476/459/340 481/453/340 482/454/340
f 476/459/351 475/413/351 480/415/351
f 474/448/339 479/455/339 327/456/339
f 443/462/342 448/465/342 603/463/342
f 443/462/345 538/462/345 540/464/345
f 471/466/339 476/459/339 477/460/339
f 471/466/352 470/411/352 475/413/352
f 469/449/338 474/448/338 325/461/338
f 335/469/345 559/469/345 562/470/345
f 417/471/353 422/535/353 529/472/353
f 466/473/338 471/466/338 472/467/338
f 466/473/354 465/409/354 470/411/354
f 464/475/337 469/449/337 323/468/337
f 444/477/345 602/477/345 604/478/345
f 418/480/345 528/480/345 530/481/345
f 461/483/337 466/473/337 467/474/337
f 461/483/3695 460/407/3695 465/409/3695
f 459/485/336 464/475/336 321/476/336
f 418/480/3692 423/482/3692 593/482/3692
f 397/487/3696 519/558/3696 517/488/3696
f 456/490/336 461/483/336 462/484/336
f 456/490/357 455/406/357 460/407/357
f 317/492/335 454/501/335 459/485/335
f 419/493/345 592/493/345 594/494/345
f 398/495/345 393/496/345 518/496/345
f 452/498/335 451/499/335 456/490/335
f 450/404/359 455/406/359 456/490/359
f 315/500/334 449/479/334 454/501/334
f 398/495/342 583/497/342 581/502/342
f 367/503/360 372/567/360 509/504/360
f 447/452/334 446/506/334 451/499/334
f 445/402/3697 450/404/3697 451/499/3697
f 313/507/333 444/477/333 449/479/333
f 399/508/345 394/566/345 582/509/345
f 477/460/362 551/573/362 549/467/362
f 442/451/333 441/511/333 446/506/333
f 440/400/363 445/402/363 446/506/363
f 311/512/332 439/520/332 444/477/332
f 368/513/342 373/516/342 573/514/342
f 368/513/345 508/515/345 510/514/345
f 437/517/332 436/518/332 441/511/332
f 435/398/365 440/400/365 441/511/365
f 309/519/331 434/526/331 439/520/331
f 478/521/342 615/521/342 613/431/342
f 478/521/345 473/431/345 550/431/345
f 432/523/331 431/524/331 436/518/331
f 430/396/366 435/398/366 436/518/366
f 307/525/330 429/533/330 434/526/330
f 369/441/345 572/441/345 574/527/345
f 342/443/368 347/529/368 499/529/368
f 427/530/330 426/531/330 431/524/330
f 425/394/369 430/396/369 431/524/369
f 305/532/329 424/494/329 429/533/329
f 479/455/345 474/448/345 614/450/345
f 447/452/370 452/498/370 541/498/370
f 422/535/329 421/536/329 426/531/329
f 420/392/371 425/394/371 426/531/371
f 303/537/328 419/493/328 424/494/328
f 343/458/342 348/538/342 563/538/342
f 343/458/345 498/458/345 500/538/345
f 417/471/328 416/539/328 421/536/328
f 415/390/372 420/392/372 421/536/372
f 301/540/327 414/546/327 419/493/327
f 448/465/364 453/541/364 605/541/364
f 448/465/345 540/464/345 542/542/345
f 412/543/327 411/544/327 416/539/327
f 411/544/373 410/388/373 415/390/373
f 299/545/326 409/551/326 414/546/326
f 344/470/345 562/470/345 564/547/345
f 422/535/374 427/530/374 531/530/374
f 407/548/326 406/549/326 411/544/326
f 406/549/375 405/386/375 410/388/375
f 297/550/325 404/557/325 409/551/325
f 449/479/345 604/478/345 606/552/345
f 423/482/345 530/481/345 532/553/345
f 402/554/325 401/555/325 406/549/325
f 401/555/376 400/384/376 405/386/376
f 295/556/324 399/508/324 404/557/324
f 423/482/342 428/553/342 595/553/342
f 402/554/3698 521/554/3698 519/558/3698
f 397/487/324 396/559/324 401/555/324
f 396/559/378 395/382/378 400/384/378
f 293/560/323 394/566/323 399/508/323
f 424/494/345 594/494/345 596/561/345
f 403/562/345 398/495/345 520/497/345
f 392/489/323 391/564/323 396/559/323
f 391/564/379 390/380/379 395/382/379
f 291/565/322 389/572/322 394/566/322
f 403/562/342 585/562/342 583/497/342
f 372/567/380 377/568/380 511/568/380
f 387/569/322 386/570/322 391/564/322
f 386/570/381 385/378/381 390/380/381
f 289/571/321 384/577/321 389/572/321
f 404/557/345 399/508/345 584/510/345
f 482/454/382 553/454/382 551/573/382
f 382/574/321 381/575/321 386/570/321
f 381/575/3699 380/376/3699 385/378/3699
f 287/576/320 379/584/320 384/577/320
f 373/516/342 378/578/342 575/578/342
f 373/516/345 510/514/345 512/578/345
f 377/568/320 376/579/320 381/575/320
f 376/579/384 375/374/384 380/376/384
f 374/528/319 379/584/319 287/576/319
f 483/581/3692 617/581/3692 615/521/3692
f 483/581/345 478/521/345 552/522/345
f 371/582/319 376/579/319 377/568/319
f 370/372/385 375/374/385 376/579/385
f 369/441/318 374/528/318 285/580/318
f 374/528/367 574/527/367 576/584/367
f 347/529/386 352/585/386 501/585/386
f 366/586/318 371/582/318 372/567/318
f 365/370/3700 370/372/3700 371/582/3700
f 364/440/317 369/441/317 283/583/317
f 484/446/345 479/455/345 616/534/345
f 452/498/388 457/491/388 543/491/388
f 361/588/317 366/586/317 367/503/317
f 360/368/389 365/370/389 366/586/389
f 359/590/316 364/440/316 281/587/316
f 348/538/342 353/592/342 565/592/342
f 348/538/345 500/538/345 502/592/345
f 356/593/316 361/588/316 362/589/316
f 355/366/390 360/368/390 361/588/390
f 354/595/315 359/590/315 279/591/315
f 453/541/342 458/597/342 607/597/342
f 453/541/345 542/542/345 544/597/345
f 351/598/315 356/593/315 357/594/315
f 350/364/391 355/366/391 356/593/391
f 349/547/314 354/595/314 277/596/314
f 349/547/345 564/547/345 566/595/345
f 427/530/392 432/523/392 533/523/392
f 346/600/314 351/598/314 352/585/314
f 345/362/393 350/364/393 351/598/393
f 344/470/313 349/547/313 275/599/313
f 454/501/367 606/552/367 608/485/367
f 428/553/345 532/553/345 534/602/345
f 341/604/313 346/600/313 347/529/313
f 340/359/394 345/362/394 346/600/394
f 335/469/312 344/470/312 273/601/312
f 428/553/342 433/603/342 597/603/342
f 407/548/395 523/548/395 521/554/395
f 338/606/312 341/604/312 342/443/312
f 339/360/396 340/359/396 341/604/396
f 557/436/344 496/435/344 495/607/344
f 555/445/343 557/436/343 558/608/343
f 553/454/341 555/445/341 556/609/341
f 551/573/340 553/454/340 554/581/340
f 549/467/339 551/573/339 552/522/339
f 547/610/338 549/467/338 550/431/338
f 545/611/337 547/610/337 548/433/337
f 543/491/336 545/611/336 546/612/336
f 542/542/335 541/498/335 543/491/335
f 540/464/334 539/452/334 541/498/334
f 538/462/333 537/451/333 539/452/333
f 536/613/332 535/614/332 537/451/332
f 534/602/331 533/523/331 535/614/331
f 532/553/330 531/530/330 533/523/330
f 530/481/329 529/472/329 531/530/329
f 528/480/328 527/471/328 529/472/328
f 526/615/327 525/543/327 527/471/327
f 524/616/326 523/548/326 525/543/326
f 522/563/325 521/554/325 523/548/325
f 520/497/324 519/558/324 521/554/324
f 518/496/323 517/488/323 519/558/323
f 516/617/322 515/619/322 517/488/322
f 514/618/321 513/620/321 515/619/321
f 512/578/320 511/568/320 513/620/320
f 509/504/319 511/568/319 512/578/319
f 507/505/318 509/504/318 510/514/318
f 505/589/317 507/505/317 508/515/317
f 503/594/316 505/589/316 506/621/316
f 501/585/315 503/594/315 504/622/315
f 499/529/314 501/585/314 502/592/314
f 497/443/313 499/529/313 500/538/313
f 496/442/312 497/443/312 498/458/312
f 363/621/345 506/621/345 508/515/345
f 472/467/3701 549/467/3701 547/610/3701
f 362/589/398 367/503/398 507/505/398
f 336/607/345 493/608/345 558/608/345
f 393/496/345 388/624/345 516/617/345
f 337/435/399 496/435/399 557/436/399
f 392/489/400 517/488/400 515/619/400
f 418/480/345 413/615/345 526/615/345
f 417/471/401 527/471/401 525/543/401
f 438/623/345 536/613/345 538/462/345
f 437/517/402 442/451/402 537/451/402
f 468/432/345 463/612/345 546/612/345
f 358/622/345 504/622/345 506/621/345
f 467/474/403 547/610/403 545/611/403
f 357/594/3702 362/589/3702 505/589/3702
f 493/608/345 488/609/345 556/609/345
f 388/624/345 383/618/345 514/618/345
f 492/436/405 557/436/405 555/445/405
f 387/569/406 515/619/406 513/620/406
f 413/615/345 408/616/345 524/616/345
f 412/543/407 525/543/407 523/548/407
f 433/603/345 534/602/345 536/613/345
f 432/523/408 437/517/408 535/614/408
f 463/612/345 458/597/345 544/597/345
f 353/592/345 502/592/345 504/622/345
f 462/484/409 545/611/409 543/491/409
f 352/585/3703 357/594/3703 503/594/3703
f 488/609/345 483/581/345 554/581/345
f 383/618/345 378/578/345 512/578/345
f 487/445/411 555/445/411 553/454/411
f 382/574/412 513/620/412 511/568/412
f 408/616/345 403/562/345 522/563/345
f 621/608/344 560/607/344 559/625/344
f 619/609/343 621/608/343 622/428/343
f 617/581/341 619/609/341 620/438/341
f 615/521/340 617/581/340 618/446/340
f 613/431/339 615/521/339 616/534/339
f 611/432/338 613/431/338 614/450/338
f 609/626/337 611/432/337 612/449/337
f 607/597/336 609/626/336 610/475/336
f 606/552/335 605/541/335 607/597/335
f 604/478/334 603/463/334 605/541/334
f 602/477/333 601/462/333 603/463/333
f 600/520/332 599/623/332 601/462/332
f 598/627/331 597/603/331 599/623/331
f 596/561/330 595/553/330 597/603/330
f 594/494/329 593/482/329 595/553/329
f 592/493/328 591/480/328 593/482/328
f 590/546/327 589/615/327 591/480/327
f 588/628/326 587/629/326 589/615/326
f 586/557/325 585/562/325 587/629/325
f 584/510/324 583/497/324 585/562/324
f 582/509/323 581/502/323 583/497/323
f 580/630/322 579/617/322 581/502/322
f 578/631/321 577/618/321 579/617/321
f 576/584/320 575/578/320 577/618/320
f 573/514/319 575/578/319 576/584/319
f 571/515/318 573/514/318 574/527/318
f 569/621/317 571/515/317 572/441/317
f 567/633/316 569/621/316 570/632/316
f 565/592/315 567/633/315 568/590/315
f 563/538/314 565/592/314 566/595/314
f 561/458/313 563/538/313 564/547/313
f 560/457/312 561/458/312 562/470/312
f 363/621/364 368/513/364 571/515/364
f 335/625/3693 494/428/3693 622/428/3693
f 394/566/345 389/572/345 580/630/345
f 336/607/342 560/607/342 621/608/342
f 393/496/342 581/502/342 579/617/342
f 419/493/345 414/546/345 590/546/345
f 418/480/342 591/480/342 589/615/342
f 439/520/345 600/520/345 602/477/345
f 438/623/342 443/462/342 601/462/342
f 469/449/367 464/475/367 610/475/367
f 359/590/345 568/590/345 570/632/345
f 468/432/342 611/432/342 609/626/342
f 358/622/342 363/621/342 569/621/342
f 494/428/345 489/438/345 620/438/345
f 389/572/367 384/577/367 578/631/367
f 493/608/342 621/608/342 619/609/342
f 388/624/364 579/617/364 577/618/364
f 414/546/345 409/551/345 588/628/345
f 413/615/342 589/615/342 587/629/342
f 434/526/345 598/627/345 600/520/345
f 433/603/342 438/623/342 599/623/342
f 464/475/345 459/485/345 608/485/345
f 354/595/345 566/595/345 568/590/345
f 463/612/364 609/626/364 607/597/364
f 353/592/342 358/622/342 567/633/342
f 489/438/345 484/446/345 618/446/345
f 384/577/345 379/584/345 576/584/345
f 488/609/342 619/609/342 617/581/342
f 383/618/342 577/618/342 575/578/342
f 409/551/345 404/557/345 586/557/345
f 408/616/342 587/629/342 585/562/342
f 429/533/345 596/561/345 598/627/345
f 980/634/414 624/5927/414 626/635/414
f 981/636/415 626/635/415 628/637/415
f 987/638/416 628/637/416 630/639/416
f 993/640/417 630/639/417 632/641/417
f 999/642/418 632/641/418 634/643/418
f 1005/644/419 634/643/419 636/645/419
f 1011/646/488 636/645/488 638/647/488
f 1017/648/421 638/647/421 640/649/421
f 640/649/422 642/652/422 1029/651/422
f 642/652/423 644/654/423 1035/653/423
f 644/654/424 646/656/424 1041/655/424
f 646/656/425 648/658/425 1047/657/425
f 648/658/426 650/660/426 1053/659/426
f 650/660/427 652/662/427 1059/661/427
f 652/662/428 654/664/428 1065/663/428
f 654/664/429 656/666/429 1071/665/429
f 656/666/430 658/668/430 1077/667/430
f 658/668/431 660/670/431 1083/669/431
f 660/670/432 662/672/432 1089/671/432
f 662/672/433 664/674/433 1095/673/433
f 664/674/434 666/676/434 1101/675/434
f 666/676/435 668/678/435 1107/677/435
f 668/678/463 670/680/463 1113/679/463
f 670/680/437 672/5928/437 1119/681/437
f 1119/681/438 672/5928/438 674/682/438
f 1125/683/439 674/682/439 676/684/439
f 1131/685/440 676/684/440 678/686/440
f 1137/687/441 678/686/441 680/688/441
f 1143/689/442 680/688/442 682/690/442
f 1149/691/443 682/690/443 684/692/443
f 628/5929/444 626/5930/444 684/5931/444
f 626/5930/444 624/5932/444 686/5933/444
f 684/5931/444 626/5930/444 686/5933/444
f 684/5931/444 682/5934/444 628/5929/444
f 682/5934/444 680/696/444 630/695/444
f 628/5929/444 682/5934/444 630/695/444
f 680/696/444 678/5935/444 632/694/444
f 678/5935/444 676/5936/444 634/5937/444
f 632/694/444 678/5935/444 634/5937/444
f 676/5936/444 674/5938/444 638/5939/444
f 674/5938/444 672/5940/444 640/5941/444
f 672/5940/444 670/5942/444 642/5943/444
f 670/5942/444 668/5944/444 644/5945/444
f 668/5944/444 666/5946/444 644/5945/444
f 666/5946/444 664/5947/444 646/5948/444
f 644/5945/444 666/5946/444 646/5948/444
f 664/5947/444 662/5949/444 648/5950/444
f 662/5949/444 660/5951/444 650/5952/444
f 648/5950/444 662/5949/444 650/5952/444
f 660/5951/444 658/5953/444 654/5954/444
f 658/5953/444 656/5955/444 654/5954/444
f 654/5954/444 652/5956/444 660/5951/444
f 652/5956/444 650/5952/444 660/5951/444
f 648/5950/444 646/5948/444 664/5947/444
f 644/5945/444 642/5943/444 670/5942/444
f 642/5943/444 640/5941/444 672/5940/444
f 640/5941/444 638/5939/444 674/5938/444
f 638/5939/444 636/5957/444 676/5936/444
f 636/5957/444 634/5937/444 676/5936/444
f 1155/693/445 684/692/445 686/697/445
f 1161/698/446 686/697/446 624/699/446
f 685/5958/447 623/5959/447 625/5960/447
f 625/5960/447 627/5961/447 685/5958/447
f 627/5961/447 629/703/447 683/702/447
f 685/5958/3704 627/5961/3704 683/702/3704
f 629/703/447 631/5962/447 679/5963/447
f 631/5962/447 633/5964/447 677/5965/447
f 633/5964/447 635/5966/447 677/5965/447
f 635/5966/447 637/5967/447 675/5968/447
f 677/5965/447 635/5966/447 675/5968/447
f 637/5967/447 639/5969/447 671/5970/447
f 639/5969/447 641/5971/447 669/5972/447
f 641/5971/447 643/5973/447 669/5972/447
f 643/5973/447 645/5974/447 667/5975/447
f 669/5972/447 643/5973/447 667/5975/447
f 645/5974/447 647/5976/447 663/5977/447
f 647/5976/447 649/5978/447 661/5979/447
f 649/5978/447 651/5980/447 661/5979/447
f 651/5980/3705 653/5981/3705 659/5982/3705
f 661/5979/447 651/5980/447 659/5982/447
f 653/5981/447 655/5983/447 657/5984/447
f 657/5984/447 659/5982/447 653/5981/447
f 661/5979/447 663/5977/447 647/5976/447
f 663/5977/447 665/5985/447 645/5974/447
f 665/5985/447 667/5975/447 645/5974/447
f 669/5972/447 671/5970/447 639/5969/447
f 671/5970/447 673/5986/447 637/5967/447
f 673/5986/447 675/5968/447 637/5967/447
f 677/5965/447 679/5963/447 631/5962/447
f 679/5963/447 681/701/447 629/703/447
f 685/704/446 846/717/446 687/705/446
f 825/707/444 965/707/444 963/708/444
f 825/707/447 820/709/447 900/709/447
f 844/711/446 843/714/446 690/712/446
f 843/714/448 842/724/448 691/715/448
f 683/716/445 841/726/445 846/717/445
f 716/718/447 922/718/447 924/719/447
f 689/720/449 694/811/449 849/721/449
f 839/722/445 838/723/445 843/714/445
f 838/723/450 837/733/450 842/724/450
f 681/725/443 836/735/443 841/726/443
f 826/727/447 821/728/447 964/728/447
f 794/729/451 799/730/451 891/730/451
f 834/731/443 833/732/443 838/723/443
f 833/732/452 832/741/452 837/733/452
f 679/734/442 831/743/442 836/735/442
f 688/736/444 695/737/444 913/737/444
f 688/736/447 847/736/447 850/738/447
f 829/739/442 828/740/442 833/732/442
f 828/740/453 827/748/453 832/741/453
f 677/742/441 826/727/441 831/743/441
f 795/744/444 800/745/444 955/745/444
f 795/744/447 890/744/447 892/745/447
f 824/746/441 823/747/441 828/740/441
f 823/747/454 822/756/454 827/748/454
f 675/749/440 821/728/440 826/727/440
f 687/750/447 911/750/447 914/751/447
f 769/752/455 774/820/455 881/753/455
f 819/754/440 818/755/440 823/747/440
f 818/755/456 817/765/456 822/756/456
f 673/757/439 816/767/439 821/728/439
f 796/758/447 954/758/447 956/759/447
f 770/760/447 880/924/447 882/761/447
f 814/763/439 813/764/439 818/755/439
f 813/764/3706 812/773/3706 817/765/3706
f 671/766/438 811/909/438 816/767/438
f 770/760/444 775/762/444 945/761/444
f 749/768/459 871/847/459 869/769/459
f 809/771/438 808/772/438 813/764/438
f 808/772/460 807/988/460 812/773/460
f 806/774/437 811/909/437 671/766/437
f 771/776/447 944/776/447 946/777/447
f 750/778/447 745/779/447 870/779/447
f 803/781/437 808/772/437 809/771/437
f 802/783/461 807/988/461 808/772/461
f 801/759/463 806/774/463 669/775/463
f 750/778/444 935/778/444 933/779/444
f 719/785/462 724/786/462 861/786/462
f 798/787/463 803/781/463 804/782/463
f 797/788/464 802/783/464 803/781/464
f 796/758/435 801/759/435 667/784/435
f 751/790/447 746/850/447 934/791/447
f 829/739/465 903/864/465 901/746/465
f 793/792/435 798/787/435 799/730/435
f 792/793/466 797/788/466 798/787/466
f 791/794/434 796/758/434 665/789/434
f 720/796/444 725/797/444 925/797/444
f 720/796/447 860/796/447 862/797/447
f 788/798/434 793/792/434 794/729/434
f 787/800/467 792/793/467 793/792/467
f 786/801/433 791/794/433 663/795/433
f 830/803/444 967/804/444 965/707/444
f 830/803/447 825/707/447 902/710/447
f 783/805/433 788/798/433 789/799/433
f 782/807/468 787/800/468 788/798/468
f 781/808/432 786/801/432 661/802/432
f 721/719/447 924/719/447 926/810/447
f 694/811/469 699/880/469 851/812/469
f 778/813/432 783/805/432 784/806/432
f 777/815/470 782/807/470 783/805/470
f 776/777/431 781/808/431 659/809/431
f 831/743/447 826/727/447 966/727/447
f 799/730/471 804/782/471 893/818/471
f 773/819/431 778/813/431 779/814/431
f 772/821/472 777/815/472 778/813/472
f 771/776/430 776/777/430 657/816/430
f 695/737/444 700/823/444 915/823/444
f 695/737/447 850/738/447 852/823/447
f 768/824/430 773/819/430 774/820/430
f 767/825/473 772/821/473 773/819/473
f 766/826/429 771/776/429 655/822/429
f 800/745/444 805/828/444 957/828/444
f 800/745/447 892/745/447 894/828/447
f 763/829/429 768/824/429 769/752/429
f 763/829/3707 762/837/3707 767/825/3707
f 761/831/428 766/826/428 653/827/428
f 696/751/447 914/751/447 916/833/447
f 774/820/475 779/814/475 883/834/475
f 758/835/428 763/829/428 764/830/428
f 758/835/476 757/844/476 762/837/476
f 756/838/427 761/831/427 651/832/427
f 801/759/447 956/759/447 958/840/447
f 775/762/447 882/761/447 884/841/447
f 753/842/427 758/835/427 759/836/427
f 753/842/477 752/849/477 757/844/477
f 751/790/426 756/838/426 649/839/426
f 775/762/444 780/841/444 947/846/444
f 754/843/478 873/843/478 871/847/478
f 748/848/426 753/842/426 754/843/426
f 748/848/479 747/854/479 752/849/479
f 746/850/425 751/790/425 647/845/425
f 776/777/447 946/777/447 948/808/447
f 755/852/447 750/778/447 872/780/447
f 743/853/425 748/848/425 749/768/425
f 743/853/481 742/860/481 747/854/481
f 741/855/424 746/850/424 645/851/424
f 755/852/444 937/852/444 935/778/444
f 724/786/482 729/873/482 863/857/482
f 738/858/424 743/853/424 744/770/424
f 738/858/483 737/867/483 742/860/483
f 736/861/423 741/855/423 643/856/423
f 756/838/447 751/790/447 936/790/447
f 834/731/484 905/920/484 903/864/484
f 733/865/423 738/858/423 739/859/423
f 733/865/3708 732/874/3708 737/867/3708
f 731/868/422 736/861/422 641/862/422
f 725/797/444 730/871/444 927/870/444
f 725/797/447 862/797/447 864/870/447
f 728/872/422 733/865/422 734/866/422
f 728/872/486 727/1070/486 732/874/486
f 637/875/421 726/810/421 731/868/421
f 835/876/444 969/876/444 967/804/444
f 835/876/447 830/803/447 904/804/447
f 724/786/421 723/878/421 728/872/421
f 722/877/487 727/1070/487 728/872/487
f 635/879/488 721/719/488 726/810/488
f 726/810/447 926/810/447 928/868/447
f 699/880/489 704/898/489 853/881/489
f 719/785/488 718/883/488 723/878/488
f 717/882/490 722/877/490 723/878/490
f 633/884/419 716/718/419 721/719/419
f 836/735/447 831/743/447 968/817/447
f 804/782/491 809/771/491 895/771/491
f 714/886/419 713/888/419 718/883/419
f 712/887/492 717/882/492 718/883/492
f 631/889/418 711/895/418 716/718/418
f 700/823/444 705/890/444 917/890/444
f 700/823/447 852/823/447 854/890/447
f 709/891/418 708/893/418 713/888/418
f 707/892/494 712/887/494 713/888/494
f 629/894/417 706/902/417 711/895/417
f 805/828/444 810/897/444 959/896/444
f 805/828/447 894/828/447 896/896/447
f 704/898/417 703/900/417 708/893/417
f 702/899/495 707/892/495 708/893/495
f 627/901/416 701/833/416 706/902/416
f 701/833/447 916/833/447 918/903/447
f 779/814/496 784/806/496 885/904/496
f 699/880/416 698/906/416 703/900/416
f 697/905/497 702/899/497 703/900/497
f 625/907/415 696/751/415 701/833/415
f 806/774/447 958/840/447 960/908/447
f 780/841/447 884/841/447 886/910/447
f 694/811/415 693/912/415 698/906/415
f 692/911/498 697/905/498 698/906/498
f 623/913/414 687/750/414 696/751/414
f 780/841/444 785/910/444 949/910/444
f 759/836/499 875/926/499 873/843/499
f 689/720/414 690/915/414 693/912/414
f 691/914/3709 692/911/3709 693/912/3709
f 910/916/446 909/711/446 848/917/446
f 908/919/445 907/722/445 909/711/445
f 906/876/443 905/920/443 907/722/443
f 904/804/442 903/864/442 905/920/442
f 902/710/441 901/746/441 903/864/441
f 900/709/440 899/754/440 901/746/440
f 898/921/439 897/922/439 899/754/439
f 896/896/438 895/771/438 897/922/438
f 893/818/437 895/771/437 896/896/437
f 891/730/463 893/818/463 894/828/463
f 889/729/435 891/730/435 892/745/435
f 887/799/434 889/729/434 890/744/434
f 885/904/433 887/799/433 888/923/433
f 883/834/432 885/904/432 886/910/432
f 881/753/431 883/834/431 884/841/431
f 879/752/430 881/753/430 882/761/430
f 877/830/429 879/752/429 880/924/429
f 875/926/428 877/830/428 878/925/428
f 873/843/427 875/926/427 876/927/427
f 871/847/426 873/843/426 874/852/426
f 869/769/425 871/847/425 872/780/425
f 867/928/424 869/769/424 870/779/424
f 865/866/423 867/928/423 868/929/423
f 863/857/422 865/866/422 866/930/422
f 862/797/421 861/786/421 863/857/421
f 860/796/488 859/785/488 861/786/488
f 858/931/419 857/886/419 859/785/419
f 856/932/418 855/933/418 857/886/418
f 854/890/417 853/881/417 855/933/417
f 852/823/416 851/812/416 853/881/416
f 850/738/415 849/721/415 851/812/415
f 847/736/414 848/720/414 849/721/414
f 715/931/447 858/931/447 860/796/447
f 824/746/501 901/746/501 899/754/501
f 714/886/502 719/785/502 859/785/502
f 688/934/447 845/936/447 910/916/447
f 745/779/447 740/937/447 868/929/447
f 689/713/503 848/917/503 909/711/503
f 744/770/504 869/769/504 867/928/504
f 770/760/447 765/938/447 878/925/447
f 769/752/505 879/752/505 877/830/505
f 790/923/447 888/923/447 890/744/447
f 789/799/506 794/729/506 889/729/506
f 820/709/447 815/939/447 898/921/447
f 710/935/447 856/932/447 858/931/447
f 819/754/507 899/754/507 897/922/507
f 709/891/508 714/886/508 857/886/508
f 845/936/447 840/940/447 908/919/447
f 740/937/447 735/930/447 866/930/447
f 844/711/509 909/711/509 907/722/509
f 739/859/510 867/928/510 865/866/510
f 765/938/447 760/941/447 876/927/447
f 764/830/511 877/830/511 875/926/511
f 785/910/447 886/910/447 888/923/447
f 784/806/512 789/799/512 887/799/512
f 815/939/447 810/897/447 896/896/447
f 705/890/447 854/890/447 856/932/447
f 814/763/513 897/922/513 895/771/513
f 704/898/514 709/891/514 855/933/514
f 840/940/447 835/876/447 906/876/447
f 735/930/447 730/871/447 864/870/447
f 839/722/515 907/722/515 905/920/515
f 734/866/516 865/866/516 863/857/516
f 760/941/447 755/852/447 874/852/447
f 974/942/446 973/916/446 912/918/446
f 972/726/445 971/919/445 973/916/445
f 970/885/443 969/876/443 971/919/443
f 968/817/442 967/804/442 969/876/442
f 966/727/441 965/707/441 967/804/441
f 964/728/440 963/708/440 965/707/440
f 962/944/439 961/921/439 963/708/439
f 960/908/438 959/896/438 961/921/438
f 957/828/437 959/896/437 960/908/437
f 955/745/463 957/828/463 958/840/463
f 953/744/435 955/745/435 956/759/435
f 951/923/434 953/744/434 954/758/434
f 949/910/433 951/923/433 952/794/433
f 947/846/432 949/910/432 950/801/432
f 945/761/431 947/846/431 948/808/431
f 943/760/430 945/761/430 946/777/430
f 941/938/429 943/760/429 944/776/429
f 939/941/428 941/938/428 942/826/428
f 937/852/427 939/941/427 940/831/427
f 935/778/426 937/852/426 938/863/426
f 933/779/425 935/778/425 936/790/425
f 931/929/424 933/779/424 934/791/424
f 929/946/423 931/929/423 932/945/423
f 927/870/422 929/946/422 930/861/422
f 926/810/421 925/797/421 927/870/421
f 924/719/420 923/796/420 925/797/420
f 922/718/419 921/931/419 923/796/419
f 920/947/418 919/935/418 921/931/418
f 918/903/417 917/890/417 919/935/417
f 916/833/416 915/823/416 917/890/416
f 914/751/415 913/737/415 915/823/415
f 911/750/414 912/736/414 913/737/414
f 715/931/444 720/796/444 923/796/444
f 687/705/447 846/717/447 974/942/447
f 746/850/447 741/855/447 932/945/447
f 688/934/444 912/918/444 973/916/444
f 745/779/444 933/779/444 931/929/444
f 771/776/447 766/826/447 942/826/447
f 770/760/444 943/760/444 941/938/444
f 791/794/447 952/794/447 954/758/447
f 790/923/444 795/744/444 953/744/444
f 821/728/447 816/767/447 962/944/447
f 711/895/447 920/947/447 922/718/447
f 820/709/444 963/708/444 961/921/444
f 710/935/444 715/931/444 921/931/444
f 846/717/447 841/726/447 972/726/447
f 741/855/447 736/861/447 930/861/447
f 845/936/444 973/916/444 971/919/444
f 740/937/444 931/929/444 929/946/444
f 766/826/447 761/831/447 940/831/447
f 765/938/444 941/938/444 939/941/444
f 786/801/447 950/801/447 952/794/447
f 785/910/444 790/923/444 951/923/444
f 816/767/447 811/909/447 960/908/447
f 706/902/447 918/903/447 920/947/447
f 815/939/444 961/921/444 959/896/444
f 705/890/444 710/935/444 919/935/444
f 841/726/447 836/735/447 970/885/447
f 736/861/447 731/868/447 928/868/447
f 840/940/444 971/919/444 969/876/444
f 735/930/444 929/946/444 927/870/444
f 761/831/447 756/838/447 938/863/447
f 760/941/444 939/941/444 937/852/444
f 781/808/447 948/808/447 950/801/447
f 842/724/446 1166/950/446 975/948/446
f 1165/949/517 976/952/517 975/948/517
f 1164/951/518 977/954/518 976/952/518
f 1164/951/446 1163/955/446 978/953/446
f 1163/955/3710 1162/957/3710 979/956/3710
f 1162/957/520 1161/698/520 980/700/520
f 837/733/445 1160/959/445 1166/950/445
f 1159/958/521 1165/949/521 1166/950/521
f 1158/960/522 1164/951/522 1165/949/522
f 1158/960/445 1157/961/445 1163/955/445
f 1157/961/523 1156/962/523 1162/957/523
f 1156/962/524 1155/693/524 1161/698/524
f 832/741/443 1154/964/443 1160/959/443
f 1153/963/525 1159/958/525 1160/959/525
f 1152/965/526 1158/960/526 1159/958/526
f 1152/965/443 1151/966/443 1157/961/443
f 1151/966/3711 1150/967/3711 1156/962/3711
f 1150/967/3712 1149/691/3712 1155/693/3712
f 827/748/442 1148/969/442 1154/964/442
f 1147/968/3713 1153/963/3713 1154/964/3713
f 1146/970/530 1152/965/530 1153/963/530
f 1146/970/442 1145/971/442 1151/966/442
f 1145/971/531 1144/972/531 1150/967/531
f 1144/972/532 1143/689/532 1149/691/532
f 822/756/441 1142/974/441 1148/969/441
f 1141/973/3714 1147/968/3714 1148/969/3714
f 1140/975/535 1146/970/535 1147/968/535
f 1140/975/441 1139/976/441 1145/971/441
f 1139/976/3715 1138/977/3715 1144/972/3715
f 1138/977/537 1137/687/537 1143/689/537
f 817/765/440 1136/979/440 1142/974/440
f 1135/978/3716 1141/973/3716 1142/974/3716
f 1134/980/3717 1140/975/3717 1141/973/3717
f 1134/980/440 1133/981/440 1139/976/440
f 1133/981/3718 1132/982/3718 1138/977/3718
f 1132/982/541 1131/685/541 1137/687/541
f 812/773/457 1130/984/457 1136/979/457
f 1129/983/542 1135/978/542 1136/979/542
f 1128/985/543 1134/980/543 1135/978/543
f 1128/985/439 1127/986/439 1133/981/439
f 1127/986/544 1126/987/544 1132/982/544
f 1126/987/545 1125/683/545 1131/685/545
f 807/988/438 1124/990/438 1130/984/438
f 1123/989/546 1129/983/546 1130/984/546
f 1122/991/547 1128/985/547 1129/983/547
f 1122/991/438 1121/992/438 1127/986/438
f 1121/992/548 1120/993/548 1126/987/548
f 1120/993/549 1119/681/549 1125/683/549
f 1118/994/437 1124/990/437 807/988/437
f 1118/994/550 1117/995/550 1123/989/550
f 1117/995/551 1116/997/551 1122/991/551
f 1115/996/437 1121/992/437 1122/991/437
f 1114/998/552 1120/993/552 1121/992/552
f 1113/679/553 1119/681/553 1120/993/553
f 1112/999/436 1118/994/436 802/783/436
f 1112/999/554 1111/1000/554 1117/995/554
f 1111/1000/555 1110/1002/555 1116/997/555
f 1109/1001/463 1115/996/463 1116/997/463
f 1108/1003/556 1114/998/556 1115/996/556
f 1107/677/557 1113/679/557 1114/998/557
f 1106/1004/435 1112/999/435 797/788/435
f 1106/1004/3719 1105/1005/3719 1111/1000/3719
f 1105/1005/3720 1104/1007/3720 1110/1002/3720
f 1103/1006/435 1109/1001/435 1110/1002/435
f 1102/1008/560 1108/1003/560 1109/1001/560
f 1101/675/561 1107/677/561 1108/1003/561
f 1100/1009/434 1106/1004/434 792/793/434
f 1100/1009/563 1099/1010/563 1105/1005/563
f 1099/1010/564 1098/1012/564 1104/1007/564
f 1097/1011/434 1103/1006/434 1104/1007/434
f 1096/1013/3721 1102/1008/3721 1103/1006/3721
f 1095/673/566 1101/675/566 1102/1008/566
f 1094/1014/433 1100/1009/433 787/800/433
f 1094/1014/567 1093/1015/567 1099/1010/567
f 1093/1015/568 1092/1017/568 1098/1012/568
f 1091/1016/433 1097/1011/433 1098/1012/433
f 1090/1018/569 1096/1013/569 1097/1011/569
f 1089/671/570 1095/673/570 1096/1013/570
f 1088/1019/432 1094/1014/432 782/807/432
f 1088/1019/571 1087/1020/571 1093/1015/571
f 1087/1020/572 1086/1022/572 1092/1017/572
f 1085/1021/432 1091/1016/432 1092/1017/432
f 1084/1023/3722 1090/1018/3722 1091/1016/3722
f 1083/669/3723 1089/671/3723 1090/1018/3723
f 1082/1024/431 1088/1019/431 777/815/431
f 1082/1024/575 1081/1025/575 1087/1020/575
f 1081/1025/576 1080/1027/576 1086/1022/576
f 1079/1026/431 1085/1021/431 1086/1022/431
f 1078/1028/577 1084/1023/577 1085/1021/577
f 1077/667/578 1083/669/578 1084/1023/578
f 1076/1029/430 1082/1024/430 772/821/430
f 1076/1029/579 1075/1030/579 1081/1025/579
f 1075/1030/580 1074/1032/580 1080/1027/580
f 1073/1031/430 1079/1026/430 1080/1027/430
f 1072/1033/3724 1078/1028/3724 1079/1026/3724
f 1071/665/582 1077/667/582 1078/1028/582
f 1070/1034/429 1076/1029/429 767/825/429
f 1069/1035/583 1075/1030/583 1076/1029/583
f 1068/1036/584 1074/1032/584 1075/1030/584
f 1067/1037/429 1073/1031/429 1074/1032/429
f 1067/1037/585 1066/1038/585 1072/1033/585
f 1066/1038/586 1065/663/586 1071/665/586
f 1064/1039/428 1070/1034/428 762/837/428
f 1063/1040/587 1069/1035/587 1070/1034/587
f 1062/1041/588 1068/1036/588 1069/1035/588
f 1061/1042/428 1067/1037/428 1068/1036/428
f 1061/1042/589 1060/1043/589 1066/1038/589
f 1060/1043/590 1059/661/590 1065/663/590
f 1058/1044/427 1064/1039/427 757/844/427
f 1057/1045/591 1063/1040/591 1064/1039/591
f 1056/1046/592 1062/1041/592 1063/1040/592
f 1055/1047/427 1061/1042/427 1062/1041/427
f 1055/1047/593 1054/1048/593 1060/1043/593
f 1054/1048/594 1053/659/594 1059/661/594
f 1052/1049/426 1058/1044/426 752/849/426
f 1051/1050/595 1057/1045/595 1058/1044/595
f 1050/1051/596 1056/1046/596 1057/1045/596
f 1049/1052/426 1055/1047/426 1056/1046/426
f 1049/1052/597 1048/1053/597 1054/1048/597
f 1048/1053/598 1047/657/598 1053/659/598
f 1046/1054/425 1052/1049/425 747/854/425
f 1045/1055/599 1051/1050/599 1052/1049/599
f 1044/1056/600 1050/1051/600 1051/1050/600
f 1043/1057/425 1049/1052/425 1050/1051/425
f 1043/1057/601 1042/1058/601 1048/1053/601
f 1042/1058/602 1041/655/602 1047/657/602
f 1040/1059/424 1046/1054/424 742/860/424
f 1039/1060/603 1045/1055/603 1046/1054/603
f 1038/1061/3725 1044/1056/3725 1045/1055/3725
f 1037/1062/424 1043/1057/424 1044/1056/424
f 1037/1062/605 1036/1063/605 1042/1058/605
f 1036/1063/606 1035/653/606 1041/655/606
f 1034/1064/423 1040/1059/423 737/867/423
f 1033/1065/607 1039/1060/607 1040/1059/607
f 1032/1066/608 1038/1061/608 1039/1060/608
f 1031/1067/423 1037/1062/423 1038/1061/423
f 1031/1067/609 1030/1068/609 1036/1063/609
f 1030/1068/610 1029/651/610 1035/653/610
f 1028/1069/422 1034/1064/422 732/874/422
f 1027/1071/611 1033/1065/611 1034/1064/611
f 1026/1072/612 1032/1066/612 1033/1065/612
f 1025/1073/422 1031/1067/422 1032/1066/422
f 1025/1073/613 1024/1074/613 1030/1068/613
f 1024/1074/614 1023/650/614 1029/651/614
f 722/877/421 1022/1075/421 1028/1069/421
f 1022/1075/615 1021/1076/615 1027/1071/615
f 1021/1076/616 1020/1077/616 1026/1072/616
f 1020/1077/421 1019/1079/421 1025/1073/421
f 1018/1078/617 1024/1074/617 1025/1073/617
f 1017/648/618 1023/650/618 1024/1074/618
f 717/882/488 1016/1080/488 1022/1075/488
f 1016/1080/619 1015/1081/619 1021/1076/619
f 1015/1081/3726 1014/1082/3726 1020/1077/3726
f 1014/1082/488 1013/1084/488 1019/1079/488
f 1012/1083/621 1018/1078/621 1019/1079/621
f 1011/646/622 1017/648/622 1018/1078/622
f 712/887/419 1010/1085/419 1016/1080/419
f 1010/1085/623 1009/1086/623 1015/1081/623
f 1009/1086/3727 1008/1087/3727 1014/1082/3727
f 1008/1087/419 1007/1089/419 1013/1084/419
f 1006/1088/625 1012/1083/625 1013/1084/625
f 1005/644/626 1011/646/626 1012/1083/626
f 707/892/418 1004/1090/418 1010/1085/418
f 1004/1090/627 1003/1091/627 1009/1086/627
f 1003/1091/3728 1002/1092/3728 1008/1087/3728
f 1002/1092/418 1001/1094/418 1007/1089/418
f 1000/1093/629 1006/1088/629 1007/1089/629
f 999/642/630 1005/644/630 1006/1088/630
f 702/899/417 998/1095/417 1004/1090/417
f 998/1095/631 997/1096/631 1003/1091/631
f 997/1096/632 996/1097/632 1002/1092/632
f 996/1097/417 995/1099/417 1001/1094/417
f 994/1098/633 1000/1093/633 1001/1094/633
f 993/640/634 999/642/634 1000/1093/634
f 697/905/416 992/1100/416 998/1095/416
f 992/1100/635 991/1101/635 997/1096/635
f 991/1101/636 990/1102/636 996/1097/636
f 990/1102/416 989/1104/416 995/1099/416
f 988/1103/637 994/1098/637 995/1099/637
f 987/638/638 993/640/638 994/1098/638
f 692/911/415 986/1105/415 992/1100/415
f 986/1105/639 985/1106/639 991/1101/639
f 985/1106/640 984/1107/640 990/1102/640
f 984/1107/415 983/1109/415 989/1104/415
f 982/1108/641 988/1103/641 989/1104/641
f 981/636/642 987/638/642 988/1103/642
f 691/914/414 975/1110/414 986/1105/414
f 975/1110/643 976/1111/643 985/1106/643
f 976/1111/3729 977/1112/3729 984/1107/3729
f 977/1112/414 978/1114/414 983/1109/414
f 979/1113/645 982/1108/645 983/1109/645
f 980/634/646 981/636/646 982/1108/646
f 1189/1115/647 1170/5987/647 1168/1116/647
f 1195/1118/3730 1172/5988/3730 1170/1119/3730
f 1195/1121/3731 1201/1210/3731 1174/1122/3731
f 1201/1124/650 1207/1198/650 1176/1125/650
f 1213/1127/651 1178/5989/651 1176/1128/651
f 1219/1130/3732 1180/1133/3732 1178/1131/3732
f 1168/1139/3733 1170/1119/3733 1182/1134/3733
f 1170/1119/3734 1172/5988/3734 1180/1133/3734
f 1172/5988/3735 1174/1126/3735 1180/1133/3735
f 1174/1126/3736 1176/1125/3736 1178/1131/3736
f 1180/1133/3737 1174/1126/3737 1178/1131/3737
f 1219/1135/3738 1225/1166/3738 1182/1136/3738
f 1225/1138/655 1188/1154/655 1168/1139/655
f 1169/1211/656 1167/1143/656 1181/1145/656
f 1181/1145/656 1179/5990/656 1169/1211/656
f 1179/5990/656 1177/1142/656 1171/1141/656
f 1169/1211/656 1179/5990/656 1171/1141/656
f 1177/1142/656 1175/1188/656 1173/1140/656
f 1167/1143/657 1183/1146/657 1230/1144/657
f 1183/1146/658 1184/5991/658 1229/1147/658
f 1229/1147/659 1184/5991/659 1185/1148/659
f 1228/1149/660 1185/1148/660 1186/1150/660
f 1227/1151/661 1186/1150/661 1187/1152/661
f 1226/1153/662 1187/1152/662 1188/1154/662
f 1181/1155/3739 1230/1158/3739 1224/1156/3739
f 1230/1158/664 1229/5992/664 1223/1159/664
f 1223/1159/665 1229/5992/665 1228/1160/665
f 1222/1161/666 1228/1160/666 1227/1162/666
f 1221/1163/667 1227/1162/667 1226/1164/667
f 1220/1165/668 1226/1164/668 1225/1166/668
f 1177/1142/3740 1179/5990/3740 1224/1167/3740
f 1218/1168/670 1224/1167/670 1223/1169/670
f 1223/1169/671 1222/1172/671 1216/1171/671
f 1222/1172/672 1221/1174/672 1215/1173/672
f 1221/1174/673 1220/1176/673 1214/1175/673
f 1220/1176/674 1219/1130/674 1213/1132/674
f 1175/1177/675 1177/5993/675 1218/1178/675
f 1212/1179/676 1218/1178/676 1217/1180/676
f 1217/1180/677 1216/1183/677 1210/1182/677
f 1216/1183/678 1215/1185/678 1209/1184/678
f 1215/1185/679 1214/1187/679 1208/1186/679
f 1214/1187/680 1213/1127/680 1207/1129/680
f 1175/1188/681 1212/1190/681 1206/1189/681
f 1212/1190/682 1211/5994/682 1205/1191/682
f 1205/1191/683 1211/5994/683 1210/1192/683
f 1204/1193/684 1210/1192/684 1209/1194/684
f 1203/1195/685 1209/1194/685 1208/1196/685
f 1202/1197/686 1208/1196/686 1207/1198/686
f 1173/1199/687 1206/1202/687 1200/1200/687
f 1206/1202/688 1205/5995/688 1199/1203/688
f 1199/1203/689 1205/5995/689 1204/1204/689
f 1198/1205/690 1204/1204/690 1203/1206/690
f 1197/1207/691 1203/1206/691 1202/1208/691
f 1196/1209/692 1202/1208/692 1201/1210/692
f 1169/1211/693 1171/1141/693 1200/1212/693
f 1194/1213/694 1200/1212/694 1199/1214/694
f 1199/1214/695 1198/1217/695 1192/1216/695
f 1198/1217/696 1197/1219/696 1191/1218/696
f 1197/1219/697 1196/1221/697 1190/1220/697
f 1196/1221/698 1195/1118/698 1189/1120/698
f 1167/1222/699 1169/5996/699 1194/1223/699
f 1183/1224/700 1194/1223/700 1193/1225/700
f 1193/1225/701 1192/1228/701 1185/1227/701
f 1192/1228/702 1191/1230/702 1186/1229/702
f 1191/1230/703 1190/1232/703 1187/1231/703
f 1190/1232/704 1189/1115/704 1188/1117/704
f 1253/1233/705 1234/1253/705 1232/1234/705
f 1259/1236/706 1236/5997/706 1234/1237/706
f 1259/1239/707 1265/1328/707 1238/1240/707
f 1265/1242/708 1271/1318/708 1240/1243/708
f 1277/1245/709 1242/5998/709 1240/1246/709
f 1283/1248/710 1244/5999/710 1242/1249/710
f 1232/1234/711 1234/1253/711 1246/1252/711
f 1234/1253/711 1236/1241/711 1244/1251/711
f 1236/1241/711 1238/1240/711 1244/1251/711
f 1238/1240/711 1240/1246/711 1242/5998/711
f 1244/1251/711 1238/1240/711 1242/5998/711
f 1283/1254/712 1289/1284/712 1246/1252/712
f 1289/1255/713 1252/1272/713 1232/1256/713
f 1233/6000/714 1231/1340/714 1245/1273/714
f 1245/1273/714 1243/1275/714 1233/6000/714
f 1243/1275/714 1241/1260/714 1235/1259/714
f 1233/6000/714 1243/1275/714 1235/1259/714
f 1241/1260/714 1239/1296/714 1237/1258/714
f 1231/1261/715 1247/1264/715 1294/1262/715
f 1247/1264/716 1248/6001/716 1293/1265/716
f 1293/1265/717 1248/6001/717 1249/1266/717
f 1292/1267/718 1249/1266/718 1250/1268/718
f 1291/1269/719 1250/1268/719 1251/1270/719
f 1290/1271/720 1251/1270/720 1252/1272/720
f 1245/1273/721 1294/1276/721 1288/1274/721
f 1294/1276/722 1293/6002/722 1287/1277/722
f 1287/1277/723 1293/6002/723 1292/1278/723
f 1286/1279/724 1292/1278/724 1291/1280/724
f 1285/1281/725 1291/1280/725 1290/1282/725
f 1284/1283/726 1290/1282/726 1289/1284/726
f 1241/1285/727 1243/6003/727 1288/1286/727
f 1282/1287/728 1288/1286/728 1287/1288/728
f 1287/1288/729 1286/1291/729 1280/1290/729
f 1286/1291/730 1285/1293/730 1279/1292/730
f 1285/1293/731 1284/1295/731 1278/1294/731
f 1284/1295/732 1283/1248/732 1277/1250/732
f 1239/1296/733 1241/1260/733 1282/1297/733
f 1276/1298/734 1282/1297/734 1281/1299/734
f 1281/1299/735 1280/1302/735 1274/1301/735
f 1280/1302/736 1279/1304/736 1273/1303/736
f 1279/1304/737 1278/1306/737 1272/1305/737
f 1278/1306/738 1277/1245/738 1271/1247/738
f 1239/1307/739 1276/1310/739 1270/1308/739
f 1276/1310/740 1275/6004/740 1269/1311/740
f 1269/1311/741 1275/6004/741 1274/1312/741
f 1268/1313/742 1274/1312/742 1273/1314/742
f 1267/1315/743 1273/1314/743 1272/1316/743
f 1266/1317/744 1272/1316/744 1271/1318/744
f 1237/1258/745 1270/1320/745 1264/1319/745
f 1270/1320/746 1269/6005/746 1263/1321/746
f 1263/1321/747 1269/6005/747 1268/1322/747
f 1262/1323/748 1268/1322/748 1267/1324/748
f 1261/1325/749 1267/1324/749 1266/1326/749
f 1260/1327/750 1266/1326/750 1265/1328/750
f 1233/1329/751 1235/6006/751 1264/1330/751
f 1258/1331/752 1264/1330/752 1263/1332/752
f 1263/1332/753 1262/1335/753 1256/1334/753
f 1262/1335/754 1261/1337/754 1255/1336/754
f 1261/1337/755 1260/1339/755 1254/1338/755
f 1260/1339/756 1259/1236/756 1253/1238/756
f 1231/1340/757 1233/6000/757 1258/1341/757
f 1247/1342/758 1258/1341/758 1257/1343/758
f 1257/1343/759 1256/1346/759 1249/1345/759
f 1256/1346/760 1255/1348/760 1250/1347/760
f 1255/1348/761 1254/1350/761 1251/1349/761
f 1254/1350/762 1253/1233/762 1252/1235/762
f 1338/1414/843 1340/1417/843 1406/1415/843
f 1340/1417/844 1342/1419/844 1411/1418/844
f 1342/1419/845 1344/1421/845 1416/1420/845
f 1344/1421/846 1346/1423/846 1421/1422/846
f 1346/1423/847 1348/1425/847 1426/1424/847
f 1348/1425/848 1350/1427/848 1431/1426/848
f 1350/1427/849 1352/1429/849 1436/1428/849
f 1352/1429/850 1354/6007/850 1441/1430/850
f 1441/1430/851 1354/6007/851 1356/1431/851
f 1446/1432/852 1356/1431/852 1358/1433/852
f 1451/1434/853 1358/1433/853 1360/1435/853
f 1456/1436/854 1360/1435/854 1362/1437/854
f 1461/1438/855 1362/1437/855 1364/1439/855
f 1466/1440/856 1364/1439/856 1366/1441/856
f 1471/1442/857 1366/1441/857 1368/1443/857
f 1476/1444/858 1368/1443/858 1370/1445/858
f 1481/1446/859 1370/1445/859 1372/1447/859
f 1486/1448/860 1372/1447/860 1374/1449/860
f 1491/1450/861 1374/1449/861 1376/1451/861
f 1496/1452/862 1376/1451/862 1378/1453/862
f 1501/1454/863 1378/1453/863 1380/1455/863
f 1506/1456/864 1380/1455/864 1382/1457/864
f 1511/1458/865 1382/1457/865 1384/1459/865
f 1516/1460/866 1384/1459/866 1386/1461/866
f 1386/1461/867 1388/1464/867 1526/1463/867
f 1388/1464/868 1390/1466/868 1531/1465/868
f 1390/1466/869 1392/1468/869 1536/1467/869
f 1392/1468/870 1394/1470/870 1541/1469/870
f 1394/1470/871 1396/1472/871 1546/1471/871
f 1396/1472/872 1398/1477/872 1551/1473/872
f 1342/6008/3741 1340/6009/3741 1398/6010/3741
f 1340/6009/873 1338/6011/873 1400/6012/873
f 1398/6010/873 1340/6009/873 1400/6012/873
f 1398/6010/873 1396/6013/873 1342/6008/873
f 1396/6013/873 1394/1476/873 1344/1475/873
f 1342/6008/873 1396/6013/873 1344/1475/873
f 1394/1476/873 1392/6014/873 1346/1474/873
f 1392/6014/873 1390/6015/873 1348/6016/873
f 1346/1474/873 1392/6014/873 1348/6016/873
f 1390/6015/873 1388/6017/873 1352/6018/873
f 1388/6017/873 1386/6019/873 1354/6020/873
f 1386/6019/873 1384/6021/873 1356/6022/873
f 1384/6021/873 1382/6023/873 1358/6024/873
f 1382/6023/873 1380/6025/873 1358/6024/873
f 1380/6025/873 1378/6026/873 1360/6027/873
f 1358/6024/873 1380/6025/873 1360/6027/873
f 1378/6026/873 1376/6028/873 1362/6029/873
f 1376/6028/873 1374/6030/873 1364/6031/873
f 1362/6029/873 1376/6028/873 1364/6031/873
f 1374/6030/873 1372/6032/873 1368/6033/873
f 1372/6032/873 1370/6034/873 1368/6033/873
f 1368/6033/943 1366/6035/943 1374/6030/943
f 1366/6035/873 1364/6031/873 1374/6030/873
f 1362/6029/873 1360/6027/873 1378/6026/873
f 1358/6024/873 1356/6022/873 1384/6021/873
f 1356/6022/873 1354/6020/873 1386/6019/873
f 1354/6020/873 1352/6018/873 1388/6017/873
f 1352/6018/873 1350/6036/873 1390/6015/873
f 1350/6036/873 1348/6016/873 1390/6015/873
f 1398/1477/874 1400/1479/874 1556/1478/874
f 1400/1479/875 1338/6037/875 1405/1480/875
f 1399/6038/3742 1337/6039/3742 1339/6040/3742
f 1339/6040/876 1341/6041/876 1399/6038/876
f 1341/6041/876 1343/1483/876 1397/1482/876
f 1399/6038/876 1341/6041/876 1397/1482/876
f 1343/1483/876 1345/6042/876 1393/6043/876
f 1345/6042/876 1347/6044/876 1391/6045/876
f 1347/6044/876 1349/6046/876 1391/6045/876
f 1349/6046/876 1351/6047/876 1389/6048/876
f 1391/6045/876 1349/6046/876 1389/6048/876
f 1351/6047/876 1353/6049/876 1385/6050/876
f 1353/6049/876 1355/6051/876 1383/6052/876
f 1355/6051/876 1357/6053/876 1383/6052/876
f 1357/6053/876 1359/6054/876 1381/6055/876
f 1383/6052/876 1357/6053/876 1381/6055/876
f 1359/6054/876 1361/6056/876 1377/6057/876
f 1361/6056/876 1363/6058/876 1375/6059/876
f 1363/6058/876 1365/6060/876 1375/6059/876
f 1365/6060/876 1367/6061/876 1373/6062/876
f 1375/6059/876 1365/6060/876 1373/6062/876
f 1367/6061/889 1369/6063/889 1371/6064/889
f 1371/6064/3742 1373/6062/3742 1367/6061/3742
f 1375/6059/876 1377/6057/876 1361/6056/876
f 1377/6057/876 1379/6065/876 1359/6054/876
f 1379/6065/876 1381/6055/876 1359/6054/876
f 1383/6052/876 1385/6050/876 1353/6049/876
f 1385/6050/876 1387/6066/876 1351/6047/876
f 1387/6066/876 1389/6048/876 1351/6047/876
f 1391/6045/876 1393/6043/876 1345/6042/876
f 1393/6043/876 1395/1481/876 1343/1483/876
f 1560/1484/875 1401/1661/875 1337/1485/875
f 1539/1487/873 1679/1566/873 1677/1488/873
f 1539/1487/876 1534/1488/876 1614/1488/876
f 1557/1489/875 1404/1492/875 1403/1490/875
f 1557/1489/3743 1556/1478/3743 1405/1480/3743
f 1555/1493/874 1560/1484/874 1399/1486/874
f 1430/1495/876 1636/1663/876 1638/1496/876
f 1403/1497/878 1408/1498/878 1563/1498/878
f 1552/1499/874 1557/1489/874 1558/1491/874
f 1552/1499/879 1551/1473/879 1556/1478/879
f 1550/1501/872 1555/1493/872 1397/1494/872
f 1540/1503/876 1535/1504/876 1678/1504/876
f 1508/1505/880 1513/1506/880 1605/1506/880
f 1547/1507/872 1552/1499/872 1553/1500/872
f 1547/1507/881 1546/1471/881 1551/1473/881
f 1545/1509/871 1550/1501/871 1395/1502/871
f 1402/1511/873 1409/1512/873 1627/1512/873
f 1402/1511/876 1561/1511/876 1564/1512/876
f 1542/1513/871 1547/1507/871 1548/1508/871
f 1542/1513/882 1541/1469/882 1546/1471/882
f 1540/1503/870 1545/1509/870 1393/1510/870
f 1509/1516/873 1514/1517/873 1669/1517/873
f 1509/1516/876 1604/1516/876 1606/1517/876
f 1537/1518/870 1542/1513/870 1543/1514/870
f 1537/1518/883 1536/1467/883 1541/1469/883
f 1535/1504/869 1540/1503/869 1391/1515/869
f 1401/1521/876 1625/1521/876 1628/1522/876
f 1483/1523/884 1488/1524/884 1595/1524/884
f 1532/1525/869 1537/1518/869 1538/1519/869
f 1532/1525/3744 1531/1465/3744 1536/1467/3744
f 1530/1527/868 1535/1504/868 1389/1520/868
f 1510/1529/876 1668/1529/876 1670/1530/876
f 1484/1531/876 1594/1531/876 1596/1532/876
f 1527/1533/868 1532/1525/868 1533/1526/868
f 1527/1533/3745 1526/1463/3745 1531/1465/3745
f 1525/1535/867 1530/1527/867 1387/1528/867
f 1484/1531/3741 1489/1532/3741 1659/1532/3741
f 1463/1537/887 1585/1537/887 1583/1538/887
f 1522/1539/867 1527/1533/867 1528/1534/867
f 1522/1539/888 1521/1462/888 1526/1463/888
f 1383/1541/866 1520/1549/866 1525/1535/866
f 1485/1542/876 1658/1542/876 1660/1543/876
f 1464/1544/876 1459/1545/876 1584/1545/876
f 1518/1546/866 1517/1547/866 1522/1539/866
f 1516/1460/890 1521/1462/890 1522/1539/890
f 1381/1548/865 1515/1530/865 1520/1549/865
f 1464/1544/873 1649/1544/873 1647/1545/873
f 1433/1550/892 1438/1551/892 1575/1551/892
f 1513/1506/865 1512/1552/865 1517/1547/865
f 1511/1458/3746 1516/1460/3746 1517/1547/3746
f 1379/1553/864 1510/1529/864 1515/1530/864
f 1465/1554/876 1460/1555/876 1648/1555/876
f 1543/1514/3747 1617/1514/3747 1615/1556/3747
f 1508/1505/864 1507/1557/864 1512/1552/864
f 1506/1456/3748 1511/1458/3748 1512/1552/3748
f 1377/1558/863 1505/1564/863 1510/1529/863
f 1434/1559/873 1439/1560/873 1639/1560/873
f 1434/1559/876 1574/1559/876 1576/1560/876
f 1503/1561/863 1502/1562/863 1507/1557/863
f 1501/1454/896 1506/1456/896 1507/1557/896
f 1375/1563/862 1500/1570/862 1505/1564/862
f 1544/1565/873 1681/1565/873 1679/1566/873
f 1544/1565/876 1539/1487/876 1616/1487/876
f 1498/1567/862 1497/1568/862 1502/1562/862
f 1496/1452/897 1501/1454/897 1502/1562/897
f 1373/1569/861 1495/1576/861 1500/1570/861
f 1435/1496/876 1638/1496/876 1640/1571/876
f 1408/1498/898 1413/1621/898 1565/1572/898
f 1493/1573/861 1492/1574/861 1497/1568/861
f 1491/1450/899 1496/1452/899 1497/1568/899
f 1371/1575/860 1490/1543/860 1495/1576/860
f 1545/1509/876 1540/1503/876 1680/1503/876
f 1513/1506/900 1518/1546/900 1607/1546/900
f 1488/1524/860 1487/1577/860 1492/1574/860
f 1486/1448/901 1491/1450/901 1492/1574/901
f 1369/1578/859 1485/1542/859 1490/1543/859
f 1409/1512/873 1414/1579/873 1629/1579/873
f 1409/1512/876 1564/1512/876 1566/1580/876
f 1483/1523/859 1482/1581/859 1487/1577/859
f 1481/1446/3749 1486/1448/3749 1487/1577/3749
f 1367/1582/858 1480/1587/858 1485/1542/858
f 1514/1517/873 1519/1583/873 1671/1583/873
f 1514/1517/876 1606/1517/876 1608/1583/876
f 1478/1584/858 1477/1585/858 1482/1581/858
f 1477/1585/903 1476/1444/903 1481/1446/903
f 1365/1586/857 1475/1593/857 1480/1587/857
f 1410/1522/876 1628/1522/876 1630/1588/876
f 1488/1524/3750 1493/1573/3750 1597/1573/3750
f 1473/1590/857 1472/1591/857 1477/1585/857
f 1472/1591/905 1471/1442/905 1476/1444/905
f 1363/1592/856 1470/1598/856 1475/1593/856
f 1515/1530/876 1670/1530/876 1672/1549/876
f 1489/1532/876 1596/1532/876 1598/1594/876
f 1468/1595/856 1467/1596/856 1472/1591/856
f 1467/1596/906 1466/1440/906 1471/1442/906
f 1361/1597/855 1465/1554/855 1470/1598/855
f 1489/1532/873 1494/1594/873 1661/1594/873
f 1468/1595/3751 1587/1595/3751 1585/1537/3751
f 1463/1537/855 1462/1599/855 1467/1596/855
f 1462/1599/908 1461/1438/908 1466/1440/908
f 1359/1600/854 1460/1555/854 1465/1554/854
f 1490/1543/876 1660/1543/876 1662/1601/876
f 1469/1602/876 1464/1544/876 1586/1544/876
f 1458/1538/854 1457/1603/854 1462/1599/854
f 1457/1603/909 1456/1436/909 1461/1438/909
f 1357/1604/853 1455/1609/853 1460/1555/853
f 1469/1602/873 1651/1602/873 1649/1544/873
f 1438/1551/910 1443/1605/910 1577/1605/910
f 1453/1606/853 1452/1607/853 1457/1603/853
f 1452/1607/911 1451/1434/911 1456/1436/911
f 1355/1608/852 1450/1613/852 1455/1609/852
f 1470/1598/876 1465/1554/876 1650/1554/876
f 1548/1508/912 1619/1508/912 1617/1514/912
f 1448/1610/852 1447/1611/852 1452/1607/852
f 1447/1611/3752 1446/1432/3752 1451/1434/3752
f 1353/1612/851 1445/1620/851 1450/1613/851
f 1439/1560/891 1444/1614/891 1641/1614/891
f 1439/1560/876 1576/1560/876 1578/1614/876
f 1443/1605/851 1442/1615/851 1447/1611/851
f 1442/1615/914 1441/1430/914 1446/1432/914
f 1440/1571/850 1445/1620/850 1353/1612/850
f 1549/1617/873 1683/1617/873 1681/1565/873
f 1549/1617/876 1544/1565/876 1618/1565/876
f 1437/1618/850 1442/1615/850 1443/1605/850
f 1436/1428/915 1441/1430/915 1442/1615/915
f 1435/1496/849 1440/1571/849 1351/1616/849
f 1440/1571/876 1640/1571/876 1642/1620/876
f 1413/1621/916 1418/1622/916 1567/1622/916
f 1432/1623/849 1437/1618/849 1438/1551/849
f 1431/1426/3753 1436/1428/3753 1437/1618/3753
f 1430/1495/848 1435/1496/848 1349/1619/848
f 1550/1501/876 1545/1509/876 1682/1509/876
f 1518/1546/918 1523/1540/918 1609/1540/918
f 1427/1625/848 1432/1623/848 1433/1550/848
f 1426/1424/919 1431/1426/919 1432/1623/919
f 1425/1627/847 1430/1495/847 1347/1624/847
f 1414/1579/873 1419/1629/873 1631/1629/873
f 1414/1579/876 1566/1580/876 1568/1629/876
f 1422/1630/847 1427/1625/847 1428/1626/847
f 1421/1422/920 1426/1424/920 1427/1625/920
f 1420/1632/846 1425/1627/846 1345/1628/846
f 1519/1583/873 1524/1635/873 1673/1634/873
f 1519/1583/876 1608/1583/876 1610/1635/876
f 1417/1636/846 1422/1630/846 1423/1631/846
f 1416/1420/921 1421/1422/921 1422/1630/921
f 1415/1589/845 1420/1632/845 1343/1633/845
f 1415/1589/876 1630/1588/876 1632/1632/876
f 1493/1573/922 1498/1567/922 1599/1567/922
f 1412/1638/845 1417/1636/845 1418/1622/845
f 1411/1418/923 1416/1420/923 1417/1636/923
f 1410/1522/844 1415/1589/844 1341/1637/844
f 1520/1549/876 1672/1549/876 1674/1535/876
f 1494/1594/876 1598/1594/876 1600/1640/876
f 1407/1642/844 1412/1638/844 1413/1621/844
f 1406/1415/924 1411/1418/924 1412/1638/924
f 1401/1521/843 1410/1522/843 1339/1639/843
f 1494/1594/873 1499/1641/873 1663/1641/873
f 1473/1590/925 1589/1590/925 1587/1595/925
f 1404/1644/843 1407/1642/843 1408/1498/843
f 1405/1416/926 1406/1415/926 1407/1642/926
f 1623/1645/875 1562/1490/875 1561/1646/875
f 1621/1500/874 1623/1645/874 1624/1647/874
f 1619/1508/872 1621/1500/872 1622/1648/872
f 1617/1514/871 1619/1508/871 1620/1617/871
f 1615/1556/870 1617/1514/870 1618/1565/870
f 1613/1526/869 1615/1556/869 1616/1487/869
f 1611/1649/868 1613/1526/868 1614/1488/868
f 1609/1540/867 1611/1649/867 1612/1650/867
f 1608/1583/866 1607/1546/866 1609/1540/866
f 1606/1517/865 1605/1506/865 1607/1546/865
f 1604/1516/864 1603/1505/864 1605/1506/864
f 1602/1651/863 1601/1652/863 1603/1505/863
f 1600/1640/862 1599/1567/862 1601/1652/862
f 1598/1594/861 1597/1573/861 1599/1567/861
f 1596/1532/860 1595/1524/860 1597/1573/860
f 1594/1531/859 1593/1523/859 1595/1524/859
f 1592/1653/858 1591/1584/858 1593/1523/858
f 1590/1654/857 1589/1590/857 1591/1584/857
f 1588/1602/856 1587/1595/856 1589/1590/856
f 1586/1544/855 1585/1537/855 1587/1595/855
f 1584/1545/854 1583/1538/854 1585/1537/854
f 1582/1655/853 1581/1606/853 1583/1538/853
f 1580/1656/852 1579/1610/852 1581/1606/852
f 1578/1614/851 1577/1605/851 1579/1610/851
f 1575/1551/850 1577/1605/850 1578/1614/850
f 1573/1550/849 1575/1551/849 1576/1560/849
f 1571/1626/848 1573/1550/848 1574/1559/848
f 1569/1631/847 1571/1626/847 1572/1657/847
f 1567/1622/846 1569/1631/846 1570/1658/846
f 1565/1572/845 1567/1622/845 1568/1629/845
f 1563/1498/844 1565/1572/844 1566/1580/844
f 1562/1497/843 1563/1498/843 1564/1512/843
f 1429/1657/876 1572/1657/876 1574/1559/876
f 1538/1519/927 1615/1556/927 1613/1526/927
f 1428/1626/928 1433/1550/928 1573/1550/928
f 1402/1646/876 1559/1660/876 1624/1647/876
f 1459/1545/876 1454/1655/876 1582/1655/876
f 1403/1490/929 1562/1490/929 1623/1645/929
f 1458/1538/930 1583/1538/930 1581/1606/930
f 1484/1531/876 1479/1653/876 1592/1653/876
f 1483/1523/931 1593/1523/931 1591/1584/931
f 1504/1659/876 1602/1651/876 1604/1516/876
f 1503/1561/3754 1508/1505/3754 1603/1505/3754
f 1534/1488/876 1529/1650/876 1612/1650/876
f 1424/1658/876 1570/1658/876 1572/1657/876
f 1533/1526/933 1613/1526/933 1611/1649/933
f 1423/1631/934 1428/1626/934 1571/1626/934
f 1559/1660/876 1554/1648/876 1622/1648/876
f 1454/1655/876 1449/1656/876 1580/1656/876
f 1558/1491/3755 1623/1645/3755 1621/1500/3755
f 1453/1606/936 1581/1606/936 1579/1610/936
f 1479/1653/876 1474/1654/876 1590/1654/876
f 1478/1584/937 1591/1584/937 1589/1590/937
f 1499/1641/876 1600/1640/876 1602/1651/876
f 1498/1567/938 1503/1561/938 1601/1652/938
f 1529/1650/876 1524/1635/876 1610/1635/876
f 1419/1629/876 1568/1629/876 1570/1658/876
f 1528/1534/939 1611/1649/939 1609/1540/939
f 1418/1622/3756 1423/1631/3756 1569/1631/3756
f 1554/1648/876 1549/1617/876 1620/1617/876
f 1449/1656/876 1444/1614/876 1578/1614/876
f 1553/1500/941 1621/1500/941 1619/1508/941
f 1448/1610/942 1579/1610/942 1577/1605/942
f 1474/1654/876 1469/1602/876 1588/1602/876
f 1687/1660/875 1626/1646/875 1625/1661/875
f 1685/1648/874 1687/1660/874 1688/1484/874
f 1683/1617/872 1685/1648/872 1686/1493/872
f 1681/1565/871 1683/1617/871 1684/1501/871
f 1679/1566/870 1681/1565/870 1682/1509/870
f 1677/1488/869 1679/1566/869 1680/1503/869
f 1675/1650/868 1677/1488/868 1678/1504/868
f 1673/1634/867 1675/1650/867 1676/1527/867
f 1672/1549/866 1671/1583/866 1673/1634/866
f 1670/1530/865 1669/1517/865 1671/1583/865
f 1668/1529/864 1667/1516/864 1669/1517/864
f 1666/1564/863 1665/1659/863 1667/1516/863
f 1664/1662/862 1663/1641/862 1665/1659/862
f 1662/1601/861 1661/1594/861 1663/1641/861
f 1660/1543/860 1659/1532/860 1661/1594/860
f 1658/1542/859 1657/1531/859 1659/1532/859
f 1656/1587/858 1655/1653/858 1657/1531/858
f 1654/1593/857 1653/1654/857 1655/1653/857
f 1652/1598/856 1651/1602/856 1653/1654/856
f 1650/1554/855 1649/1544/855 1651/1602/855
f 1648/1555/854 1647/1545/854 1649/1544/854
f 1646/1609/853 1645/1655/853 1647/1545/853
f 1644/1613/852 1643/1656/852 1645/1655/852
f 1642/1620/851 1641/1614/851 1643/1656/851
f 1639/1560/850 1641/1614/850 1642/1620/850
f 1637/1559/849 1639/1560/849 1640/1571/849
f 1635/1657/848 1637/1559/848 1638/1496/848
f 1633/1664/847 1635/1657/847 1636/1663/847
f 1631/1629/846 1633/1664/846 1634/1627/846
f 1629/1579/845 1631/1629/845 1632/1632/845
f 1627/1512/844 1629/1579/844 1630/1588/844
f 1626/1511/843 1627/1512/843 1628/1522/843
f 1429/1657/873 1434/1559/873 1637/1559/873
f 1401/1661/3742 1560/1484/3742 1688/1484/3742
f 1460/1555/876 1455/1609/876 1646/1609/876
f 1402/1646/873 1626/1646/873 1687/1660/873
f 1459/1545/891 1647/1545/891 1645/1655/891
f 1485/1542/876 1480/1587/876 1656/1587/876
f 1484/1531/873 1657/1531/873 1655/1653/873
f 1505/1564/876 1666/1564/876 1668/1529/876
f 1504/1659/873 1509/1516/873 1667/1516/873
f 1535/1504/876 1530/1527/876 1676/1527/876
f 1425/1627/876 1634/1627/876 1636/1663/876
f 1534/1488/873 1677/1488/873 1675/1650/873
f 1424/1658/891 1429/1657/891 1635/1657/891
f 1560/1484/876 1555/1493/876 1686/1493/876
f 1455/1609/876 1450/1613/876 1644/1613/876
f 1559/1660/873 1687/1660/873 1685/1648/873
f 1454/1655/873 1645/1655/873 1643/1656/873
f 1480/1587/876 1475/1593/876 1654/1593/876
f 1479/1653/873 1655/1653/873 1653/1654/873
f 1500/1570/876 1664/1662/876 1666/1564/876
f 1499/1641/873 1504/1659/873 1665/1659/873
f 1530/1527/876 1525/1535/876 1674/1535/876
f 1420/1632/876 1632/1632/876 1634/1627/876
f 1529/1650/873 1675/1650/873 1673/1634/873
f 1419/1629/873 1424/1658/873 1633/1664/873
f 1555/1493/876 1550/1501/876 1684/1501/876
f 1450/1613/876 1445/1620/876 1642/1620/876
f 1554/1648/873 1685/1648/873 1683/1617/873
f 1449/1656/873 1643/1656/873 1641/1614/873
f 1475/1593/876 1470/1598/876 1652/1598/876
f 1474/1654/873 1653/1654/873 1651/1602/873
f 1495/1576/876 1662/1601/876 1664/1662/876
f 2046/1665/944 1690/6067/944 1692/1666/944
f 2047/1667/945 1692/1666/945 1694/1668/945
f 2053/1669/946 1694/1668/946 1696/1670/946
f 2059/1671/947 1696/1670/947 1698/1672/947
f 2065/1673/948 1698/1672/948 1700/1674/948
f 2071/1675/949 1700/1674/949 1702/1676/949
f 2077/1677/950 1702/1676/950 1704/1678/950
f 2083/1679/951 1704/1678/951 1706/1680/951
f 1706/1680/952 1708/1683/952 2095/1682/952
f 1708/1683/953 1710/1685/953 2101/1684/953
f 1710/1685/954 1712/1687/954 2107/1686/954
f 1712/1687/955 1714/1689/955 2113/1688/955
f 1714/1689/956 1716/1691/956 2119/1690/956
f 1716/1691/957 1718/1693/957 2125/1692/957
f 1718/1693/958 1720/1695/958 2131/1694/958
f 1720/1695/959 1722/1697/959 2137/1696/959
f 1722/1697/960 1724/1699/960 2143/1698/960
f 1724/1699/961 1726/1701/961 2149/1700/961
f 1726/1701/962 1728/1703/962 2155/1702/962
f 1728/1703/963 1730/1705/963 2161/1704/963
f 1730/1705/964 1732/1707/964 2167/1706/964
f 1732/1707/965 1734/1709/965 2173/1708/965
f 1734/1709/966 1736/1711/966 2179/1710/966
f 1736/1711/967 1738/6068/967 2185/1712/967
f 2185/1712/968 1738/6068/968 1740/1713/968
f 2191/1714/969 1740/1713/969 1742/1715/969
f 2197/1716/970 1742/1715/970 1744/1717/970
f 2203/1718/971 1744/1717/971 1746/1719/971
f 2209/1720/972 1746/1719/972 1748/1721/972
f 2215/1722/973 1748/1721/973 1750/1723/973
f 1694/6069/974 1692/6070/974 1750/6071/974
f 1692/6070/974 1690/6072/974 1752/6073/974
f 1750/6071/974 1692/6070/974 1752/6073/974
f 1750/6071/974 1748/6074/974 1694/6069/974
f 1748/6074/974 1746/1727/974 1696/1726/974
f 1694/6069/974 1748/6074/974 1696/1726/974
f 1746/1727/974 1744/6075/974 1698/1725/974
f 1744/6075/974 1742/6076/974 1700/6077/974
f 1698/1725/974 1744/6075/974 1700/6077/974
f 1742/6076/974 1740/6078/974 1704/6079/974
f 1740/6078/974 1738/6080/974 1706/6081/974
f 1738/6080/974 1736/6082/974 1708/6083/974
f 1736/6082/974 1734/6084/974 1710/6085/974
f 1734/6084/974 1732/6086/974 1710/6085/974
f 1732/6086/974 1730/6087/974 1712/6088/974
f 1710/6085/974 1732/6086/974 1712/6088/974
f 1730/6087/974 1728/6089/974 1714/6090/974
f 1728/6089/974 1726/6091/974 1716/6092/974
f 1714/6090/974 1728/6089/974 1716/6092/974
f 1726/6091/974 1724/6093/974 1720/6094/974
f 1724/6093/974 1722/6095/974 1720/6094/974
f 1720/6094/974 1718/6096/974 1726/6091/974
f 1718/6096/974 1716/6092/974 1726/6091/974
f 1714/6090/974 1712/6088/974 1730/6087/974
f 1710/6085/974 1708/6083/974 1736/6082/974
f 1708/6083/974 1706/6081/974 1738/6080/974
f 1706/6081/974 1704/6079/974 1740/6078/974
f 1704/6079/974 1702/6097/974 1742/6076/974
f 1702/6097/974 1700/6077/974 1742/6076/974
f 2221/1724/975 1750/1723/975 1752/1728/975
f 2227/1729/976 1752/1728/976 1690/1730/976
f 1751/6098/977 1689/6099/977 1691/6100/977
f 1691/6100/977 1693/6101/977 1751/6098/977
f 1693/6101/977 1695/1734/977 1749/1733/977
f 1751/6098/977 1693/6101/977 1749/1733/977
f 1695/1734/977 1697/6102/977 1745/6103/977
f 1697/6102/977 1699/6104/977 1743/6105/977
f 1699/6104/977 1701/6106/977 1743/6105/977
f 1701/6106/977 1703/6107/977 1741/6108/977
f 1743/6105/977 1701/6106/977 1741/6108/977
f 1703/6107/977 1705/6109/977 1737/6110/977
f 1705/6109/977 1707/6111/977 1735/6112/977
f 1707/6111/977 1709/6113/977 1735/6112/977
f 1709/6113/977 1711/6114/977 1733/6115/977
f 1735/6112/977 1709/6113/977 1733/6115/977
f 1711/6114/977 1713/6116/977 1729/6117/977
f 1713/6116/977 1715/6118/977 1727/6119/977
f 1715/6118/977 1717/6120/977 1727/6119/977
f 1717/6120/977 1719/6121/977 1725/6122/977
f 1727/6119/977 1717/6120/977 1725/6122/977
f 1719/6121/977 1721/6123/977 1723/6124/977
f 1723/6124/977 1725/6122/977 1719/6121/977
f 1727/6119/977 1729/6117/977 1713/6116/977
f 1729/6117/977 1731/6125/977 1711/6114/977
f 1731/6125/977 1733/6115/977 1711/6114/977
f 1735/6112/977 1737/6110/977 1705/6109/977
f 1737/6110/977 1739/6126/977 1703/6107/977
f 1739/6126/977 1741/6108/977 1703/6107/977
f 1743/6105/977 1745/6103/977 1697/6102/977
f 1745/6103/977 1747/1732/977 1695/1734/977
f 1751/1735/976 1912/1747/976 1753/1736/976
f 1891/1738/974 2031/1740/974 2029/1739/974
f 1891/1738/977 1886/1739/977 1966/1739/977
f 1910/1741/976 1909/1744/976 1756/1742/976
f 1909/1744/978 1908/1754/978 1757/1745/978
f 1749/1746/975 1907/1756/975 1912/1747/975
f 1782/1748/977 1988/1993/977 1990/1749/977
f 1755/1750/979 1760/1851/979 1915/1751/979
f 1905/1752/975 1904/1753/975 1909/1744/975
f 1904/1753/980 1903/1764/980 1908/1754/980
f 1747/1755/973 1902/1766/973 1907/1756/973
f 1892/1757/977 1887/1791/977 2030/1758/977
f 1860/1760/981 1865/1824/981 1957/1761/981
f 1900/1762/973 1899/1763/973 1904/1753/973
f 1899/1763/982 1898/1772/982 1903/1764/982
f 1745/1765/972 1897/1774/972 1902/1766/972
f 1754/1767/974 1761/1769/974 1979/1768/974
f 1754/1767/977 1913/1767/977 1916/1769/977
f 1895/1770/972 1894/1771/972 1899/1763/972
f 1894/1771/983 1893/1781/983 1898/1772/983
f 1743/1773/971 1892/1757/971 1897/1774/971
f 1861/1775/974 1866/1776/974 2021/1776/974
f 1861/1775/977 1956/1777/977 1958/1778/977
f 1890/1779/3757 1889/1780/3757 1894/1771/3757
f 1889/1780/984 1888/1789/984 1893/1781/984
f 1741/1782/970 1887/1791/970 1892/1757/970
f 1753/1783/977 1977/1783/977 1980/1784/977
f 1835/1785/985 1840/1859/985 1947/1786/985
f 1885/1787/970 1884/1788/970 1889/1780/970
f 1884/1788/3758 1883/1800/3758 1888/1789/3758
f 1739/1790/969 1882/1802/969 1887/1791/969
f 1862/1792/977 2020/1986/977 2022/1793/977
f 1836/1795/977 1946/1966/977 1948/1796/977
f 1880/1798/969 1879/1799/969 1884/1788/969
f 1879/1799/987 1878/1809/987 1883/1800/987
f 1737/1801/968 1877/1950/968 1882/1802/968
f 1836/1795/974 1841/1797/974 2011/1803/974
f 1815/1804/988 1937/1804/988 1935/1805/988
f 1875/1807/968 1874/1808/968 1879/1799/968
f 1874/1808/989 1873/2035/989 1878/1809/989
f 1872/1810/967 1877/1950/967 1737/1801/967
f 1837/1812/977 2010/1987/977 2012/1813/977
f 1816/1814/977 1811/1815/977 1936/1815/977
f 1869/1817/967 1874/1808/967 1875/1807/967
f 1868/1819/990 1873/2035/990 1874/1808/990
f 1867/1794/966 1872/1810/966 1735/1811/966
f 1816/1814/974 2001/1816/974 1999/1815/974
f 1785/1821/991 1790/1897/991 1927/1822/991
f 1864/1823/966 1869/1817/966 1870/1818/966
f 1863/1825/993 1868/1819/993 1869/1817/993
f 1862/1792/965 1867/1794/965 1733/1820/965
f 1817/1827/977 1812/1889/977 2000/1828/977
f 1895/1770/994 1969/1770/994 1967/1829/994
f 1859/1830/965 1864/1823/965 1865/1824/965
f 1858/1831/3759 1863/1825/3759 1864/1823/3759
f 1857/1832/964 1862/1792/964 1731/1826/964
f 1786/1834/974 1791/1835/974 1991/1835/974
f 1786/1834/977 1926/1836/977 1928/1837/977
f 1854/1838/3760 1859/1830/3760 1860/1760/3760
f 1853/1840/996 1858/1831/996 1859/1830/996
f 1852/1841/963 1857/1832/963 1729/1833/963
f 1896/1843/974 2033/1844/974 2031/1740/974
f 1896/1843/977 1891/1738/977 1968/1740/977
f 1849/1845/963 1854/1838/963 1855/1839/963
f 1848/1847/997 1853/1840/997 1854/1838/997
f 1847/1848/962 1852/1841/962 1727/1842/962
f 1787/1749/977 1990/1749/977 1992/1850/977
f 1760/1851/998 1765/1921/998 1917/1852/998
f 1844/1853/962 1849/1845/962 1850/1846/962
f 1843/1855/999 1848/1847/999 1849/1845/999
f 1842/1813/961 1847/1848/961 1725/1849/961
f 1897/1774/977 1892/1757/977 2032/1759/977
f 1865/1824/1000 1870/1818/1000 1959/1857/1000
f 1839/1858/961 1844/1853/961 1845/1854/961
f 1838/1860/1001 1843/1855/1001 1844/1853/1001
f 1837/1812/960 1842/1813/960 1723/1856/960
f 1761/1769/974 1766/1862/974 1981/1862/974
f 1761/1769/977 1916/1769/977 1918/1862/977
f 1834/1863/960 1839/1858/960 1840/1859/960
f 1833/1864/1002 1838/1860/1002 1839/1858/1002
f 1832/1865/959 1837/1812/959 1721/1861/959
f 1866/1776/974 1871/1867/974 2023/1867/974
f 1866/1776/977 1958/1778/977 1960/1867/977
f 1829/1868/959 1834/1863/959 1835/1785/959
f 1829/1868/3761 1828/1876/3761 1833/1864/3761
f 1827/1870/958 1832/1865/958 1719/1866/958
f 1762/1784/977 1980/1784/977 1982/1872/977
f 1840/1859/1004 1845/1854/1004 1949/1873/1004
f 1824/1874/958 1829/1868/958 1830/1869/958
f 1824/1874/1005 1823/1884/1005 1828/1876/1005
f 1822/1877/957 1827/1870/957 1717/1871/957
f 1867/1794/977 2022/1793/977 2024/1879/977
f 1841/1797/977 1948/1796/977 1950/1880/977
f 1819/1882/957 1824/1874/957 1825/1875/957
f 1819/1882/1006 1818/1888/1006 1823/1884/1006
f 1817/1827/956 1822/1877/956 1715/1878/956
f 1841/1797/974 1846/1881/974 2013/1886/974
f 1820/1883/1007 1939/1956/1007 1937/1804/1007
f 1814/1887/956 1819/1882/956 1820/1883/956
f 1814/1887/1008 1813/1894/1008 1818/1888/1008
f 1812/1889/3762 1817/1827/3762 1713/1885/3762
f 1842/1813/977 2012/1813/977 2014/1891/977
f 1821/1892/977 1816/1814/977 1938/1816/977
f 1809/1893/955 1814/1887/955 1815/1804/955
f 1809/1893/1009 1808/1901/1009 1813/1894/1009
f 1807/1895/954 1812/1889/954 1711/1890/954
f 1821/1892/974 2003/1990/974 2001/1816/974
f 1790/1897/1010 1795/1913/1010 1929/1898/1010
f 1804/1899/954 1809/1893/954 1810/1806/954
f 1804/1899/1011 1803/1907/1011 1808/1901/1011
f 1802/1902/1012 1807/1895/1012 1709/1896/1012
f 1822/1877/977 1817/1827/977 2002/1827/977
f 1900/1762/3763 1971/1762/3763 1969/1770/3763
f 1799/1905/1012 1804/1899/1012 1805/1900/1012
f 1799/1905/1014 1798/1914/1014 1803/1907/1014
f 1797/1908/952 1802/1902/952 1707/1903/952
f 1791/1835/974 1796/1911/974 1993/1910/974
f 1791/1835/977 1928/1837/977 1930/1910/977
f 1794/1912/952 1799/1905/952 1800/1906/952
f 1794/1912/1015 1793/2117/1015 1798/1914/1015
f 1703/1915/951 1792/1850/951 1797/1908/951
f 1901/1916/974 2035/1916/974 2033/1844/974
f 1901/1916/977 1896/1843/977 1970/1844/977
f 1790/1897/951 1789/1918/951 1794/1912/951
f 1788/1917/1016 1793/2117/1016 1794/1912/1016
f 1701/1919/1017 1787/1749/1017 1792/1850/1017
f 1792/1850/977 1992/1850/977 1994/1920/977
f 1765/1921/1018 1770/1939/1018 1919/1922/1018
f 1785/1821/1017 1784/1924/1017 1789/1918/1017
f 1783/1923/1019 1788/1917/1019 1789/1918/1019
f 1699/1925/949 1782/1748/949 1787/1749/949
f 1902/1766/977 1897/1774/977 2034/1774/977
f 1870/1818/1020 1875/1807/1020 1961/1807/1020
f 1780/1927/949 1779/1929/949 1784/1924/949
f 1778/1928/1021 1783/1923/1021 1784/1924/1021
f 1697/1930/3764 1777/1936/3764 1782/1748/3764
f 1766/1862/974 1771/1931/974 1983/1931/974
f 1766/1862/977 1918/1862/977 1920/1931/977
f 1775/1932/948 1774/1934/948 1779/1929/948
f 1773/1933/1022 1778/1928/1022 1779/1929/1022
f 1695/1935/947 1772/1943/947 1777/1936/947
f 1871/1867/974 1876/1938/974 2025/1937/974
f 1871/1867/977 1960/1867/977 1962/1937/977
f 1770/1939/947 1769/1941/947 1774/1934/947
f 1768/1940/1023 1773/1933/1023 1774/1934/1023
f 1693/1942/946 1767/1872/946 1772/1943/946
f 1767/1872/977 1982/1872/977 1984/1944/977
f 1845/1854/1024 1850/1846/1024 1951/1945/1024
f 1765/1921/946 1764/1947/946 1769/1941/946
f 1763/1946/1025 1768/1940/1025 1769/1941/1025
f 1691/1948/945 1762/1784/945 1767/1872/945
f 1872/1810/977 2024/1879/977 2026/1949/977
f 1846/1881/977 1950/1880/977 1952/1951/977
f 1760/1851/945 1759/1953/945 1764/1947/945
f 1758/1952/1026 1763/1946/1026 1764/1947/1026
f 1689/1954/944 1753/1783/944 1762/1784/944
f 1846/1881/974 1851/1951/974 2015/1955/974
f 1825/1875/1027 1941/1875/1027 1939/1956/1027
f 1755/1750/944 1756/1958/944 1759/1953/944
f 1757/1957/3765 1758/1952/3765 1759/1953/3765
f 1976/1959/976 1975/1741/976 1914/1743/976
f 1974/1961/975 1973/1752/975 1975/1741/975
f 1972/1916/973 1971/1762/973 1973/1752/973
f 1970/1844/972 1969/1770/972 1971/1762/972
f 1968/1740/971 1967/1829/971 1969/1770/971
f 1966/1739/970 1965/1787/970 1967/1829/970
f 1964/1962/969 1963/1963/969 1965/1787/969
f 1962/1937/968 1961/1807/968 1963/1963/968
f 1959/1857/967 1961/1807/967 1962/1937/967
f 1957/1761/966 1959/1857/966 1960/1867/966
f 1955/1760/965 1957/1761/965 1958/1778/965
f 1953/1964/964 1955/1760/964 1956/1777/964
f 1951/1945/963 1953/1964/963 1954/1965/963
f 1949/1873/962 1951/1945/962 1952/1951/962
f 1947/1786/961 1949/1873/961 1950/1880/961
f 1945/1785/960 1947/1786/960 1948/1796/960
f 1943/1967/959 1945/1785/959 1946/1966/959
f 1941/1875/958 1943/1967/958 1944/1968/958
f 1939/1956/957 1941/1875/957 1942/1969/957
f 1937/1804/956 1939/1956/956 1940/1892/956
f 1935/1805/955 1937/1804/955 1938/1816/955
f 1933/1970/954 1935/1805/954 1936/1815/954
f 1931/1906/1012 1933/1970/1012 1934/1971/1012
f 1929/1898/952 1931/1906/952 1932/1972/952
f 1928/1837/951 1927/1822/951 1929/1898/951
f 1926/1836/1017 1925/1821/1017 1927/1822/1017
f 1924/1973/949 1923/1975/949 1925/1821/949
f 1922/1974/948 1921/1976/948 1923/1975/948
f 1920/1931/947 1919/1922/947 1921/1976/947
f 1918/1862/946 1917/1852/946 1919/1922/946
f 1916/1769/945 1915/1751/945 1917/1852/945
f 1913/1767/944 1914/1750/944 1915/1751/944
f 1781/1973/977 1924/1973/977 1926/1836/977
f 1890/1779/1029 1967/1829/1029 1965/1787/1029
f 1780/1927/1030 1785/1821/1030 1925/1821/1030
f 1754/1960/977 1911/1979/977 1976/1959/977
f 1811/1815/977 1806/1980/977 1934/1971/977
f 1755/1743/1031 1914/1743/1031 1975/1741/1031
f 1810/1806/1032 1935/1805/1032 1933/1970/1032
f 1836/1795/977 1831/1968/977 1944/1968/977
f 1835/1785/1033 1945/1785/1033 1943/1967/1033
f 1856/1977/977 1954/1965/977 1956/1777/977
f 1855/1839/1034 1860/1760/1034 1955/1760/1034
f 1886/1739/977 1881/1981/977 1964/1962/977
f 1776/1978/977 1922/1974/977 1924/1973/977
f 1885/1787/1035 1965/1787/1035 1963/1963/1035
f 1775/1932/1036 1780/1927/1036 1923/1975/1036
f 1911/1979/977 1906/1982/977 1974/1961/977
f 1806/1980/977 1801/1972/977 1932/1972/977
f 1910/1741/1037 1975/1741/1037 1973/1752/1037
f 1805/1900/1038 1933/1970/1038 1931/1906/1038
f 1831/1968/977 1826/1983/977 1942/1969/977
f 1830/1869/1039 1943/1967/1039 1941/1875/1039
f 1851/1951/977 1952/1951/977 1954/1965/977
f 1850/1846/3766 1855/1839/3766 1953/1964/3766
f 1881/1981/977 1876/1938/977 1962/1937/977
f 1771/1931/977 1920/1931/977 1922/1974/977
f 1880/1798/1041 1963/1963/1041 1961/1807/1041
f 1770/1939/1042 1775/1932/1042 1921/1976/1042
f 1906/1982/977 1901/1916/977 1972/1916/977
f 1801/1972/977 1796/1911/977 1930/1910/977
f 1905/1752/1043 1973/1752/1043 1971/1762/1043
f 1800/1906/1044 1931/1906/1044 1929/1898/1044
f 1826/1983/977 1821/1892/977 1940/1892/977
f 2040/1984/976 2039/1959/976 1978/1960/976
f 2038/1756/975 2037/1982/975 2039/1959/975
f 2036/1926/973 2035/1916/973 2037/1982/973
f 2034/1774/972 2033/1844/972 2035/1916/972
f 2032/1759/971 2031/1740/971 2033/1844/971
f 2030/1758/970 2029/1739/970 2031/1740/970
f 2028/1985/969 2027/1962/969 2029/1739/969
f 2026/1949/968 2025/1937/968 2027/1962/968
f 2023/1867/967 2025/1937/967 2026/1949/967
f 2021/1776/966 2023/1867/966 2024/1879/966
f 2019/1777/965 2021/1776/965 2022/1793/965
f 2017/1965/964 2019/1777/964 2020/1986/964
f 2015/1955/963 2017/1965/963 2018/1832/963
f 2013/1886/962 2015/1955/962 2016/1841/962
f 2011/1803/961 2013/1886/961 2014/1891/961
f 2009/1795/960 2011/1803/960 2012/1813/960
f 2007/1988/959 2009/1795/959 2010/1987/959
f 2005/1983/958 2007/1988/958 2008/1865/958
f 2003/1990/957 2005/1983/957 2006/1989/957
f 2001/1816/956 2003/1990/956 2004/1904/956
f 1999/1815/955 2001/1816/955 2002/1827/955
f 1997/1971/954 1999/1815/954 2000/1828/954
f 1995/1992/1012 1997/1971/1012 1998/1991/1012
f 1993/1910/952 1995/1992/952 1996/1902/952
f 1992/1850/951 1991/1835/951 1993/1910/951
f 1990/1749/1017 1989/1836/1017 1991/1835/1017
f 1988/1993/949 1987/1973/949 1989/1836/949
f 1986/1994/948 1985/1978/948 1987/1973/948
f 1984/1944/947 1983/1931/947 1985/1978/947
f 1982/1872/946 1981/1862/946 1983/1931/946
f 1980/1784/945 1979/1768/945 1981/1862/945
f 1977/1783/944 1978/1767/944 1979/1768/944
f 1781/1973/974 1786/1834/974 1989/1836/974
f 1753/1736/977 1912/1747/977 2040/1984/977
f 1812/1889/977 1807/1895/977 1998/1991/977
f 1754/1960/974 1978/1960/974 2039/1959/974
f 1811/1815/974 1999/1815/974 1997/1971/974
f 1837/1812/977 1832/1865/977 2008/1865/977
f 1836/1795/974 2009/1795/974 2007/1988/974
f 1857/1832/977 2018/1832/977 2020/1986/977
f 1856/1977/974 1861/1775/974 2019/1777/974
f 1887/1791/977 1882/1802/977 2028/1985/977
f 1777/1936/977 1986/1994/977 1988/1993/977
f 1886/1739/974 2029/1739/974 2027/1962/974
f 1776/1978/974 1781/1973/974 1987/1973/974
f 1912/1747/977 1907/1756/977 2038/1756/977
f 1807/1895/977 1802/1902/977 1996/1902/977
f 1911/1979/974 2039/1959/974 2037/1982/974
f 1806/1980/974 1997/1971/974 1995/1992/974
f 1832/1865/977 1827/1870/977 2006/1989/977
f 1831/1968/974 2007/1988/974 2005/1983/974
f 1852/1841/977 2016/1841/977 2018/1832/977
f 1851/1951/974 1856/1977/974 2017/1965/974
f 1882/1802/977 1877/1950/977 2026/1949/977
f 1772/1943/977 1984/1944/977 1986/1994/977
f 1881/1981/974 2027/1962/974 2025/1937/974
f 1771/1931/974 1776/1978/974 1985/1978/974
f 1907/1756/977 1902/1766/977 2036/1926/977
f 1802/1902/977 1797/1908/977 1994/1920/977
f 1906/1982/974 2037/1982/974 2035/1916/974
f 1801/1972/974 1995/1992/974 1993/1910/974
f 1827/1870/977 1822/1877/977 2004/1904/977
f 1826/1983/974 2005/1983/974 2003/1990/974
f 1847/1848/977 2014/1891/977 2016/1841/977
f 1908/1754/976 2232/1997/976 2041/1995/976
f 2231/1996/1047 2042/1999/1047 2041/1995/1047
f 2230/1998/1048 2043/2001/1048 2042/1999/1048
f 2230/1998/976 2229/2002/976 2044/2000/976
f 2229/2002/3767 2228/2004/3767 2045/2003/3767
f 2228/2004/1050 2227/1729/1050 2046/1731/1050
f 1903/1764/975 2226/2006/975 2232/1997/975
f 2225/2005/1051 2231/1996/1051 2232/1997/1051
f 2224/2007/1052 2230/1998/1052 2231/1996/1052
f 2224/2007/975 2223/2008/975 2229/2002/975
f 2223/2008/1053 2222/2009/1053 2228/2004/1053
f 2222/2009/1054 2221/1724/1054 2227/1729/1054
f 1898/1772/973 2220/2011/973 2226/2006/973
f 2219/2010/1055 2225/2005/1055 2226/2006/1055
f 2218/2012/1056 2224/2007/1056 2225/2005/1056
f 2218/2012/973 2217/2013/973 2223/2008/973
f 2217/2013/1057 2216/2014/1057 2222/2009/1057
f 2216/2014/1058 2215/1722/1058 2221/1724/1058
f 1893/1781/972 2214/2016/972 2220/2011/972
f 2213/2015/3768 2219/2010/3768 2220/2011/3768
f 2212/2017/1060 2218/2012/1060 2219/2010/1060
f 2212/2017/972 2211/2018/972 2217/2013/972
f 2211/2018/1061 2210/2019/1061 2216/2014/1061
f 2210/2019/1062 2209/1720/1062 2215/1722/1062
f 1888/1789/971 2208/2021/971 2214/2016/971
f 2207/2020/3769 2213/2015/3769 2214/2016/3769
f 2206/2022/1064 2212/2017/1064 2213/2015/1064
f 2206/2022/971 2205/2023/971 2211/2018/971
f 2205/2023/3770 2204/2024/3770 2210/2019/3770
f 2204/2024/1066 2203/1718/1066 2209/1720/1066
f 1883/1800/970 2202/2026/970 2208/2021/970
f 2201/2025/1067 2207/2020/1067 2208/2021/1067
f 2200/2027/3771 2206/2022/3771 2207/2020/3771
f 2200/2027/970 2199/2028/970 2205/2023/970
f 2199/2028/3772 2198/2029/3772 2204/2024/3772
f 2198/2029/1070 2197/1716/1070 2203/1718/1070
f 1878/1809/969 2196/2031/969 2202/2026/969
f 2195/2030/1071 2201/2025/1071 2202/2026/1071
f 2194/2032/1072 2200/2027/1072 2201/2025/1072
f 2194/2032/3773 2193/2033/3773 2199/2028/3773
f 2193/2033/3774 2192/2034/3774 2198/2029/3774
f 2192/2034/1074 2191/1714/1074 2197/1716/1074
f 1873/2035/968 2190/2037/968 2196/2031/968
f 2189/2036/1075 2195/2030/1075 2196/2031/1075
f 2188/2038/1076 2194/2032/1076 2195/2030/1076
f 2188/2038/968 2187/2039/968 2193/2033/968
f 2187/2039/1077 2186/2040/1077 2192/2034/1077
f 2186/2040/1078 2185/1712/1078 2191/1714/1078
f 2184/2041/967 2190/2037/967 1873/2035/967
f 2184/2041/1079 2183/2042/1079 2189/2036/1079
f 2183/2042/1080 2182/2044/1080 2188/2038/1080
f 2181/2043/967 2187/2039/967 2188/2038/967
f 2180/2045/1081 2186/2040/1081 2187/2039/1081
f 2179/1710/1082 2185/1712/1082 2186/2040/1082
f 2178/2046/966 2184/2041/966 1868/1819/966
f 2178/2046/1083 2177/2047/1083 2183/2042/1083
f 2177/2047/3775 2176/2049/3775 2182/2044/3775
f 2175/2048/992 2181/2043/992 2182/2044/992
f 2174/2050/3776 2180/2045/3776 2181/2043/3776
f 2173/1708/1086 2179/1710/1086 2180/2045/1086
f 2172/2051/965 2178/2046/965 1863/1825/965
f 2172/2051/1087 2171/2052/1087 2177/2047/1087
f 2171/2052/3777 2170/2054/3777 2176/2049/3777
f 2169/2053/965 2175/2048/965 2176/2049/965
f 2168/2055/3778 2174/2050/3778 2175/2048/3778
f 2167/1706/1090 2173/1708/1090 2174/2050/1090
f 2166/2056/964 2172/2051/964 1858/1831/964
f 2166/2056/3779 2165/2057/3779 2171/2052/3779
f 2165/2057/1092 2164/2059/1092 2170/2054/1092
f 2163/2058/964 2169/2053/964 2170/2054/964
f 2162/2060/3780 2168/2055/3780 2169/2053/3780
f 2161/1704/1094 2167/1706/1094 2168/2055/1094
f 2160/2061/963 2166/2056/963 1853/1840/963
f 2160/2061/1095 2159/2062/1095 2165/2057/1095
f 2159/2062/1096 2158/2064/1096 2164/2059/1096
f 2157/2063/963 2163/2058/963 2164/2059/963
f 2156/2065/1097 2162/2060/1097 2163/2058/1097
f 2155/1702/1098 2161/1704/1098 2162/2060/1098
f 2154/2066/962 2160/2061/962 1848/1847/962
f 2154/2066/1099 2153/2067/1099 2159/2062/1099
f 2153/2067/1100 2152/2069/1100 2158/2064/1100
f 2151/2068/962 2157/2063/962 2158/2064/962
f 2150/2070/1101 2156/2065/1101 2157/2063/1101
f 2149/1700/1102 2155/1702/1102 2156/2065/1102
f 2148/2071/961 2154/2066/961 1843/1855/961
f 2148/2071/1103 2147/2072/1103 2153/2067/1103
f 2147/2072/1104 2146/2074/1104 2152/2069/1104
f 2145/2073/961 2151/2068/961 2152/2069/961
f 2144/2075/1105 2150/2070/1105 2151/2068/1105
f 2143/1698/1106 2149/1700/1106 2150/2070/1106
f 2142/2076/960 2148/2071/960 1838/1860/960
f 2142/2076/1107 2141/2077/1107 2147/2072/1107
f 2141/2077/1108 2140/2079/1108 2146/2074/1108
f 2139/2078/960 2145/2073/960 2146/2074/960
f 2138/2080/3781 2144/2075/3781 2145/2073/3781
f 2137/1696/1110 2143/1698/1110 2144/2075/1110
f 2136/2081/959 2142/2076/959 1833/1864/959
f 2135/2082/1111 2141/2077/1111 2142/2076/1111
f 2134/2083/1112 2140/2079/1112 2141/2077/1112
f 2133/2084/959 2139/2078/959 2140/2079/959
f 2133/2084/1113 2132/2085/1113 2138/2080/1113
f 2132/2085/1114 2131/1694/1114 2137/1696/1114
f 2130/2086/958 2136/2081/958 1828/1876/958
f 2129/2087/1115 2135/2082/1115 2136/2081/1115
f 2128/2088/1116 2134/2083/1116 2135/2082/1116
f 2127/2089/958 2133/2084/958 2134/2083/958
f 2127/2089/1117 2126/2090/1117 2132/2085/1117
f 2126/2090/1118 2125/1692/1118 2131/1694/1118
f 2124/2091/957 2130/2086/957 1823/1884/957
f 2123/2092/1119 2129/2087/1119 2130/2086/1119
f 2122/2093/1120 2128/2088/1120 2129/2087/1120
f 2121/2094/957 2127/2089/957 2128/2088/957
f 2121/2094/1121 2120/2095/1121 2126/2090/1121
f 2120/2095/1122 2119/1690/1122 2125/1692/1122
f 2118/2096/956 2124/2091/956 1818/1888/956
f 2117/2097/1123 2123/2092/1123 2124/2091/1123
f 2116/2098/1124 2122/2093/1124 2123/2092/1124
f 2115/2099/956 2121/2094/956 2122/2093/956
f 2115/2099/1125 2114/2100/1125 2120/2095/1125
f 2114/2100/1126 2113/1688/1126 2119/1690/1126
f 2112/2101/955 2118/2096/955 1813/1894/955
f 2111/2102/1127 2117/2097/1127 2118/2096/1127
f 2110/2103/1128 2116/2098/1128 2117/2097/1128
f 2109/2104/955 2115/2099/955 2116/2098/955
f 2109/2104/1129 2108/2105/1129 2114/2100/1129
f 2108/2105/1130 2107/1686/1130 2113/1688/1130
f 2106/2106/954 2112/2101/954 1808/1901/954
f 2105/2107/1131 2111/2102/1131 2112/2101/1131
f 2104/2108/3782 2110/2103/3782 2111/2102/3782
f 2103/2109/954 2109/2104/954 2110/2103/954
f 2103/2109/3783 2102/2110/3783 2108/2105/3783
f 2102/2110/1134 2101/1684/1134 2107/1686/1134
f 2100/2111/1012 2106/2106/1012 1803/1907/1012
f 2099/2112/1135 2105/2107/1135 2106/2106/1135
f 2098/2113/3784 2104/2108/3784 2105/2107/3784
f 2097/2114/1012 2103/2109/1012 2104/2108/1012
f 2097/2114/1137 2096/2115/1137 2102/2110/1137
f 2096/2115/1138 2095/1682/1138 2101/1684/1138
f 2094/2116/952 2100/2111/952 1798/1914/952
f 2093/2118/1139 2099/2112/1139 2100/2111/1139
f 2092/2119/1140 2098/2113/1140 2099/2112/1140
f 2091/2120/952 2097/2114/952 2098/2113/952
f 2091/2120/1141 2090/2121/1141 2096/2115/1141
f 2090/2121/1142 2089/1681/1142 2095/1682/1142
f 1788/1917/951 2088/2122/951 2094/2116/951
f 2088/2122/1143 2087/2123/1143 2093/2118/1143
f 2087/2123/1144 2086/2124/1144 2092/2119/1144
f 2086/2124/951 2085/2126/951 2091/2120/951
f 2084/2125/1145 2090/2121/1145 2091/2120/1145
f 2083/1679/1146 2089/1681/1146 2090/2121/1146
f 1783/1923/950 2082/2127/950 2088/2122/950
f 2082/2127/1147 2081/2128/1147 2087/2123/1147
f 2081/2128/3785 2080/2129/3785 2086/2124/3785
f 2080/2129/1017 2079/2131/1017 2085/2126/1017
f 2078/2130/1149 2084/2125/1149 2085/2126/1149
f 2077/1677/1150 2083/1679/1150 2084/2125/1150
f 1778/1928/949 2076/2132/949 2082/2127/949
f 2076/2132/1151 2075/2133/1151 2081/2128/1151
f 2075/2133/3786 2074/2134/3786 2080/2129/3786
f 2074/2134/949 2073/2136/949 2079/2131/949
f 2072/2135/3787 2078/2130/3787 2079/2131/3787
f 2071/1675/1154 2077/1677/1154 2078/2130/1154
f 1773/1933/948 2070/2137/948 2076/2132/948
f 2070/2137/1155 2069/2138/1155 2075/2133/1155
f 2069/2138/1156 2068/2139/1156 2074/2134/1156
f 2068/2139/948 2067/2141/948 2073/2136/948
f 2066/2140/1157 2072/2135/1157 2073/2136/1157
f 2065/1673/1158 2071/1675/1158 2072/2135/1158
f 1768/1940/947 2064/2142/947 2070/2137/947
f 2064/2142/1159 2063/2143/1159 2069/2138/1159
f 2063/2143/1160 2062/2144/1160 2068/2139/1160
f 2062/2144/947 2061/2146/947 2067/2141/947
f 2060/2145/1161 2066/2140/1161 2067/2141/1161
f 2059/1671/1162 2065/1673/1162 2066/2140/1162
f 1763/1946/946 2058/2147/946 2064/2142/946
f 2058/2147/1163 2057/2148/1163 2063/2143/1163
f 2057/2148/1164 2056/2149/1164 2062/2144/1164
f 2056/2149/946 2055/2151/946 2061/2146/946
f 2054/2150/1165 2060/2145/1165 2061/2146/1165
f 2053/1669/1166 2059/1671/1166 2060/2145/1166
f 1758/1952/945 2052/2152/945 2058/2147/945
f 2052/2152/1167 2051/2153/1167 2057/2148/1167
f 2051/2153/1168 2050/2154/1168 2056/2149/1168
f 2050/2154/945 2049/2156/945 2055/2151/945
f 2048/2155/1169 2054/2150/1169 2055/2151/1169
f 2047/1667/1170 2053/1669/1170 2054/2150/1170
f 1757/1957/944 2041/2157/944 2052/2152/944
f 2041/2157/1171 2042/2158/1171 2051/2153/1171
f 2042/2158/1172 2043/2159/1172 2050/2154/1172
f 2043/2159/944 2044/2161/944 2049/2156/944
f 2045/2160/1173 2048/2155/1173 2049/2156/1173
f 2046/1665/1174 2047/1667/1174 2048/2155/1174
f 2255/2162/3788 2236/2182/3788 2234/2163/3788
f 2261/2165/3789 2238/6127/3789 2236/2166/3789
f 2261/2168/3790 2267/2257/3790 2240/2169/3790
f 2267/2171/3791 2273/2247/3791 2242/2172/3791
f 2279/2174/1179 2244/6128/1179 2242/2175/1179
f 2285/2177/3792 2246/6129/3792 2244/2178/3792
f 2234/2163/3793 2236/2182/3793 2248/2181/3793
f 2236/2182/1181 2238/2170/1181 2246/2180/1181
f 2238/2170/3794 2240/2169/3794 2246/2180/3794
f 2240/2169/3795 2242/2175/3795 2244/6128/3795
f 2246/2180/3794 2240/2169/3794 2244/6128/3794
f 2285/2183/3796 2291/2213/3796 2248/2181/3796
f 2291/2184/1183 2254/2201/1183 2234/2185/1183
f 2235/6130/1184 2233/2269/1184 2247/2202/1184
f 2247/2202/1184 2245/2204/1184 2235/6130/1184
f 2245/2204/1184 2243/2189/1184 2237/2188/1184
f 2235/6130/1184 2245/2204/1184 2237/2188/1184
f 2243/2189/1184 2241/2225/1184 2239/2187/1184
f 2233/2190/1185 2249/2193/1185 2296/2191/1185
f 2249/2193/1186 2250/6131/1186 2295/2194/1186
f 2295/2194/1187 2250/6131/1187 2251/2195/1187
f 2294/2196/1188 2251/2195/1188 2252/2197/1188
f 2293/2198/1189 2252/2197/1189 2253/2199/1189
f 2292/2200/1190 2253/2199/1190 2254/2201/1190
f 2247/2202/1191 2296/2205/1191 2290/2203/1191
f 2296/2205/1192 2295/6132/1192 2289/2206/1192
f 2289/2206/1193 2295/6132/1193 2294/2207/1193
f 2288/2208/1194 2294/2207/1194 2293/2209/1194
f 2287/2210/1195 2293/2209/1195 2292/2211/1195
f 2286/2212/1196 2292/2211/1196 2291/2213/1196
f 2243/2214/1197 2245/6133/1197 2290/2215/1197
f 2284/2216/1198 2290/2215/1198 2289/2217/1198
f 2289/2217/1199 2288/2220/1199 2282/2219/1199
f 2288/2220/1200 2287/2222/1200 2281/2221/1200
f 2287/2222/1201 2286/2224/1201 2280/2223/1201
f 2286/2224/1202 2285/2177/1202 2279/2179/1202
f 2241/2225/1203 2243/2189/1203 2284/2226/1203
f 2278/2227/1204 2284/2226/1204 2283/2228/1204
f 2283/2228/1205 2282/2231/1205 2276/2230/1205
f 2282/2231/1206 2281/2233/1206 2275/2232/1206
f 2281/2233/1207 2280/2235/1207 2274/2234/1207
f 2280/2235/1208 2279/2174/1208 2273/2176/1208
f 2241/2236/1209 2278/2239/1209 2272/2237/1209
f 2278/2239/1210 2277/6134/1210 2271/2240/1210
f 2271/2240/1211 2277/6134/1211 2276/2241/1211
f 2270/2242/1212 2276/2241/1212 2275/2243/1212
f 2269/2244/1213 2275/2243/1213 2274/2245/1213
f 2268/2246/1214 2274/2245/1214 2273/2247/1214
f 2239/2187/1215 2272/2249/1215 2266/2248/1215
f 2272/2249/1216 2271/6135/1216 2265/2250/1216
f 2265/2250/1217 2271/6135/1217 2270/2251/1217
f 2264/2252/1218 2270/2251/1218 2269/2253/1218
f 2263/2254/1219 2269/2253/1219 2268/2255/1219
f 2262/2256/1220 2268/2255/1220 2267/2257/1220
f 2235/2258/1221 2237/6136/1221 2266/2259/1221
f 2260/2260/1222 2266/2259/1222 2265/2261/1222
f 2265/2261/1223 2264/2264/1223 2258/2263/1223
f 2264/2264/1224 2263/2266/1224 2257/2265/1224
f 2263/2266/1225 2262/2268/1225 2256/2267/1225
f 2262/2268/1226 2261/2165/1226 2255/2167/1226
f 2233/2269/1227 2235/6130/1227 2260/2270/1227
f 2249/2271/1228 2260/2270/1228 2259/2272/1228
f 2259/2272/1229 2258/2275/1229 2251/2274/1229
f 2258/2275/1230 2257/2277/1230 2252/2276/1230
f 2257/2277/1231 2256/2279/1231 2253/2278/1231
f 2256/2279/1232 2255/2162/1232 2254/2164/1232
f 2298/2280/1233 2306/2293/1233 2301/2281/1233
f 2297/2282/1235 2300/2285/1235 2313/2284/1235
f 2300/2285/1236 2297/2282/1236 2302/2286/1236
f 2301/2281/1237 2304/2291/1237 2302/2286/1237
f 2301/2281/1239 2300/2285/1239 2303/2287/1239
f 2301/2281/1240 2305/2294/1240 2317/2292/1240
f 2311/2295/1242 2305/2294/1242 2306/2293/1242
f 2307/2296/1243 2306/2293/1243 2308/2297/1243
f 2306/2293/1244 2298/2280/1244 2310/2299/1244
f 2307/2296/1246 2309/2298/1246 2310/2299/1246
f 2312/2303/1248 2307/2296/1248 2298/2280/1248
f 2317/2292/1249 2311/2295/1249 2312/2303/1249
f 2312/2303/3797 2314/2306/3797 2315/2304/3797
f 2312/2303/1251 2299/2283/1251 2316/2305/1251
f 2313/2284/1253 2315/2304/1253 2316/2305/1253
f 2317/2292/1255 2318/2312/1255 2319/2310/1255
f 2317/2292/1256 2305/2294/1256 2320/2311/1256
f 2311/2295/1258 2319/2310/1258 2320/2311/1258
f 2406/2316/3798 2324/2329/3798 2321/2317/3798
f 2322/2318/3799 2321/2317/3799 2323/2319/3799
f 2323/2319/3800 2321/2317/3800 2325/2321/3800
f 2321/2317/3801 2324/2329/3801 2328/2323/3801
f 2328/2324/3802 2330/2332/3802 2326/2325/3802
f 2325/2326/3803 2326/2325/3803 2416/2327/3803
f 2324/2329/3804 2405/2443/3804 2329/2330/3804
f 2329/2331/3805 2332/2336/3805 2330/2332/3805
f 2326/2325/3806 2330/2332/3806 2331/2333/3806
f 2330/2332/3807 2332/2336/3807 2334/2334/3807
f 2329/2331/3808 2349/2360/3808 2333/2335/3808
f 2332/2336/3809 2333/2335/3809 2335/2337/3809
f 2334/2334/1271 2335/2337/1271 2488/2338/1271
f 2334/2334/3810 2336/2339/3810 2337/2340/3810
f 2337/2340/3811 2336/2339/3811 2338/2341/3811
f 2338/2341/1274 2336/2339/1274 2477/2343/1274
f 2489/2345/3812 2485/2524/3812 2496/2346/3812
f 2478/2348/3813 2339/2347/3813 2496/2346/3813
f 2360/2350/3814 2506/2526/3814 2509/2351/3814
f 2499/2353/3815 2341/2531/3815 2512/2354/3815
f 2333/2335/3816 2345/2358/3816 2343/2356/3816
f 2346/2357/3817 2344/2374/3817 2343/2356/3817
f 2347/2359/3818 2345/2358/3818 2333/2335/3818
f 2350/2361/3819 2346/2357/3819 2345/2358/3819
f 2403/2362/3820 2348/2365/3820 2347/2363/3820
f 2348/2365/3821 2351/2368/3821 2350/2366/3821
f 2353/2367/3822 2352/2371/3822 2350/2366/3822
f 2352/2369/3823 2355/2373/3823 2346/2357/3823
f 2384/2370/3824 2354/2416/3824 2352/2371/3824
f 2354/2372/3825 2356/2375/3825 2355/2373/3825
f 2355/2373/3826 2357/2376/3826 2344/2374/3826
f 2356/2375/3827 2358/2411/3827 2357/2376/3827
f 2486/2377/3828 2359/2380/3828 2497/2378/3828
f 2497/2378/3829 2359/2380/3829 2475/2381/3829
f 2362/2384/3830 2361/2387/3830 2364/2385/3830
f 2361/2387/3831 2363/2517/3831 2366/2388/3831
f 2365/2386/3832 2364/2385/3832 2367/2389/3832
f 2364/2385/3833 2366/2388/3833 2370/2391/3833
f 2371/2392/3834 2368/2395/3834 2367/2393/3834
f 2368/2395/3835 2397/2435/3835 2369/2396/3835
f 2373/2397/3836 2371/2392/3836 2370/2394/3836
f 2370/2391/3837 2366/2388/3837 2375/2399/3837
f 2392/2401/3838 2373/2397/3838 2372/2398/3838
f 2375/2399/3839 2376/2404/3839 2374/2403/3839
f 2366/2388/3840 2363/2517/3840 2376/2404/3840
f 2360/2350/3841 2377/6137/3841 2476/2405/3841
f 2476/2405/3842 2377/6137/3842 2378/2406/3842
f 2487/2408/3843 2377/6137/3843 2360/2350/3843
f 2378/2406/3844 2377/6137/3844 2487/2408/3844
f 2356/2375/3845 2381/2413/3845 2379/2410/3845
f 2380/2412/3846 2379/2410/3846 2381/2413/3846
f 2354/2372/3847 2382/2414/3847 2381/2413/3847
f 2383/2415/3848 2382/2418/3848 2354/2416/3848
f 2385/2417/3849 2380/2518/3849 2382/2418/3849
f 2386/2419/3850 2383/2415/3850 2384/2370/3850
f 2388/2421/3851 2385/2417/3851 2383/2415/3851
f 2390/2422/3852 2391/2427/3852 2491/2423/3852
f 2480/2425/3853 2391/2427/3853 2390/2422/3853
f 2391/2427/3854 2378/2520/3854 2492/2428/3854
f 2461/2429/3855 2392/2401/3855 2374/2402/3855
f 2373/2397/3856 2392/2401/3856 2389/2431/3856
f 2371/2392/3857 2373/2397/3857 2393/2432/3857
f 2368/2395/3858 2371/2392/3858 2394/2433/3858
f 2397/2435/3859 2368/2395/3859 2395/2434/3859
f 2431/2437/3860 2397/2435/3860 2396/2436/3860
f 2399/2439/3861 2353/2367/3861 2351/2368/3861
f 2387/2420/3862 2384/2370/3862 2353/2367/3862
f 2400/2440/3863 2351/2368/3863 2348/2365/3863
f 2401/2441/3864 2348/2365/3864 2403/2362/3864
f 2402/2442/3865 2403/2362/3865 2405/2443/3865
f 2404/2444/3866 2405/2443/3866 2324/2329/3866
f 2405/2443/3867 2403/2362/3867 2349/2364/3867
f 2407/2320/3868 2323/2319/3868 2410/2445/3868
f 2410/2445/3869 2411/2448/3869 2409/2447/3869
f 2411/2448/3870 2410/2445/3870 2412/2449/3870
f 2323/2319/3871 2327/2322/3871 2412/2449/3871
f 2414/2451/3872 2415/2454/3872 2413/2452/3872
f 2327/2328/3873 2416/2327/3873 2414/2451/3873
f 2416/2327/3874 2331/2333/3874 2337/2340/3874
f 2415/2454/3875 2414/2451/3875 2337/2340/3875
f 2418/2455/3876 2415/2454/3876 2417/2342/3876
f 2415/2454/3877 2418/2455/3877 2420/2457/3877
f 2418/2455/3878 2419/2456/3878 2422/2458/3878
f 2421/2459/3879 2420/2462/3879 2422/2460/3879
f 2411/2448/3880 2413/2450/3880 2420/2462/3880
f 2423/2461/3881 2422/2460/3881 2424/2463/3881
f 2419/2456/3882 2427/2470/3882 2424/2465/3882
f 2425/2464/3883 2424/2463/3883 2426/2466/3883
f 2424/2465/3884 2427/2470/3884 2428/2468/3884
f 2419/2456/3885 2417/2342/3885 2338/2341/3885
f 2427/2470/3886 2338/2341/3886 2340/2344/3886
f 2428/2468/3887 2429/2473/3887 2430/2471/3887
f 2428/2468/3888 2340/2344/3888 2342/2472/3888
f 2342/2472/3889 2362/2384/3889 2365/2386/3889
f 2429/2473/3890 2365/2386/3890 2369/2390/3890
f 2432/2467/3891 2426/2466/3891 2430/2474/3891
f 2431/2437/3892 2430/2474/3892 2369/2396/3892
f 2432/2467/3893 2431/2437/3893 2398/2438/3893
f 2425/2464/3894 2432/2467/3894 2433/2475/3894
f 2423/2461/3895 2425/2464/3895 2434/2476/3895
f 2421/2459/3896 2423/2461/3896 2435/2477/3896
f 2411/2448/3897 2421/2459/3897 2436/2478/3897
f 2455/2479/3898 2339/2347/3898 2478/2348/3898
f 2495/2481/3899 2456/2499/3899 2437/2482/3899
f 2442/2483/3900 2443/2522/3900 2462/2484/3900
f 2441/2486/3901 2442/2483/3901 2460/2485/3901
f 2462/2488/3902 2443/2523/3902 2440/2489/3902
f 2470/2490/3903 2440/2489/3903 2444/2491/3903
f 2466/2492/3904 2444/2491/3904 2439/2493/3904
f 2469/2494/3905 2439/2493/3905 2445/2495/3905
f 2468/2497/3906 2467/2496/3906 2445/2495/3906
f 2456/2499/3907 2468/2497/3907 2438/2498/3907
f 2480/2425/3908 2451/2519/3908 2452/2500/3908
f 2461/2429/3909 2451/2519/3909 2450/2502/3909
f 2463/2504/3910 2473/2508/3910 2449/2505/3910
f 2453/2507/3911 2449/2505/3911 2473/2508/3911
f 2448/2510/3912 2453/2507/3912 2464/2509/3912
f 2454/2512/3913 2448/2510/3913 2472/2511/3913
f 2471/2514/3914 2447/2516/3914 2454/2512/3914
f 2457/2515/3915 2446/2521/3915 2447/2516/3915
f 2457/2515/3916 2471/2514/3916 2342/2472/3916
f 2471/2514/3917 2465/2513/3917 2362/2384/3917
f 2362/2384/3918 2465/2513/3918 2472/2511/3918
f 2361/2387/3919 2472/2511/3919 2464/2509/3919
f 2363/2517/3920 2464/2509/3920 2473/2508/3920
f 2376/2404/3921 2473/2508/3921 2463/2504/3921
f 2392/2401/3922 2461/2429/3922 2459/2503/3922
f 2343/2356/3923 2468/2497/3923 2456/2499/3923
f 2344/2374/3924 2467/2496/3924 2468/2497/3924
f 2344/2374/3925 2357/2376/3925 2469/2494/3925
f 2357/2376/3926 2358/2411/3926 2466/2492/3926
f 2358/2411/3927 2379/2410/3927 2470/2490/3927
f 2462/2488/3928 2470/2490/3928 2379/2410/3928
f 2458/2487/3929 2460/2485/3929 2385/2417/3929
f 2460/2485/3930 2462/2484/3930 2380/2518/3930
f 2488/2338/3931 2335/2337/3931 2456/2499/3931
f 2477/2343/3932 2336/2339/3932 2455/2479/3932
f 2451/2519/3933 2461/2429/3933 2463/2430/3933
f 2477/2343/1397 2484/2480/1397 2457/2515/1397
f 2391/2427/3934 2480/2425/3934 2481/2501/3934
f 2484/2480/3935 2478/2348/3935 2446/2521/3935
f 2451/2519/3936 2480/2425/3936 2479/2426/3936
f 2449/2505/3937 2476/2405/3937 2481/2407/3937
f 2482/2383/3938 2476/2405/3938 2449/2505/3938
f 2475/2381/3939 2482/2383/3939 2453/2507/3939
f 2483/2382/3940 2475/2381/3940 2448/2510/3940
f 2447/2516/3941 2474/2349/3941 2483/2382/3941
f 2446/2521/3942 2478/2348/3942 2474/2349/3942
f 2488/2338/1396 2495/2481/1396 2455/2479/1396
f 2455/2479/3943 2495/2481/3943 2489/2345/3943
f 2491/2423/3944 2492/2428/3944 2443/2522/3944
f 2490/2424/3945 2491/2423/3945 2442/2483/3945
f 2492/2409/3946 2487/2408/3946 2440/2489/3946
f 2440/2489/3947 2487/2408/3947 2493/2352/3947
f 2444/2491/3948 2493/2352/3948 2486/2377/3948
f 2439/2493/3949 2486/2377/3949 2494/2379/3949
f 2438/2498/3950 2445/2495/3950 2494/2379/3950
f 2437/2482/3951 2438/2498/3951 2485/2524/3951
f 2360/2350/3952 2482/2383/3952 2508/2525/3952
f 2359/2380/3953 2493/2352/3953 2509/2351/3953
f 2499/2353/3954 2517/2355/3954 2514/2528/3954
f 2498/2530/3955 2516/2537/3955 2512/2354/3955
f 2497/2378/3956 2483/2382/3956 2498/2530/3956
f 2497/2378/3957 2341/2531/3957 2499/2353/3957
f 2501/2529/3958 2514/2528/3958 2505/2532/3958
f 2500/2533/3959 2474/2349/3959 2504/2534/3959
f 2485/2524/3960 2505/2532/3960 2510/2536/3960
f 2498/2530/3961 2500/2533/3961 2513/2535/3961
f 2474/2349/3962 2500/2533/3962 2498/2530/3962
f 2485/2524/3963 2494/2379/3963 2499/2353/3963
f 2517/2538/3964 2512/2553/3964 2511/2539/3964
f 2515/2541/3965 2512/2553/3965 2516/2542/3965
f 2515/2541/3966 2513/2543/3966 2502/2552/3966
f 2502/2552/3967 2503/2546/3967 2505/2547/3967
f 2502/2552/3968 2513/2543/3968 2504/2544/3968
f 2502/2552/3969 2514/2540/3969 2511/2539/3969
f 2359/2380/3970 2507/2527/3970 2508/2525/3970
f 2474/2349/3971 2496/2346/3971 2510/2536/3971
f 2603/2554/3972 2521/2567/3972 2518/2555/3972
f 2519/2556/3973 2518/2555/3973 2520/2557/3973
f 2520/2557/3974 2518/2555/3974 2522/2559/3974
f 2518/2555/3975 2521/2567/3975 2525/2561/3975
f 2525/2562/3976 2527/2570/3976 2523/2563/3976
f 2522/2564/3977 2523/2563/3977 2613/2565/3977
f 2521/2567/3978 2602/2681/3978 2526/2568/3978
f 2526/2569/3979 2529/2574/3979 2527/2570/3979
f 2523/2563/3980 2527/2570/3980 2528/2571/3980
f 2527/2570/3981 2529/2574/3981 2531/2572/3981
f 2526/2569/3982 2546/2598/3982 2530/2573/3982
f 2529/2574/3983 2530/2573/3983 2532/2575/3983
f 2531/2572/1454 2532/2575/1454 2685/2576/1454
f 2531/2572/3984 2533/2577/3984 2534/2578/3984
f 2534/2578/3985 2533/2577/3985 2535/2579/3985
f 2535/2579/1457 2533/2577/1457 2674/2581/1457
f 2686/2583/3986 2682/2762/3986 2693/2584/3986
f 2675/2586/3987 2536/2585/3987 2693/2584/3987
f 2557/2588/3988 2703/2764/3988 2706/2589/3988
f 2696/2591/3989 2538/2769/3989 2709/2592/3989
f 2530/2573/3990 2542/2596/3990 2540/2594/3990
f 2543/2595/3991 2541/2612/3991 2540/2594/3991
f 2544/2597/3992 2542/2596/3992 2530/2573/3992
f 2547/2599/3993 2543/2595/3993 2542/2596/3993
f 2600/2600/3994 2545/2603/3994 2544/2601/3994
f 2545/2603/3995 2548/2606/3995 2547/2604/3995
f 2550/2605/3996 2549/2609/3996 2547/2604/3996
f 2549/2607/3997 2552/2611/3997 2543/2595/3997
f 2581/2608/3998 2551/2654/3998 2549/2609/3998
f 2551/2610/3999 2553/2613/3999 2552/2611/3999
f 2552/2611/4000 2554/2614/4000 2541/2612/4000
f 2553/2613/4001 2555/2649/4001 2554/2614/4001
f 2683/2615/4002 2556/2618/4002 2694/2616/4002
f 2694/2616/4003 2556/2618/4003 2672/2619/4003
f 2559/2622/4004 2558/2625/4004 2561/2623/4004
f 2558/2625/4005 2560/2755/4005 2563/2626/4005
f 2562/2624/4006 2561/2623/4006 2564/2627/4006
f 2561/2623/4007 2563/2626/4007 2567/2629/4007
f 2568/2630/4008 2565/2633/4008 2564/2631/4008
f 2565/2633/4009 2594/2673/4009 2566/2634/4009
f 2570/2635/4010 2568/2630/4010 2567/2632/4010
f 2567/2629/4011 2563/2626/4011 2572/2637/4011
f 2589/2639/4012 2570/2635/4012 2569/2636/4012
f 2572/2637/4013 2573/2642/4013 2571/2641/4013
f 2563/2626/4014 2560/2755/4014 2573/2642/4014
f 2557/2588/4015 2574/6138/4015 2673/2643/4015
f 2673/2643/4016 2574/6138/4016 2575/2644/4016
f 2684/2646/4017 2574/6138/4017 2557/2588/4017
f 2575/2644/4018 2574/6138/4018 2684/2646/4018
f 2553/2613/4019 2578/2651/4019 2576/2648/4019
f 2577/2650/4020 2576/2648/4020 2578/2651/4020
f 2551/2610/4021 2579/2652/4021 2578/2651/4021
f 2580/2653/4022 2579/2656/4022 2551/2654/4022
f 2582/2655/4023 2577/2756/4023 2579/2656/4023
f 2583/2657/4024 2580/2653/4024 2581/2608/4024
f 2585/2659/4025 2582/2655/4025 2580/2653/4025
f 2587/2660/4026 2588/2665/4026 2688/2661/4026
f 2677/2663/4027 2588/2665/4027 2587/2660/4027
f 2588/2665/4028 2575/2758/4028 2689/2666/4028
f 2658/2667/4029 2589/2639/4029 2571/2640/4029
f 2570/2635/4030 2589/2639/4030 2586/2669/4030
f 2568/2630/4031 2570/2635/4031 2590/2670/4031
f 2565/2633/4032 2568/2630/4032 2591/2671/4032
f 2594/2673/4033 2565/2633/4033 2592/2672/4033
f 2628/2675/4034 2594/2673/4034 2593/2674/4034
f 2596/2677/4035 2550/2605/4035 2548/2606/4035
f 2584/2658/4036 2581/2608/4036 2550/2605/4036
f 2597/2678/4037 2548/2606/4037 2545/2603/4037
f 2598/2679/4038 2545/2603/4038 2600/2600/4038
f 2599/2680/4039 2600/2600/4039 2602/2681/4039
f 2601/2682/4040 2602/2681/4040 2521/2567/4040
f 2602/2681/4041 2600/2600/4041 2546/2602/4041
f 2604/2558/4042 2520/2557/4042 2607/2683/4042
f 2607/2683/4043 2608/2686/4043 2606/2685/4043
f 2608/2686/4044 2607/2683/4044 2609/2687/4044
f 2520/2557/4045 2524/2560/4045 2609/2687/4045
f 2611/2689/4046 2612/2692/4046 2610/2690/4046
f 2524/2566/4047 2613/2565/4047 2611/2689/4047
f 2613/2565/4048 2528/2571/4048 2534/2578/4048
f 2612/2692/4049 2611/2689/4049 2534/2578/4049
f 2615/2693/4050 2612/2692/4050 2614/2580/4050
f 2612/2692/4051 2615/2693/4051 2617/2695/4051
f 2615/2693/4052 2616/2694/4052 2619/2696/4052
f 2618/2697/4053 2617/2700/4053 2619/2698/4053
f 2608/2686/4054 2610/2688/4054 2617/2700/4054
f 2620/2699/4055 2619/2698/4055 2621/2701/4055
f 2616/2694/4056 2624/2708/4056 2621/2703/4056
f 2622/2702/4057 2621/2701/4057 2623/2704/4057
f 2621/2703/4058 2624/2708/4058 2625/2706/4058
f 2616/2694/4059 2614/2580/4059 2535/2579/4059
f 2624/2708/4060 2535/2579/4060 2537/2582/4060
f 2625/2706/4061 2626/2711/4061 2627/2709/4061
f 2625/2706/4062 2537/2582/4062 2539/2710/4062
f 2539/2710/4063 2559/2622/4063 2562/2624/4063
f 2626/2711/4064 2562/2624/4064 2566/2628/4064
f 2629/2705/4065 2623/2704/4065 2627/2712/4065
f 2628/2675/4066 2627/2712/4066 2566/2634/4066
f 2629/2705/4067 2628/2675/4067 2595/2676/4067
f 2622/2702/4068 2629/2705/4068 2630/2713/4068
f 2620/2699/4069 2622/2702/4069 2631/2714/4069
f 2618/2697/4070 2620/2699/4070 2632/2715/4070
f 2608/2686/4071 2618/2697/4071 2633/2716/4071
f 2652/2717/4072 2536/2585/4072 2675/2586/4072
f 2692/2719/4073 2653/2737/4073 2634/2720/4073
f 2639/2721/4074 2640/2760/4074 2659/2722/4074
f 2638/2724/4075 2639/2721/4075 2657/2723/4075
f 2659/2726/1595 2640/2761/1595 2637/2727/1595
f 2667/2728/4076 2637/2727/4076 2641/2729/4076
f 2663/2730/4077 2641/2729/4077 2636/2731/4077
f 2666/2732/4078 2636/2731/4078 2642/2733/4078
f 2665/2735/4079 2664/2734/4079 2642/2733/4079
f 2653/2737/4080 2665/2735/4080 2635/2736/4080
f 2677/2663/4081 2648/2757/4081 2649/2738/4081
f 2658/2667/4082 2648/2757/4082 2647/2740/4082
f 2660/2742/4083 2670/2746/4083 2646/2743/4083
f 2650/2745/4084 2646/2743/4084 2670/2746/4084
f 2645/2748/4085 2650/2745/4085 2661/2747/4085
f 2651/2750/4086 2645/2748/4086 2669/2749/4086
f 2668/2752/4087 2644/2754/4087 2651/2750/4087
f 2654/2753/4088 2643/2759/4088 2644/2754/4088
f 2654/2753/4089 2668/2752/4089 2539/2710/4089
f 2668/2752/4090 2662/2751/4090 2559/2622/4090
f 2559/2622/4091 2662/2751/4091 2669/2749/4091
f 2558/2625/4092 2669/2749/4092 2661/2747/4092
f 2560/2755/4093 2661/2747/4093 2670/2746/4093
f 2573/2642/4094 2670/2746/4094 2660/2742/4094
f 2589/2639/4095 2658/2667/4095 2656/2741/4095
f 2540/2594/4096 2665/2735/4096 2653/2737/4096
f 2541/2612/4097 2664/2734/4097 2665/2735/4097
f 2541/2612/4098 2554/2614/4098 2666/2732/4098
f 2554/2614/4099 2555/2649/4099 2663/2730/4099
f 2555/2649/4100 2576/2648/4100 2667/2728/4100
f 2659/2726/4101 2667/2728/4101 2576/2648/4101
f 2655/2725/4102 2657/2723/4102 2582/2655/4102
f 2657/2723/4103 2659/2722/4103 2577/2756/4103
f 2685/2576/4104 2532/2575/4104 2653/2737/4104
f 2674/2581/4105 2533/2577/4105 2652/2717/4105
f 2648/2757/4106 2658/2667/4106 2660/2668/4106
f 2674/2581/1580 2681/2718/1580 2654/2753/1580
f 2588/2665/4107 2677/2663/4107 2678/2739/4107
f 2681/2718/4108 2675/2586/4108 2643/2759/4108
f 2648/2757/4109 2677/2663/4109 2676/2664/4109
f 2646/2743/4110 2673/2643/4110 2678/2645/4110
f 2679/2621/4111 2673/2643/4111 2646/2743/4111
f 2672/2619/4112 2679/2621/4112 2650/2745/4112
f 2680/2620/4113 2672/2619/4113 2645/2748/4113
f 2644/2754/4114 2671/2587/4114 2680/2620/4114
f 2643/2759/4115 2675/2586/4115 2671/2587/4115
f 2685/2576/1579 2692/2719/1579 2652/2717/1579
f 2652/2717/4116 2692/2719/4116 2686/2583/4116
f 2688/2661/4117 2689/2666/4117 2640/2760/4117
f 2687/2662/4118 2688/2661/4118 2639/2721/4118
f 2689/2647/4119 2684/2646/4119 2637/2727/4119
f 2637/2727/4120 2684/2646/4120 2690/2590/4120
f 2641/2729/4121 2690/2590/4121 2683/2615/4121
f 2636/2731/4122 2683/2615/4122 2691/2617/4122
f 2635/2736/4123 2642/2733/4123 2691/2617/4123
f 2634/2720/4124 2635/2736/4124 2682/2762/4124
f 2557/2588/4125 2679/2621/4125 2705/2763/4125
f 2556/2618/4126 2690/2590/4126 2706/2589/4126
f 2696/2591/4127 2714/2593/4127 2711/2766/4127
f 2695/2768/4128 2713/2775/4128 2709/2592/4128
f 2694/2616/4129 2680/2620/4129 2695/2768/4129
f 2694/2616/4130 2538/2769/4130 2696/2591/4130
f 2698/2767/4131 2711/2766/4131 2702/2770/4131
f 2697/2771/4132 2671/2587/4132 2701/2772/4132
f 2682/2762/4133 2702/2770/4133 2707/2774/4133
f 2695/2768/4134 2697/2771/4134 2710/2773/4134
f 2671/2587/4135 2697/2771/4135 2695/2768/4135
f 2682/2762/4136 2691/2617/4136 2696/2591/4136
f 2714/2776/4137 2709/2791/4137 2708/2777/4137
f 2712/2779/4138 2709/2791/4138 2713/2780/4138
f 2712/2779/4139 2710/2781/4139 2699/2790/4139
f 2699/2790/4140 2700/2784/4140 2702/2785/4140
f 2699/2790/4141 2710/2781/4141 2701/2792/4141
f 2699/2790/4142 2711/2778/4142 2708/2777/4142
f 2556/2618/4143 2704/2765/4143 2705/2763/4143
f 2671/2587/4144 2693/2584/4144 2707/2774/4144
f 2586/2793/4145 2388/2797/4145 2386/2794/4145
f 2656/2796/4146 2458/2799/4146 2388/2797/4146
f 2647/2798/4147 2441/2801/4147 2458/2799/4147
f 2676/2800/4148 2490/2803/4148 2441/2801/4148
f 2587/2802/4149 2390/2805/4149 2490/2803/4149
f 2687/2804/4150 2479/2807/4150 2390/2805/4150
f 2638/2806/4150 2450/2809/4150 2479/2807/4150
f 2655/2808/4151 2459/2811/4151 2450/2809/4151
f 2585/2810/4152 2389/2813/4152 2459/2811/4152
f 2583/2812/4153 2393/2815/4153 2389/2813/4153
f 2584/2814/4154 2394/2817/4154 2393/2815/4154
f 2596/2816/4155 2395/2819/4155 2394/2817/4155
f 2597/2818/4156 2396/2821/4156 2395/2819/4156
f 2598/2820/4157 2398/2823/4157 2396/2821/4157
f 2599/2822/4158 2433/2825/4158 2398/2823/4158
f 2601/2824/4159 2434/2827/4159 2433/2825/4159
f 2603/2826/4160 2435/2829/4160 2434/2827/4160
f 2519/2828/4161 2436/2831/4161 2435/2829/4161
f 2604/2830/4162 2409/2833/4162 2436/2831/4162
f 2605/2832/4163 2408/2835/4163 2409/2833/4163
f 2606/2834/4164 2407/2837/4164 2408/2835/4164
f 2633/2836/4165 2322/2839/4165 2407/2837/4165
f 2632/2838/4166 2406/2841/4166 2322/2839/4166
f 2631/2840/4167 2404/2843/4167 2406/2841/4167
f 2630/2842/4168 2402/2845/4168 2404/2843/4168
f 2595/2844/4169 2401/2847/4169 2402/2845/4169
f 2593/2846/4170 2400/2849/4170 2401/2847/4170
f 2592/2848/4171 2399/2851/4171 2400/2849/4171
f 2591/2850/4172 2387/2852/4172 2399/2851/4172
f 2590/2795/4173 2386/2794/4173 2387/2852/4173
f 2701/2853/714 2716/6139/714 2715/2854/714
f 2759/2919/1783 2762/2929/1783 2764/2920/1783
f 2761/6140/4174 2759/6141/4174 2760/6142/4174
f 2760/6142/1736 3110/6143/1736 2761/6140/1736
f 3110/6143/1736 3109/2924/1736 2865/2923/1736
f 2761/6140/1736 3110/6143/1736 2865/2923/1736
f 3109/2924/1736 2780/6144/1736 2867/6145/1736
f 2780/6144/1736 2782/6146/1736 2868/6147/1736
f 2782/6146/1736 2784/6148/1736 2868/6147/1736
f 2784/6148/1736 2787/6149/1736 2869/6150/1736
f 2868/6147/1736 2784/6148/1736 2869/6150/1736
f 2787/6149/1736 2790/6151/1736 2844/6152/1736
f 2790/6151/1736 2793/6153/1736 2841/6154/1736
f 2793/6153/1736 3108/6155/1736 2841/6154/1736
f 3108/6155/1736 2803/6156/1736 2839/6157/1736
f 2841/6154/1736 3108/6155/1736 2839/6157/1736
f 2803/6156/1736 2805/6158/1736 3106/6159/1736
f 2805/6158/1736 2807/6160/1736 2827/6161/1736
f 2807/6160/1736 2810/6162/1736 2827/6161/1736
f 2810/6162/1736 3107/6163/1736 2824/6164/1736
f 2827/6161/1736 2810/6162/1736 2824/6164/1736
f 3107/6163/4175 2820/6165/4175 2822/6166/4175
f 2822/6166/1736 2824/6164/1736 3107/6163/1736
f 2827/6161/1736 3106/6159/1736 2805/6158/1736
f 3106/6159/1736 2837/6167/1736 2803/6156/1736
f 2837/6167/1736 2839/6157/1736 2803/6156/1736
f 2841/6154/1736 2844/6152/1736 2790/6151/1736
f 2844/6152/1736 2847/6168/1736 2787/6149/1736
f 2847/6168/1736 2869/6150/1736 2787/6149/1736
f 2868/6147/1736 2867/6145/1736 2780/6144/1736
f 2867/6145/1736 2866/2922/1736 3109/2924/1736
f 2761/2925/1737 2763/2928/1737 2762/2926/1737
f 2762/2926/1736 2763/2928/1736 2767/2928/1736
f 2762/2929/1736 2765/2929/1736 2768/2920/1736
f 2765/2929/1783 2766/3069/1783 2769/2930/1783
f 2767/2928/1784 2870/3019/1784 2766/2931/1784
f 2764/2920/1736 2768/2920/1736 2770/2932/1736
f 2768/2920/4176 2769/2930/4176 2772/2933/4176
f 2771/2932/1736 2770/2932/1736 2773/2934/1736
f 2770/2932/1739 2772/2933/1739 2775/2936/1739
f 2774/2935/1736 2773/2934/1736 2776/2937/1736
f 2773/2934/1740 2775/2936/1740 2777/2939/1740
f 2776/2937/1741 2777/2939/1741 2949/2940/1741
f 2779/2938/1736 2776/2937/1736 2778/2941/1736
f 3109/2943/1740 2774/2935/1740 2779/2938/1740
f 2780/2944/1741 2779/2938/1741 2781/2942/1741
f 2782/2945/1742 2781/2942/1742 2783/2946/1742
f 2781/2942/1736 2778/2941/1736 2785/2946/1736
f 2784/2947/1743 2783/2946/1743 2786/2948/1743
f 2783/2946/1736 2785/2946/1736 2788/2950/1736
f 2787/2949/1744 2786/2948/1744 2789/2951/1744
f 2786/2948/1736 2788/2950/1736 2791/2951/1736
f 2789/2951/1745 2792/2954/1745 2793/2953/1745
f 2792/2954/1736 2789/2951/1736 2791/2951/1736
f 2792/2954/1746 2794/2956/1746 3108/2955/1746
f 2794/2956/1736 2792/2954/1736 2795/2954/1736
f 2950/2958/4177 2796/2959/4177 2795/2954/4177
f 2796/2959/1746 2798/2960/1746 2797/2957/1746
f 2798/2960/1750 2800/2962/1750 2799/2961/1750
f 2802/2961/1736 2794/2956/1736 2797/2957/1736
f 2800/2962/1749 3102/3053/1749 2801/2963/1749
f 2804/2963/1736 2802/2961/1736 2799/2961/1736
f 2794/2956/1750 2802/2961/1750 2803/2964/1750
f 2802/2961/1749 2804/2963/1749 2805/2965/1749
f 2804/2963/1751 2806/2967/1751 2807/2966/1751
f 2806/2967/1736 2804/2963/1736 2801/2963/1736
f 2806/2967/1752 2809/2970/1752 2810/2969/1752
f 2809/2970/1736 2806/2967/1736 2808/2968/1736
f 2809/2970/1753 2811/2972/1753 3107/2971/1753
f 2811/2972/1736 2809/2970/1736 2812/2970/1736
f 3103/2973/1752 2813/2974/1752 2812/2970/1752
f 2813/2974/4178 2815/2975/4178 2814/2972/4178
f 2815/2975/1754 2817/2977/1754 2816/2976/1754
f 2819/2976/1736 2811/2972/1736 2814/2972/1736
f 2817/2977/1755 3104/3047/1755 2818/2978/1755
f 2819/2976/1736 2816/2976/1736 2818/2978/1736
f 2811/2972/1754 2819/2976/1754 2820/2980/1754
f 2819/2976/1777 2821/2979/1777 2822/2981/1777
f 2821/2979/1757 2823/2984/1757 2824/2982/1757
f 2821/2979/1761 2818/2978/1761 2825/2983/1761
f 2823/2984/1758 2826/2987/1758 2827/2985/1758
f 2823/2984/1736 2825/2983/1736 2829/2986/1736
f 2826/2987/1759 2828/2990/1759 3106/2988/1759
f 2826/2987/1736 2829/2986/1736 2831/2989/1736
f 3105/2991/1758 2830/2992/1758 2829/2986/1758
f 2830/2992/1759 2832/2993/1759 2831/2989/1759
f 2832/2993/1760 2834/2996/1760 2833/2994/1760
f 2828/2990/1736 2831/2989/1736 2833/2994/1736
f 2834/2996/4179 2898/3038/4179 2835/2997/4179
f 2836/2995/1736 2833/2994/1736 2835/2997/1736
f 2828/2990/1760 2836/2995/1760 2837/2998/1760
f 2836/2995/1763 2838/2997/1763 2839/2999/1763
f 2838/2997/1764 2840/3002/1764 2841/3000/1764
f 2838/2997/1761 2835/2997/1761 2842/3001/1761
f 2840/3002/1765 2843/3004/1765 2844/3003/1765
f 2840/3002/1736 2842/3001/1736 2845/3004/1736
f 2844/3003/1766 2843/3004/1766 2846/3005/1766
f 2846/3005/1736 2843/3004/1736 2845/3004/1736
f 2847/3006/1767 2846/3005/1767 2848/3007/1767
f 2848/3007/1736 2846/3005/1736 2849/3005/1736
f 2845/3004/1766 2892/3035/1766 2850/3009/1766
f 2849/3005/1767 2850/3009/1767 2852/3010/1767
f 2851/3007/4180 2852/3010/4180 2855/3011/4180
f 2854/3012/1736 2848/3007/1736 2851/3007/1736
f 2857/3013/1736 2854/3012/1736 2853/3012/1736
f 2853/3012/1769 2855/3011/1769 2858/3014/1769
f 2860/3015/1736 2857/3013/1736 2856/3013/1736
f 2856/3013/1770 2858/3014/1770 2861/3016/1770
f 2864/3017/1736 2860/3015/1736 2859/3015/1736
f 2859/3015/1771 2861/3016/1771 2863/3018/1771
f 2862/3017/4181 2863/3018/4181 2870/3019/4181
f 2763/2928/1736 2864/3017/1736 2862/3017/1736
f 2866/3020/1771 2860/3015/1771 2864/3017/1771
f 2865/3021/1772 2864/3017/1772 2763/2928/1772
f 2867/3022/1770 2857/3013/1770 2860/3015/1770
f 2868/3023/1769 2854/3012/1769 2857/3013/1769
f 2869/3008/1768 2848/3007/1768 2854/3012/1768
f 2872/3024/1773 2870/3019/1773 2863/3018/1773
f 2871/3025/1773 2863/3018/1773 2861/3016/1773
f 2872/3024/1736 2871/3025/1736 2874/3018/1736
f 2871/3025/1736 2873/3016/1736 2877/3026/1736
f 2877/3026/1771 2878/3029/1771 2875/3027/1771
f 2874/3018/1772 2875/3027/1772 2966/3028/1772
f 2873/3016/1736 2880/3030/1736 2879/3014/1736
f 2879/3014/1770 2881/3031/1770 2878/3029/1770
f 2880/3030/1736 2883/3032/1736 2882/3011/1736
f 2882/3011/1769 2884/3033/1769 2881/3031/1769
f 2883/3032/1736 2888/3010/1736 2885/3010/1736
f 2885/3010/4180 2886/3034/4180 2884/3033/4180
f 2887/3009/1767 3027/3108/1767 2886/3034/1767
f 2888/3010/1736 2889/3009/1736 2887/3009/1736
f 2883/3032/1773 2855/3011/1773 2852/3010/1773
f 2888/3010/1773 2852/3010/1773 2850/3009/1773
f 2889/3009/1773 2850/3009/1773 2892/3035/1773
f 2889/3009/1736 2890/3036/1736 2891/3035/1736
f 2893/3037/1736 2895/3037/1736 2891/3035/1736
f 2893/3037/1773 2890/3036/1773 2892/3035/1773
f 2896/3038/1773 2893/3037/1773 2894/3037/1773
f 2896/3038/1736 2897/3038/1736 2895/3037/1736
f 2899/2996/1736 2901/3039/1736 2897/3038/1736
f 2899/2996/1773 2896/3038/1773 2898/3038/1773
f 2900/2993/1773 2899/2996/1773 2834/2996/1773
f 2900/2993/1736 2903/3041/1736 2901/3039/1736
f 2904/3040/1760 2902/3042/1760 2901/3039/1760
f 2902/3042/1763 3016/3099/1763 2897/3038/1763
f 2907/3043/1759 2904/3040/1759 2903/3041/1759
f 2906/3044/1736 2905/2992/1736 2903/3041/1736
f 2909/2991/1736 2908/3046/1736 2905/2992/1736
f 2910/3045/1758 2907/3043/1758 2905/2992/1758
f 2912/3047/1736 2911/3047/1736 2908/3046/1736
f 2913/3048/1757 2910/3045/1757 2908/3046/1757
f 2917/2977/1736 2914/2977/1736 2911/3047/1736
f 2915/3049/1755 2913/3048/1755 2911/3047/1755
f 3003/3050/1756 2915/3049/1756 2914/2977/1756
f 2917/2977/1736 2918/2975/1736 2916/2975/1736
f 2917/2977/1773 2912/3047/1773 3104/3047/1773
f 2917/2977/1773 2817/2977/1773 2815/2975/1773
f 2918/2975/1773 2815/2975/1773 2813/2974/1773
f 2918/2975/1736 2919/2974/1736 2921/2974/1736
f 2919/2974/1773 2813/2974/1773 3103/2973/1773
f 2919/2974/1736 2920/2973/1736 2923/2973/1736
f 2924/3051/1752 2922/3052/1752 2921/2974/1752
f 2922/3052/1753 3003/3050/1753 2916/2975/1753
f 2920/2973/1736 2926/3053/1736 2925/3053/1736
f 2927/3054/1751 2924/3051/1751 2923/2973/1751
f 2926/3053/1736 2931/2962/1736 2928/2962/1736
f 2929/3055/1749 2927/3054/1749 2925/3053/1749
f 2992/3056/1750 2929/3055/1750 2928/2962/1750
f 2931/2962/1736 2932/2960/1736 2930/2960/1736
f 2926/3053/1773 3102/3053/1773 2800/2962/1773
f 2931/2962/1779 2800/2962/1779 2798/2960/1779
f 2932/2960/1776 2798/2960/1776 2796/2959/1776
f 2932/2960/1736 2933/2959/1736 2935/2959/1736
f 2933/2959/1779 2796/2959/1779 2950/2958/1779
f 2933/2959/1736 2934/2958/1736 2937/2958/1736
f 2938/3057/1745 2936/3058/1745 2935/2959/1745
f 2936/3058/1746 2992/3056/1746 2930/2960/1746
f 2940/3059/1736 2939/3059/1736 2937/2958/1736
f 2939/3059/1744 2941/3061/1744 2938/3057/1744
f 2945/3060/1736 2942/3060/1736 2939/3059/1736
f 2942/3060/1743 2943/3062/1743 2941/3061/1743
f 2944/2940/1742 2981/3066/1742 2943/3062/1742
f 2946/3063/1736 2944/2940/1736 2942/3060/1736
f 2945/3060/1773 2940/3059/1773 2948/3059/1773
f 2946/3063/1773 2945/3060/1773 2947/3060/1773
f 2778/2941/1742 2949/2940/1742 2947/3060/1742
f 2785/2946/1743 2947/3060/1743 2948/3059/1743
f 2951/3064/1773 2946/3063/1773 2949/2940/1773
f 2940/3059/1773 2934/2958/1773 2950/2958/1773
f 2788/2950/4182 2948/3059/4182 2950/2958/4182
f 2951/3064/1736 2953/2939/1736 2944/2940/1736
f 2952/2936/1773 2951/3064/1773 2777/2939/1773
f 2952/2936/1736 2955/2936/1736 2953/2939/1736
f 2955/2936/1740 2956/3067/1740 2954/3065/1740
f 2953/2939/1741 2954/3065/1741 2981/3066/1741
f 2958/2933/1736 2957/2933/1736 2955/2936/1736
f 2957/2933/1739 2959/3068/1739 2956/3067/1739
f 2961/2930/1736 2960/2930/1736 2957/2933/1736
f 2960/2930/1738 2962/3070/1738 2959/3068/1738
f 2965/3069/1736 2963/3069/1736 2960/2930/1736
f 2963/3069/1783 2964/3073/1783 2962/3070/1783
f 2876/3019/1784 2966/3028/1784 2964/3071/1784
f 2965/2931/1736 2872/3024/1736 2876/3019/1736
f 2965/2931/1773 2766/2931/1773 2870/3019/1773
f 2965/3069/1773 2961/2930/1773 2769/2930/1773
f 2967/3071/1781 2964/3071/1781 2966/3028/1781
f 2967/3073/4183 2970/3075/4183 2962/3070/4183
f 2967/3073/1735 2968/3125/1735 2971/3074/1735
f 2969/3072/1784 3038/3116/1784 2968/3076/1784
f 2970/3075/4176 2971/3074/4176 2973/3077/4176
f 2970/3075/1785 2972/3068/1785 2959/3068/1785
f 2972/3068/1739 2973/3077/1739 2975/3078/1739
f 2972/3068/4184 2974/3079/4184 2956/3067/4184
f 2974/3079/1740 2975/3078/1740 2977/3080/1740
f 2974/3079/4185 2976/3065/4185 2954/3065/4185
f 2976/3065/1741 2977/3080/1741 2979/3081/1741
f 2976/3065/4186 2978/3066/4186 2981/3066/4186
f 2978/3066/1742 2979/3081/1742 2982/3082/1742
f 2978/3066/1790 2980/3062/1790 2943/3062/1790
f 2980/3062/1743 2982/3082/1743 2984/3083/1743
f 2980/3062/1791 2983/3061/1791 2941/3061/1791
f 2983/3061/1744 2984/3083/1744 2986/3084/1744
f 2983/3061/4187 2985/3057/4187 2938/3057/4187
f 2986/3084/1745 2988/3085/1745 2987/3058/1745
f 2987/3058/4188 2936/3058/4188 2938/3057/4188
f 2988/3085/1746 2990/3086/1746 2989/3056/1746
f 2989/3056/1794 2992/3056/1794 2936/3058/1794
f 2990/3086/1750 2993/3087/1750 2991/3055/1750
f 2991/3055/1795 2929/3055/1795 2992/3056/1795
f 2993/3087/1749 2995/3088/1749 2994/3054/1749
f 2994/3054/4189 2927/3054/4189 2929/3055/4189
f 2996/3051/4190 2924/3051/4190 2927/3054/4190
f 2995/3088/1751 2997/3089/1751 2996/3051/1751
f 2997/3089/1752 2999/3090/1752 2998/3052/1752
f 2998/3052/4191 2922/3052/4191 2924/3051/4191
f 2999/3090/4178 3001/3091/4178 3000/3050/4178
f 3000/3050/4192 3003/3050/4192 2922/3052/4192
f 3001/3091/1754 3004/3092/1754 3002/3049/1754
f 3002/3049/1800 2915/3049/1800 3003/3050/1800
f 3004/3092/1777 3006/3093/1777 3005/3048/1777
f 3002/3049/1801 3005/3048/1801 2913/3048/1801
f 3005/3048/1802 3007/3094/1802 2910/3045/1802
f 3006/3093/1757 3008/3095/1757 3007/3094/1757
f 3008/3095/1758 3010/3096/1758 3009/3043/1758
f 3007/3094/1803 3009/3043/1803 2907/3043/1803
f 3010/3096/1759 3012/3097/1759 3011/3040/1759
f 3009/3043/4193 3011/3040/4193 2904/3040/4193
f 3012/3097/1760 3014/3098/1760 3013/3042/1760
f 3011/3040/1805 3013/3042/1805 2902/3042/1805
f 3014/3098/1762 3017/3101/1762 3015/3099/1762
f 3013/3042/1806 3015/3099/1806 3016/3099/1806
f 3015/3099/4194 3018/3102/4194 3019/3100/4194
f 3017/3101/1764 3020/3104/1764 3018/3102/1764
f 3018/3102/4195 3021/3103/4195 3022/3103/4195
f 3020/3104/1765 3023/3171/1765 3021/3103/1765
f 3024/3105/4196 3027/3108/4196 3022/3103/4196
f 3021/3103/1766 3023/3171/1766 3025/3106/1766
f 3024/3105/1767 3025/3106/1767 3028/3107/1767
f 3026/3034/1810 2886/3034/1810 3027/3108/1810
f 2891/3035/4197 3022/3103/4197 3027/3108/4197
f 3026/3034/1768 3028/3107/1768 3030/3109/1768
f 3029/3033/1812 2884/3033/1812 2886/3034/1812
f 3029/3033/1769 3030/3109/1769 3032/3110/1769
f 3031/3111/1813 2881/3031/1813 2884/3033/1813
f 3033/3112/4198 2878/3029/4198 2881/3031/4198
f 3031/3111/1770 3032/3110/1770 3034/3113/1770
f 3035/3114/1815 2875/3027/1815 2878/3029/1815
f 3033/3112/1771 3034/3113/1771 3036/3115/1771
f 3035/3114/1772 3036/3115/1772 3038/3116/1772
f 2969/3072/1816 2966/3028/1816 2875/3027/1816
f 3034/3113/4199 3099/3181/4199 3037/3117/4199
f 3036/3115/1818 3037/3117/1818 3039/3118/1818
f 3038/3116/1819 3039/3118/1819 3041/3119/1819
f 3039/3118/1784 3040/3121/1784 3042/3120/1784
f 3037/3117/1772 3101/3182/1772 3040/3121/1772
f 3041/3122/1783 3042/6169/1783 3044/3123/1783
f 3041/3122/1820 3043/3124/1820 2971/3074/1820
f 3043/3124/1738 3044/3123/1738 3046/3126/1738
f 3043/3124/1821 3045/3127/1821 2973/3077/1821
f 3045/3127/1739 3046/3126/1739 3048/3128/1739
f 3045/3127/1822 3047/3129/1822 2975/3078/1822
f 3047/3129/1740 3048/3128/1740 3050/3130/1740
f 3047/3129/1823 3049/3131/1823 2977/3080/1823
f 3049/3131/1741 3050/3130/1741 3052/3132/1741
f 3049/3131/1824 3051/3133/1824 2979/3081/1824
f 3051/3133/1789 3052/3132/1789 3054/3134/1789
f 3051/3133/1825 3053/3135/1825 2982/3082/1825
f 3053/3135/1743 3054/3134/1743 3056/3136/1743
f 3053/3135/4200 3055/3137/4200 2984/3083/4200
f 3055/3137/1744 3056/3136/1744 3058/3138/1744
f 3055/3137/1827 3057/3139/1827 2986/3084/1827
f 3058/3138/1745 3060/3141/1745 3059/3140/1745
f 2986/3084/1828 3057/3139/1828 3059/3140/1828
f 3060/3141/1746 3062/3143/1746 3061/3142/1746
f 2988/3085/1829 3059/3140/1829 3061/3142/1829
f 3062/3143/1750 3064/3145/1750 3063/3144/1750
f 2990/3086/4201 3061/3142/4201 3063/3144/4201
f 3064/3145/1749 3066/3147/1749 3065/3146/1749
f 2993/3087/1831 3063/3144/1831 3065/3146/1831
f 3066/3147/1751 3068/3149/1751 3067/3148/1751
f 2995/3088/1832 3065/3146/1832 3067/3148/1832
f 3068/3149/1752 3070/3151/1752 3069/3150/1752
f 2997/3089/1833 3067/3148/1833 3069/3150/1833
f 3070/3151/1753 3072/3153/1753 3071/3152/1753
f 2999/3090/1834 3069/3150/1834 3071/3152/1834
f 3072/3153/1756 3074/3155/1756 3073/3154/1756
f 3001/3091/1835 3071/3152/1835 3073/3154/1835
f 3074/3155/1777 3076/3157/1777 3075/3156/1777
f 3073/3154/1836 3075/3156/1836 3006/3093/1836
f 3076/3157/1757 3078/3159/1757 3077/3158/1757
f 3075/3156/1837 3077/3158/1837 3008/3095/1837
f 3078/3159/4202 3080/3161/4202 3079/3160/4202
f 3077/3158/1838 3079/3160/1838 3010/3096/1838
f 3080/3161/1759 3082/3163/1759 3081/3162/1759
f 3079/3160/1839 3081/3162/1839 3012/3097/1839
f 3082/3163/1760 3084/3165/1760 3083/3164/1760
f 3081/3162/1840 3083/3164/1840 3014/3098/1840
f 3084/3165/1762 3086/3167/1762 3085/3166/1762
f 3083/3164/1841 3085/3166/1841 3017/3101/1841
f 3086/3167/1764 3088/3169/1764 3087/3168/1764
f 3085/3166/1842 3087/3168/1842 3020/3104/1842
f 3088/3169/1765 3090/6170/1765 3089/3170/1765
f 3087/3168/1843 3089/3170/1843 3023/3171/1843
f 3089/3170/1766 3090/6170/1766 3092/3172/1766
f 3023/3171/1844 3089/3170/1844 3091/3173/1844
f 3091/3173/1767 3092/3172/1767 3094/3174/1767
f 3025/3106/4203 3091/3173/4203 3093/3175/4203
f 3093/3175/1811 3094/3174/1811 3096/3176/1811
f 3028/3107/1846 3093/3175/1846 3095/3177/1846
f 3095/3177/1769 3096/3176/1769 3098/3178/1769
f 3030/3109/1847 3095/3177/1847 3097/3179/1847
f 3097/3179/1770 3098/3178/1770 3100/3180/1770
f 3032/3110/1848 3097/3179/1848 3099/3181/1848
f 3099/3181/1771 3100/3180/1771 3101/3182/1771
f 3046/6171/1773 3044/6172/1773 3101/6173/1773
f 3044/6172/4204 3042/6174/4204 3040/6175/4204
f 3101/6173/1773 3044/6172/1773 3040/6175/1773
f 3101/6173/1773 3100/6176/1773 3046/6171/1773
f 3100/6176/1773 3098/3185/1773 3048/3184/1773
f 3046/6171/1773 3100/6176/1773 3048/3184/1773
f 3098/3185/1773 3096/6177/1773 3050/3183/1773
f 3096/6177/1773 3094/6178/1773 3052/6179/1773
f 3050/3183/1773 3096/6177/1773 3052/6179/1773
f 3094/6178/1773 3092/6180/1773 3056/6181/1773
f 3092/6180/1773 3090/6182/1773 3058/6183/1773
f 3090/6182/1773 3088/6184/1773 3060/6185/1773
f 3088/6184/1773 3086/6186/1773 3062/6187/1773
f 3086/6186/1773 3084/6188/1773 3062/6187/1773
f 3084/6188/1773 3082/6189/1773 3064/6190/1773
f 3062/6187/1773 3084/6188/1773 3064/6190/1773
f 3082/6189/1773 3080/6191/1773 3066/6192/1773
f 3080/6191/1773 3078/6193/1773 3068/6194/1773
f 3066/6192/1773 3080/6191/1773 3068/6194/1773
f 3078/6193/1773 3076/6195/1773 3070/6196/1773
f 3076/6195/4205 3074/6197/4205 3072/6198/4205
f 3070/6196/1773 3076/6195/1773 3072/6198/1773
f 3070/6196/1773 3068/6194/1773 3078/6193/1773
f 3066/6192/1773 3064/6190/1773 3082/6189/1773
f 3062/6187/1773 3060/6185/1773 3088/6184/1773
f 3060/6185/1773 3058/6183/1773 3090/6182/1773
f 3058/6183/1773 3056/6181/1773 3092/6180/1773
f 3056/6181/1773 3054/6199/1773 3094/6178/1773
f 3054/6199/1773 3052/6179/1773 3094/6178/1773
f 3019/3100/1765 3022/3103/1765 2891/3035/1765
f 3016/3099/1764 3019/3100/1764 2895/3037/1764
f 2961/2930/1773 2958/2933/1773 2772/2933/1773
f 2958/2933/1773 2952/2936/1773 2775/2936/1773
f 2920/2973/1773 3103/2973/1773 3102/3053/1773
f 3102/3053/1751 3103/2973/1751 2808/2968/1751
f 2912/3047/1773 2909/2991/1773 3105/2991/1773
f 3104/3047/4206 3105/2991/4206 2825/2983/4206
f 2909/2991/1773 2906/3044/1773 2830/2992/1773
f 2906/3044/1773 2900/2993/1773 2832/2993/1773
f 2898/3038/1764 2894/3037/1764 2842/3001/1764
f 2894/3037/1765 2892/3035/1765 2845/3004/1765
f 2880/3030/1779 2858/3014/1779 2855/3011/1779
f 2873/3016/1773 2861/3016/1773 2858/3014/1773
f 3110/3186/1739 2771/2932/1739 2774/2935/1739
f 2760/2921/1738 2764/2920/1738 2771/2932/1738
f 3114/3187/1849 3116/3197/1849 3112/3188/1849
f 3113/6200/1850 3111/6201/1850 3174/6202/1850
f 3111/6201/1850 3112/6203/1850 3172/6204/1850
f 3172/6204/1850 3112/6203/1850 3651/6205/1850
f 3112/6203/1850 3654/6206/1850 3651/6205/1850
f 3654/6206/1850 3653/6207/1850 3162/6208/1850
f 3651/6205/1850 3654/6206/1850 3162/6208/1850
f 3653/6207/1850 3132/6209/1850 3159/6210/1850
f 3132/6209/1850 3134/6211/1850 3157/6212/1850
f 3157/6212/1850 3134/6211/1850 3155/6213/1850
f 3134/6211/1850 3136/6214/1850 3155/6213/1850
f 3136/6214/1850 3139/6215/1850 3652/6216/1850
f 3155/6213/1850 3136/6214/1850 3652/6216/1850
f 3139/6215/1850 3142/6217/1850 3145/6218/1850
f 3145/6218/1850 3652/6216/1850 3139/6215/1850
f 3157/6212/1850 3159/6210/1850 3132/6209/1850
f 3159/6210/1850 3162/6208/1850 3653/6207/1850
f 3172/6204/1850 3174/6202/1850 3111/6201/1850
f 3174/6202/1850 3176/6219/1850 3113/6200/1850
f 3176/6219/1850 3179/3192/1850 3217/3191/1850
f 3113/6200/1850 3176/6219/1850 3217/3191/1850
f 3179/3192/1850 3650/6220/1850 3218/3190/1850
f 3650/6220/1850 3189/6221/1850 3219/6222/1850
f 3219/6222/1850 3189/6221/1850 3220/6223/1850
f 3189/6221/1850 3191/6224/1850 3220/6223/1850
f 3191/6224/1850 3193/6225/1850 3221/6226/1850
f 3220/6223/1850 3191/6224/1850 3221/6226/1850
f 3193/6225/1853 3196/6227/1853 3199/6228/1853
f 3199/6228/1850 3221/6226/1850 3193/6225/1850
f 3219/6222/1850 3218/3190/1850 3650/6220/1850
f 3115/3193/1851 3114/3196/1851 3111/3194/1851
f 3115/3193/1850 3119/3193/1850 3117/3196/1850
f 3116/3197/1850 3114/3187/1850 3117/3187/1850
f 3118/3198/1892 3121/3201/1892 3120/3197/1892
f 3222/3199/1851 3118/3338/1851 3117/3196/1851
f 3123/3200/1850 3116/3197/1850 3120/3197/1850
f 3121/3201/1852 3124/3203/1852 3122/3200/1852
f 3126/3202/1850 3123/3200/1850 3122/3200/1850
f 3124/3203/1854 3127/3205/1854 3125/3202/1854
f 3131/3204/1850 3126/3202/1850 3125/3202/1850
f 3127/3205/1855 3129/3206/1855 3128/3204/1855
f 3129/3206/1856 3301/3328/1856 3130/3207/1856
f 3133/3208/1850 3131/3204/1850 3128/3204/1850
f 3126/3202/1890 3131/3204/1890 3132/3209/1890
f 3131/3204/1856 3133/3208/1856 3134/3211/1856
f 3133/3208/1858 3135/3213/1858 3136/3212/1858
f 3135/3213/1850 3133/3208/1850 3130/3207/1850
f 3135/3213/1859 3138/3215/1859 3139/3214/1859
f 3138/3215/1850 3135/3213/1850 3137/3213/1850
f 3138/3215/1860 3141/3217/1860 3142/3216/1860
f 3141/3217/1850 3138/3215/1850 3140/3215/1850
f 3142/3216/1861 3141/3217/1861 3144/3218/1861
f 3141/3217/1850 3143/3217/1850 3147/3218/1850
f 3145/3219/1862 3144/3218/1862 3146/3220/1862
f 3144/3218/1850 3147/3218/1850 3149/3222/1850
f 3143/3217/1861 3302/3319/1861 3148/3223/1861
f 3147/3218/1862 3148/3223/1862 3150/3224/1862
f 3149/3222/1863 3150/3224/1863 3152/3225/1863
f 3146/3220/1850 3149/3222/1850 3151/3226/1850
f 3151/3226/4207 3152/3225/4207 3646/3227/4207
f 3154/3226/1850 3151/3226/1850 3153/3228/1850
f 3652/3221/1863 3146/3220/1863 3154/3226/1863
f 3155/3230/1864 3154/3226/1864 3156/3229/1864
f 3157/3231/1865 3156/3229/1865 3158/3232/1865
f 3156/3229/1850 3153/3228/1850 3160/3232/1850
f 3159/3233/1866 3158/3232/1866 3161/3234/1866
f 3158/3232/1850 3160/3232/1850 3164/3234/1850
f 3162/3235/1867 3161/3234/1867 3163/3236/1867
f 3161/3234/1850 3164/3234/1850 3166/3236/1850
f 3160/3232/1866 3647/3308/1866 3165/3238/1866
f 3164/3234/1867 3165/3238/1867 3167/3239/1867
f 3166/3236/1868 3167/3239/1868 3169/3240/1868
f 3163/3236/1850 3166/3236/1850 3168/3241/1850
f 3168/3241/1869 3169/3240/1869 3648/3242/1869
f 3173/3243/1850 3171/3241/1850 3168/3241/1850
f 3651/3237/1868 3163/3236/1868 3171/3241/1868
f 3172/3244/1869 3171/3241/1869 3173/3243/1869
f 3174/3245/1871 3173/3243/1871 3175/3246/1871
f 3175/3246/1850 3173/3243/1850 3170/3243/1850
f 3176/3247/1872 3175/3246/1872 3178/3248/1872
f 3178/3248/1850 3175/3246/1850 3177/3246/1850
f 3179/3249/1874 3178/3248/1874 3180/3250/1874
f 3180/3250/1850 3178/3248/1850 3181/3248/1850
f 3177/3246/1872 3649/3303/1872 3182/3252/1872
f 3181/3248/1874 3182/3252/1874 3184/3253/1874
f 3183/3250/1875 3184/3253/1875 3186/3254/1875
f 3188/3255/1850 3180/3250/1850 3183/3250/1850
f 3185/3255/1876 3186/3254/1876 3250/3256/1876
f 3190/3257/1850 3188/3255/1850 3185/3255/1850
f 3650/3251/1875 3180/3250/1875 3188/3255/1875
f 3189/3258/1876 3188/3255/1876 3190/3257/1876
f 3191/3259/1877 3190/3257/1877 3192/3260/1877
f 3192/3260/1850 3190/3257/1850 3187/3257/1850
f 3193/3261/1878 3192/3260/1878 3195/3262/1878
f 3195/3262/1850 3192/3260/1850 3194/3260/1850
f 3195/3262/1879 3198/3265/1879 3199/3264/1879
f 3195/3262/1850 3197/3262/1850 3201/3265/1850
f 3198/3265/1880 3200/3268/1880 3221/3266/1880
f 3198/3265/1850 3201/3265/1850 3203/3267/1850
f 3244/3269/1879 3202/3270/1879 3201/3265/1879
f 3202/3270/1880 3204/3271/1880 3203/3267/1880
f 3204/3271/1881 3207/3276/1881 3205/3272/1881
f 3200/3268/1850 3203/3267/1850 3205/3272/1850
f 3206/3273/1850 3205/3272/1850 3208/3274/1850
f 3207/3276/1886 3210/3278/1886 3208/3274/1886
f 3209/3275/1850 3208/3274/1850 3211/3277/1850
f 3210/3278/1883 3213/3281/1883 3211/3277/1883
f 3212/3277/1850 3211/3277/1850 3214/3279/1850
f 3213/3281/1884 3215/3282/1884 3214/3279/1884
f 3215/3282/1885 3222/3199/1885 3119/3193/1885
f 3216/3280/1850 3214/3279/1850 3119/3193/1850
f 3212/3277/1884 3216/3280/1884 3217/3283/1884
f 3216/3280/1885 3115/3193/1885 3113/3195/1885
f 3209/3275/1883 3212/3277/1883 3218/3284/1883
f 3206/3273/1886 3209/3275/1886 3219/3285/1886
f 3200/3268/1881 3206/3273/1881 3220/3286/1881
f 3223/3287/1887 3224/3199/1887 3222/3199/1887
f 3225/3281/1887 3223/3287/1887 3215/3282/1887
f 3223/3287/1850 3226/3287/1850 3228/3199/1850
f 3225/3281/1850 3229/3281/1850 3226/3287/1850
f 3230/3288/1884 3227/3289/1884 3226/3287/1884
f 3227/3289/1885 3318/3337/1885 3228/3199/1885
f 3232/3290/1850 3231/3290/1850 3229/3281/1850
f 3233/3291/1883 3230/3288/1883 3229/3281/1883
f 3235/3292/1850 3234/3276/1850 3231/3290/1850
f 3236/3293/1886 3233/3291/1886 3231/3290/1886
f 3240/3294/1850 3237/3271/1850 3234/3276/1850
f 3238/3295/1881 3236/3293/1881 3234/3276/1881
f 3379/3296/1888 3238/3295/1888 3237/3271/1888
f 3241/3297/1850 3239/3270/1850 3237/3271/1850
f 3240/3294/1887 3235/3292/1887 3207/3276/1887
f 3241/3297/1887 3240/3294/1887 3204/3271/1887
f 3242/3269/1887 3241/3297/1887 3202/3270/1887
f 3242/3269/1850 3243/3299/1850 3239/3270/1850
f 3242/3269/1850 3245/3298/1850 3247/3298/1850
f 3242/3269/1887 3244/3269/1887 3246/3298/1887
f 3245/3298/1887 3246/3298/1887 3250/3256/1887
f 3245/3298/1850 3248/3256/1850 3249/3256/1850
f 3248/3256/1850 3251/3254/1850 3253/3254/1850
f 3248/3256/1887 3250/3256/1887 3186/3254/1887
f 3251/3254/1887 3186/3254/1887 3184/3253/1887
f 3251/3254/1850 3252/3253/1850 3255/3253/1850
f 3255/3253/1875 3256/3302/1875 3254/3300/1875
f 3253/3254/1876 3254/3300/1876 3368/3301/1876
f 3257/3252/1874 3259/3304/1874 3256/3302/1874
f 3252/3253/1850 3258/3252/1850 3257/3252/1850
f 3258/3252/1850 3261/3303/1850 3260/3303/1850
f 3260/3303/1872 3262/3305/1872 3259/3304/1872
f 3261/3303/1850 3264/3242/1850 3263/3242/1850
f 3263/3242/1871 3265/3306/1871 3262/3305/1871
f 3264/3242/1850 3269/3240/1850 3266/3240/1850
f 3266/3240/1869 3267/3307/1869 3265/3306/1869
f 3268/3239/1868 3355/3311/1868 3267/3307/1868
f 3270/3239/1850 3268/3239/1850 3266/3240/1850
f 3264/3242/2091 3648/3242/2091 3169/3240/2091
f 3270/3239/1887 3269/3240/1887 3169/3240/1887
f 3271/3238/1887 3270/3239/1887 3167/3239/1887
f 3271/3238/1850 3273/3238/1850 3268/3239/1850
f 3272/3308/1887 3271/3238/1887 3165/3238/1887
f 3272/3308/1850 3275/3309/1850 3273/3238/1850
f 3275/3309/1866 3276/3312/1866 3274/3310/1866
f 3273/3238/1867 3274/3310/1867 3355/3311/1867
f 3278/3227/1850 3277/3227/1850 3275/3309/1850
f 3277/3227/1865 3279/3314/1865 3276/3312/1865
f 3283/3313/1850 3280/3225/1850 3277/3227/1850
f 3280/3225/1864 3281/3315/1864 3279/3314/1864
f 3282/3224/1863 3344/3321/1863 3281/3315/1863
f 3284/3316/1850 3282/3224/1850 3280/3225/1850
f 3283/3313/1887 3278/3227/1887 3646/3227/1887
f 3284/3316/1887 3283/3313/1887 3152/3225/1887
f 3285/3317/1887 3284/3316/1887 3150/3224/1887
f 3285/3317/1850 3287/3223/1850 3282/3224/1850
f 3286/3318/1887 3285/3317/1887 3148/3223/1887
f 3286/3318/1850 3289/3319/1850 3287/3223/1850
f 3289/3319/1861 3290/3353/1861 3288/3320/1861
f 3287/3223/1862 3288/3320/1862 3344/3321/1862
f 3286/3318/1850 3292/3324/1850 3291/3322/1850
f 3293/3323/1860 3290/3353/1860 3289/3319/1860
f 3292/3324/1850 3297/3325/1850 3294/3325/1850
f 3295/3326/1859 3293/3323/1859 3291/3322/1859
f 3333/3327/1858 3295/3326/1858 3294/3325/1858
f 3297/3325/1850 3298/3329/1850 3296/3328/1850
f 3292/3324/1887 3300/3322/1887 3299/3325/1887
f 3297/3325/1887 3299/3325/1887 3301/3328/1887
f 3301/3328/1858 3299/3325/1858 3137/3213/1858
f 3299/3325/1859 3300/3322/1859 3140/3215/1859
f 3298/3329/1887 3301/3328/1887 3129/3206/1887
f 3286/3318/1887 3302/3319/1887 3300/3322/1887
f 3300/3322/1860 3302/3319/1860 3143/3217/1860
f 3298/3329/1850 3303/3330/1850 3305/3330/1850
f 3303/3330/1887 3129/3206/1887 3127/3205/1887
f 3303/3330/1850 3304/3205/1850 3307/3205/1850
f 3308/3331/1855 3306/3332/1855 3305/3330/1855
f 3306/3332/1856 3333/3327/1856 3296/3328/1856
f 3304/3205/1850 3310/3203/1850 3309/3203/1850
f 3311/3333/1854 3308/3331/1854 3307/3205/1854
f 3310/3203/1850 3313/3201/1850 3312/3334/1850
f 3314/3335/1852 3311/3333/1852 3309/3203/1852
f 3313/3201/1850 3317/3198/1850 3315/3198/1850
f 3316/3336/1849 3314/3335/1849 3312/3334/1849
f 3318/3337/1851 3316/3340/1851 3315/3338/1851
f 3224/3199/1850 3228/3199/1850 3315/3338/1850
f 3224/3199/1887 3317/3338/1887 3118/3338/1887
f 3313/3201/1887 3121/3201/1887 3118/3198/1887
f 3321/3339/1893 3319/3340/1893 3316/3340/1893
f 3322/3335/1894 3314/3335/1894 3316/3336/1894
f 3320/3341/1849 3323/3343/1849 3322/3335/1849
f 3390/3342/1851 3320/3388/1851 3319/3340/1851
f 3323/3343/1852 3325/3345/1852 3324/3344/1852
f 3324/3344/1896 3311/3333/1896 3314/3335/1896
f 3325/3345/1854 3327/3346/1854 3326/3331/1854
f 3326/3331/1897 3308/3331/1897 3311/3333/1897
f 3327/3346/1857 3329/3347/1857 3328/3332/1857
f 3328/3332/1898 3306/3332/1898 3308/3331/1898
f 3329/3347/1856 3331/3348/1856 3330/3327/1856
f 3330/3327/1899 3333/3327/1899 3306/3332/1899
f 3331/3348/1858 3334/3350/1858 3332/3349/1858
f 3332/3349/1900 3295/3326/1900 3333/3327/1900
f 3334/3350/1859 3336/3352/1859 3335/3351/1859
f 3335/3351/4208 3293/3323/4208 3295/3326/4208
f 3336/3352/1860 3338/3651/1860 3337/3353/1860
f 3337/3353/4209 3290/3353/4209 3293/3323/4209
f 3337/3353/1861 3338/3651/1861 3340/3354/1861
f 3337/3353/1903 3339/3320/1903 3288/3320/1903
f 3339/3320/4210 3340/3354/4210 3342/3355/4210
f 3339/3320/1904 3341/3356/1904 3344/3321/1904
f 3341/3356/1863 3342/3355/1863 3345/3357/1863
f 3341/3356/1905 3343/3358/1905 3281/3315/1905
f 3343/3358/1864 3345/3357/1864 3347/3359/1864
f 3343/3358/1906 3346/3314/1906 3279/3314/1906
f 3346/3314/1907 3348/3361/1907 3276/3312/1907
f 3346/3314/1865 3347/3359/1865 3349/3360/1865
f 3348/3361/1866 3349/3360/1866 3351/3362/1866
f 3348/3361/1908 3350/3310/1908 3274/3310/1908
f 3350/3310/1867 3351/3362/1867 3353/3363/1867
f 3350/3310/1909 3352/3311/1909 3355/3311/1909
f 3352/3311/1868 3353/3363/1868 3356/3364/1868
f 3352/3311/4211 3354/3307/4211 3267/3307/4211
f 3354/3307/1869 3356/3364/1869 3358/3365/1869
f 3354/3307/1911 3357/3306/1911 3265/3306/1911
f 3359/3305/1912 3262/3305/1912 3265/3306/1912
f 3357/3306/1871 3358/3365/1871 3360/3366/1871
f 3359/3305/1872 3360/3366/1872 3362/3367/1872
f 3361/3304/1914 3259/3304/1914 3262/3305/1914
f 3361/3304/1874 3362/3367/1874 3364/3368/1874
f 3363/3302/1915 3256/3302/1915 3259/3304/1915
f 3363/3302/1875 3364/3368/1875 3366/3369/1875
f 3365/3300/4212 3254/3300/4212 3256/3302/4212
f 3365/3300/1876 3366/3369/1876 3369/3370/1876
f 3367/3301/1917 3368/3301/1917 3254/3300/1917
f 3370/3371/1918 3371/3371/1918 3368/3301/1918
f 3367/3301/1877 3369/3370/1877 3372/3372/1877
f 3373/3373/1920 3374/3373/1920 3371/3371/1920
f 3370/3371/1878 3372/3372/1878 3375/3374/1878
f 3373/3373/1921 3376/3375/1921 3379/3296/1921
f 3375/3374/1879 3377/3376/1879 3376/3375/1879
f 3377/3376/1888 3380/3378/1888 3378/3377/1888
f 3376/3375/1922 3378/3377/1922 3238/3295/1922
f 3374/3373/1879 3379/3296/1879 3239/3270/1879
f 3380/3378/1881 3382/3379/1881 3381/3293/1881
f 3378/3377/1923 3381/3293/1923 3236/3293/1923
f 3382/3379/1886 3384/3381/1886 3383/3380/1886
f 3381/3293/1924 3383/3380/1924 3233/3291/1924
f 3383/3380/1925 3385/3382/1925 3230/3288/1925
f 3384/3381/1883 3386/3383/1883 3385/3382/1883
f 3385/3382/1926 3387/3289/1926 3227/3289/1926
f 3386/3383/1884 3388/3384/1884 3387/3289/1884
f 3388/3384/1885 3390/3342/1885 3321/3339/1885
f 3387/3289/1927 3321/3339/1927 3318/3337/1927
f 3481/3385/1928 3389/3386/1928 3388/3384/1928
f 3389/3386/4213 3391/3387/4213 3390/3342/4213
f 3391/3387/4214 3393/3391/4214 3320/3388/4214
f 3483/3389/1885 3392/3390/1885 3391/3387/1885
f 3392/3390/1851 3395/3398/1851 3393/3391/1851
f 3393/3392/4215 3394/3394/4215 3323/3343/4215
f 3395/3393/1849 3397/3396/1849 3394/3394/1849
f 3396/3395/1932 3398/3400/1932 3397/3396/1932
f 3486/3397/1933 3396/3486/1933 3395/3398/1933
f 3397/3396/1852 3399/3401/1852 3400/3399/1852
f 3398/3400/1934 3401/3403/1934 3399/3401/1934
f 3399/3401/1854 3402/3404/1854 3403/3402/1854
f 3401/3403/1935 3404/3406/1935 3402/3404/1935
f 3402/3404/1855 3405/3407/1855 3406/3405/1855
f 3404/3406/1936 3407/3409/1936 3405/3407/1936
f 3405/3407/1856 3408/3410/1856 3409/3408/1856
f 3407/3409/4216 3410/3412/4216 3408/3410/4216
f 3408/3410/1858 3411/3413/1858 3412/3411/1858
f 3410/3412/1938 3413/3415/1938 3411/3413/1938
f 3411/3413/1859 3414/3416/1859 3415/3414/1859
f 3413/3415/1939 3416/3418/1939 3414/3416/1939
f 3414/3416/1860 3417/3419/1860 3418/3417/1860
f 3416/3418/1940 3419/3507/1940 3417/3419/1940
f 3418/3417/1861 3417/3419/1861 3420/3420/1861
f 3417/3419/1941 3419/3507/1941 3422/3422/1941
f 3421/3421/1862 3420/3420/1862 3423/3423/1862
f 3420/3420/1942 3422/3422/1942 3425/3425/1942
f 3424/3424/1863 3423/3423/1863 3426/3426/1863
f 3423/3423/1943 3425/3425/1943 3428/3428/1943
f 3427/3427/1864 3426/3426/1864 3429/3429/1864
f 3426/3426/1944 3428/3428/1944 3431/3431/1944
f 3430/3430/1865 3429/3429/1865 3432/3432/1865
f 3429/3429/1945 3431/3431/1945 3434/3434/1945
f 3433/3433/1866 3432/3432/1866 3435/3435/1866
f 3432/3432/1946 3434/3434/1946 3437/3437/1946
f 3436/3436/1867 3435/3435/1867 3438/3438/1867
f 3435/3435/1947 3437/3437/1947 3440/3440/1947
f 3439/3439/1868 3438/3438/1868 3441/3441/1868
f 3438/3438/1948 3440/3440/1948 3443/3443/1948
f 3442/3442/1869 3441/3441/1869 3444/3444/1869
f 3441/3441/1949 3443/3443/1949 3446/3446/1949
f 3445/3445/1871 3444/3444/1871 3447/3447/1871
f 3444/3444/4217 3446/3446/4217 3449/3449/4217
f 3448/3448/1872 3447/3447/1872 3450/3450/1872
f 3447/3447/4218 3449/3449/4218 3452/3452/4218
f 3451/3451/1873 3450/3450/1873 3453/3453/1873
f 3450/3450/4219 3452/3452/4219 3455/3455/4219
f 3454/3454/1875 3453/3453/1875 3456/3456/1875
f 3453/3453/1954 3455/3455/1954 3458/3458/1954
f 3457/3457/1876 3456/3456/1876 3459/3459/1876
f 3456/3456/1955 3458/3458/1955 3461/3461/1955
f 3460/3460/1877 3459/3459/1877 3462/3462/1877
f 3459/3459/1956 3461/3461/1956 3464/3464/1956
f 3463/3463/1878 3462/3462/1878 3465/3465/1878
f 3462/3462/1957 3464/3464/1957 3467/3467/1957
f 3465/3465/1879 3468/3469/1879 3469/3468/1879
f 3467/3467/1958 3470/3471/1958 3468/3469/1958
f 3468/3469/1888 3471/3472/1888 3472/3470/1888
f 3470/3471/1959 3473/3474/1959 3471/3472/1959
f 3471/3472/1881 3474/3475/1881 3475/3473/1881
f 3473/3474/1960 3476/3477/1960 3474/3475/1960
f 3474/3475/1886 3477/3478/1886 3478/3476/1886
f 3476/3477/1961 3479/3479/1961 3477/3478/1961
f 3477/3478/1883 3480/3480/1883 3481/3385/1883
f 3479/3479/1962 3482/3481/1962 3480/3480/1962
f 3480/3480/1884 3483/3389/1884 3389/3386/1884
f 3482/3481/1963 3484/3482/1963 3483/3389/1963
f 3484/3482/1964 3486/3397/1964 3392/3390/1964
f 3547/3483/1965 3485/3484/1965 3484/3482/1965
f 3485/3484/1966 3487/3485/1966 3486/3397/1966
f 3487/3485/4220 3489/3489/4220 3396/3486/4220
f 3550/3487/1885 3488/3488/1885 3487/3485/1885
f 3488/3488/4221 3490/3557/4221 3489/3489/4221
f 3489/3490/4222 3491/3492/4222 3398/3400/4222
f 3490/3491/1849 3492/3493/1849 3491/3492/1849
f 3492/3493/1852 3494/3495/1852 3493/3494/1852
f 3491/3492/4223 3493/3494/4223 3401/3403/4223
f 3494/3495/1854 3496/3497/1854 3495/3496/1854
f 3493/3494/1970 3495/3496/1970 3404/3406/1970
f 3496/3497/1855 3498/3499/1855 3497/3498/1855
f 3495/3496/1971 3497/3498/1971 3407/3409/1971
f 3498/3499/1856 3500/3501/1856 3499/3500/1856
f 3497/3498/4224 3499/3500/4224 3410/3412/4224
f 3500/3501/1858 3502/3503/1858 3501/3502/1858
f 3499/3500/1973 3501/3502/1973 3413/3415/1973
f 3502/3503/1859 3504/3505/1859 3503/3504/1859
f 3501/3502/1974 3503/3504/1974 3416/3418/1974
f 3504/3505/1860 3506/3575/1860 3505/3506/1860
f 3503/3504/1975 3505/3506/1975 3419/3507/1975
f 3505/3506/1861 3506/3575/1861 3508/3508/1861
f 3419/3507/1976 3505/3506/1976 3507/3509/1976
f 3507/3509/1862 3508/3508/1862 3510/3510/1862
f 3422/3422/1977 3507/3509/1977 3509/3511/1977
f 3509/3511/1863 3510/3510/1863 3512/3512/1863
f 3425/3425/1978 3509/3511/1978 3511/3513/1978
f 3511/3513/1864 3512/3512/1864 3514/3514/1864
f 3428/3428/1979 3511/3513/1979 3513/3515/1979
f 3513/3515/1865 3514/3514/1865 3516/3516/1865
f 3431/3431/4225 3513/3515/4225 3515/3517/4225
f 3515/3517/1866 3516/3516/1866 3518/3518/1866
f 3434/3434/1981 3515/3517/1981 3517/3519/1981
f 3517/3519/1867 3518/3518/1867 3520/3520/1867
f 3437/3437/1982 3517/3519/1982 3519/3521/1982
f 3519/3521/1868 3520/3520/1868 3522/3522/1868
f 3440/3440/1983 3519/3521/1983 3521/3523/1983
f 3521/3523/1869 3522/3522/1869 3524/3524/1869
f 3443/3443/1984 3521/3523/1984 3523/3525/1984
f 3523/3525/1913 3524/3524/1913 3526/3526/1913
f 3446/3446/4226 3523/3525/4226 3525/3527/4226
f 3525/3527/1872 3526/3526/1872 3528/3528/1872
f 3449/3449/1986 3525/3527/1986 3527/3529/1986
f 3527/3529/1874 3528/3528/1874 3530/3530/1874
f 3452/3452/1987 3527/3529/1987 3529/3531/1987
f 3529/3531/1875 3530/3530/1875 3532/3532/1875
f 3455/3455/1988 3529/3531/1988 3531/3533/1988
f 3531/3533/1876 3532/3532/1876 3534/3534/1876
f 3458/3458/1989 3531/3533/1989 3533/3535/1989
f 3533/3535/1877 3534/3534/1877 3536/3536/1877
f 3461/3461/1990 3533/3535/1990 3535/3537/1990
f 3535/3537/1878 3536/3536/1878 3538/3538/1878
f 3464/3464/1991 3535/3537/1991 3537/3539/1991
f 3538/3538/1879 3540/3541/1879 3539/3540/1879
f 3537/3539/1992 3539/3540/1992 3470/3471/1992
f 3540/3541/1880 3542/3543/1880 3541/3542/1880
f 3539/3540/1993 3541/3542/1993 3473/3474/1993
f 3542/3543/1881 3544/3545/1881 3543/3544/1881
f 3541/3542/4227 3543/3544/4227 3476/3477/4227
f 3544/3545/1886 3546/3547/1886 3545/3546/1886
f 3543/3544/4228 3545/3546/4228 3479/3479/4228
f 3546/3547/1883 3548/3548/1883 3547/3483/1883
f 3545/3546/1996 3547/3483/1996 3482/3481/1996
f 3548/3548/1884 3550/3487/1884 3485/3484/1884
f 3611/3549/4229 3549/3550/4229 3548/3548/4229
f 3549/3550/4230 3551/3551/4230 3550/3487/4230
f 3551/3551/1999 3553/3554/1999 3488/3488/1999
f 3614/3552/2000 3552/3553/2000 3551/3551/2000
f 3552/3553/2001 3554/3555/2001 3553/3554/2001
f 3554/3555/2002 3556/3623/2002 3555/3556/2002
f 3553/3554/2003 3555/3556/2003 3490/3557/2003
f 3555/3558/2004 3557/3560/2004 3492/3493/2004
f 3556/3559/2005 3558/3561/2005 3557/3560/2005
f 3558/3561/2006 3560/3563/2006 3559/3562/2006
f 3557/3560/2007 3559/3562/2007 3494/3495/2007
f 3560/3563/2008 3562/3565/2008 3561/3564/2008
f 3559/3562/2009 3561/3564/2009 3496/3497/2009
f 3562/3565/2010 3564/3567/2010 3563/3566/2010
f 3561/3564/2011 3563/3566/2011 3498/3499/2011
f 3564/3567/2012 3566/3569/2012 3565/3568/2012
f 3563/3566/2013 3565/3568/2013 3500/3501/2013
f 3566/3569/4231 3568/3571/4231 3567/3570/4231
f 3565/3568/2015 3567/3570/2015 3502/3503/2015
f 3568/3571/4232 3570/3573/4232 3569/3572/4232
f 3567/3570/2017 3569/3572/2017 3504/3505/2017
f 3570/3573/2018 3572/3632/2018 3571/3574/2018
f 3569/3572/2019 3571/3574/2019 3506/3575/2019
f 3571/3574/2020 3572/3632/2020 3574/3576/2020
f 3506/3575/2021 3571/3574/2021 3573/3577/2021
f 3573/3577/2022 3574/3576/2022 3576/3578/2022
f 3508/3508/2023 3573/3577/2023 3575/3579/2023
f 3575/3579/2024 3576/3578/2024 3578/3580/2024
f 3510/3510/4233 3575/3579/4233 3577/3581/4233
f 3577/3581/2026 3578/3580/2026 3580/3582/2026
f 3512/3512/4234 3577/3581/4234 3579/3583/4234
f 3579/3583/2028 3580/3582/2028 3582/3584/2028
f 3514/3514/2029 3579/3583/2029 3581/3585/2029
f 3581/3585/2030 3582/3584/2030 3584/3586/2030
f 3516/3516/2031 3581/3585/2031 3583/3587/2031
f 3583/3587/2032 3584/3586/2032 3586/3588/2032
f 3518/3518/2033 3583/3587/2033 3585/3589/2033
f 3585/3589/2034 3586/3588/2034 3588/3590/2034
f 3520/3520/2035 3585/3589/2035 3587/3591/2035
f 3587/3591/2036 3588/3590/2036 3590/3592/2036
f 3522/3522/2037 3587/3591/2037 3589/3593/2037
f 3589/3593/2038 3590/3592/2038 3592/3594/2038
f 3524/3524/4235 3589/3593/4235 3591/3595/4235
f 3591/3595/2040 3592/3594/2040 3594/3596/2040
f 3526/3526/2041 3591/3595/2041 3593/3597/2041
f 3593/3597/2042 3594/3596/2042 3596/3598/2042
f 3528/3528/4236 3593/3597/4236 3595/3599/4236
f 3595/3599/4237 3596/3598/4237 3598/3600/4237
f 3530/3530/2045 3595/3599/2045 3597/3601/2045
f 3597/3601/2046 3598/3600/2046 3600/3602/2046
f 3532/3532/4238 3597/3601/4238 3599/3603/4238
f 3599/3603/2048 3600/3602/2048 3602/3604/2048
f 3534/3534/2049 3599/3603/2049 3601/3605/2049
f 3601/3605/2050 3602/3604/2050 3604/3606/2050
f 3536/3536/2051 3601/3605/2051 3603/3607/2051
f 3604/3606/2052 3606/3609/2052 3605/3608/2052
f 3603/3607/2053 3605/3608/2053 3540/3541/2053
f 3606/3609/2054 3608/3611/2054 3607/3610/2054
f 3605/3608/2055 3607/3610/2055 3542/3543/2055
f 3608/3611/2056 3610/3613/2056 3609/3612/2056
f 3607/3610/2057 3609/3612/2057 3544/3545/2057
f 3610/3613/2058 3612/3614/2058 3611/3549/2058
f 3609/3612/2059 3611/3549/2059 3546/3547/2059
f 3612/3614/2060 3614/3552/2060 3549/3550/2060
f 3613/3615/1883 3615/3617/1883 3614/3552/1883
f 3645/3616/1886 3613/3615/1886 3612/3614/1886
f 3615/3617/1884 3616/3621/1884 3552/3553/1884
f 3620/6229/1887 3619/6230/1887 3633/6231/1887
f 3619/6230/1887 3618/6232/1887 3634/6233/1887
f 3618/6232/1887 3617/6234/1887 3635/6235/1887
f 3617/6234/1887 3616/6236/1887 3636/6237/1887
f 3616/6236/1887 3615/6238/1887 3637/6239/1887
f 3615/6238/1887 3613/6240/1887 3638/6241/1887
f 3616/6236/1887 3637/6239/1887 3636/6237/1887
f 3613/6240/1887 3645/6242/1887 3639/6243/1887
f 3645/6242/1887 3644/6244/1887 3640/6245/1887
f 3639/6243/1887 3645/6242/1887 3640/6245/1887
f 3644/6244/1887 3643/6246/1887 3641/6247/1887
f 3643/6246/1887 3642/6248/1887 3641/6247/1887
f 3641/6247/1887 3640/6245/1887 3644/6244/1887
f 3639/6243/1887 3638/6241/1887 3613/6240/1887
f 3638/6241/1887 3637/6239/1887 3615/6238/1887
f 3636/6237/1887 3635/6235/1887 3617/6234/1887
f 3635/6235/1887 3634/6233/1887 3618/6232/1887
f 3634/6233/1887 3633/6231/1887 3619/6230/1887
f 3633/6231/1887 3632/6249/1887 3620/6229/1887
f 3632/6249/1887 3631/3620/1887 3621/3619/1887
f 3631/3620/1887 3630/6250/1887 3622/3618/1887
f 3632/6249/1887 3621/3619/1887 3620/6229/1887
f 3630/6250/1887 3629/6251/1887 3623/6252/1887
f 3629/6251/1887 3628/6253/1887 3624/6254/1887
f 3623/6252/1887 3629/6251/1887 3624/6254/1887
f 3628/6253/1887 3627/6255/1887 3625/6256/1887
f 3627/6255/2091 3626/6257/2091 3625/6256/2091
f 3625/6256/1887 3624/6254/1887 3628/6253/1887
f 3623/6252/1887 3622/3618/1887 3630/6250/1887
f 3616/3621/1885 3617/3622/1885 3554/3555/1885
f 3617/3622/1851 3618/6258/1851 3556/3623/1851
f 3618/3624/1849 3619/3625/1849 3558/3561/1849
f 3619/3625/1852 3620/3626/1852 3560/3563/1852
f 3620/3626/1854 3621/3627/1854 3562/3565/1854
f 3621/3627/1855 3622/3628/1855 3564/3567/1855
f 3622/3628/1856 3623/3629/1856 3566/3569/1856
f 3623/3629/1858 3624/3630/1858 3568/3571/1858
f 3624/3630/1859 3625/3631/1859 3570/3573/1859
f 3625/3631/1860 3626/6259/1860 3572/3632/1860
f 3572/3632/1861 3626/6259/1861 3627/3633/1861
f 3574/3576/1862 3627/3633/1862 3628/3634/1862
f 3576/3578/1863 3628/3634/1863 3629/3635/1863
f 3578/3580/1864 3629/3635/1864 3630/3636/1864
f 3580/3582/1865 3630/3636/1865 3631/3637/1865
f 3582/3584/1866 3631/3637/1866 3632/3638/1866
f 3584/3586/1867 3632/3638/1867 3633/3639/1867
f 3586/3588/1868 3633/3639/1868 3634/3640/1868
f 3588/3590/1869 3634/3640/1869 3635/3641/1869
f 3590/3592/1871 3635/3641/1871 3636/3642/1871
f 3592/3594/1872 3636/3642/1872 3637/3643/1872
f 3594/3596/1873 3637/3643/1873 3638/3644/1873
f 3596/3598/1875 3638/3644/1875 3639/3645/1875
f 3598/3600/1876 3639/3645/1876 3640/3646/1876
f 3600/3602/1877 3640/3646/1877 3641/3647/1877
f 3602/3604/1878 3641/3647/1878 3642/3648/1878
f 3642/3648/1879 3643/3649/1879 3606/3609/1879
f 3643/3649/1888 3644/3650/1888 3608/3611/1888
f 3644/3650/1881 3645/3616/1881 3610/3613/1881
f 3478/3476/2063 3481/3385/2063 3386/3383/2063
f 3475/3473/2064 3478/3476/2064 3384/3381/2064
f 3472/3470/2065 3475/3473/2065 3382/3379/2065
f 3469/3468/4239 3472/3470/4239 3380/3378/4239
f 3466/3466/2067 3469/3468/2067 3377/3376/2067
f 3372/3372/2068 3463/3463/2068 3466/3466/2068
f 3369/3370/2069 3460/3460/2069 3463/3463/2069
f 3366/3369/2070 3457/3457/2070 3460/3460/2070
f 3364/3368/2071 3454/3454/2071 3457/3457/2071
f 3362/3367/2072 3451/3451/2072 3454/3454/2072
f 3360/3366/4240 3448/3448/4240 3451/3451/4240
f 3358/3365/4241 3445/3445/4241 3448/3448/4241
f 3356/3364/2075 3442/3442/2075 3445/3445/2075
f 3353/3363/2076 3439/3439/2076 3442/3442/2076
f 3351/3362/2077 3436/3436/2077 3439/3439/2077
f 3349/3360/2078 3433/3433/2078 3436/3436/2078
f 3347/3359/4242 3430/3430/4242 3433/3433/4242
f 3345/3357/2080 3427/3427/2080 3430/3430/2080
f 3342/3355/2081 3424/3424/2081 3427/3427/2081
f 3340/3354/2082 3421/3421/2082 3424/3424/2082
f 3338/3651/2083 3418/3417/2083 3421/3421/2083
f 3415/3414/2084 3418/3417/2084 3338/3651/2084
f 3412/3411/4243 3415/3414/4243 3336/3352/4243
f 3409/3408/2086 3412/3411/2086 3334/3350/2086
f 3406/3405/2087 3409/3408/2087 3331/3348/2087
f 3403/3402/2088 3406/3405/2088 3329/3347/2088
f 3400/3399/2089 3403/3402/2089 3327/3346/2089
f 3394/3394/2090 3400/3399/2090 3325/3345/2090
f 3247/3298/1878 3371/3371/1878 3374/3373/1878
f 3249/3256/1877 3368/3301/1877 3371/3371/1877
f 3310/3203/1887 3124/3203/1887 3121/3201/1887
f 3304/3205/1887 3127/3205/1887 3124/3203/1887
f 3278/3227/1887 3272/3308/1887 3647/3308/1887
f 3153/3228/1865 3646/3227/1865 3647/3308/1865
f 3261/3303/1887 3649/3303/1887 3648/3242/1887
f 3170/3243/1913 3648/3242/1913 3649/3303/1913
f 3258/3252/2091 3182/3252/2091 3649/3303/2091
f 3252/3253/1887 3184/3253/1887 3182/3252/1887
f 3187/3257/1877 3250/3256/1877 3246/3298/1877
f 3194/3260/1878 3246/3298/1878 3244/3269/1878
f 3235/3292/1887 3232/3290/1887 3210/3278/1887
f 3232/3290/1887 3225/3281/1887 3213/3281/1887
f 3123/3200/1854 3126/3202/1854 3653/3210/1854
f 3116/3197/1852 3123/3200/1852 3654/3652/1852
f 3700/3716/2172 3702/3726/2172 3698/3717/2172
f 3699/6260/4244 3697/6261/4244 3698/6262/4244
f 3698/6262/2175 4048/6263/2175 3699/6260/2175
f 4048/6263/2175 4047/3721/2175 3803/3720/2175
f 3699/6260/2173 4048/6263/2173 3803/3720/2173
f 4047/3721/2175 3718/6264/2175 3805/6265/2175
f 3718/6264/2175 3720/6266/2175 3806/6267/2175
f 3720/6266/2175 3722/6268/2175 3806/6267/2175
f 3722/6268/2173 3725/6269/2173 3807/6270/2173
f 3806/6267/2175 3722/6268/2175 3807/6270/2175
f 3725/6269/2175 3728/6271/2175 3782/6272/2175
f 3728/6271/2175 3731/6273/2175 3779/6274/2175
f 3731/6273/2175 4046/6275/2175 3779/6274/2175
f 4046/6275/2175 3741/6276/2175 3777/6277/2175
f 3779/6274/2175 4046/6275/2175 3777/6277/2175
f 3741/6276/2175 3743/6278/2175 4044/6279/2175
f 3743/6278/2175 3745/6280/2175 3765/6281/2175
f 3745/6280/2175 3748/6282/2175 3765/6281/2175
f 3748/6282/2175 4045/6283/2175 3762/6284/2175
f 3765/6281/2175 3748/6282/2175 3762/6284/2175
f 4045/6283/4245 3758/6285/4245 3760/6286/4245
f 3760/6286/2175 3762/6284/2175 4045/6283/2175
f 3765/6281/2175 4044/6279/2175 3743/6278/2175
f 4044/6279/2175 3775/6287/2175 3741/6276/2175
f 3775/6287/2175 3777/6277/2175 3741/6276/2175
f 3779/6274/2175 3782/6272/2175 3728/6271/2175
f 3782/6272/2175 3785/6288/2175 3725/6269/2175
f 3785/6288/2175 3807/6270/2175 3725/6269/2175
f 3806/6267/2175 3805/6265/2175 3718/6264/2175
f 3805/6265/2175 3804/3719/2175 4047/3721/2175
f 3701/3722/2174 3700/3725/2174 3697/3723/2174
f 3700/3725/2173 3701/3722/2173 3705/3722/2173
f 3700/3716/2175 3703/3716/2175 3706/3726/2175
f 3704/3727/2172 3707/3730/2172 3706/3726/2172
f 3808/3728/2174 3704/3868/2174 3703/3725/2174
f 3702/3726/2175 3706/3726/2175 3708/3729/2175
f 3707/3730/2176 3710/3732/2176 3708/3729/2176
f 3709/3729/2173 3708/3729/2173 3711/3731/2173
f 3710/3732/2177 3713/3735/2177 3711/3731/2177
f 3712/3731/2175 3711/3731/2175 3714/3733/2175
f 3713/3735/2179 3715/3736/2179 3714/3733/2179
f 3715/3736/2180 3887/3859/2180 3716/3737/2180
f 3717/3734/2175 3714/3733/2175 3716/3737/2175
f 3712/3731/2179 3717/3734/2179 3718/3739/2179
f 3717/3734/2180 3719/3738/2180 3720/3741/2180
f 3719/3738/2181 3721/3743/2181 3722/3742/2181
f 3719/3738/2175 3716/3737/2175 3723/3743/2175
f 3721/3743/2182 3724/3746/2182 3725/3744/2182
f 3721/3743/2175 3723/3743/2175 3726/3745/2175
f 3724/3746/2212 3727/3748/2212 3728/3747/2212
f 3724/3746/2175 3726/3745/2175 3729/3748/2175
f 3728/3747/2186 3727/3748/2186 3730/3749/2186
f 3730/3749/2175 3727/3748/2175 3729/3748/2175
f 3731/3750/2185 3730/3749/2185 3732/3751/2185
f 3732/3751/2173 3730/3749/2173 3733/3749/2173
f 3729/3748/2184 3888/3850/2184 3734/3754/2184
f 3733/3749/2185 3734/3754/2185 3736/3755/2185
f 3735/3753/2187 3736/3755/2187 3738/3756/2187
f 3740/3757/2175 3732/3751/2175 3735/3753/2175
f 3737/3757/2188 3738/3756/2188 4040/3758/2188
f 3742/3759/2175 3740/3757/2175 3737/3757/2175
f 4046/3752/2187 3732/3751/2187 3740/3757/2187
f 3741/3760/2188 3740/3757/2188 3742/3759/2188
f 3743/3761/2189 3742/3759/2189 3744/3762/2189
f 3744/3762/2173 3742/3759/2173 3739/3759/2173
f 3745/3763/2190 3744/3762/2190 3747/3765/2190
f 3747/3765/2173 3744/3762/2173 3746/3764/2173
f 3748/3766/2191 3747/3765/2191 3749/3767/2191
f 3749/3767/2175 3747/3765/2175 3750/3765/2175
f 3746/3764/2190 4041/3842/2190 3751/3770/2190
f 3750/3765/2191 3751/3770/2191 3753/3771/2191
f 3752/3769/2192 3753/3771/2192 3755/3772/2192
f 3757/3774/2175 3749/3767/2175 3752/3769/2175
f 3754/3773/2193 3755/3772/2193 4042/3775/2193
f 3757/3774/2175 3754/3773/2175 3756/3776/2175
f 4045/3768/2192 3749/3767/2192 3757/3774/2192
f 3758/3778/2193 3757/3774/2193 3759/3777/2193
f 3760/3779/2194 3759/3777/2194 3761/3780/2194
f 3759/3777/2173 3756/3776/2173 3763/3780/2173
f 3762/3781/2195 3761/3780/2195 3764/3782/2195
f 3761/3780/2173 3763/3780/2173 3767/3784/2173
f 3765/3783/2196 3764/3782/2196 3766/3785/2196
f 3764/3782/2178 3767/3784/2178 3769/3787/2178
f 3763/3780/2195 4043/3834/2195 3768/3788/2195
f 3767/3784/2196 3768/3788/2196 3770/3789/2196
f 3769/3787/2197 3770/3789/2197 3772/3790/2197
f 3766/3785/2175 3769/3787/2175 3771/3791/2175
f 3771/3791/2198 3772/3790/2198 3836/3793/2198
f 3774/3792/2173 3771/3791/2173 3773/3794/2173
f 4044/3786/2197 3766/3785/2197 3774/3792/2197
f 3775/3795/2198 3774/3792/2198 3776/3794/2198
f 3777/3796/2199 3776/3794/2199 3778/3797/2199
f 3776/3794/2175 3773/3794/2175 3780/3797/2175
f 3779/3798/2271 3778/3797/2271 3781/3799/2271
f 3778/3797/2173 3780/3797/2173 3783/3799/2173
f 3781/3799/2203 3784/3802/2203 3785/3801/2203
f 3784/3802/2175 3781/3799/2175 3783/3799/2175
f 3784/3802/2202 3786/3804/2202 3807/3803/2202
f 3786/3804/2175 3784/3802/2175 3787/3802/2175
f 3830/3805/2201 3788/3806/2201 3787/3802/2201
f 3788/3806/2202 3790/3807/2202 3789/3804/2202
f 3790/3807/2204 3793/3810/2204 3791/3808/2204
f 3792/3808/2175 3786/3804/2175 3789/3804/2175
f 3795/3809/2175 3792/3808/2175 3791/3808/2175
f 3793/3810/2205 3796/3812/2205 3794/3809/2205
f 3798/3811/2173 3795/3809/2173 3794/3809/2173
f 3796/3812/2206 3799/3814/2206 3797/3811/2206
f 3802/3813/2173 3798/3811/2173 3797/3811/2173
f 3799/3814/2207 3801/3815/2207 3800/3813/2207
f 3801/3815/2208 3808/3728/2208 3705/3722/2208
f 3701/3722/2175 3802/3813/2175 3800/3813/2175
f 3798/3811/2207 3802/3813/2207 3803/3816/2207
f 3802/3813/2208 3701/3722/2208 3699/3724/2208
f 3795/3809/2206 3798/3811/2206 3804/3817/2206
f 3792/3808/2205 3795/3809/2205 3805/3818/2205
f 3786/3804/2204 3792/3808/2204 3806/3819/2204
f 3810/3728/2211 3808/3728/2211 3801/3815/2211
f 3809/3815/2211 3801/3815/2211 3799/3814/2211
f 3810/3728/2175 3809/3815/2175 3812/3815/2175
f 3809/3815/2175 3811/3814/2175 3815/3814/2175
f 3816/3820/2207 3813/3821/2207 3812/3815/2207
f 3813/3821/2208 3904/3867/2208 3814/3728/2208
f 3811/3814/2175 3818/3812/2175 3817/3812/2175
f 3819/3822/2206 3816/3820/2206 3815/3814/2206
f 3818/3812/2175 3821/3810/2175 3820/3810/2175
f 3822/3823/2205 3819/3822/2205 3817/3812/2205
f 3821/3810/2173 3826/3807/2173 3823/3807/2173
f 3824/3824/2204 3822/3823/2204 3820/3810/2204
f 3965/3825/2202 3824/3824/2202 3823/3807/2202
f 3826/3807/2175 3827/3806/2175 3825/3806/2175
f 3821/3810/2209 3793/3810/2209 3790/3807/2209
f 3826/3807/2209 3790/3807/2209 3788/3806/2209
f 3827/3806/2211 3788/3806/2211 3830/3805/2211
f 3827/3806/2175 3828/3805/2175 3829/3805/2175
f 3831/3826/2175 3833/3826/2175 3829/3805/2175
f 3831/3826/2209 3828/3805/2209 3830/3805/2209
f 3834/3793/2209 3831/3826/2209 3832/3826/2209
f 3834/3793/2175 3835/3827/2175 3833/3826/2175
f 3837/3790/2175 3839/3790/2175 3835/3827/2175
f 3837/3790/2209 3834/3793/2209 3836/3793/2209
f 3838/3789/2211 3837/3790/2211 3772/3790/2211
f 3838/3789/2175 3841/3828/2175 3839/3790/2175
f 3841/3828/2197 3842/3831/2197 3840/3829/2197
f 3839/3790/2198 3840/3829/2198 3954/3830/2198
f 3843/3788/2196 3845/3835/2196 3842/3831/2196
f 3844/3832/2175 3843/3788/2175 3841/3828/2175
f 3847/3833/2175 3846/3834/2175 3843/3788/2175
f 3846/3834/2195 3848/3837/2195 3845/3835/2195
f 3850/3775/2175 3849/3836/2175 3846/3834/2175
f 3849/3836/2194 3851/3839/2194 3848/3837/2194
f 3855/3838/2175 3852/3838/2175 3849/3836/2175
f 3852/3838/2193 3853/3840/2193 3851/3839/2193
f 3854/3771/2192 3941/3844/2192 3853/3840/2192
f 3855/3838/2175 3856/3771/2175 3854/3771/2175
f 3855/3838/2211 3850/3775/2211 4042/3775/2211
f 3855/3838/2211 3755/3772/2211 3753/3771/2211
f 3856/3771/2211 3753/3771/2211 3751/3770/2211
f 3856/3771/2175 3857/3841/2175 3859/3770/2175
f 3857/3841/2209 3751/3770/2209 4041/3842/2209
f 3857/3841/2175 3858/3842/2175 3861/3842/2175
f 3861/3842/2190 3862/3845/2190 3860/3843/2190
f 3859/3770/2191 3860/3843/2191 3941/3844/2191
f 3858/3842/2175 3864/3758/2175 3863/3758/2175
f 3863/3758/2189 3865/3847/2189 3862/3845/2189
f 3864/3758/2175 3869/3846/2175 3866/3846/2175
f 3866/3846/2188 3867/3848/2188 3865/3847/2188
f 3868/3755/2187 3930/3853/2187 3867/3848/2187
f 3869/3846/2175 3870/3755/2175 3868/3755/2175
f 3864/3758/2209 4040/3758/2209 3738/3756/2209
f 3869/3846/2211 3738/3756/2211 3736/3755/2211
f 3870/3755/2211 3736/3755/2211 3734/3754/2211
f 3870/3755/2175 3871/3849/2175 3873/3754/2175
f 3871/3849/2209 3734/3754/2209 3888/3850/2209
f 3871/3849/2175 3872/3851/2175 3875/3850/2175
f 3875/3850/2186 3876/3880/2186 3874/3852/2186
f 3873/3754/2185 3874/3852/2185 3930/3853/2185
f 3878/3854/2175 3877/3854/2175 3875/3850/2175
f 3879/3855/2212 3876/3880/2212 3875/3850/2212
f 3883/3856/2175 3880/3856/2175 3877/3854/2175
f 3881/3857/2182 3879/3855/2182 3877/3854/2182
f 3919/3858/2181 3881/3857/2181 3880/3856/2181
f 3884/3860/2173 3882/3859/2173 3880/3856/2173
f 3883/3856/2209 3878/3854/2209 3886/3854/2209
f 3884/3860/2211 3883/3856/2211 3885/3856/2211
f 3887/3859/4246 3885/3856/4246 3723/3743/4246
f 3885/3856/2182 3886/3854/2182 3726/3745/2182
f 3889/3861/2211 3884/3860/2211 3887/3859/2211
f 3878/3854/2211 3872/3851/2211 3888/3850/2211
f 3886/3854/2212 3888/3850/2212 3729/3748/2212
f 3889/3861/2175 3891/3736/2175 3882/3859/2175
f 3890/3735/2211 3889/3861/2211 3715/3736/2211
f 3890/3735/2175 3893/3735/2175 3891/3736/2175
f 3894/3862/2179 3892/3863/2179 3891/3736/2179
f 3892/3863/2180 3919/3858/2180 3882/3859/2180
f 3896/3732/2175 3895/3732/2175 3893/3735/2175
f 3897/3864/2177 3894/3862/2177 3893/3735/2177
f 3899/3730/2175 3898/3730/2175 3895/3732/2175
f 3900/3865/2176 3897/3864/2176 3895/3732/2176
f 3903/3727/2175 3901/3727/2175 3898/3730/2175
f 3902/3866/2172 3900/3865/2172 3898/3730/2172
f 3904/3867/2174 3902/3869/2174 3901/3868/2174
f 3903/3868/2175 3810/3728/2175 3814/3728/2175
f 3903/3868/2211 3704/3868/2211 3808/3728/2211
f 3903/3727/2209 3899/3730/2209 3707/3730/2209
f 3905/3869/2213 3902/3869/2213 3904/3867/2213
f 3905/3866/4247 3908/3865/4247 3900/3865/4247
f 3906/3870/2172 3909/3872/2172 3908/3865/2172
f 3976/3871/2174 3906/3913/2174 3905/3869/2174
f 3909/3872/2176 3911/3873/2176 3910/3864/2176
f 3908/3865/2215 3910/3864/2215 3897/3864/2215
f 3911/3873/2177 3913/3874/2177 3912/3862/2177
f 3910/3864/2216 3912/3862/2216 3894/3862/2216
f 3913/3874/2179 3915/3875/2179 3914/3863/2179
f 3912/3862/2217 3914/3863/2217 3892/3863/2217
f 3915/3875/2180 3917/3876/2180 3916/3858/2180
f 3914/3863/4248 3916/3858/4248 3919/3858/4248
f 3917/3876/2181 3920/3877/2181 3918/3857/2181
f 3916/3858/2219 3918/3857/2219 3881/3857/2219
f 3920/3877/2182 3922/3879/2182 3921/3878/2182
f 3918/3857/2220 3921/3878/2220 3879/3855/2220
f 3922/3879/2183 3924/3933/2183 3923/3880/2183
f 3921/3878/4249 3923/3880/4249 3876/3880/4249
f 3923/3880/2186 3924/3933/2186 3926/3881/2186
f 3925/3882/4250 3874/3852/4250 3876/3880/4250
f 3925/3882/2185 3926/3881/2185 3928/3883/2185
f 3927/3853/2223 3930/3853/2223 3874/3852/2223
f 3927/3853/2187 3928/3883/2187 3931/3884/2187
f 3929/3848/2224 3867/3848/2224 3930/3853/2224
f 3929/3848/2188 3931/3884/2188 3933/3885/2188
f 3932/3847/4251 3865/3847/4251 3867/3848/4251
f 3934/3845/4252 3862/3845/4252 3865/3847/4252
f 3932/3847/2189 3933/3885/2189 3935/3886/2189
f 3934/3845/2190 3935/3886/2190 3937/3887/2190
f 3936/3843/2227 3860/3843/2227 3862/3845/2227
f 3936/3843/2191 3937/3887/2191 3939/3888/2191
f 3938/3889/4253 3941/3844/4253 3860/3843/4253
f 3938/3889/2192 3939/3888/2192 3942/3890/2192
f 3940/3840/2229 3853/3840/2229 3941/3844/2229
f 3940/3840/2193 3942/3890/2193 3944/3891/2193
f 3940/3840/2230 3943/3892/2230 3851/3839/2230
f 3943/3892/2231 3945/3894/2231 3848/3837/2231
f 3943/3892/2194 3944/3891/2194 3946/3893/2194
f 3945/3894/2195 3946/3893/2195 3948/3895/2195
f 3945/3894/2232 3947/3835/2232 3845/3835/2232
f 3947/3835/2196 3948/3895/2196 3950/3896/2196
f 3947/3835/4254 3949/3831/4254 3842/3831/4254
f 3949/3831/2197 3950/3896/2197 3952/3897/2197
f 3949/3831/2234 3951/3898/2234 3840/3829/2234
f 3951/3898/2198 3952/3897/2198 3955/3899/2198
f 3951/3898/2235 3953/3830/2235 3954/3830/2235
f 3953/3830/2236 3956/3900/2236 3957/3900/2236
f 3953/3830/2199 3955/3899/2199 3958/3901/2199
f 3956/3900/4255 3959/3902/4255 3960/3902/4255
f 3956/3900/2271 3958/3901/2271 3961/3903/2271
f 3962/3825/4256 3965/3825/4256 3960/3902/4256
f 3961/3903/2203 3963/3904/2203 3962/3825/2203
f 3963/3904/2202 3966/3905/2202 3964/3824/2202
f 3964/3824/2239 3824/3824/2239 3965/3825/2239
f 3960/3902/2203 3965/3825/2203 3825/3806/2203
f 3966/3905/2204 3968/3906/2204 3967/3823/2204
f 3967/3823/4257 3822/3823/4257 3824/3824/4257
f 3968/3906/2205 3970/3907/2205 3969/3822/2205
f 3969/3822/2241 3819/3822/2241 3822/3823/2241
f 3971/3820/4258 3816/3820/4258 3819/3822/4258
f 3970/3907/2206 3972/3908/2206 3971/3820/2206
f 3973/3821/2243 3813/3821/2243 3816/3820/2243
f 3972/3908/2207 3974/3909/2207 3973/3821/2207
f 3974/3909/2208 3976/3871/2208 3907/3867/2208
f 3907/3867/2244 3904/3867/2244 3813/3821/2244
f 3972/3908/2245 4037/3974/2245 3975/3910/2245
f 3974/3909/2246 3975/3910/2246 3977/3911/2246
f 3976/3871/4259 3977/3911/4259 3979/3912/4259
f 3978/3914/2174 3980/6289/2174 3979/3912/2174
f 4039/3915/2208 3978/3914/2208 3977/3911/2208
f 3980/3916/2172 3982/3919/2172 3981/3917/2172
f 3979/3918/2248 3981/3917/2248 3909/3872/2248
f 3982/3919/2176 3984/3921/2176 3983/3920/2176
f 3981/3917/4260 3983/3920/4260 3911/3873/4260
f 3984/3921/2177 3986/3923/2177 3985/3922/2177
f 3983/3920/4261 3985/3922/4261 3913/3874/4261
f 3986/3923/2179 3988/3925/2179 3987/3924/2179
f 3985/3922/2251 3987/3924/2251 3915/3875/2251
f 3988/3925/2180 3990/3927/2180 3989/3926/2180
f 3987/3924/2252 3989/3926/2252 3917/3876/2252
f 3990/3927/2181 3992/3929/2181 3991/3928/2181
f 3989/3926/4262 3991/3928/4262 3920/3877/4262
f 3992/3929/2182 3994/3931/2182 3993/3930/2182
f 3991/3928/4263 3993/3930/4263 3922/3879/4263
f 3994/3931/2212 3996/6290/2212 3995/3932/2212
f 3993/3930/2255 3995/3932/2255 3924/3933/2255
f 3995/3932/2186 3996/6290/2186 3998/3934/2186
f 3924/3933/2256 3995/3932/2256 3997/3935/2256
f 3997/3935/2185 3998/3934/2185 4000/3936/2185
f 3926/3881/4264 3997/3935/4264 3999/3937/4264
f 3999/3937/2187 4000/3936/2187 4002/3938/2187
f 3928/3883/4265 3999/3937/4265 4001/3939/4265
f 4001/3939/2188 4002/3938/2188 4004/3940/2188
f 3931/3884/2259 4001/3939/2259 4003/3941/2259
f 4003/3941/2189 4004/3940/2189 4006/3942/2189
f 3933/3885/2260 4003/3941/2260 4005/3943/2260
f 4005/3943/2190 4006/3942/2190 4008/3944/2190
f 3935/3886/4266 4005/3943/4266 4007/3945/4266
f 4007/3945/2191 4008/3944/2191 4010/3946/2191
f 3937/3887/2262 4007/3945/2262 4009/3947/2262
f 4009/3947/2192 4010/3946/2192 4012/3948/2192
f 3939/3888/2263 4009/3947/2263 4011/3949/2263
f 4011/3949/2193 4012/3948/2193 4014/3950/2193
f 4011/3949/2264 4013/3951/2264 3944/3891/2264
f 4013/3951/2194 4014/3950/2194 4016/3952/2194
f 4013/3951/2265 4015/3953/2265 3946/3893/2265
f 4015/3953/2195 4016/3952/2195 4018/3954/2195
f 4015/3953/2266 4017/3955/2266 3948/3895/2266
f 4017/3955/2196 4018/3954/2196 4020/3956/2196
f 4017/3955/2267 4019/3957/2267 3950/3896/2267
f 4019/3957/2197 4020/3956/2197 4022/3958/2197
f 4019/3957/2268 4021/3959/2268 3952/3897/2268
f 4021/3959/2198 4022/3958/2198 4024/3960/2198
f 4021/3959/2269 4023/3961/2269 3955/3899/2269
f 4023/3961/2199 4024/3960/2199 4026/3962/2199
f 4023/3961/2270 4025/3963/2270 3958/3901/2270
f 4025/3963/2271 4026/3962/2271 4028/3964/2271
f 4025/3963/2272 4027/3965/2272 3961/3903/2272
f 4028/3964/2203 4030/3967/2203 4029/3966/2203
f 3961/3903/2273 4027/3965/2273 4029/3966/2273
f 4030/3967/2202 4032/3969/2202 4031/3968/2202
f 3963/3904/4267 4029/3966/4267 4031/3968/4267
f 4032/3969/2204 4034/3971/2204 4033/3970/2204
f 3966/3905/2275 4031/3968/2275 4033/3970/2275
f 4034/3971/2205 4036/3973/2205 4035/3972/2205
f 3968/3906/2276 4033/3970/2276 4035/3972/2276
f 4036/3973/2206 4038/3975/2206 4037/3974/2206
f 3970/3907/2277 4035/3972/2277 4037/3974/2277
f 4038/3975/2207 4039/3915/2207 3975/3910/2207
f 3984/6291/2211 3982/6292/2211 4039/6293/2211
f 3982/6292/2210 3980/6294/2210 3978/6295/2210
f 4039/6293/2209 3982/6292/2209 3978/6295/2209
f 4039/6293/2211 4038/6296/2211 3984/6291/2211
f 4038/6296/2209 4036/3978/2209 3986/3977/2209
f 3984/6291/2211 4038/6296/2211 3986/3977/2211
f 4036/3978/2211 4034/6297/2211 3988/3976/2211
f 4034/6297/2211 4032/6298/2211 3990/6299/2211
f 3988/3976/2211 4034/6297/2211 3990/6299/2211
f 4032/6298/2211 4030/6300/2211 3994/6301/2211
f 4030/6300/2211 4028/6302/2211 3996/6303/2211
f 4028/6302/2211 4026/6304/2211 3998/6305/2211
f 4026/6304/2211 4024/6306/2211 4000/6307/2211
f 4024/6306/2211 4022/6308/2211 4000/6307/2211
f 4022/6308/2211 4020/6309/2211 4002/6310/2211
f 4000/6307/2211 4022/6308/2211 4002/6310/2211
f 4020/6309/2211 4018/6311/2211 4004/6312/2211
f 4018/6311/2211 4016/6313/2211 4006/6314/2211
f 4004/6312/2211 4018/6311/2211 4006/6314/2211
f 4016/6313/2211 4014/6315/2211 4010/6316/2211
f 4014/6315/2209 4012/6317/2209 4010/6316/2209
f 4010/6316/2211 4008/6318/2211 4016/6313/2211
f 4008/6318/2211 4006/6314/2211 4016/6313/2211
f 4004/6312/2211 4002/6310/2211 4020/6309/2211
f 4000/6307/2211 3998/6305/2211 4026/6304/2211
f 3998/6305/2211 3996/6303/2211 4028/6302/2211
f 3996/6303/2211 3994/6301/2211 4030/6300/2211
f 3994/6301/2211 3992/6319/2211 4032/6298/2211
f 3992/6319/2211 3990/6299/2211 4032/6298/2211
f 3833/3826/2271 3957/3900/2271 3960/3902/2271
f 3835/3827/2199 3954/3830/2199 3957/3900/2199
f 3899/3730/2211 3896/3732/2211 3710/3732/2211
f 3896/3732/2211 3890/3735/2211 3713/3735/2211
f 3858/3842/2211 4041/3842/2211 4040/3758/2211
f 3739/3759/2189 4040/3758/2189 4041/3842/2189
f 3850/3775/2209 3847/3833/2209 4043/3834/2209
f 3756/3776/2194 4042/3775/2194 4043/3834/2194
f 3847/3833/2211 3844/3832/2211 3768/3788/2211
f 3844/3832/2209 3838/3789/2209 3770/3789/2209
f 3773/3794/2199 3836/3793/2199 3832/3826/2199
f 3780/3797/2200 3832/3826/2200 3830/3805/2200
f 3818/3812/2211 3796/3812/2211 3793/3810/2211
f 3811/3814/2209 3799/3814/2209 3796/3812/2209
f 3709/3729/2177 3712/3731/2177 4047/3740/2177
f 3702/3726/2176 3709/3729/2176 4048/3979/2176
f 4052/3980/2278 4054/3991/2278 4050/3981/2278
f 4051/6320/2279 4049/6321/2279 4112/6322/2279
f 4049/6321/2279 4050/6323/2279 4110/6324/2279
f 4110/6324/2279 4050/6323/2279 4589/6325/2279
f 4050/6323/2279 4592/6326/2279 4589/6325/2279
f 4592/6326/2279 4591/6327/2279 4100/6328/2279
f 4589/6325/2279 4592/6326/2279 4100/6328/2279
f 4591/6327/2279 4070/6329/2279 4097/6330/2279
f 4070/6329/2279 4072/6331/2279 4095/6332/2279
f 4095/6332/2279 4072/6331/2279 4093/6333/2279
f 4072/6331/2279 4074/6334/2279 4093/6333/2279
f 4074/6334/2279 4077/6335/2279 4590/6336/2279
f 4093/6333/2279 4074/6334/2279 4590/6336/2279
f 4077/6335/2279 4080/6337/2279 4083/6338/2279
f 4083/6338/4268 4590/6336/4268 4077/6335/4268
f 4095/6332/2279 4097/6330/2279 4070/6329/2279
f 4097/6330/2279 4100/6328/2279 4591/6327/2279
f 4110/6324/2279 4112/6322/2279 4049/6321/2279
f 4112/6322/2279 4114/6339/2279 4051/6320/2279
f 4114/6339/2279 4117/3985/2279 4155/3984/2279
f 4051/6320/2279 4114/6339/2279 4155/3984/2279
f 4117/3985/2279 4588/6340/2279 4156/3983/2279
f 4588/6340/2279 4127/6341/2279 4157/6342/2279
f 4157/6342/2279 4127/6341/2279 4158/6343/2279
f 4127/6341/2279 4129/6344/2279 4158/6343/2279
f 4129/6344/2279 4131/6345/2279 4159/6346/2279
f 4158/6343/2279 4129/6344/2279 4159/6346/2279
f 4131/6345/4268 4134/6347/4268 4137/6348/4268
f 4137/6348/2279 4159/6346/2279 4131/6345/2279
f 4157/6342/2279 4156/3983/2279 4588/6340/2279
f 4053/3986/2280 4052/3990/2280 4049/3987/2280
f 4053/3986/2279 4057/3986/2279 4055/3989/2279
f 4054/3991/2279 4052/3980/2279 4055/3980/2279
f 4056/3993/4269 4059/3996/4269 4058/3992/4269
f 4160/3994/2280 4056/4134/2280 4055/3989/2280
f 4061/3995/4270 4054/3991/4270 4058/3992/4270
f 4059/3996/2324 4062/3998/2324 4060/3995/2324
f 4064/3997/2279 4061/3995/2279 4060/3995/2279
f 4062/3998/2282 4065/4000/2282 4063/3997/2282
f 4069/3999/2279 4064/3997/2279 4063/3997/2279
f 4065/4000/2283 4067/4001/2283 4066/3999/2283
f 4067/4001/2328 4239/4124/2328 4068/4002/2328
f 4071/4002/2279 4069/3999/2279 4066/3999/2279
f 4064/3997/2283 4069/3999/2283 4070/4003/2283
f 4069/3999/2284 4071/4002/2284 4072/4005/2284
f 4071/4002/2371 4073/4007/2371 4074/4006/2371
f 4073/4007/2279 4071/4002/2279 4068/4002/2279
f 4073/4007/2287 4076/4009/2287 4077/4008/2287
f 4076/4009/2279 4073/4007/2279 4075/4007/2279
f 4076/4009/2288 4079/4011/2288 4080/4010/2288
f 4079/4011/2279 4076/4009/2279 4078/4009/2279
f 4080/4010/2289 4079/4011/2289 4082/4012/2289
f 4079/4011/2279 4081/4011/2279 4085/4012/2279
f 4083/4013/2376 4082/4012/2376 4084/4014/2376
f 4082/4012/2279 4085/4012/2279 4087/4014/2279
f 4081/4011/2333 4240/4116/2333 4086/4016/2333
f 4085/4012/2376 4086/4016/2376 4088/4017/2376
f 4087/4014/2294 4088/4017/2294 4090/4018/2294
f 4084/4014/2279 4087/4014/2279 4089/4019/2279
f 4089/4019/2293 4090/4018/2293 4584/4020/2293
f 4092/4019/2279 4089/4019/2279 4091/4021/2279
f 4590/4015/2294 4084/4014/2294 4092/4019/2294
f 4093/4022/2293 4092/4019/2293 4094/4021/2293
f 4095/4023/2296 4094/4021/2296 4096/4024/2296
f 4094/4021/2291 4091/4021/2291 4098/4024/2291
f 4097/4025/2297 4096/4024/2297 4099/4026/2297
f 4096/4024/2279 4098/4024/2279 4102/4026/2279
f 4100/4027/2298 4099/4026/2298 4101/4028/2298
f 4099/4026/2279 4102/4026/2279 4104/4030/2279
f 4098/4024/2297 4585/4110/2297 4103/4031/2297
f 4102/4026/2298 4103/4031/2298 4105/4032/2298
f 4104/4030/2299 4105/4032/2299 4107/4033/2299
f 4101/4028/2279 4104/4030/2279 4106/4034/2279
f 4106/4034/2300 4107/4033/2300 4586/4035/2300
f 4111/4037/2279 4109/4034/2279 4106/4034/2279
f 4589/4029/2299 4101/4028/2299 4109/4034/2299
f 4110/4038/2300 4109/4034/2300 4111/4037/2300
f 4112/4039/2301 4111/4037/2301 4113/4040/2301
f 4113/4040/2279 4111/4037/2279 4108/4036/2279
f 4114/4041/2302 4113/4040/2302 4116/4042/2302
f 4116/4042/2279 4113/4040/2279 4115/4040/2279
f 4117/4043/2303 4116/4042/2303 4118/4044/2303
f 4118/4044/2279 4116/4042/2279 4119/4042/2279
f 4115/4040/2302 4587/4102/2302 4120/4047/2302
f 4119/4042/2303 4120/4047/2303 4122/4048/2303
f 4121/4046/2304 4122/4048/2304 4124/4049/2304
f 4126/4050/2279 4118/4044/2279 4121/4046/2279
f 4123/4050/2305 4124/4049/2305 4188/4051/2305
f 4128/4053/2279 4126/4050/2279 4123/4050/2279
f 4588/4045/2304 4118/4044/2304 4126/4050/2304
f 4127/4054/2305 4126/4050/2305 4128/4053/2305
f 4129/4055/2391 4128/4053/2391 4130/4056/2391
f 4130/4056/2279 4128/4053/2279 4125/4052/2279
f 4131/4057/2308 4130/4056/2308 4133/4058/2308
f 4133/4058/2279 4130/4056/2279 4132/4056/2279
f 4133/4058/2309 4136/4062/2309 4137/4061/2309
f 4133/4058/2279 4135/4060/2279 4139/4062/2279
f 4136/4062/2310 4138/4065/2310 4159/4063/2310
f 4136/4062/2279 4139/4062/2279 4141/4064/2279
f 4182/4066/2309 4140/4067/2309 4139/4062/2309
f 4140/4067/2310 4142/4068/2310 4141/4064/2310
f 4142/4068/4271 4145/4073/4271 4143/4069/4271
f 4138/4065/2279 4141/4064/2279 4143/4069/2279
f 4144/4070/2279 4143/4069/2279 4146/4071/2279
f 4145/4073/2312 4148/4075/2312 4146/4071/2312
f 4147/4072/2279 4146/4071/2279 4149/4074/2279
f 4148/4075/2313 4151/4077/2313 4149/4074/2313
f 4150/4074/2279 4149/4074/2279 4152/4076/2279
f 4151/4077/2314 4153/4078/2314 4152/4076/2314
f 4153/4078/2315 4160/3994/2315 4057/3986/2315
f 4154/4076/2279 4152/4076/2279 4057/3986/2279
f 4150/4074/2314 4154/4076/2314 4155/4079/2314
f 4154/4076/2316 4053/3986/2316 4051/3988/2316
f 4147/4072/2313 4150/4074/2313 4156/4080/2313
f 4144/4070/2312 4147/4072/2312 4157/4081/2312
f 4138/4065/2319 4144/4070/2319 4158/4082/2319
f 4161/4083/2317 4162/3994/2317 4160/3994/2317
f 4163/4077/2317 4161/4083/2317 4153/4078/2317
f 4161/4083/2279 4164/4083/2279 4166/4084/2279
f 4163/4077/2279 4167/4077/2279 4164/4083/2279
f 4168/4085/2314 4165/4086/2314 4164/4083/2314
f 4165/4086/2316 4256/4132/2316 4166/4084/2316
f 4170/4087/2279 4169/4087/2279 4167/4077/2279
f 4171/4088/4272 4168/4085/4272 4167/4077/4272
f 4173/4073/2279 4172/4073/2279 4169/4087/2279
f 4174/4089/2312 4171/4088/2312 4169/4087/2312
f 4178/4090/2279 4175/4068/2279 4172/4073/2279
f 4176/4091/2311 4174/4089/2311 4172/4073/2311
f 4317/4092/4273 4176/4091/4273 4175/4068/4273
f 4179/4067/2279 4177/4067/2279 4175/4068/2279
f 4178/4090/2317 4173/4073/2317 4145/4073/2317
f 4179/4067/2317 4178/4090/2317 4142/4068/2317
f 4180/4093/2317 4179/4067/2317 4140/4067/2317
f 4180/4093/2279 4181/4066/2279 4177/4067/2279
f 4180/4093/2279 4183/4095/2279 4185/4094/2279
f 4180/4093/2317 4182/4066/2317 4184/4095/2317
f 4183/4095/2317 4184/4095/2317 4188/4051/2317
f 4183/4095/2279 4186/4096/2279 4187/4096/2279
f 4186/4096/2279 4189/4097/2279 4191/4097/2279
f 4186/4096/2317 4188/4051/2317 4124/4049/2317
f 4189/4097/2317 4124/4049/2317 4122/4048/2317
f 4189/4097/2279 4190/4048/2279 4193/4098/2279
f 4193/4098/2347 4194/4101/2347 4192/4099/2347
f 4191/4097/2305 4192/4099/2305 4306/4100/2305
f 4195/4047/2303 4197/4103/2303 4194/4101/2303
f 4190/4048/2279 4196/4047/2279 4195/4047/2279
f 4196/4047/2279 4199/4104/2279 4198/4102/2279
f 4198/4102/2302 4200/4105/2302 4197/4103/2302
f 4199/4104/2279 4202/4106/2279 4201/4035/2279
f 4201/4035/2301 4203/4107/2301 4200/4105/2301
f 4202/4106/2279 4207/4033/2279 4204/4033/2279
f 4204/4033/2300 4205/4109/2300 4203/4107/2300
f 4206/4108/2299 4293/4112/2299 4205/4109/2299
f 4208/4032/2279 4206/4108/2279 4204/4033/2279
f 4202/4106/2317 4586/4035/2317 4107/4033/2317
f 4208/4032/2317 4207/4033/2317 4107/4033/2317
f 4209/4031/2317 4208/4032/2317 4105/4032/2317
f 4209/4031/2279 4211/4031/2279 4206/4108/2279
f 4210/4110/2317 4209/4031/2317 4103/4031/2317
f 4210/4110/2279 4213/4110/2279 4211/4031/2279
f 4213/4110/2297 4214/4113/2297 4212/4111/2297
f 4211/4031/2419 4212/4111/2419 4293/4112/2419
f 4216/4020/2279 4215/4020/2279 4213/4110/2279
f 4215/4020/2296 4217/4114/2296 4214/4113/2296
f 4221/4018/2279 4218/4018/2279 4215/4020/2279
f 4218/4018/4274 4219/4115/4274 4217/4114/4274
f 4220/4017/2292 4282/4118/2292 4219/4115/2292
f 4222/4017/2279 4220/4017/2279 4218/4018/2279
f 4221/4018/2317 4216/4020/2317 4584/4020/2317
f 4222/4017/2317 4221/4018/2317 4090/4018/2317
f 4223/4016/2317 4222/4017/2317 4088/4017/2317
f 4223/4016/2279 4225/4016/2279 4220/4017/2279
f 4224/4116/2317 4223/4016/2317 4086/4016/2317
f 4224/4116/2279 4227/4116/2279 4225/4016/2279
f 4227/4116/2289 4228/4148/2289 4226/4117/2289
f 4225/4016/2290 4226/4117/2290 4282/4118/2290
f 4224/4116/2279 4230/4119/2279 4229/4119/2279
f 4231/4120/2288 4228/4148/2288 4227/4116/2288
f 4230/4119/2279 4235/4121/2279 4232/4121/2279
f 4233/4122/2320 4231/4120/2320 4229/4119/2320
f 4271/4123/2286 4233/4122/2286 4232/4121/2286
f 4235/4121/2279 4236/4124/2279 4234/4124/2279
f 4230/4119/2317 4238/4119/2317 4237/4121/2317
f 4235/4121/2317 4237/4121/2317 4239/4124/2317
f 4239/4124/2371 4237/4121/2371 4075/4007/2371
f 4237/4121/2320 4238/4119/2320 4078/4009/2320
f 4236/4124/2317 4239/4124/2317 4067/4001/2317
f 4224/4116/2317 4240/4116/2317 4238/4119/2317
f 4238/4119/2288 4240/4116/2288 4081/4011/2288
f 4236/4124/2279 4241/4001/2279 4243/4001/2279
f 4241/4001/2317 4067/4001/2317 4065/4000/2317
f 4241/4001/2279 4242/4000/2279 4245/4000/2279
f 4246/4125/2283 4244/4126/2283 4243/4001/2283
f 4244/4126/2285 4271/4123/2285 4234/4124/2285
f 4242/4000/2279 4248/4127/2279 4247/4127/2279
f 4249/4128/2282 4246/4125/2282 4245/4000/2282
f 4248/4127/2279 4251/4130/2279 4250/3996/2279
f 4252/4129/2281 4249/4128/2281 4247/4127/2281
f 4251/4130/2279 4255/4135/2279 4253/3993/2279
f 4254/4131/2278 4252/4129/2278 4250/3996/2278
f 4256/4132/2280 4254/4136/2280 4253/4133/2280
f 4162/3994/2279 4166/4084/2279 4253/4133/2279
f 4162/3994/4275 4255/4133/4275 4056/4134/4275
f 4251/4130/2317 4059/3996/2317 4056/3993/2317
f 4257/4136/2322 4254/4136/2322 4256/4132/2322
f 4260/4129/4276 4252/4129/4276 4254/4131/4276
f 4258/4138/2278 4261/4140/2278 4260/4129/2278
f 4328/4139/2280 4258/4183/2280 4257/4136/2280
f 4261/4140/2405 4263/4142/2405 4262/4141/2405
f 4262/4141/2325 4249/4128/2325 4252/4129/2325
f 4263/4142/2282 4265/4143/2282 4264/4125/2282
f 4264/4125/2326 4246/4125/2326 4249/4128/2326
f 4265/4143/2283 4267/4144/2283 4266/4126/2283
f 4266/4126/2327 4244/4126/2327 4246/4125/2327
f 4267/4144/2284 4269/4145/2284 4268/4123/2284
f 4268/4123/2329 4271/4123/2329 4244/4126/2329
f 4269/4145/2286 4272/4146/2286 4270/4122/2286
f 4270/4122/4277 4233/4122/4277 4271/4123/4277
f 4272/4146/2287 4274/4147/2287 4273/4120/2287
f 4273/4120/4278 4231/4120/4278 4233/4122/4278
f 4274/4147/2288 4276/4446/2288 4275/4148/2288
f 4275/4148/2332 4228/4148/2332 4231/4120/2332
f 4275/4148/2289 4276/4446/2289 4278/4149/2289
f 4275/4148/2334 4277/4117/2334 4226/4117/2334
f 4277/4117/2290 4278/4149/2290 4280/4150/2290
f 4277/4117/2335 4279/4118/2335 4282/4118/2335
f 4279/4118/2294 4280/4150/2294 4283/4151/2294
f 4279/4118/2336 4281/4115/2336 4219/4115/2336
f 4281/4115/2293 4283/4151/2293 4285/4152/2293
f 4281/4115/4279 4284/4114/4279 4217/4114/4279
f 4284/4114/2338 4286/4113/2338 4214/4113/2338
f 4284/4114/2296 4285/4152/2296 4287/4153/2296
f 4286/4113/2297 4287/4153/2297 4289/4154/2297
f 4286/4113/4280 4288/4111/4280 4212/4111/4280
f 4288/4111/2419 4289/4154/2419 4291/4155/2419
f 4288/4111/2341 4290/4112/2341 4293/4112/2341
f 4290/4112/2299 4291/4155/2299 4294/4156/2299
f 4290/4112/4281 4292/4109/4281 4205/4109/4281
f 4292/4109/2300 4294/4156/2300 4296/4157/2300
f 4292/4109/2343 4295/4107/2343 4203/4107/2343
f 4297/4105/2344 4200/4105/2344 4203/4107/2344
f 4295/4107/2423 4296/4157/2423 4298/4158/2423
f 4297/4105/2302 4298/4158/2302 4300/4159/2302
f 4299/4160/2345 4197/4103/2345 4200/4105/2345
f 4299/4160/2303 4300/4159/2303 4302/4161/2303
f 4301/4162/2346 4194/4101/2346 4197/4103/2346
f 4301/4162/2304 4302/4161/2304 4304/4163/2304
f 4303/4164/2348 4192/4099/2348 4194/4101/2348
f 4303/4164/2305 4304/4163/2305 4307/4165/2305
f 4305/4100/4282 4306/4100/4282 4192/4099/4282
f 4308/4166/2351 4309/4166/2351 4306/4100/2351
f 4305/4100/2307 4307/4165/2307 4310/4167/2307
f 4311/4168/2352 4312/4170/2352 4309/4166/2352
f 4308/4166/2308 4310/4167/2308 4313/4169/2308
f 4311/4168/2353 4314/4092/2353 4317/4092/2353
f 4313/4169/2309 4315/4171/2309 4314/4092/2309
f 4315/4171/2310 4318/4172/2310 4316/4091/2310
f 4314/4092/4283 4316/4091/4283 4176/4091/4283
f 4312/4170/2309 4317/4092/2309 4177/4067/2309
f 4318/4172/2311 4320/4174/2311 4319/4173/2311
f 4316/4091/2355 4319/4173/2355 4174/4089/2355
f 4320/4174/2312 4322/4176/2312 4321/4175/2312
f 4319/4173/4284 4321/4175/4284 4171/4088/4284
f 4321/4175/2357 4323/4085/2357 4168/4085/2357
f 4322/4176/2313 4324/4177/2313 4323/4085/2313
f 4323/4085/2358 4325/4178/2358 4165/4086/2358
f 4324/4177/2314 4326/4179/2314 4325/4178/2314
f 4326/4179/2316 4328/4139/2316 4259/4137/2316
f 4325/4178/2359 4259/4137/2359 4256/4132/2359
f 4419/4180/2360 4327/4181/2360 4326/4179/2360
f 4327/4181/2361 4329/4182/2361 4328/4139/2361
f 4329/4182/2362 4331/4186/2362 4258/4183/2362
f 4421/4184/2316 4330/4185/2316 4329/4182/2316
f 4330/4185/2280 4333/4193/2280 4331/4186/2280
f 4331/4187/2363 4332/4189/2363 4261/4140/2363
f 4333/4188/2278 4335/4191/2278 4332/4189/2278
f 4334/4190/2364 4336/4195/2364 4335/4191/2364
f 4424/4192/2365 4334/4281/2365 4333/4193/2365
f 4335/4191/2281 4337/4196/2281 4338/4194/2281
f 4336/4195/2367 4339/4198/2367 4337/4196/2367
f 4337/4196/2282 4340/4199/2282 4341/4197/2282
f 4339/4198/2368 4342/4201/2368 4340/4199/2368
f 4340/4199/2283 4343/4202/2283 4344/4200/2283
f 4342/4201/2369 4345/4204/2369 4343/4202/2369
f 4343/4202/2328 4346/4205/2328 4347/4203/2328
f 4345/4204/4285 4348/4207/4285 4346/4205/4285
f 4346/4205/2286 4349/4208/2286 4350/4206/2286
f 4348/4207/2372 4351/4210/2372 4349/4208/2372
f 4349/4208/2287 4352/4211/2287 4353/4209/2287
f 4351/4210/2373 4354/4213/2373 4352/4211/2373
f 4352/4211/2288 4355/4214/2288 4356/4212/2288
f 4354/4213/2374 4357/4302/2374 4355/4214/2374
f 4356/4212/2289 4355/4214/2289 4358/4215/2289
f 4355/4214/2375 4357/4302/2375 4360/4217/2375
f 4359/4216/2290 4358/4215/2290 4361/4218/2290
f 4358/4215/2377 4360/4217/2377 4363/4220/2377
f 4362/4219/2294 4361/4218/2294 4364/4221/2294
f 4361/4218/4286 4363/4220/4286 4366/4223/4286
f 4365/4222/2293 4364/4221/2293 4367/4224/2293
f 4364/4221/2379 4366/4223/2379 4369/4226/2379
f 4368/4225/2339 4367/4224/2339 4370/4227/2339
f 4367/4224/2380 4369/4226/2380 4372/4229/2380
f 4371/4228/2297 4370/4227/2297 4373/4230/2297
f 4370/4227/2381 4372/4229/2381 4375/4232/2381
f 4374/4231/2419 4373/4230/2419 4376/4233/2419
f 4373/4230/2382 4375/4232/2382 4378/4235/2382
f 4377/4234/2299 4376/4233/2299 4379/4236/2299
f 4376/4233/2383 4378/4235/2383 4381/4238/2383
f 4380/4237/2300 4379/4236/2300 4382/4239/2300
f 4379/4236/2384 4381/4238/2384 4384/4241/2384
f 4383/4240/2301 4382/4239/2301 4385/4242/2301
f 4382/4239/2386 4384/4241/2386 4387/4244/2386
f 4386/4243/2302 4385/4242/2302 4388/4245/2302
f 4385/4242/2387 4387/4244/2387 4390/4247/2387
f 4389/4246/2303 4388/4245/2303 4391/4248/2303
f 4388/4245/4287 4390/4247/4287 4393/4250/4287
f 4392/4249/2304 4391/4248/2304 4394/4251/2304
f 4391/4248/2389 4393/4250/2389 4396/4253/2389
f 4395/4252/2349 4394/4251/2349 4397/4254/2349
f 4394/4251/2390 4396/4253/2390 4399/4256/2390
f 4398/4255/2391 4397/4254/2391 4400/4257/2391
f 4397/4254/2392 4399/4256/2392 4402/4259/2392
f 4401/4258/2308 4400/4257/2308 4403/4260/2308
f 4400/4257/2393 4402/4259/2393 4405/4262/2393
f 4403/4260/2309 4406/4264/2309 4407/4263/2309
f 4405/4262/2394 4408/4266/2394 4406/4264/2394
f 4406/4264/2310 4409/4267/2310 4410/4265/2310
f 4408/4266/2395 4411/4269/2395 4409/4267/2395
f 4409/4267/2311 4412/4270/2311 4413/4268/2311
f 4411/4269/2396 4414/4272/2396 4412/4270/2396
f 4412/4270/2312 4415/4273/2312 4416/4271/2312
f 4414/4272/2397 4417/4274/2397 4415/4273/2397
f 4415/4273/4272 4418/4275/4272 4419/4180/4272
f 4417/4274/4288 4420/4276/4288 4418/4275/4288
f 4418/4275/2314 4421/4184/2314 4327/4181/2314
f 4420/4276/2399 4422/4277/2399 4421/4184/2399
f 4422/4277/2400 4424/4192/2400 4330/4185/2400
f 4485/4278/2401 4423/4279/2401 4422/4277/2401
f 4423/4279/2402 4425/4280/2402 4424/4192/2402
f 4425/4280/2403 4427/4284/2403 4334/4281/2403
f 4488/4282/2316 4426/4283/2316 4425/4280/2316
f 4426/4283/2280 4428/4352/2280 4427/4284/2280
f 4427/4285/2404 4429/4287/2404 4336/4195/2404
f 4428/4286/2278 4430/4288/2278 4429/4287/2278
f 4430/4288/2405 4432/4290/2405 4431/4289/2405
f 4429/4287/4289 4431/4289/4289 4339/4198/4289
f 4432/4290/2282 4434/4292/2282 4433/4291/2282
f 4431/4289/2407 4433/4291/2407 4342/4201/2407
f 4434/4292/2283 4436/4294/2283 4435/4293/2283
f 4433/4291/4290 4435/4293/4290 4345/4204/4290
f 4436/4294/2328 4438/4296/2328 4437/4295/2328
f 4435/4293/4291 4437/4295/4291 4348/4207/4291
f 4438/4296/2286 4440/4298/2286 4439/4297/2286
f 4437/4295/2410 4439/4297/2410 4351/4210/2410
f 4440/4298/2287 4442/4300/2287 4441/4299/2287
f 4439/4297/2411 4441/4299/2411 4354/4213/2411
f 4442/4300/2288 4444/4370/2288 4443/4301/2288
f 4441/4299/4292 4443/4301/4292 4357/4302/4292
f 4443/4301/2289 4444/4370/2289 4446/4303/2289
f 4357/4302/2413 4443/4301/2413 4445/4304/2413
f 4445/4304/2290 4446/4303/2290 4448/4305/2290
f 4360/4217/4293 4445/4304/4293 4447/4306/4293
f 4447/4306/2292 4448/4305/2292 4450/4307/2292
f 4363/4220/2415 4447/4306/2415 4449/4308/2415
f 4449/4308/2293 4450/4307/2293 4452/4309/2293
f 4366/4223/2416 4449/4308/2416 4451/4310/2416
f 4451/4310/2296 4452/4309/2296 4454/4311/2296
f 4369/4226/2417 4451/4310/2417 4453/4312/2417
f 4453/4312/2297 4454/4311/2297 4456/4313/2297
f 4372/4229/4294 4453/4312/4294 4455/4314/4294
f 4455/4314/2298 4456/4313/2298 4458/4315/2298
f 4375/4232/2420 4455/4314/2420 4457/4316/2420
f 4457/4316/2299 4458/4315/2299 4460/4317/2299
f 4378/4235/2421 4457/4316/2421 4459/4318/2421
f 4459/4318/2300 4460/4317/2300 4462/4319/2300
f 4381/4238/2422 4459/4318/2422 4461/4320/2422
f 4461/4320/2301 4462/4319/2301 4464/4321/2301
f 4384/4241/4295 4461/4320/4295 4463/4322/4295
f 4463/4322/2302 4464/4321/2302 4466/4323/2302
f 4387/4244/2425 4463/4322/2425 4465/4324/2425
f 4465/4324/2303 4466/4323/2303 4468/4325/2303
f 4390/4247/2426 4465/4324/2426 4467/4326/2426
f 4467/4326/2304 4468/4325/2304 4470/4327/2304
f 4393/4250/2427 4467/4326/2427 4469/4328/2427
f 4469/4328/2305 4470/4327/2305 4472/4329/2305
f 4396/4253/2428 4469/4328/2428 4471/4330/2428
f 4471/4330/2307 4472/4329/2307 4474/4331/2307
f 4399/4256/2429 4471/4330/2429 4473/4332/2429
f 4473/4332/2308 4474/4331/2308 4476/4333/2308
f 4402/4259/2430 4473/4332/2430 4475/4334/2430
f 4476/4333/2309 4478/4336/2309 4477/4335/2309
f 4475/4334/2431 4477/4335/2431 4408/4266/2431
f 4478/4336/2310 4480/4338/2310 4479/4337/2310
f 4477/4335/2432 4479/4337/2432 4411/4269/2432
f 4480/4338/2319 4482/4340/2319 4481/4339/2319
f 4479/4337/4296 4481/4339/4296 4414/4272/4296
f 4482/4340/2312 4484/4342/2312 4483/4341/2312
f 4481/4339/2434 4483/4341/2434 4417/4274/2434
f 4484/4342/4272 4486/4343/4272 4485/4278/4272
f 4483/4341/2435 4485/4278/2435 4420/4276/2435
f 4486/4343/2314 4488/4282/2314 4423/4279/2314
f 4549/4344/2436 4487/4345/2436 4486/4343/2436
f 4487/4345/2437 4489/4346/2437 4488/4282/2437
f 4489/4346/2438 4491/4349/2438 4426/4283/2438
f 4552/4347/2439 4490/4348/2439 4489/4346/2439
f 4490/4348/2440 4492/4350/2440 4491/4349/2440
f 4492/4350/2441 4494/4418/2441 4493/4351/2441
f 4491/4349/2442 4493/4351/2442 4428/4352/2442
f 4493/4353/2443 4495/4355/2443 4430/4288/2443
f 4494/4354/2444 4496/4356/2444 4495/4355/2444
f 4496/4356/4297 4498/4358/4297 4497/4357/4297
f 4495/4355/2446 4497/4357/2446 4432/4290/2446
f 4498/4358/2447 4500/4360/2447 4499/4359/2447
f 4497/4357/2448 4499/4359/2448 4434/4292/2448
f 4500/4360/4298 4502/4362/4298 4501/4361/4298
f 4499/4359/2450 4501/4361/2450 4436/4294/2450
f 4502/4362/4299 4504/4364/4299 4503/4363/4299
f 4501/4361/2452 4503/4363/2452 4438/4296/2452
f 4504/4364/2453 4506/4366/2453 4505/4365/2453
f 4503/4363/2454 4505/4365/2454 4440/4298/2454
f 4506/4366/2455 4508/4368/2455 4507/4367/2455
f 4505/4365/4300 4507/4367/4300 4442/4300/4300
f 4508/4368/4301 4510/4427/4301 4509/4369/4301
f 4507/4367/4302 4509/4369/4302 4444/4370/4302
f 4509/4369/2459 4510/4427/2459 4512/4371/2459
f 4444/4370/4303 4509/4369/4303 4511/4372/4303
f 4511/4372/2461 4512/4371/2461 4514/4373/2461
f 4446/4303/2462 4511/4372/2462 4513/4374/2462
f 4513/4374/2463 4514/4373/2463 4516/4375/2463
f 4448/4305/4304 4513/4374/4304 4515/4376/4304
f 4515/4376/2465 4516/4375/2465 4518/4377/2465
f 4450/4307/2466 4515/4376/2466 4517/4378/2466
f 4517/4378/2467 4518/4377/2467 4520/4379/2467
f 4452/4309/2468 4517/4378/2468 4519/4380/2468
f 4519/4380/2469 4520/4379/2469 4522/4381/2469
f 4454/4311/2470 4519/4380/2470 4521/4382/2470
f 4521/4382/2471 4522/4381/2471 4524/4383/2471
f 4456/4313/2472 4521/4382/2472 4523/4384/2472
f 4523/4384/2473 4524/4383/2473 4526/4385/2473
f 4458/4315/2474 4523/4384/2474 4525/4386/2474
f 4525/4386/2475 4526/4385/2475 4528/4387/2475
f 4460/4317/2476 4525/4386/2476 4527/4388/2476
f 4527/4388/2477 4528/4387/2477 4530/4389/2477
f 4462/4319/2478 4527/4388/2478 4529/4390/2478
f 4529/4390/2479 4530/4389/2479 4532/4391/2479
f 4464/4321/2480 4529/4390/2480 4531/4392/2480
f 4531/4392/2481 4532/4391/2481 4534/4393/2481
f 4466/4323/4305 4531/4392/4305 4533/4394/4305
f 4533/4394/2483 4534/4393/2483 4536/4395/2483
f 4468/4325/4306 4533/4394/4306 4535/4396/4306
f 4535/4396/4307 4536/4395/4307 4538/4397/4307
f 4470/4327/2486 4535/4396/2486 4537/4398/2486
f 4537/4398/2487 4538/4397/2487 4540/4399/2487
f 4472/4329/2488 4537/4398/2488 4539/4400/2488
f 4539/4400/2489 4540/4399/2489 4542/4401/2489
f 4474/4331/2490 4539/4400/2490 4541/4402/2490
f 4542/4401/2491 4544/4404/2491 4543/4403/2491
f 4541/4402/2492 4543/4403/2492 4478/4336/2492
f 4544/4404/2493 4546/4406/2493 4545/4405/2493
f 4543/4403/4308 4545/4405/4308 4480/4338/4308
f 4546/4406/4309 4548/4408/4309 4547/4407/4309
f 4545/4405/2496 4547/4407/2496 4482/4340/2496
f 4548/4408/2497 4550/4409/2497 4549/4344/2497
f 4547/4407/2498 4549/4344/2498 4484/4342/2498
f 4550/4409/2499 4552/4347/2499 4487/4345/2499
f 4551/4410/2313 4553/4412/2313 4552/4347/2313
f 4583/4411/2312 4551/4410/2312 4550/4409/2312
f 4553/4412/2314 4554/4416/2314 4490/4348/2314
f 4558/6349/2317 4557/6350/2317 4571/6351/2317
f 4557/6350/2317 4556/6352/2317 4572/6353/2317
f 4556/6352/2317 4555/6354/2317 4573/6355/2317
f 4555/6354/2317 4554/6356/2317 4574/6357/2317
f 4554/6356/2317 4553/6358/2317 4575/6359/2317
f 4553/6358/2317 4551/6360/2317 4576/6361/2317
f 4554/6356/2317 4575/6359/2317 4574/6357/2317
f 4551/6360/2317 4583/6362/2317 4577/6363/2317
f 4583/6362/2317 4582/6364/2317 4578/6365/2317
f 4577/6363/2317 4583/6362/2317 4578/6365/2317
f 4582/6364/2317 4581/6366/2317 4579/6367/2317
f 4581/6366/2317 4580/6368/2317 4579/6367/2317
f 4579/6367/2317 4578/6365/2317 4582/6364/2317
f 4577/6363/2317 4576/6361/2317 4551/6360/2317
f 4576/6361/2317 4575/6359/2317 4553/6358/2317
f 4574/6357/2317 4573/6355/2317 4555/6354/2317
f 4573/6355/2317 4572/6353/2317 4556/6352/2317
f 4572/6353/2317 4571/6351/2317 4557/6350/2317
f 4571/6351/2317 4570/6369/2317 4558/6349/2317
f 4570/6369/2317 4569/4415/2317 4559/4414/2317
f 4569/4415/2317 4568/6370/2317 4560/4413/2317
f 4570/6369/2317 4559/4414/2317 4558/6349/2317
f 4568/6370/2317 4567/6371/2317 4561/6372/2317
f 4567/6371/2317 4566/6373/2317 4562/6374/2317
f 4561/6372/2317 4567/6371/2317 4562/6374/2317
f 4566/6373/2317 4565/6375/2317 4563/6376/2317
f 4565/6375/4310 4564/6377/4310 4563/6376/4310
f 4563/6376/2317 4562/6374/2317 4566/6373/2317
f 4561/6372/2317 4560/4413/2317 4568/6370/2317
f 4554/4416/2316 4555/4417/2316 4492/4350/2316
f 4555/4417/2280 4556/6378/2280 4494/4418/2280
f 4556/4419/2278 4557/4420/2278 4496/4356/2278
f 4557/4420/2324 4558/4421/2324 4498/4358/2324
f 4558/4421/2282 4559/4422/2282 4500/4360/2282
f 4559/4422/2283 4560/4423/2283 4502/4362/2283
f 4560/4423/2285 4561/4424/2285 4504/4364/2285
f 4561/4424/2371 4562/4425/2371 4506/4366/2371
f 4562/4425/2320 4563/4426/2320 4508/4368/2320
f 4563/4426/2288 4564/6379/2288 4510/4427/2288
f 4510/4427/2289 4564/6379/2289 4565/4428/2289
f 4512/4371/2376 4565/4428/2376 4566/4429/2376
f 4514/4373/2292 4566/4429/2292 4567/4430/2292
f 4516/4375/2293 4567/4430/2293 4568/4431/2293
f 4518/4377/2296 4568/4431/2296 4569/4432/2296
f 4520/4379/2297 4569/4432/2297 4570/4433/2297
f 4522/4381/2298 4570/4433/2298 4571/4434/2298
f 4524/4383/2299 4571/4434/2299 4572/4435/2299
f 4526/4385/2300 4572/4435/2300 4573/4436/2300
f 4528/4387/4311 4573/4436/4311 4574/4437/4311
f 4530/4389/2302 4574/4437/2302 4575/4438/2302
f 4532/4391/2303 4575/4438/2303 4576/4439/2303
f 4534/4393/2306 4576/4439/2306 4577/4440/2306
f 4536/4395/2305 4577/4440/2305 4578/4441/2305
f 4538/4397/2391 4578/4441/2391 4579/4442/2391
f 4540/4399/2308 4579/4442/2308 4580/4443/2308
f 4580/4443/2309 4581/4444/2309 4544/4404/2309
f 4581/4444/4273 4582/4445/4273 4546/4406/4273
f 4582/4445/2311 4583/4411/2311 4548/4408/2311
f 4416/4271/4312 4419/4180/4312 4324/4177/4312
f 4413/4268/2501 4416/4271/2501 4322/4176/2501
f 4410/4265/2502 4413/4268/2502 4320/4174/2502
f 4407/4263/2503 4410/4265/2503 4318/4172/2503
f 4404/4261/4313 4407/4263/4313 4315/4171/4313
f 4310/4167/4314 4401/4258/4314 4404/4261/4314
f 4307/4165/2506 4398/4255/2506 4401/4258/2506
f 4304/4163/2507 4395/4252/2507 4398/4255/2507
f 4302/4161/2508 4392/4249/2508 4395/4252/2508
f 4300/4159/2509 4389/4246/2509 4392/4249/2509
f 4298/4158/2510 4386/4243/2510 4389/4246/2510
f 4296/4157/2511 4383/4240/2511 4386/4243/2511
f 4294/4156/2512 4380/4237/2512 4383/4240/2512
f 4291/4155/2513 4377/4234/2513 4380/4237/2513
f 4289/4154/2514 4374/4231/2514 4377/4234/2514
f 4287/4153/2515 4371/4228/2515 4374/4231/2515
f 4285/4152/2516 4368/4225/2516 4371/4228/2516
f 4283/4151/2517 4365/4222/2517 4368/4225/2517
f 4280/4150/4315 4362/4219/4315 4365/4222/4315
f 4278/4149/2519 4359/4216/2519 4362/4219/2519
f 4276/4446/2520 4356/4212/2520 4359/4216/2520
f 4353/4209/2521 4356/4212/2521 4276/4446/2521
f 4350/4206/2522 4353/4209/2522 4274/4147/2522
f 4347/4203/2523 4350/4206/2523 4272/4146/2523
f 4344/4200/2524 4347/4203/2524 4269/4145/2524
f 4341/4197/2525 4344/4200/2525 4267/4144/2525
f 4338/4194/2526 4341/4197/2526 4265/4143/2526
f 4332/4189/2527 4338/4194/2527 4263/4142/2527
f 4185/4094/2308 4309/4166/2308 4312/4170/2308
f 4187/4096/2307 4306/4100/2307 4309/4166/2307
f 4248/4127/2317 4062/3998/2317 4059/3996/2317
f 4242/4000/2317 4065/4000/2317 4062/3998/2317
f 4216/4020/2317 4210/4110/2317 4585/4110/2317
f 4091/4021/2296 4584/4020/2296 4585/4110/2296
f 4199/4104/2317 4587/4102/2317 4586/4035/2317
f 4108/4036/2423 4586/4035/2423 4587/4102/2423
f 4196/4047/2317 4120/4047/2317 4587/4102/2317
f 4190/4048/2317 4122/4048/2317 4120/4047/2317
f 4125/4052/2307 4188/4051/2307 4184/4095/2307
f 4132/4056/2308 4184/4095/2308 4182/4066/2308
f 4173/4073/2317 4170/4087/2317 4148/4075/2317
f 4170/4087/2317 4163/4077/2317 4151/4077/2317
f 4061/3995/2282 4064/3997/2282 4591/4004/2282
f 4054/3991/2324 4061/3995/2324 4592/4447/2324
f 4674/4448/4316 4638/4538/4316 4596/4449/4316
f 4631/4451/4317 4606/4533/4317 4600/4452/4317
f 4668/4454/2530 4644/4466/2530 4598/4455/2530
f 4625/4457/4318 4612/4464/4318 4594/4458/4318
f 4662/4460/4319 4639/4544/4319 4597/4461/4319
f 4653/4463/2533 4636/4540/2533 4594/4458/2533
f 4647/4465/4320 4610/4468/4320 4598/4455/4320
f 4650/4467/4321 4611/4469/4321 4610/4468/4321
f 4650/4467/2533 4653/4463/2533 4612/4464/2533
f 4656/4470/2577 4607/4474/2577 4593/4471/2577
f 4659/4473/2536 4608/4475/2536 4607/4474/2536
f 4659/4473/2532 4662/4460/2532 4609/4462/2532
f 4598/4455/4322 4610/4468/4322 4621/4476/4322
f 4621/4476/4323 4610/4468/4323 4611/4469/4323
f 4611/4469/4324 4612/4464/4324 4625/4457/4324
f 4596/4449/4325 4604/4529/4325 4627/4478/4325
f 4627/4478/4326 4604/4529/4326 4605/4479/4326
f 4605/4479/4327 4606/4533/4327 4631/4451/4327
f 4602/4481/4328 4630/4484/4328 4632/4482/4328
f 4629/4480/4329 4631/4451/4329 4632/4482/4329
f 4628/4485/4330 4630/4484/4330 4602/4481/4330
f 4628/4485/4331 4627/4478/4331 4629/4480/4331
f 4616/4487/4332 4628/4485/4332 4603/4486/4332
f 4615/4450/4333 4627/4478/4333 4628/4485/4333
f 4608/4489/4334 4624/4492/4334 4626/4490/4334
f 4623/4477/4335 4625/4457/4335 4626/4490/4335
f 4622/4493/4336 4624/4492/4336 4608/4489/4336
f 4622/4493/4337 4621/4476/4337 4623/4477/4337
f 4620/4495/4338 4622/4493/4338 4609/4494/4338
f 4619/4456/4339 4621/4476/4339 4622/4493/4339
f 4607/4491/4340 4626/4490/4340 4613/4497/4340
f 4626/4490/4341 4625/4457/4341 4614/4459/4341
f 4665/4499/4342 4620/4495/4342 4597/4496/4342
f 4668/4454/4343 4619/4456/4343 4620/4495/4343
f 4601/4483/4344 4632/4482/4344 4618/4501/4344
f 4632/4482/4345 4631/4451/4345 4617/4453/4345
f 4671/4503/4346 4616/4487/4346 4595/4488/4346
f 4674/4448/4347 4615/4450/4347 4616/4487/4347
f 4613/4497/4347 4614/4459/4347 4672/4505/4347
f 4672/4505/4348 4673/4545/4348 4670/4507/4348
f 4670/4507/4348 4673/4545/4348 4674/4448/4348
f 4593/4498/4349 4613/4497/4349 4669/4506/4349
f 4804/4509/4350 4778/4674/4350 4635/4508/4350
f 4804/4509/4351 4669/4506/4351 4670/4507/4351
f 4618/4501/4343 4617/4453/4343 4666/4511/4343
f 4666/4511/4352 4667/4514/4352 4664/4513/4352
f 4667/4514/4352 4668/4454/4352 4665/4499/4352
f 4599/4502/4353 4618/4501/4353 4663/4512/4353
f 4859/4516/4354 4780/4784/4354 4641/4515/4354
f 4860/4517/4355 4859/4516/4355 4663/4512/4355
f 4601/4518/4356 4660/4521/4356 4657/4519/4356
f 4660/4521/2536 4661/4543/2536 4658/4522/2536
f 4658/4522/2577 4661/4543/2577 4662/4460/2577
f 4603/4523/2577 4602/4520/2577 4657/4519/2577
f 4654/4524/2577 4657/4519/2577 4658/4522/2577
f 4658/4522/2532 4659/4473/2532 4656/4470/2532
f 4595/4526/2536 4603/4523/2536 4654/4524/2536
f 4633/4527/2536 4654/4524/2536 4655/4525/2536
f 4655/4525/2577 4656/4470/2577 4635/4472/2577
f 4604/4529/2533 4651/4531/2533 4648/4530/2533
f 4651/4531/4357 4652/4539/4357 4649/4532/4357
f 4649/4532/4358 4652/4539/4358 4653/4463/4358
f 4606/4533/4359 4605/4479/4359 4648/4530/4359
f 4645/4534/4360 4648/4530/4360 4649/4532/4360
f 4649/4532/4361 4650/4467/4361 4647/4465/4361
f 4600/4452/2533 4606/4533/2533 4645/4534/2533
f 4642/4536/2533 4645/4534/2533 4646/4535/2533
f 4646/4535/4362 4647/4465/4362 4644/4466/4362
f 4596/4449/4363 4638/4538/4363 4651/4531/4363
f 4638/4538/4320 4637/4546/4320 4652/4539/4320
f 4652/4539/4362 4637/4546/4362 4636/4540/4362
f 4599/4541/2535 4641/4542/2535 4660/4521/2535
f 4641/4542/4319 4640/6380/4319 4661/4543/4319
f 4661/4543/4319 4640/6380/4319 4639/4544/4319
f 4600/4452/2530 4642/4536/2530 4666/4511/2530
f 4642/4536/2530 4643/4537/2530 4667/4514/2530
f 4667/4514/2530 4643/4537/2530 4644/4466/2530
f 4614/4459/4316 4594/4458/4316 4636/4540/4316
f 4636/4540/4364 4637/4546/4364 4673/4545/4364
f 4637/4546/2587 4638/4538/2587 4674/4448/2587
f 4687/4547/2588 4676/4569/2588 4707/4548/2588
f 4703/4550/4365 4689/4594/4365 4678/4551/4365
f 4691/4553/2634 4677/4561/2634 4710/4554/2634
f 4697/4556/4366 4686/4589/4366 4675/4557/4366
f 4719/4559/2536 4684/4558/2536 4675/4557/2536
f 4677/4561/2536 4682/4563/2536 4713/4562/2536
f 4682/4563/4367 4683/4566/4367 4716/4564/4367
f 4716/4564/4368 4683/4566/4368 4684/4558/4368
f 4693/4565/4369 4682/4563/4369 4677/4561/4369
f 4693/4565/4370 4695/4567/4370 4683/4566/4370
f 4697/4556/4371 4684/4558/4371 4683/4566/4371
f 4699/4568/4372 4679/4571/4372 4676/4569/4372
f 4699/4568/4373 4701/4572/4373 4680/4570/4373
f 4703/4550/4374 4681/4552/4374 4680/4570/4374
f 4602/4573/4375 4601/4592/4375 4704/4574/4375
f 4704/4574/4376 4703/4550/4376 4701/4572/4376
f 4602/4573/4377 4702/4575/4377 4700/4576/4377
f 4700/4576/2547 4702/4575/2547 4701/4572/2547
f 4603/4577/4378 4700/4576/4378 4688/4578/4378
f 4700/4576/4379 4699/4568/4379 4687/4547/4379
f 4608/4580/4380 4607/4587/4380 4698/4581/4380
f 4698/4581/4381 4697/4556/4381 4695/4567/4381
f 4608/4580/4382 4696/4582/4382 4694/4583/4382
f 4694/4583/2553 4696/4582/2553 4695/4567/2553
f 4609/4584/4383 4694/4583/4383 4692/4585/4383
f 4694/4583/4384 4693/4565/4384 4691/4553/4384
f 4607/4587/4385 4593/4601/4385 4685/4588/4385
f 4698/4581/4386 4685/4588/4386 4686/4589/4386
f 4597/4586/4387 4692/4585/4387 4722/4590/4387
f 4692/4585/4388 4691/4553/4388 4725/4555/4388
f 4601/4592/4389 4599/4609/4389 4690/4593/4389
f 4704/4574/4390 4690/4593/4390 4689/4594/4390
f 4595/4579/4391 4688/4578/4391 4728/4595/4391
f 4688/4578/2616 4687/4547/2616 4731/4549/2616
f 4685/4588/4392 4726/4598/4392 4729/4597/4392
f 4726/4598/2617 4727/4600/2617 4730/4599/2617
f 4728/4595/2617 4731/4549/2617 4730/4599/2617
f 4593/4601/4393 4635/4681/4393 4726/4598/4393
f 4810/4602/2620 4728/4595/2620 4727/4600/2620
f 4809/4603/2620 4727/4600/2620 4726/4598/2620
f 4690/4593/4394 4720/4606/4394 4723/4605/4394
f 4720/4606/2623 4721/4608/2623 4724/4607/2623
f 4721/4608/2623 4722/4590/2623 4725/4555/2623
f 4599/4609/4395 4641/4767/4395 4720/4606/4395
f 4865/4610/2627 4722/4590/2627 4721/4608/2627
f 4867/4612/2626 4866/4611/2626 4721/4608/2626
f 4714/4613/2536 4717/4615/2536 4679/4571/2536
f 4715/4614/2630 4718/4616/2630 4717/4615/2630
f 4715/4614/4396 4716/4564/4396 4719/4559/4396
f 4681/4552/2536 4711/4617/2536 4714/4613/2536
f 4711/4617/2633 4712/4618/2633 4715/4614/2633
f 4713/4562/4397 4716/4564/4397 4715/4614/4397
f 4678/4551/2536 4708/4619/2536 4711/4617/2536
f 4708/4619/2536 4709/4620/2536 4712/4618/2536
f 4710/4554/2536 4713/4562/2536 4712/4618/2536
f 4717/4615/2536 4707/4548/2536 4676/4569/2536
f 4718/4616/2536 4706/4621/2536 4707/4548/2536
f 4718/4616/2536 4719/4559/2536 4705/4560/2536
f 4723/4605/4398 4708/4619/4398 4678/4551/4398
f 4724/4607/2590 4709/4620/2590 4708/4619/2590
f 4724/4607/4398 4725/4555/4398 4710/4554/4398
f 4729/4597/2588 4705/4560/2588 4675/4557/2588
f 4729/4597/2588 4730/4599/2588 4706/4621/2588
f 4731/4549/2588 4707/4548/2588 4706/4621/2588
f 4777/4622/2635 4735/4652/2635 4754/4623/2635
f 4770/4625/4399 4745/4703/4399 4739/4626/4399
f 4807/4628/2637 4783/4640/2637 4737/4629/2637
f 4764/4631/4400 4751/4638/4400 4733/4632/4400
f 4801/4634/2687 4778/4713/2687 4736/4635/2687
f 4792/4637/4401 4775/4709/4401 4733/4632/4401
f 4786/4639/2641 4749/4642/2641 4737/4629/2641
f 4789/4641/4402 4750/4643/4402 4749/4642/4402
f 4789/4641/2640 4792/4637/2640 4751/4638/2640
f 4795/4644/4403 4746/4648/4403 4732/4645/4403
f 4798/4647/2639 4747/4649/2639 4746/4648/2639
f 4798/4647/4404 4801/4634/4404 4748/4636/4404
f 4737/4629/4405 4749/4642/4405 4760/4650/4405
f 4760/4650/4406 4749/4642/4406 4750/4643/4406
f 4750/4643/4407 4751/4638/4407 4764/4631/4407
f 4735/4652/4408 4743/4699/4408 4766/4653/4408
f 4766/4653/4409 4743/4699/4409 4744/4654/4409
f 4744/4654/4410 4745/4703/4410 4770/4625/4410
f 4741/4656/4411 4769/4659/4411 4771/4657/4411
f 4768/4655/4412 4770/4625/4412 4771/4657/4412
f 4767/4660/4413 4769/4659/4413 4741/4656/4413
f 4767/4660/4414 4766/4653/4414 4768/4655/4414
f 4755/4662/4415 4767/4660/4415 4742/4661/4415
f 4754/4623/4416 4766/4653/4416 4767/4660/4416
f 4747/4664/4417 4763/4667/4417 4765/4665/4417
f 4762/4651/4418 4764/4631/4418 4765/4665/4418
f 4761/4668/4419 4763/4667/4419 4747/4664/4419
f 4761/4668/4420 4760/4650/4420 4762/4651/4420
f 4759/4670/4421 4761/4668/4421 4748/4669/4421
f 4758/4630/4422 4760/4650/4422 4761/4668/4422
f 4746/4666/4423 4765/4665/4423 4752/4672/4423
f 4765/4665/4424 4764/4631/4424 4753/4633/4424
f 4804/4509/4425 4759/4670/4425 4736/4671/4425
f 4807/4628/4426 4758/4630/4426 4759/4670/4426
f 4740/4658/4427 4771/4657/4427 4757/4675/4427
f 4771/4657/4428 4770/4625/4428 4756/4627/4428
f 4810/4602/4429 4755/4662/4429 4734/4663/4429
f 4813/4624/4430 4754/4623/4430 4755/4662/4430
f 4752/4672/4431 4753/4633/4431 4811/4678/4431
f 4808/4604/2674 4811/4678/2674 4812/4679/2674
f 4809/4603/2674 4812/4679/2674 4813/4624/2674
f 4732/4673/4432 4752/4672/4432 4808/4604/4432
f 4808/4604/4354 4726/4598/4354 4635/4681/4354
f 4774/4680/4433 4635/4681/4433 4634/4682/4433
f 4757/4675/4426 4756/4627/4426 4805/4684/4426
f 4805/4684/2679 4806/4686/2679 4803/4510/2679
f 4806/4686/2678 4807/4628/2678 4804/4509/2678
f 4738/4676/4434 4757/4675/4434 4802/4685/4434
f 4803/4510/4435 4670/4507/4435 4671/4503/4435
f 4802/4685/4436 4671/4503/4436 4633/4504/4436
f 4740/4688/4437 4799/4691/4437 4796/4689/4437
f 4799/4691/2644 4800/4712/2644 4797/4692/2644
f 4797/4692/2644 4800/4712/2644 4801/4634/2644
f 4742/4693/2682 4741/4690/2682 4796/4689/2682
f 4793/4694/2639 4796/4689/2639 4797/4692/2639
f 4797/4692/2685 4798/4647/2685 4795/4644/2685
f 4734/4696/4438 4742/4693/4438 4793/4694/4438
f 4772/4697/2639 4793/4694/2639 4794/4695/2639
f 4794/4695/4439 4795/4644/4439 4774/4646/4439
f 4743/4699/2640 4790/4701/2640 4787/4700/2640
f 4790/4701/4440 4791/4708/4440 4788/4702/4440
f 4788/4702/4441 4791/4708/4441 4792/4637/4441
f 4745/4703/4442 4744/4654/4442 4787/4700/4442
f 4784/4704/4443 4787/4700/4443 4788/4702/4443
f 4788/4702/4444 4789/4641/4444 4786/4639/4444
f 4739/4626/2640 4745/4703/2640 4784/4704/2640
f 4781/4706/2640 4784/4704/2640 4785/4705/2640
f 4785/4705/2640 4786/4639/2640 4783/4640/2640
f 4735/4652/2640 4777/4622/2640 4790/4701/2640
f 4777/4622/2641 4776/4714/2641 4791/4708/2641
f 4791/4708/2641 4776/4714/2641 4775/4709/2641
f 4738/4710/2639 4780/4711/2639 4799/4691/2639
f 4780/4711/2639 4779/6381/2639 4800/4712/2639
f 4800/4712/2682 4779/6381/2682 4778/4713/2682
f 4739/4626/2637 4781/4706/2637 4805/4684/2637
f 4805/4684/2637 4781/4706/2637 4782/4707/2637
f 4806/4686/2637 4782/4707/2637 4783/4640/2637
f 4753/4633/2695 4733/4632/2695 4775/4709/2695
f 4811/4678/2635 4775/4709/2635 4776/4714/2635
f 4776/4714/2635 4777/4622/2635 4813/4624/2635
f 4870/4715/2697 4826/4737/2697 4815/4716/2697
f 4842/4718/4445 4828/4762/4445 4817/4719/4445
f 4864/4721/2699 4830/4733/2699 4816/4722/2699
f 4836/4724/4446 4825/4757/4446 4814/4725/4446
f 4858/4727/2701 4823/4726/2701 4814/4725/2701
f 4816/4722/2701 4821/4730/2701 4852/4729/2701
f 4821/4730/4447 4822/4734/4447 4855/4731/4447
f 4855/4731/4448 4822/4734/4448 4823/4726/4448
f 4832/4732/4449 4821/4730/4449 4816/4722/4449
f 4832/4732/4450 4834/4735/4450 4822/4734/4450
f 4836/4724/4451 4823/4726/4451 4822/4734/4451
f 4838/4736/4452 4818/4739/4452 4815/4716/4452
f 4838/4736/4453 4840/4740/4453 4819/4738/4453
f 4842/4718/4454 4820/4720/4454 4819/4738/4454
f 4741/4741/4455 4740/4760/4455 4843/4742/4455
f 4843/4742/4456 4842/4718/4456 4840/4740/4456
f 4741/4741/4457 4841/4743/4457 4839/4744/4457
f 4839/4744/2655 4841/4743/2655 4840/4740/2655
f 4742/4745/4458 4839/4744/4458 4827/4746/4458
f 4839/4744/4459 4838/4736/4459 4826/4737/4459
f 4747/4748/4460 4746/4755/4460 4837/4749/4460
f 4837/4749/4461 4836/4724/4461 4834/4735/4461
f 4747/4748/4462 4835/4750/4462 4833/4751/4462
f 4833/4751/2661 4835/4750/2661 4834/4735/2661
f 4748/4752/4463 4833/4751/4463 4831/4753/4463
f 4833/4751/4464 4832/4732/4464 4830/4733/4464
f 4746/4755/4465 4732/4766/4465 4824/4756/4465
f 4837/4749/4466 4824/4756/4466 4825/4757/4466
f 4736/4754/4467 4831/4753/4467 4861/4758/4467
f 4831/4753/4468 4830/4733/4468 4864/4721/4468
f 4740/4760/4469 4738/4772/4469 4829/4761/4469
f 4843/4742/4470 4829/4761/4470 4828/4762/4470
f 4734/4747/4471 4827/4746/4471 4867/4612/4471
f 4827/4746/2726 4826/4737/2726 4870/4715/2726
f 4824/4756/4472 4865/4610/4472 4868/4764/4472
f 4865/4610/2727 4866/4611/2727 4869/4765/2727
f 4866/4611/2727 4867/4612/2727 4870/4715/2727
f 4732/4766/4473 4774/4787/4473 4865/4610/4473
f 4867/4612/4350 4720/4606/4350 4641/4767/4350
f 4772/4763/4474 4641/4767/4474 4640/4768/4474
f 4829/4761/4475 4859/4516/4475 4862/4770/4475
f 4859/4516/4476 4860/4517/4476 4863/4771/4476
f 4861/4758/2731 4864/4721/2731 4863/4771/2731
f 4738/4772/4477 4780/4784/4477 4859/4516/4477
f 4860/4517/2575 4664/4513/2575 4665/4499/2575
f 4861/4758/4478 4665/4499/4478 4639/4500/4478
f 4853/4773/2701 4856/4775/2701 4818/4739/2701
f 4854/4774/2738 4857/4776/2738 4856/4775/2738
f 4854/4774/4479 4855/4731/4479 4858/4727/4479
f 4820/4720/2701 4850/4777/2701 4853/4773/2701
f 4850/4777/4480 4851/4778/4480 4854/4774/4480
f 4852/4729/4481 4855/4731/4481 4854/4774/4481
f 4817/4719/2701 4847/4779/2701 4850/4777/2701
f 4847/4779/2701 4848/4780/2701 4851/4778/2701
f 4849/4723/2683 4852/4729/2683 4851/4778/2683
f 4856/4775/2701 4846/4717/2701 4815/4716/2701
f 4857/4776/2643 4845/4781/2643 4846/4717/2643
f 4857/4776/2701 4858/4727/2701 4844/4728/2701
f 4862/4770/2699 4847/4779/2699 4817/4719/2699
f 4862/4770/2699 4863/4771/2699 4848/4780/2699
f 4864/4721/2699 4849/4723/2699 4848/4780/2699
f 4868/4764/2697 4844/4728/2697 4814/4725/2697
f 4869/4765/2697 4845/4781/2697 4844/4728/2697
f 4869/4765/2697 4870/4715/2697 4846/4717/2697
f 4778/4674/2569 4779/4783/2569 4634/4782/2569
f 4780/4687/4482 4633/4504/4482 4634/4782/4482
f 4780/4784/2747 4779/4786/2747 4640/4785/2747
f 4778/4759/4483 4639/4500/4483 4640/4785/4483
f 4810/4602/4484 4772/4677/4484 4633/4596/4484
f 4773/4683/4485 4634/4682/4485 4633/4596/4485
f 4865/4610/4436 4774/4787/4436 4639/4591/4436
f 4773/4769/4486 4640/4768/4486 4639/4591/4486
f 4871/4788/2748 4872/6382/2748 4877/4789/2748
f 4872/4801/2749 4871/4794/2749 4873/4796/2749
f 4873/4796/2749 4892/6383/2749 4872/4801/2749
f 4892/6383/2749 4889/4793/2749 4880/4792/2749
f 4872/4801/2749 4892/6383/2749 4880/4792/2749
f 4889/4793/2749 4886/4811/2749 4883/4791/2749
f 4871/4794/2750 4874/4799/2750 4876/4795/2750
f 4874/4790/2751 4877/4789/2751 4878/4797/2751
f 4874/4799/2752 4875/6384/2752 4895/4800/2752
f 4872/4801/2753 4880/4792/2753 4879/4802/2753
f 4877/4803/2754 4879/4802/2754 4881/4804/2754
f 4883/4806/2755 4882/4809/2755 4879/4807/2755
f 4882/4809/2756 4884/6385/2756 4881/4810/2756
f 4886/4811/2757 4885/4813/2757 4882/4812/2757
f 4885/4813/2758 4887/6386/2758 4884/4814/2758
f 4886/4815/2759 4889/6387/2759 4888/4816/2759
f 4885/4817/2760 4888/4816/2760 4890/4818/2760
f 4889/4793/2761 4892/6383/2761 4891/4820/2761
f 4888/4821/2762 4891/4820/2762 4893/4822/2762
f 4873/4824/2763 4876/4827/2763 4891/4825/2763
f 4876/4827/2764 4895/6388/2764 4893/4828/2764
f 4893/4822/2765 4894/4860/2765 4908/4829/2765
f 4893/4828/2766 4895/6388/2766 4896/4830/2766
f 4895/4800/2767 4875/6384/2767 4898/4832/2767
f 4894/4831/2768 4896/4830/2768 4897/4834/2768
f 4896/4833/2769 4898/4832/2769 4899/4836/2769
f 4878/4838/2770 4900/4841/2770 4898/4839/2770
f 4900/4841/2771 4901/4876/2771 4899/4842/2771
f 4902/4843/2772 4903/4883/2772 4901/4844/2772
f 4881/4804/2773 4902/4843/2773 4900/4845/2773
f 4902/4846/2774 4904/4850/2774 4905/4847/2774
f 4881/4849/2775 4884/6389/2775 4904/4850/2775
f 4904/4851/2776 4906/4854/2776 4907/4852/2776
f 4884/4814/2777 4887/6386/2777 4906/4854/2777
f 4908/4855/2778 4909/4862/2778 4907/4856/2778
f 4890/4858/2779 4908/4855/2779 4906/4857/2779
f 4894/4860/2780 4911/4864/2780 4909/4861/2780
f 4909/4862/2781 4910/4892/2781 4924/4863/2781
f 4911/4864/4487 4912/4868/4487 4910/4865/4487
f 4911/4835/4488 4897/4834/4488 4914/4866/4488
f 4912/4868/2784 4913/4898/2784 4927/4869/2784
f 4912/4867/2785 4914/4866/2785 4915/4870/2785
f 4914/4872/2786 4916/4875/2786 4917/4873/2786
f 4897/4837/2787 4899/4836/2787 4916/4875/2787
f 4901/4876/2788 4918/4878/2788 4916/4877/2788
f 4918/4878/2789 4919/4906/2789 4917/4879/2789
f 4920/4880/2790 4921/4908/2790 4919/4881/2790
f 4903/4883/4489 4920/4880/4489 4918/4882/4489
f 4920/4884/2792 4922/4887/2792 4923/4885/2792
f 4903/4848/4490 4905/4847/4490 4922/4887/4490
f 4922/4888/2794 4924/4891/2794 4925/4889/2794
f 4905/4853/2795 4907/4852/2795 4924/4891/2795
f 4910/4892/2796 4927/4894/2796 4925/4893/2796
f 4927/4894/2797 4928/6390/2797 4926/4895/2797
f 4923/4890/2798 4925/4889/2798 4926/4896/2798
f 4913/4898/4491 4929/4900/4491 4928/4899/4491
f 4931/4905/4492 4932/4902/4492 4930/4901/4492
f 4932/4902/4493 4933/6391/4493 4929/4900/4493
f 4933/6391/4494 4934/4897/4494 4929/4900/4494
f 4934/4897/4495 4926/4896/4495 4928/4899/4495
f 4929/4900/2800 4934/4897/2800 4928/4899/2800
f 4913/4871/2801 4915/4870/2801 4930/4903/2801
f 4915/4874/2802 4917/4873/2802 4931/4905/2802
f 4919/4906/2803 4932/6392/2803 4931/4907/2803
f 4921/4908/2804 4933/6391/2804 4932/4902/2804
f 4921/4886/2805 4923/4885/2805 4934/4909/2805
f 4980/4911/2806 4938/4941/2806 4957/4912/2806
f 4948/4914/4496 4942/5003/4496 4959/4915/4496
f 4986/4917/4497 4940/4929/4497 4961/4918/4497
f 4954/4920/4498 4936/4927/4498 4956/4921/4498
f 4981/4923/4499 4939/6393/4499 4951/4924/4499
f 4995/4926/4500 4978/5008/4500 4936/4927/4500
f 4986/4917/2811 4989/4930/2811 4952/4928/2811
f 4989/4930/4501 4992/4932/4501 4953/4931/4501
f 4992/4932/2811 4995/4926/2811 4954/4920/2811
f 4998/4933/2856 4949/4937/2856 4935/4934/2856
f 5001/4936/2858 4950/4938/2858 4949/4937/2858
f 5004/4925/4502 4951/4924/4502 4950/4938/4502
f 4940/4929/4503 4952/4928/4503 4963/4939/4503
f 4963/4939/4504 4952/4928/4504 4953/4931/4504
f 4953/4931/4505 4954/4920/4505 4967/4922/4505
f 4938/4941/4506 4946/5006/4506 4969/4942/4506
f 4969/4942/4507 4946/5006/4507 4947/4943/4507
f 4947/4943/4508 4948/4914/4508 4973/4916/4508
f 4944/4945/4509 4972/4948/4509 4974/4946/4509
f 4972/4948/4510 4971/4944/4510 4973/4916/4510
f 4945/4949/4511 4970/4950/4511 4972/4948/4511
f 4970/4950/4512 4969/4942/4512 4971/4944/4512
f 4958/4951/4513 4970/4950/4513 4945/4949/4513
f 4957/4912/4514 4969/4942/4514 4970/4950/4514
f 4950/4953/4515 4966/4956/4515 4968/4954/4515
f 4965/4940/4516 4967/4922/4516 4968/4954/4516
f 4951/4957/4517 4964/4958/4517 4966/4956/4517
f 4964/4958/4518 4963/4939/4518 4965/4940/4518
f 4962/4959/4519 4964/4958/4519 4951/4957/4519
f 4961/4918/4520 4963/4939/4520 4964/4958/4520
f 4968/4954/4521 4955/4962/4521 4935/4961/4521
f 4967/4922/4522 4956/4921/4522 4955/4962/4522
f 5007/4963/4523 4962/4959/4523 4939/4960/4523
f 5010/4919/4524 4961/4918/4524 4962/4959/4524
f 4943/4947/4525 4974/4946/4525 4960/4965/4525
f 4974/4946/4526 4973/4916/4526 4959/4915/4526
f 5013/4967/4527 4958/4951/4527 4937/4952/4527
f 5016/4913/4528 4957/4912/4528 4958/4951/4528
f 4955/4962/4529 4956/4921/4529 5014/4969/4529
f 5014/4969/2846 5015/4972/2846 5012/4971/2846
f 5015/4972/2845 5016/4913/2845 5013/4967/2845
f 4935/4961/4530 4955/4962/4530 5011/4970/4530
f 5120/4974/4531 4977/4973/4531 5011/4970/4531
f 5146/4975/4532 5011/4970/4532 5012/4971/4532
f 4960/4965/4533 4959/4915/4533 5008/4977/4533
f 5008/4977/4534 5009/4980/4534 5006/4979/4534
f 5009/4980/4535 5010/4919/4535 5007/4963/4535
f 4941/4966/4536 4960/4965/4536 5005/4978/4536
f 5122/4982/4537 4983/4981/4537 5005/4978/4537
f 5201/4983/3032 5005/4978/3032 5006/4979/3032
f 4943/4985/4538 5002/4988/4538 4999/4986/4538
f 5002/4988/4538 5003/4990/4538 5000/4989/4538
f 5003/4990/2858 5004/4925/2858 5001/4936/2858
f 4944/4987/2810 4999/4986/2810 4996/4991/2810
f 4999/4986/2858 5000/4989/2858 4997/4993/2858
f 5000/4989/2810 5001/4936/2810 4998/4933/2810
f 4945/4992/4539 4996/4991/4539 4975/4994/4539
f 4996/4991/2859 4997/4993/2859 4976/4996/2859
f 4997/4993/2870 4998/4933/2870 4977/4935/2870
f 4947/4943/4540 4946/5006/4540 4993/4997/4540
f 4990/4998/2811 4993/4997/2811 4994/4999/2811
f 4991/5000/4541 4994/4999/4541 4995/4926/4541
f 4948/4914/4542 4947/4943/4542 4990/4998/4542
f 4987/5001/4543 4990/4998/4543 4991/5000/4543
f 4988/5002/4544 4991/5000/4544 4992/4932/4544
f 4942/5003/2811 4948/4914/2811 4987/5001/2811
f 4984/5004/4545 4987/5001/4545 4988/5002/4545
f 4985/5005/2811 4988/5002/2811 4989/4930/2811
f 4946/5006/2811 4938/4941/2811 4980/4911/2811
f 4993/4997/2867 4980/4911/2867 4979/5007/2867
f 4994/4999/2812 4979/5007/2812 4978/5008/2812
f 4941/5009/4546 4983/5010/4546 5002/4988/4546
f 4983/5010/4547 4982/5011/4547 5003/4990/4547
f 4982/5011/4548 4981/4923/4548 5004/4925/4548
f 4942/5003/2808 4984/5004/2808 5008/4977/2808
f 4984/5004/2871 4985/5005/2871 5009/4980/2871
f 4985/5005/2808 4986/4917/2808 5010/4919/2808
f 4936/4927/4549 4978/5008/4549 5014/4969/4549
f 4978/5008/2806 4979/5007/2806 5015/4972/2806
f 4979/5007/2873 4980/4911/2873 5016/4913/2873
f 5029/5012/4550 5018/5035/4550 5049/5013/4550
f 5031/5015/4551 5020/5081/4551 5023/5016/4551
f 5033/5018/4552 5019/5032/4552 5052/5019/4552
f 5028/5021/4553 5017/5025/4553 5026/5022/4553
f 5061/5024/2878 5026/5022/2878 5017/5025/2878
f 5052/5019/4554 5019/5032/4554 5024/5027/4554
f 5055/5028/4555 5024/5027/4555 5025/5029/4555
f 5058/5030/4556 5025/5029/4556 5026/5022/4556
f 5035/5031/4557 5024/5027/4557 5019/5032/4557
f 5035/5031/4558 5037/5033/4558 5025/5029/4558
f 5039/5023/4559 5026/5022/4559 5025/5029/4559
f 5041/5034/4560 5021/5037/4560 5018/5035/4560
f 5041/5034/4561 5043/5038/4561 5022/5036/4561
f 5045/5017/4562 5023/5016/4562 5022/5036/4562
f 4944/5039/4563 4943/5058/4563 5046/5040/4563
f 5046/5040/4564 5045/5017/4564 5043/5038/4564
f 4945/5042/4565 4944/5039/4565 5044/5041/4565
f 5042/5043/2827 5044/5041/2827 5043/5038/2827
f 4945/5042/4566 5042/5043/4566 5030/5044/4566
f 5042/5043/4567 5041/5034/4567 5029/5012/4567
f 4950/5046/4568 4949/5053/4568 5040/5047/4568
f 5038/5048/4569 5040/5047/4569 5039/5023/4569
f 4951/5049/4570 4950/5046/4570 5038/5048/4570
f 5036/5050/2833 5038/5048/2833 5037/5033/2833
f 4951/5049/4571 5036/5050/4571 5034/5051/4571
f 5036/5050/4572 5035/5031/4572 5033/5018/4572
f 4949/5053/4573 4935/5066/4573 5027/5054/4573
f 5040/5047/4574 5027/5054/4574 5028/5021/4574
f 4939/5052/4575 5034/5051/4575 5064/5055/4575
f 5034/5051/4576 5033/5018/4576 5067/5020/4576
f 4941/5057/4577 5032/5059/4577 5046/5040/4577
f 5032/5059/4578 5031/5015/4578 5045/5017/4578
f 4937/5045/4579 5030/5044/4579 5070/5060/4579
f 5030/5044/4580 5029/5012/4580 5073/5014/4580
f 5027/5054/4581 5068/5064/4581 5071/5062/4581
f 5069/5063/4582 5072/5065/4582 5071/5062/4582
f 5070/5060/2908 5073/5014/2908 5072/5065/2908
f 4935/5066/4583 4977/5145/4583 5068/5064/4583
f 5151/5067/4584 5152/5140/4584 5070/5060/4584
f 5150/5068/4585 5151/5067/4585 5069/5063/4585
f 5032/5059/4586 5062/5071/4586 5065/5069/4586
f 5063/5070/2914 5066/5072/2914 5065/5069/2914
f 5064/5055/4587 5067/5020/4587 5066/5072/4587
f 4941/5057/4588 4983/5230/4588 5062/5071/4588
f 5208/5073/4589 5207/5227/4589 5064/5055/4589
f 5209/5074/4590 5208/5073/4590 5063/5070/4590
f 5022/5036/4591 5056/5076/4591 5059/5075/4591
f 5056/5076/4592 5057/5078/4592 5060/5077/4592
f 5057/5078/4593 5058/5030/4593 5061/5024/4593
f 5023/5016/2878 5053/5079/2878 5056/5076/2878
f 5053/5079/4594 5054/5080/4594 5057/5078/4594
f 5054/5080/2878 5055/5028/2878 5058/5030/2878
f 5020/5081/2878 5050/5082/2878 5053/5079/2878
f 5050/5082/2870 5051/5083/2870 5054/5080/2870
f 5051/5083/2878 5052/5019/2878 5055/5028/2878
f 5021/5037/2878 5059/5075/2878 5049/5013/2878
f 5059/5075/2878 5060/5077/2878 5048/5084/2878
f 5060/5077/2878 5061/5024/2878 5047/5026/2878
f 5065/5069/4552 5050/5082/4552 5020/5081/4552
f 5066/5072/4552 5051/5083/4552 5050/5082/4552
f 5067/5020/4552 5052/5019/4552 5051/5083/4552
f 5071/5062/4550 5047/5026/4550 5017/5025/4550
f 5072/5065/2874 5048/5084/2874 5047/5026/2874
f 5073/5014/2874 5049/5013/2874 5048/5084/2874
f 5119/5085/2990 5077/5115/2990 5096/5086/2990
f 5112/5088/4595 5087/5119/4595 5081/5089/4595
f 5149/5091/4596 5125/5103/4596 5079/5092/4596
f 5093/5094/4597 5075/5101/4597 5095/5095/4597
f 5143/5097/4598 5120/5176/4598 5078/5098/4598
f 5134/5100/2932 5117/5172/2932 5075/5101/2932
f 5128/5102/2931 5091/5105/2931 5079/5092/2931
f 5131/5104/4599 5092/5106/4599 5091/5105/4599
f 5131/5104/2931 5134/5100/2931 5093/5094/2931
f 5137/5107/2930 5088/5111/2930 5074/5108/2930
f 5137/5107/4600 5140/5112/4600 5089/5110/4600
f 5140/5112/4601 5143/5097/4601 5090/5099/4601
f 5100/5093/4602 5079/5092/4602 5091/5105/4602
f 5102/5113/4603 5091/5105/4603 5092/5106/4603
f 5092/5106/4604 5093/5094/4604 5106/5096/4604
f 5077/5115/4605 5085/5117/4605 5108/5116/4605
f 5085/5117/4606 5086/5164/4606 5110/5118/4606
f 5110/5118/4607 5086/5164/4607 5087/5119/4607
f 5083/5120/4608 5111/5123/4608 5113/5121/4608
f 5111/5123/4609 5110/5118/4609 5112/5088/4609
f 5109/5124/4610 5111/5123/4610 5083/5120/4610
f 5108/5116/4611 5110/5118/4611 5111/5123/4611
f 5097/5126/4612 5109/5124/4612 5084/5125/4612
f 5096/5086/4613 5108/5116/4613 5109/5124/4613
f 5105/5128/4614 5107/5131/4614 5088/5129/4614
f 5104/5114/4615 5106/5096/4615 5107/5131/4615
f 5090/5132/4616 5103/5133/4616 5105/5128/4616
f 5103/5133/4617 5102/5113/4617 5104/5114/4617
f 5078/5134/4618 5101/5135/4618 5103/5133/4618
f 5101/5135/4619 5100/5093/4619 5102/5113/4619
f 5107/5131/4620 5094/5137/4620 5074/5136/4620
f 5107/5131/4621 5106/5096/4621 5095/5095/4621
f 5146/4975/4622 5101/5135/4622 5078/5134/4622
f 5149/5091/4623 5100/5093/4623 5101/5135/4623
f 5082/5122/4624 5113/5121/4624 5099/5138/4624
f 5113/5121/4625 5112/5088/4625 5098/5090/4625
f 5152/5140/4626 5097/5126/4626 5076/5127/4626
f 5155/5087/4627 5096/5086/4627 5097/5126/4627
f 5094/5137/4628 5095/5095/4628 5153/5142/4628
f 5153/5142/4629 5154/5143/4629 5151/5067/4629
f 5154/5143/2963 5155/5087/2963 5152/5140/2963
f 5074/5136/4630 5094/5137/4630 5150/5068/4630
f 5116/5144/4537 5150/5068/4537 5068/5064/4537
f 5115/5146/4631 5116/5144/4631 4977/5145/4631
f 5099/5138/4632 5098/5090/4632 5147/5148/4632
f 5144/5149/2968 5147/5148/2968 5148/5150/2968
f 5145/4976/2968 5148/5150/2968 5149/5091/2968
f 5080/5139/4633 5099/5138/4633 5144/5149/4633
f 5145/4976/4634 5012/4971/4634 5013/4967/4634
f 5122/5151/4635 5144/5149/4635 5013/4967/4635
f 5083/5152/2930 5082/5174/2930 5141/5153/2930
f 5138/5154/2976 5141/5153/2976 5142/5155/2976
f 5139/5156/4636 5142/5155/4636 5143/5097/4636
f 5084/5157/2930 5083/5152/2930 5138/5154/2930
f 5135/5158/2930 5138/5154/2930 5139/5156/2930
f 5136/5159/4637 5139/5156/4637 5140/5112/4637
f 5076/5160/4638 5084/5157/4638 5135/5158/4638
f 5114/5161/4638 5135/5158/4638 5136/5159/4638
f 5136/5159/4639 5137/5107/4639 5116/5109/4639
f 5085/5117/2931 5132/5165/2931 5129/5163/2931
f 5132/5165/4640 5133/5167/4640 5130/5166/4640
f 5133/5167/2931 5134/5100/2931 5131/5104/2931
f 5086/5164/4641 5129/5163/4641 5126/5168/4641
f 5126/5168/4642 5129/5163/4642 5130/5166/4642
f 5127/5169/4643 5130/5166/4643 5131/5104/4643
f 5081/5089/2931 5087/5119/2931 5126/5168/2931
f 5123/5170/2931 5126/5168/2931 5127/5169/2931
f 5127/5169/2931 5128/5102/2931 5125/5103/2931
f 5077/5115/4644 5119/5085/4644 5132/5165/4644
f 5119/5085/2932 5118/5177/2932 5133/5167/2932
f 5133/5167/2986 5118/5177/2986 5117/5172/2986
f 5080/5173/4645 5122/5175/4645 5141/5153/4645
f 5122/5175/4646 5121/6394/4646 5142/5155/4646
f 5142/5155/4647 5121/6394/4647 5120/5176/4647
f 5098/5090/4596 5081/5089/4596 5123/5170/4596
f 5147/5148/4648 5123/5170/4648 5124/5171/4648
f 5148/5150/4596 5124/5171/4596 5125/5103/4596
f 5075/5101/2989 5117/5172/2989 5153/5142/2989
f 5117/5172/2926 5118/5177/2926 5154/5143/2926
f 5118/5177/2989 5119/5085/2989 5155/5087/2989
f 5212/5178/4649 5168/5199/4649 5157/5179/4649
f 5170/5181/4650 5159/5242/4650 5162/5182/4650
f 5172/5184/4651 5158/5192/4651 5191/5185/4651
f 5178/5187/4652 5167/5221/4652 5156/5188/4652
f 5200/5190/2996 5165/5189/2996 5156/5188/2996
f 5158/5192/2996 5163/5194/2996 5194/5193/2996
f 5163/5194/4653 5164/5196/4653 5197/5195/4653
f 5164/5196/4654 5165/5189/4654 5200/5190/4654
f 5174/5197/4655 5163/5194/4655 5158/5192/4655
f 5176/5198/4656 5164/5196/4656 5163/5194/4656
f 5176/5198/4657 5178/5187/4657 5165/5189/4657
f 5168/5199/4658 5180/5201/4658 5160/5200/4658
f 5180/5201/4659 5182/5203/4659 5161/5202/4659
f 5184/5183/4660 5162/5182/4660 5161/5202/4660
f 5082/5204/4661 5185/5207/4661 5183/5205/4661
f 5185/5207/4662 5184/5183/4662 5182/5203/4662
f 5084/5208/4663 5083/5206/4663 5183/5205/4663
f 5181/5209/4664 5183/5205/4664 5182/5203/4664
f 5076/5210/4665 5084/5208/4665 5181/5209/4665
f 5169/5211/4666 5181/5209/4666 5180/5201/4666
f 5089/5212/4667 5088/5219/4667 5179/5213/4667
f 5177/5214/4668 5179/5213/4668 5178/5187/4668
f 5089/5212/4669 5177/5214/4669 5175/5215/4669
f 5177/5214/4670 5176/5198/4670 5174/5197/4670
f 5090/5216/4671 5175/5215/4671 5173/5217/4671
f 5175/5215/4672 5174/5197/4672 5172/5184/4672
f 5088/5219/4673 5074/5229/4673 5166/5220/4673
f 5179/5213/4674 5166/5220/4674 5167/5221/4674
f 5078/5218/4675 5173/5217/4675 5203/5222/4675
f 5173/5217/3028 5172/5184/3028 5206/5186/3028
f 5080/5224/4676 5171/5233/4676 5185/5207/4676
f 5185/5207/4677 5171/5233/4677 5170/5181/4677
f 5076/5210/4678 5169/5211/4678 5209/5074/4678
f 5169/5211/3024 5168/5199/3024 5212/5178/3024
f 5166/5220/4679 5207/5227/4679 5210/5226/4679
f 5207/5227/3025 5208/5073/3025 5211/5228/3025
f 5208/5073/4680 5209/5074/4680 5212/5178/4680
f 5074/5229/4681 5116/5250/4681 5207/5227/4681
f 5114/5225/4531 5209/5074/4531 5062/5071/4531
f 5115/5231/4682 5114/5225/4682 4983/5230/4682
f 5171/5233/4683 5201/4983/4683 5204/5234/4683
f 5202/4984/3029 5205/5235/3029 5204/5234/3029
f 5203/5222/3030 5206/5186/3030 5205/5235/3030
f 5080/5224/4684 5122/4982/4684 5201/4983/4684
f 5202/4984/4685 5006/4979/4685 5007/4963/4685
f 5120/5223/4686 5203/5222/4686 5007/4963/4686
f 5195/5236/2996 5198/5238/2996 5160/5200/2996
f 5195/5236/4687 5196/5239/4687 5199/5237/4687
f 5196/5239/4688 5197/5195/4688 5200/5190/4688
f 5162/5182/2996 5192/5241/2996 5195/5236/2996
f 5193/5240/4689 5196/5239/4689 5195/5236/4689
f 5194/5193/4690 5197/5195/4690 5196/5239/4690
f 5159/5242/2996 5189/5243/2996 5192/5241/2996
f 5189/5243/2996 5190/5244/2996 5193/5240/2996
f 5191/5185/2996 5194/5193/2996 5193/5240/2996
f 5198/5238/2996 5188/5180/2996 5157/5179/2996
f 5199/5237/2996 5187/5245/2996 5188/5180/2996
f 5199/5237/2996 5200/5190/2996 5186/5191/2996
f 5204/5234/2994 5189/5243/2994 5159/5242/2994
f 5205/5235/3038 5190/5244/3038 5189/5243/3038
f 5206/5186/3038 5191/5185/3038 5190/5244/3038
f 5167/5221/4649 5210/5226/4649 5186/5191/4649
f 5210/5226/4649 5211/5228/4649 5187/5245/4649
f 5211/5228/4649 5212/5178/4649 5188/5180/4649
f 5121/5246/4691 4976/5247/4691 4977/4973/4691
f 5122/5151/4692 4975/4968/4692 4976/5247/4692
f 5121/5248/4693 4982/5249/4693 4983/4981/4693
f 5120/5223/4694 4981/4964/4694 4982/5249/4694
f 5114/5141/4695 4975/5061/4695 5070/5060/4695
f 5114/5141/4696 5115/5146/4696 4976/5147/4696
f 5116/5250/4635 4981/5056/4635 5064/5055/4635
f 5116/5250/4697 5115/5231/4697 4982/5232/4697
f 5213/5251/3046 5214/5255/3046 5219/5252/3046
f 5214/5255/3047 5213/5251/3047 5215/5256/3047
f 5215/5256/3047 5234/5289/3047 5222/5254/3047
f 5234/5289/3047 5231/6395/3047 5225/6396/3047
f 5222/5254/3047 5234/5289/3047 5225/6396/3047
f 5231/6395/3047 5228/5278/3047 5225/6396/3047
f 5213/5257/3048 5216/5262/3048 5218/5258/3048
f 5216/5253/3049 5219/5252/3049 5220/5260/3049
f 5216/5262/4698 5217/6397/4698 5237/5263/4698
f 5214/5264/3051 5222/6398/3051 5221/5265/3051
f 5219/5266/3052 5221/5265/3052 5223/5267/3052
f 5222/5254/3053 5225/6396/3053 5224/5269/3053
f 5221/5270/3054 5224/5269/3054 5226/5271/3054
f 5228/5273/3055 5227/5276/3055 5224/5274/3055
f 5227/5276/3056 5229/6399/3056 5226/5277/3056
f 5228/5278/3057 5231/6395/3057 5230/5279/3057
f 5227/5280/3058 5230/5279/3058 5232/5281/3058
f 5234/5283/3059 5233/5286/3059 5230/5284/3059
f 5233/5286/4699 5235/5292/4699 5232/5287/4699
f 5215/5256/3061 5218/5290/3061 5233/5288/3061
f 5218/5290/3062 5237/5294/3062 5235/5291/3062
f 5235/5292/3063 5236/5319/3063 5250/5293/3063
f 5237/5294/3064 5238/5298/3064 5236/5295/3064
f 5237/5263/3065 5217/6397/3065 5240/5296/3065
f 5238/5298/3066 5239/5325/3066 5253/5299/3066
f 5240/5296/3067 5241/5334/3067 5239/5300/3067
f 5220/5260/3068 5242/6400/3068 5240/5301/3068
f 5240/5301/3069 5242/6400/3069 5243/5302/3069
f 5242/5304/3070 5244/5307/3070 5245/5305/3070
f 5220/5268/3071 5223/5267/3071 5244/5307/3071
f 5244/5308/3072 5246/5311/3072 5247/5309/3072
f 5223/5272/3073 5226/5271/3073 5246/5311/3073
f 5246/5312/3074 5248/5315/3074 5249/5313/3074
f 5226/5277/3075 5229/6399/3075 5248/5315/3075
f 5250/5316/3076 5251/5321/3076 5249/5317/3076
f 5232/5281/3077 5250/5316/3077 5248/5318/3077
f 5236/5319/3078 5253/5323/3078 5251/5320/3078
f 5251/5321/3079 5252/5351/3079 5266/5322/3079
f 5253/5323/3080 5254/5327/3080 5252/5324/3080
f 5239/5325/3081 5256/5329/3081 5254/5326/3081
f 5254/5327/3082 5255/5357/3082 5269/5328/3082
f 5256/5329/3083 5257/5362/3083 5255/5330/3083
f 5258/5331/3084 5259/5363/3084 5257/5332/3084
f 5241/5334/3085 5258/5331/3085 5256/5333/3085
f 5241/5303/3086 5243/5302/3086 5260/5335/3086
f 5258/5336/3087 5260/5335/3087 5261/5337/3087
f 5260/5339/3088 5262/5342/3088 5263/5340/3088
f 5243/5306/3089 5245/5305/3089 5262/5342/3089
f 5262/5343/3090 5264/5346/3090 5265/5344/3090
f 5245/5310/3091 5247/5309/3091 5264/5346/3091
f 5264/5347/3092 5266/5350/3092 5267/5348/3092
f 5247/5314/3093 5249/5313/3093 5266/5350/3093
f 5252/5351/3094 5269/5353/3094 5267/5352/3094
f 5269/5353/3095 5270/6401/3095 5268/5354/3095
f 5265/5349/3096 5267/5348/3096 5268/5355/3096
f 5255/5357/4700 5271/6402/4700 5270/5358/4700
f 5273/5366/4701 5274/5365/4701 5272/5360/4701
f 5274/5365/4702 5275/5361/4702 5272/5360/4702
f 5275/5361/4703 5276/5369/4703 5271/5359/4703
f 5276/5369/4704 5268/5354/4704 5270/6401/4704
f 5271/5359/4705 5276/5369/4705 5270/6401/4705
f 5257/5362/3099 5272/5360/3099 5271/5359/3099
f 5259/5363/3100 5273/6403/3100 5272/5364/3100
f 5259/5338/4706 5261/5337/4706 5274/5365/4706
f 5261/5341/3102 5263/5340/3102 5275/5367/3102
f 5263/5345/3103 5265/5344/3103 5276/5369/3103
f 5277/5370/4707 5278/5388/4707 5284/5371/4707
f 5505/5373/3125 5279/5635/3125 5277/5374/3125
f 5277/5376/4708 5280/5382/4708 5408/5377/4708
f 5279/5379/4709 5277/5370/4709 5281/5372/4709
f 5279/5381/4710 5488/5629/4710 5280/5382/4710
f 5281/5372/4711 5284/5371/4711 5286/5383/4711
f 5283/5380/4712 5281/5372/4712 5282/5384/4712
f 5287/5386/3111 5289/5394/3111 5285/5387/3111
f 5285/5387/3112 5354/5476/3112 5286/5383/3112
f 5287/5386/4713 5284/5371/4713 5278/5388/4713
f 5292/5390/4714 5288/5391/4714 5287/5386/4714
f 5288/5391/4715 5444/5579/4715 5290/5392/4715
f 5287/5386/3116 5290/5392/3116 5428/5393/3116
f 5293/5395/3111 5291/5389/3111 5278/5388/3111
f 5292/5397/4716 5291/5405/4716 5295/5398/4716
f 5294/5400/711 5464/5606/711 5292/5401/711
f 5293/5403/4717 5298/5489/4717 5296/5404/4717
f 5368/5406/711 5294/5400/711 5291/5402/711
f 5295/5398/4718 5291/5405/4718 5296/5404/4718
f 5297/5409/4719 5496/5641/4719 5301/5408/4719
f 5300/5410/4720 5296/5417/4720 5297/5411/4720
f 5299/5413/4721 5482/5623/4721 5297/5414/4721
f 5514/5416/3125 5298/6404/3125 5296/5417/3125
f 5302/5418/4722 5296/5415/4722 5298/5419/4722
f 5307/5421/4723 5299/5413/4723 5296/5415/4723
f 5303/5422/4724 5308/5433/4724 5307/5421/4724
f 5306/5423/3119 5302/5430/3119 5303/5424/3119
f 5305/5426/4725 5456/5590/4725 5303/5427/4725
f 5374/5429/711 5304/6405/711 5302/5430/711
f 5302/5428/4726 5304/5511/4726 5508/5431/4726
f 5305/5426/4727 5302/5428/4727 5278/5378/4727
f 5309/5432/3132 5383/5516/3132 5299/5413/3132
f 5308/5433/3165 5311/5436/3165 5310/5434/3165
f 5309/5432/3134 5307/5421/3134 5310/5434/3134
f 5311/5436/3135 5314/5439/3135 5313/5437/3135
f 5312/5435/3135 5310/5434/3135 5313/5437/3135
f 5314/5439/711 5317/5442/711 5316/5440/711
f 5313/5437/711 5316/5440/711 5318/5441/711
f 5317/5442/4728 5320/5604/4728 5319/5443/4728
f 5316/5440/4729 5319/5443/4729 5321/5444/4729
f 5319/5443/4730 5320/5604/4730 5323/5445/4730
f 5321/5444/4731 5319/5443/4731 5322/5446/4731
f 5322/5446/711 5323/5445/711 5326/5448/711
f 5324/5447/711 5322/5446/711 5325/5449/711
f 5329/5451/3139 5328/5452/3139 5325/5449/3139
f 5328/5452/3139 5330/5455/3139 5327/5450/3139
f 5466/5399/4732 5295/5398/4732 5328/5452/4732
f 5332/5453/3141 5330/5455/3141 5328/5452/3141
f 5331/5454/3139 5545/5697/3139 5327/5450/3139
f 5333/5456/3141 5331/5454/3141 5330/5455/3141
f 5295/5398/4733 5301/5408/4733 5334/5457/4733
f 5333/5456/3120 5332/5453/3120 5334/5457/3120
f 5334/5457/3144 5336/5461/3144 5337/5459/3144
f 5334/5457/4734 5301/5408/4734 5338/5460/4734
f 5337/5459/3145 5336/5461/3145 5339/5462/3145
f 5336/5461/3145 5338/5460/3145 5341/5464/3145
f 5340/5463/3125 5339/5462/3125 5342/5465/3125
f 5341/5464/3125 5344/5469/3125 5342/5465/3125
f 5343/5466/3147 5342/5465/3147 5345/5467/3147
f 5344/5469/4735 5347/5646/4735 5345/5467/4735
f 5345/5467/3149 5348/5472/3149 5349/5470/3149
f 5345/5467/4736 5347/5646/4736 5350/5471/4736
f 5348/5472/3123 5351/5475/3123 5353/5473/3123
f 5348/5472/3125 5350/5471/3125 5352/5474/3125
f 5354/5476/3150 5351/5475/3150 5352/5474/3150
f 5354/5476/3150 5355/5477/3150 5353/5473/3150
f 5285/5387/3112 5357/5479/3112 5355/5477/3112
f 5358/5478/3109 5356/5480/3109 5355/5477/3109
f 5356/5480/3150 5529/5680/3150 5353/5473/3150
f 5535/5481/4737 5358/5478/4737 5357/5479/4737
f 5360/5483/3111 5357/5479/3111 5285/5387/3111
f 5360/5483/4723 5363/5487/4723 5359/5482/4723
f 5362/5484/4715 5431/5563/4715 5361/5485/4715
f 5360/5483/4738 5361/5485/4738 5365/5486/4738
f 5289/5394/3116 5428/5393/3116 5362/5484/3116
f 5363/5488/3155 5364/5490/3155 5298/5489/3155
f 5333/5456/4727 5335/5458/4727 5364/5490/4727
f 5365/5491/4739 5548/5700/4739 5333/5456/4739
f 5365/5492/3161 5367/5495/3161 5366/5493/3161
f 5293/5395/4740 5508/5396/4740 5359/5482/4740
f 5363/5494/3161 5366/5493/3161 5368/5406/3161
f 5367/5495/4741 5370/5499/4741 5369/5496/4741
f 5366/5493/4742 5369/5496/4742 5371/5497/4742
f 5373/5498/711 5372/5500/711 5369/5496/711
f 5372/5500/711 5374/5429/711 5371/5497/711
f 5376/5501/711 5375/5502/711 5372/5500/711
f 5375/5502/711 5304/6405/711 5374/5429/711
f 5376/5503/4743 5375/5510/4743 5378/5504/4743
f 5376/5506/4744 5442/5573/4744 5377/5507/4744
f 5304/5420/4745 5298/5419/4745 5364/5509/4745
f 5304/5511/3178 5375/5508/3178 5359/5512/3178
f 5377/5507/4718 5405/5540/4718 5359/5512/4718
f 5378/5504/4713 5375/5510/4713 5364/5509/4713
f 5379/5505/4746 5378/5504/4746 5380/5514/4746
f 5378/5504/3134 5309/5432/3134 5312/5435/3134
f 5378/5504/3132 5381/5513/3132 5383/5516/3132
f 5515/5517/4747 5382/5518/4747 5381/5513/4747
f 5382/5518/4748 5385/5522/4748 5384/5519/4748
f 5381/5513/3168 5384/5519/3168 5386/5520/3168
f 5388/5521/3169 5387/5525/3169 5384/5519/3169
f 5384/5519/3169 5387/5525/3169 5389/5523/3169
f 5388/5521/3170 5391/5527/3170 5390/5524/3170
f 5387/5525/3170 5390/5524/3170 5392/5526/3170
f 5391/5527/4749 5394/5531/4749 5393/5528/4749
f 5390/5524/4750 5393/5528/4750 5395/5529/4750
f 5397/5530/3170 5396/5532/3170 5393/5528/3170
f 5396/5532/4751 5398/5535/4751 5395/5529/4751
f 5400/5533/3170 5399/5534/3170 5396/5532/3170
f 5399/5534/3170 5401/5611/3170 5398/5535/3170
f 5399/5534/3174 5400/5533/3174 5403/5536/3174
f 5404/5538/3174 5401/5611/3174 5399/5534/3174
f 5402/5537/4752 5403/5536/4752 5406/5539/4752
f 5404/5538/3176 5402/5537/3176 5405/5540/3176
f 5405/5540/4753 5406/5539/4753 5535/5542/4753
f 5377/5507/3178 5409/5543/3178 5407/5541/3178
f 5305/5426/3178 5408/5377/3178 5407/5541/3178
f 5408/5377/3176 5468/5608/3176 5404/5538/3176
f 5411/5544/3179 5410/5545/3179 5409/5543/3179
f 5410/5545/3179 5412/5548/3179 5305/5426/3179
f 5414/5546/3180 5413/5550/3180 5410/5545/3180
f 5410/5545/3180 5413/5550/3180 5415/5547/3180
f 5414/5546/714 5417/5551/714 5416/5549/714
f 5416/5549/714 5418/5553/714 5415/5547/714
f 5417/5551/4754 5420/5555/4754 5419/5552/4754
f 5419/5552/4755 5421/5557/4755 5418/5553/4755
f 5423/5554/4756 5422/5559/4756 5419/5552/4756
f 5419/5552/4756 5422/5559/4756 5424/5556/4756
f 5427/5558/714 5425/6406/714 5422/5559/714
f 5422/5559/714 5425/6406/714 5426/5560/714
f 5426/5560/4757 5425/6406/4757 5428/5393/4757
f 5428/5393/3184 5425/6406/3184 5427/5558/3184
f 5429/5561/714 5427/5558/714 5423/5554/714
f 5362/5484/3184 5427/5558/3184 5429/5561/3184
f 5429/5561/4758 5430/5562/4758 5432/5564/4758
f 5431/5563/4759 5432/5564/4759 5433/5565/4759
f 5432/5564/4760 5430/5562/4760 5435/5566/4760
f 5433/5565/4761 5432/5564/4761 5434/5567/4761
f 5435/5566/4762 5438/5576/4762 5437/5569/4762
f 5434/5567/4763 5437/5569/4763 5439/5570/4763
f 5437/5569/4764 5438/5576/4764 5441/5571/4764
f 5439/5570/4765 5437/5569/4765 5440/5572/4765
f 5440/5572/3180 5441/5571/3180 5414/5546/3180
f 5442/5573/4766 5440/5572/4766 5411/5544/4766
f 5373/5574/4767 5439/5570/4767 5442/5573/4767
f 5441/5571/714 5438/5576/714 5417/5551/714
f 5370/5575/4768 5436/5568/4768 5439/5570/4768
f 5438/5576/4769 5435/5566/4769 5420/5555/4769
f 5433/5565/4770 5436/5568/4770 5370/5575/4770
f 5430/5562/714 5423/5554/714 5420/5555/714
f 5361/5485/4771 5433/5565/4771 5367/5577/4771
f 5443/5578/3184 5426/5560/3184 5290/5392/3184
f 5424/5556/714 5426/5560/714 5443/5578/714
f 5447/5581/4772 5445/5580/4772 5443/5578/4772
f 5446/5582/4773 5445/5580/4773 5447/5581/4773
f 5421/5557/714 5424/5556/714 5445/5580/714
f 5448/5584/4774 5447/5581/4774 5444/5579/4774
f 5449/5583/4775 5447/5581/4775 5448/5584/4775
f 5451/5586/4776 5452/5607/4776 5446/5582/4776
f 5453/5587/4777 5451/5586/4777 5449/5583/4777
f 5455/5588/4778 5452/5607/4778 5451/5586/4778
f 5454/5589/4779 5451/5586/4779 5453/5587/4779
f 5415/5547/3180 5455/5588/3180 5454/5589/3180
f 5412/5548/4766 5454/5589/4766 5456/5590/4766
f 5456/5590/4780 5453/5587/4780 5457/5591/4780
f 5418/5553/714 5452/5607/714 5455/5588/714
f 5453/5587/4781 5450/5585/4781 5458/5592/4781
f 5457/5593/4782 5459/5595/4782 5308/5433/4782
f 5458/5594/4783 5461/5601/4783 5459/5595/4783
f 5467/5596/711 5306/5423/711 5457/5425/711
f 5459/5595/4784 5460/5599/4784 5311/5436/4784
f 5459/5595/3205 5461/5601/3205 5462/5598/3205
f 5458/5594/4785 5464/5602/4785 5463/5600/4785
f 5463/5600/4786 5465/5603/4786 5462/5598/4786
f 5464/5602/4787 5292/5397/4787 5466/5399/4787
f 5463/5600/4788 5466/5399/4788 5329/5451/4788
f 5465/5603/4789 5323/5445/4789 5320/5604/4789
f 5465/5603/4790 5329/5451/4790 5326/5448/4790
f 5464/5605/4791 5448/5584/4791 5288/5391/4791
f 5467/5596/711 5458/5597/711 5464/5606/711
f 5458/5592/4792 5450/5585/4792 5448/5584/4792
f 5460/5599/4793 5462/5598/4793 5320/5604/4793
f 5460/5599/4794 5317/5442/4794 5314/5439/4794
f 5371/5497/4795 5467/5596/4795 5294/5400/4795
f 5371/5497/711 5374/5429/711 5306/5423/711
f 5421/5557/4796 5446/5582/4796 5452/5607/4796
f 5280/5382/4752 5469/5610/4752 5468/5608/4752
f 5471/5609/3174 5470/5614/3174 5468/5608/3174
f 5468/5608/3174 5470/5614/3174 5401/5611/3174
f 5472/5612/3170 5470/5614/3170 5471/5609/3170
f 5398/5535/3170 5401/5611/3170 5470/5614/3170
f 5474/5615/3170 5472/5612/3170 5473/5613/3170
f 5395/5529/4751 5398/5535/4751 5472/5612/4751
f 5474/5615/4797 5475/5616/4797 5477/5617/4797
f 5395/5529/4798 5474/5615/4798 5476/5618/4798
f 5476/5618/3170 5477/5617/3170 5479/5619/3170
f 5392/5526/3170 5476/5618/3170 5478/5620/3170
f 5478/5620/3169 5479/5619/3169 5481/5621/3169
f 5389/5523/3169 5478/5620/3169 5480/5622/3169
f 5480/5622/4748 5481/5621/4748 5482/5623/4748
f 5383/5516/3168 5386/5520/3168 5480/5622/3168
f 5479/5619/4799 5477/5617/4799 5483/5624/4799
f 5481/5621/4800 5483/5624/4800 5484/5625/4800
f 5483/5624/4801 5477/5617/4801 5475/5616/4801
f 5484/5625/4802 5483/5624/4802 5485/5626/4802
f 5475/5616/4803 5473/5613/4803 5487/5628/4803
f 5485/5626/4804 5487/5628/4804 5488/5629/4804
f 5487/5628/4805 5473/5613/4805 5471/5609/4805
f 5488/5629/4806 5487/5628/4806 5469/5610/4806
f 5489/5630/4807 5486/5627/4807 5488/5629/4807
f 5484/5625/4808 5486/5627/4808 5489/5630/4808
f 5489/5632/4809 5279/5379/4809 5283/5380/4809
f 5491/5634/3240 5489/5638/3240 5279/5635/3240
f 5489/5632/4810 5492/5633/4810 5494/5636/4810
f 5491/5634/3123 5300/5410/3123 5490/5412/3123
f 5494/5636/3231 5492/5633/3231 5493/5639/3231
f 5283/5380/4811 5503/5385/4811 5493/5639/4811
f 5490/5637/4812 5494/5636/4812 5496/5641/4812
f 5494/5636/4813 5495/5640/4813 5497/5642/4813
f 5496/5641/3258 5497/5642/3258 5338/5460/3258
f 5495/5640/4814 5499/5645/4814 5498/5643/4814
f 5497/5642/3145 5498/5643/3145 5341/5464/3145
f 5498/5643/3125 5499/5645/3125 5344/5469/3125
f 5495/5640/4815 5493/5639/4815 5500/5644/4815
f 5499/5645/4816 5500/5644/4816 5347/5646/4816
f 5503/5385/4817 5501/5647/4817 5500/5644/4817
f 5347/5646/4818 5500/5644/4818 5501/5647/4818
f 5350/5471/3125 5501/5647/3125 5502/5648/3125
f 5503/5385/4819 5282/5384/4819 5502/5648/4819
f 5282/5384/3150 5286/5383/3150 5352/5474/3150
f 5504/5649/3123 5491/5634/3123 5505/5373/3123
f 5504/5649/3125 5514/5416/3125 5300/5410/3125
f 5506/5650/3123 5505/5373/3123 5278/5375/3123
f 5359/5652/3240 5507/5653/3240 5506/5650/3240
f 5507/5653/3123 5510/5656/3123 5504/5649/3123
f 5535/5654/3125 5509/5655/3125 5507/5653/3125
f 5509/5655/3240 5511/5658/3240 5510/5656/3240
f 5513/5657/3240 5512/5659/3240 5510/5656/3240
f 5512/5659/3125 5514/5416/3125 5504/5649/3125
f 5515/5660/3105 5364/5661/3105 5512/5659/3105
f 5364/5661/3105 5298/6404/3105 5514/5416/3105
f 5513/5662/4820 5515/5673/4820 5520/5663/4820
f 5513/5665/4821 5516/5669/4821 5382/5518/4821
f 5511/5666/4822 5513/5662/4822 5517/5664/4822
f 5511/5668/4823 5531/5683/4823 5516/5669/4823
f 5517/5664/4824 5520/5663/4824 5521/5670/4824
f 5517/5664/4825 5518/5671/4825 5526/5672/4825
f 5515/5673/4826 5364/5490/4826 5335/5458/4826
f 5520/5663/4827 5335/5458/4827 5337/5459/4827
f 5337/5459/3145 5340/5463/3145 5522/5674/3145
f 5518/5671/4828 5521/5670/4828 5522/5674/4828
f 5522/5674/3125 5340/5463/3125 5343/5466/3125
f 5523/5675/3125 5343/5466/3125 5346/5468/3125
f 5518/5671/4829 5523/5675/4829 5524/5676/4829
f 5346/5468/3125 5349/5470/3125 5525/5677/3125
f 5527/5678/4830 5526/5672/4830 5524/5676/4830
f 5528/5679/3271 5519/5667/3271 5526/5672/3271
f 5527/5678/4831 5525/5677/4831 5529/5680/4831
f 5528/5679/4832 5527/5678/4832 5356/5480/4832
f 5509/5681/4833 5528/5679/4833 5358/5478/4833
f 5511/5666/4834 5519/5667/4834 5528/5679/4834
f 5349/5470/3240 5353/5473/3240 5529/5680/3240
f 5516/5669/4835 5530/5687/4835 5385/5522/4835
f 5532/5682/4836 5530/5687/4836 5516/5669/4836
f 5533/5684/4837 5531/5683/4837 5511/5668/4837
f 5533/5684/4838 5534/5686/4838 5532/5682/4838
f 5406/5539/4839 5533/5684/4839 5509/5685/4839
f 5403/5536/4840 5534/5686/4840 5533/5684/4840
f 5534/5686/4841 5397/5530/4841 5394/5531/4841
f 5400/5533/4842 5397/5530/4842 5534/5686/4842
f 5394/5531/4843 5391/5527/4843 5530/5687/4843
f 5530/5687/4844 5391/5527/4844 5388/5521/4844
f 5482/5623/4845 5484/5625/4845 5490/5631/4845
f 5536/5515/3135 5380/5514/3135 5537/5688/3135
f 5380/5514/3135 5312/5435/3135 5315/5438/3135
f 5538/5689/711 5537/5688/711 5539/5690/711
f 5537/5688/711 5315/5438/711 5318/5441/711
f 5540/5691/711 5539/5690/711 5541/5692/711
f 5539/5690/3136 5318/5441/3136 5321/5444/3136
f 5541/5692/711 5543/5695/711 5544/5694/711
f 5321/5444/3137 5324/5447/3137 5543/5695/3137
f 5543/5695/711 5545/5697/711 5546/5696/711
f 5324/5447/4846 5327/5450/4846 5545/5697/4846
f 5331/5454/3139 5547/5699/3139 5546/5696/3139
f 5549/5698/4847 5544/5694/4847 5546/5696/4847
f 5548/5700/3140 5547/5699/3140 5331/5454/3140
f 5550/5701/4848 5549/5698/4848 5547/5699/4848
f 5549/5698/4849 5551/5702/4849 5542/5693/4849
f 5550/5701/3188 5552/5705/3188 5551/5702/3188
f 5553/5703/4850 5540/5691/4850 5542/5693/4850
f 5554/5704/4851 5553/5703/4851 5551/5702/4851
f 5553/5703/4852 5536/5515/4852 5538/5689/4852
f 5554/5704/4853 5379/5505/4853 5536/5515/4853
f 5373/5706/4854 5376/5503/4854 5379/5505/4854
f 5370/5707/4855 5373/5706/4855 5554/5704/4855
f 5370/5707/4856 5552/5705/4856 5550/5701/4856
f 5367/5708/4857 5550/5701/4857 5548/5700/4857
f 5556/5711/3295 5555/5712/3295 5557/5758/3295
f 5557/5758/3295 5603/5709/3295 5556/5711/3295
f 5555/5712/3296 5556/5711/3296 5590/5713/3296
f 5563/5715/3297 5557/5758/3297 5555/5712/3297
f 5558/5714/4858 5561/5714/4858 5560/5712/4858
f 5559/5716/3299 5555/5712/3299 5560/5712/3299
f 5559/5716/3301 5562/5716/3301 5561/5714/3301
f 5615/5719/3302 5563/5715/3302 5559/5716/3302
f 5559/5716/3302 5564/5717/3302 5615/5719/3302
f 5566/5720/3303 5564/5717/3303 5559/5716/3303
f 5565/5718/3304 5564/5717/3304 5567/5721/3304
f 5566/5720/3305 5569/5723/3305 5568/5717/3305
f 5564/5717/3306 5568/5717/3306 5570/5721/3306
f 5566/5720/3308 5567/5721/3308 5570/5721/3308
f 5627/5765/3309 5571/5722/3309 5573/5724/3309
f 5571/5722/3309 5567/5721/3309 5572/5725/3309
f 5574/5726/3310 5572/5725/3310 5567/5721/3310
f 5579/5727/3311 5573/5790/3311 5572/5728/3311
f 5574/5726/3312 5577/5726/3312 5576/5725/3312
f 5575/5729/3313 5572/5728/3313 5576/5728/3313
f 5574/5730/3315 5575/5729/3315 5578/5729/3315
f 5579/5727/3316 5575/5729/3316 5649/5731/3316
f 5575/5729/3316 5580/5733/3316 5581/5732/3316
f 5574/5730/3170 5582/5736/3170 5580/5733/3170
f 5587/5734/3317 5581/5732/3317 5580/5733/3317
f 5580/5733/3318 5582/5736/3318 5585/5736/3318
f 5580/5733/3319 5584/5733/3319 5586/5735/3319
f 5582/5736/3321 5583/5735/3321 5586/5735/3321
f 5588/5738/3322 5589/5740/3322 5594/5737/3322
f 5594/5737/3322 5587/5734/3322 5583/5735/3322
f 5583/5735/3323 5582/5736/3323 5590/5739/3323
f 5589/5740/3324 5588/5738/3324 5556/5741/3324
f 5588/5738/3325 5591/5738/3325 5592/5741/3325
f 5590/5739/3326 5593/5739/3326 5591/5738/3326
f 5590/5713/3328 5556/5711/3328 5592/5711/3328
f 5566/5720/3329 5558/5714/3329 5582/5743/3329
f 5558/5714/3329 5590/5713/3329 5582/5743/3329
f 5594/5737/3330 5589/5740/3330 5596/5744/3330
f 5589/5740/3331 5595/5742/3331 5598/5742/3331
f 5596/5744/3332 5589/5740/3332 5597/5740/3332
f 5596/5744/3334 5599/5744/3334 5598/5747/3334
f 5661/5787/3335 5600/5745/3335 5602/5748/3335
f 5600/5745/3335 5596/5744/3335 5601/5749/3335
f 5603/5750/3336 5601/5749/3336 5596/5744/3336
f 5602/5748/3337 5601/5749/3337 5604/5751/3337
f 5601/5749/3338 5603/5750/3338 5606/5750/3338
f 5604/5751/3339 5601/5749/3339 5605/5749/3339
f 5604/5751/3341 5607/5751/3341 5606/5753/3341
f 5608/5752/3342 5604/5751/3342 5609/5757/3342
f 5609/5757/3342 5610/5754/3342 5608/5752/3342
f 5604/5751/3343 5603/5753/3343 5557/5756/3343
f 5610/5754/3344 5609/5757/3344 5563/5715/3344
f 5609/5757/3345 5557/5756/3345 5612/5756/3345
f 5563/5715/3346 5609/5757/3346 5611/5757/3346
f 5563/5715/3348 5613/5715/3348 5612/5758/3348
f 5614/5755/3349 5610/5754/3349 5616/5759/3349
f 5610/5754/3350 5615/5719/3350 5618/5719/3350
f 5610/5754/3351 5617/5754/3351 5619/5761/3351
f 5615/5719/3353 5616/5759/3353 5619/5761/3353
f 5626/5764/3354 5620/5760/3354 5621/5762/3354
f 5620/5760/3354 5616/5759/3354 5621/5762/3354
f 5565/5718/3355 5621/5762/3355 5616/5759/3355
f 5627/5765/4859 5622/5763/4859 5621/5762/4859
f 5565/5718/3357 5624/5718/3357 5623/5762/3357
f 5571/5722/3358 5621/5762/3358 5623/5762/3358
f 5565/5718/3360 5571/5722/3360 5625/5722/3360
f 5633/5766/3361 5626/5764/3361 5622/5763/3361
f 5627/5765/3362 5630/5765/3362 5629/5763/3362
f 5622/5763/3363 5629/5763/3363 5631/5767/3363
f 5627/5765/3365 5628/5767/3365 5631/5767/3365
f 5628/5767/3366 5632/5770/3366 5633/5766/3366
f 5632/5770/3366 5650/5768/3366 5633/5766/3366
f 5627/5765/3367 5573/5724/3367 5632/5770/3367
f 5634/5771/3368 5640/5775/3368 5635/5772/3368
f 5626/5764/3369 5633/5766/3369 5636/5766/3369
f 5635/5772/3370 5638/5772/3370 5636/5773/3370
f 5635/5772/3372 5626/5764/3372 5637/5764/3372
f 5640/5775/4860 5641/5777/4860 5639/5774/4860
f 5641/5777/4860 5665/5789/4860 5639/5774/4860
f 5635/5772/3374 5639/5774/3374 5620/5760/3374
f 5642/5776/3375 5646/5781/3375 5641/5777/3375
f 5642/5776/3376 5640/5775/3376 5643/5775/3376
f 5640/5775/4861 5634/5771/4861 5645/5771/4861
f 5642/5776/3379 5644/5776/3379 5645/5779/3379
f 5647/5782/3380 5648/5780/3380 5642/5776/3380
f 5648/5780/3380 5654/5786/3380 5646/5781/3380
f 5634/5779/3381 5650/5783/3381 5647/5782/3381
f 5647/5782/3382 5649/5731/3382 5581/5732/3382
f 5647/5782/3383 5651/5782/3383 5652/5731/3383
f 5647/5782/3384 5650/5783/3384 5653/5783/3384
f 5649/5731/4862 5652/5731/4862 5653/5784/4862
f 5579/5727/3387 5649/5731/3387 5650/5784/3387
f 5587/5734/3388 5594/5737/3388 5654/5786/3388
f 5648/5780/3389 5655/5780/3389 5656/5734/3389
f 5581/5732/3390 5657/5732/3390 5655/5780/3390
f 5581/5732/3392 5587/5734/3392 5656/5734/3392
f 5661/5787/3393 5646/5781/3393 5654/5786/3393
f 5654/5786/3394 5594/5737/3394 5659/5737/3394
f 5654/5786/3395 5658/5788/3395 5660/5745/3395
f 5600/5745/3397 5660/5745/3397 5659/5737/3397
f 5646/5781/3398 5661/5787/3398 5663/5787/3398
f 5641/5777/3399 5646/5781/3399 5662/5781/3399
f 5641/5777/3401 5664/5777/3401 5663/5787/3401
f 5661/5787/3402 5602/5748/3402 5665/5789/3402
f 5614/5755/3125 5639/5774/3125 5665/5789/3125
f 5665/5789/3403 5602/5748/3403 5667/5748/3403
f 5665/5789/3404 5666/5789/3404 5668/5752/3404
f 5608/5752/3406 5668/5752/3406 5667/5748/3406
f 5614/5755/3407 5670/5755/3407 5669/5774/3407
f 5639/5774/3408 5669/5774/3408 5671/5760/3408
f 5614/5755/3410 5620/5760/3410 5671/5760/3410
f 5579/5727/3411 5632/5785/3411 5672/5785/3411
f 5573/5724/3412 5674/5724/3412 5672/5770/3412
f 5579/5727/4863 5673/5727/4863 5674/5790/4863
f 5675/5791/3415 5678/5800/3415 5681/5792/3415
f 5677/6407/711 5675/6408/711 5676/6409/711
f 5676/6409/711 5684/6410/711 5677/6407/711
f 5684/6410/711 5687/5796/711 5708/5795/711
f 5677/6407/711 5684/6410/711 5708/5795/711
f 5687/5796/711 5690/6411/711 5702/6412/711
f 5690/6411/711 5693/6413/711 5699/6414/711
f 5693/6413/711 5696/6415/711 5699/6414/711
f 5699/6414/711 5702/6412/711 5690/6411/711
f 5702/6412/711 5705/5794/711 5687/5796/711
f 5680/5797/3416 5678/5803/3416 5675/5798/3416
f 5678/5800/3417 5679/5835/3417 5682/5801/3417
f 5711/5802/3418 5679/5833/3418 5678/5803/3418
f 5676/5793/3419 5681/5792/3419 5683/5804/3419
f 5681/5792/3420 5682/5801/3420 5685/5806/3420
f 5684/5805/3421 5683/5804/3421 5686/5807/3421
f 5683/5804/3422 5685/5806/3422 5688/5809/3422
f 5686/5807/3423 5689/5811/3423 5690/5810/3423
f 5688/5809/3424 5691/5813/3424 5689/5811/3424
f 5689/5811/3425 5692/5814/3425 5693/5812/3425
f 5691/5813/3426 5694/5816/3426 5692/5814/3426
f 5692/5814/3427 5695/5817/3427 5696/5815/3427
f 5694/5816/3428 5697/5842/3428 5695/5817/3428
f 5696/5815/3429 5695/5817/3429 5698/5818/3429
f 5695/5817/3430 5697/5842/3430 5700/5820/3430
f 5699/5819/3431 5698/5818/3431 5701/5821/3431
f 5698/5818/3432 5700/5820/3432 5703/5823/3432
f 5702/5822/3433 5701/5821/3433 5704/5824/3433
f 5701/5821/3434 5703/5823/3434 5706/5826/3434
f 5704/5824/3435 5707/5828/3435 5708/5827/3435
f 5706/5826/3436 5709/5829/3436 5707/5828/3436
f 5707/5828/3437 5680/5797/3437 5677/5799/3437
f 5709/5829/3438 5711/5802/3438 5680/5797/3438
f 5732/5830/3439 5710/5831/3439 5709/5829/3439
f 5710/5831/3440 5712/5832/3440 5711/5802/3440
f 5712/5832/3441 5714/5834/3441 5679/5833/3441
f 5710/5831/3442 5735/5831/3442 5713/5832/3442
f 5712/5832/3443 5713/5832/3443 5715/5834/3443
f 5679/5835/3444 5714/5837/3444 5716/5836/3444
f 5716/5836/3445 5714/5837/3445 5715/5837/3445
f 5682/5801/3446 5716/5836/3446 5718/5838/3446
f 5718/5838/3447 5716/5836/3447 5717/5836/3447
f 5720/5839/3448 5718/5838/3448 5719/5838/3448
f 5685/5806/3449 5718/5838/3449 5720/5839/3449
f 5720/5839/3450 5721/5839/3450 5723/5840/3450
f 5720/5839/3451 5722/5840/3451 5691/5813/3451
f 5722/5840/3452 5724/5841/3452 5694/5816/3452
f 5722/5840/3453 5723/5840/3453 5725/5841/3453
f 5724/5841/3454 5726/5844/3454 5697/5842/3454
f 5724/5841/3455 5725/5841/3455 5727/5843/3455
f 5697/5842/3456 5726/5844/3456 5728/5845/3456
f 5728/5845/3457 5726/5844/3457 5727/5843/3457
f 5700/5820/3458 5728/5845/3458 5730/5846/3458
f 5730/5846/3459 5728/5845/3459 5729/5845/3459
f 5732/5830/3460 5730/5846/3460 5731/5846/3460
f 5703/5823/3461 5730/5846/3461 5732/5830/3461
f 5732/5830/3462 5733/5830/3462 5735/5831/3462
f 5733/5830/3463 5734/6416/3463 5736/5847/3463
f 5746/5848/3464 5734/6416/3464 5733/5830/3464
f 5735/5831/3465 5736/5847/3465 5737/5849/3465
f 5740/5851/714 5739/6417/714 5736/5852/714
f 5739/6417/714 5738/6418/714 5737/6419/714
f 5736/5852/714 5739/6417/714 5737/6419/714
f 5736/5852/714 5734/6420/714 5741/5850/714
f 5734/6420/714 5746/6421/714 5742/6422/714
f 5746/6421/714 5745/6423/714 5742/6422/714
f 5745/6423/4864 5744/6424/4864 5743/6425/4864
f 5742/6422/714 5745/6423/714 5743/6425/714
f 5742/6422/714 5741/5850/714 5734/6420/714
f 5713/5832/3466 5737/5849/3466 5738/5853/3466
f 5738/5854/3467 5739/5855/3467 5717/5836/3467
f 5739/5855/3468 5740/5856/3468 5719/5838/3468
f 5740/5856/3469 5741/6426/3469 5721/5839/3469
f 5721/5839/3470 5741/6426/3470 5742/5857/3470
f 5723/5840/3471 5742/5857/3471 5743/5858/3471
f 5725/5841/3472 5743/5858/3472 5744/5859/3472
f 5744/5859/3473 5745/5860/3473 5729/5845/3473
f 5745/5860/3474 5746/5848/3474 5731/5846/3474
