# Blender 5.2.0 LTS
# www.blender.org
mtllib player.mtl
o ICO球.002
v -0.410605 1.268242 0.298323
v 0.156841 1.268244 0.482696
v -0.410605 1.268242 -0.298323
v -0.451745 1.268241 0.328213
v -0.410605 1.337770 0.298323
v 0.156840 1.337772 0.482696
v -0.410605 1.337770 -0.298323
v -0.410605 1.310521 0.298323
v 0.156840 1.310523 0.482696
v -0.410605 1.310521 -0.298323
v 0.156840 1.310523 -0.482696
v 0.507542 1.310525 -0.000000
v 0.156840 1.337772 -0.482696
v 0.507542 1.337774 -0.000000
v 0.156841 1.268244 -0.482696
v 0.507543 1.268246 -0.000000
v 0.172555 1.268245 -0.531060
v -0.451745 1.268241 -0.328213
v 0.558395 1.268246 -0.000000
v 0.172555 1.268245 -0.531060
v -0.451745 1.268241 -0.328213
v 0.558395 1.268246 -0.000000
v 0.172557 1.268246 -0.531061
v 0.172554 1.268246 -0.531062
v 0.279190 1.826639 -0.859276
v -0.451748 1.268247 -0.328221
v 0.172554 1.268246 -0.531062
v 0.279190 1.826639 -0.859276
v -0.451748 1.268247 -0.328221
v 0.138441 1.305043 -0.539323
v 0.235365 1.812583 -0.837647
v -0.429006 1.305044 -0.354955
v 0.157658 1.336137 -0.480179
v 0.254582 1.843677 -0.778503
v -0.409789 1.336137 -0.295811
v 0.150126 1.323951 -0.503358
v 0.247051 1.831491 -0.801683
v -0.417320 1.323951 -0.318990
v -0.671088 1.831491 -0.503362
v -0.260482 2.145175 -0.801682
v -0.663557 1.843677 -0.480182
v -0.252951 2.157361 -0.778503
v -0.682774 1.812584 -0.539327
v -0.272168 2.126267 -0.837647
v -0.730942 1.826639 -0.531065
v -0.279195 2.171751 -0.859276
v -0.730942 1.826639 -0.531065
v -0.279195 2.171751 -0.859276
v -0.730951 1.826639 -0.531052
v -0.730949 1.826652 -0.531060
v -0.279200 2.171761 -0.859272
v -0.903501 2.171761 -0.000003
v -0.730949 1.826652 -0.531060
v -0.279200 2.171761 -0.859272
v -0.903501 2.171761 -0.000003
v -0.712550 1.872136 -0.517693
v -0.301942 2.185816 -0.816015
v -0.869388 2.185816 -0.034999
v -0.662239 1.841042 -0.481140
v -0.251631 2.154722 -0.779462
v -0.819077 2.154722 0.001554
v -0.681957 1.853228 -0.495465
v -0.271348 2.166908 -0.793788
v -0.838795 2.166909 -0.012772
v -0.525118 2.674448 -0.012769
v -0.174418 2.674448 -0.495466
v -0.505400 2.662261 0.001557
v -0.154700 2.662262 -0.481140
v -0.555711 2.693355 -0.034996
v -0.205011 2.693356 -0.517694
v -0.558396 2.730152 -0.000000
v -0.172557 2.730153 -0.531061
v -0.558396 2.730152 -0.000000
v -0.172557 2.730153 -0.531061
v -0.558396 2.730152 -0.000000
v -0.558395 2.730153 -0.000000
v -0.172555 2.730155 0.531059
v -0.172555 2.730155 -0.531060
v -0.558395 2.730153 -0.000000
v -0.172555 2.730155 0.531059
v -0.172555 2.730155 -0.531060
v -0.507543 2.730153 -0.000000
v -0.156841 2.730155 0.482696
v -0.156841 2.730155 -0.482696
v -0.507542 2.660625 -0.000000
v -0.156840 2.660627 0.482696
v -0.156840 2.660627 -0.482696
v -0.507542 2.687874 -0.000000
v -0.156840 2.687876 0.482696
v -0.156840 2.687876 -0.482696
v 0.410605 2.687879 -0.298323
v 0.410605 2.687879 0.298323
v 0.410605 2.660629 -0.298323
v 0.410605 2.660629 0.298323
v 0.410605 2.730157 -0.298323
v 0.410605 2.730157 0.298323
v 0.451745 2.730158 -0.328213
v 0.451745 2.730158 0.328213
v 0.451745 2.730158 -0.328213
v 0.451745 2.730158 0.328213
v 0.451753 2.730153 -0.328213
v 0.451748 2.730153 -0.328221
v 0.730942 2.171760 -0.531065
v -0.172554 2.730153 -0.531062
v 0.451748 2.730153 -0.328221
v 0.730942 2.171760 -0.531065
v -0.172554 2.730153 -0.531062
v 0.429006 2.693355 -0.354955
v 0.682774 2.185815 -0.539327
v -0.138441 2.693356 -0.539323
v 0.409789 2.662262 -0.295811
v 0.663557 2.154722 -0.480182
v -0.157658 2.662262 -0.480179
v 0.417320 2.674448 -0.318990
v 0.671088 2.166908 -0.503362
v -0.150126 2.674448 -0.503358
v -0.247051 2.166908 -0.801683
v 0.260482 1.853224 -0.801682
v -0.254582 2.154722 -0.778503
v 0.252951 1.841038 -0.778503
v -0.235365 2.185816 -0.837647
v 0.272168 1.872132 -0.837647
v -0.279190 2.171761 -0.859276
v 0.279195 1.826648 -0.859276
v -0.279190 2.171761 -0.859276
v 0.279195 1.826648 -0.859276
v 0.279200 1.826638 -0.859272
v 0.730949 2.171747 -0.531060
v 0.279200 1.826638 -0.859272
v 0.172557 1.268246 -0.531061
v 0.730949 2.171747 -0.531060
v 0.301942 1.812583 -0.816015
v 0.205011 1.305043 -0.517694
v 0.712550 2.126263 -0.517693
v 0.251631 1.843677 -0.779462
v 0.154700 1.336137 -0.481140
v 0.662239 2.157357 -0.481140
v 0.271348 1.831491 -0.793788
v 0.174418 1.323951 -0.495466
v 0.681957 2.145171 -0.495465
v 0.838795 1.831491 -0.012772
v 0.525118 1.323951 -0.012769
v 0.819077 1.843677 0.001554
v 0.505400 1.336138 0.001557
v 0.869388 1.812583 -0.034999
v 0.555711 1.305044 -0.034996
v 0.903501 1.826638 -0.000003
v 0.558395 1.268247 -0.000000
v 0.903501 1.826638 -0.000003
v 0.558395 1.268247 -0.000000
v 0.903501 1.826638 0.000003
v 0.903502 1.826644 -0.000000
v 0.730951 2.171760 0.531053
v 0.730951 2.171760 -0.531052
v 0.903502 1.826644 -0.000000
v 0.730951 2.171760 0.531053
v 0.730951 2.171760 -0.531052
v 0.880760 1.872128 -0.000000
v 0.723924 2.185815 0.482690
v 0.723924 2.185815 -0.482689
v 0.818572 1.841035 -0.000000
v 0.661736 2.154722 0.482690
v 0.661736 2.154722 -0.482689
v 0.842944 1.853221 -0.000000
v 0.686108 2.166908 0.482690
v 0.686108 2.166908 -0.482689
v 0.432336 2.674448 -0.298322
v 0.432336 2.674448 0.298322
v 0.407964 2.662261 -0.298322
v 0.407964 2.662261 0.298322
v 0.470152 2.693355 -0.298322
v 0.470152 2.693355 0.298322
v 0.451753 2.730153 -0.328213
v 0.451753 2.730153 0.328213
v 0.451753 2.730153 0.328213
v 0.451748 2.730153 0.328221
v 0.730942 2.171760 0.531065
v -0.172554 2.730153 0.531062
v 0.451748 2.730153 0.328221
v 0.730942 2.171760 0.531065
v -0.172554 2.730153 0.531062
v 0.429006 2.693355 0.354955
v 0.682774 2.185815 0.539326
v -0.138441 2.693356 0.539323
v 0.409789 2.662262 0.295811
v 0.663557 2.154722 0.480182
v -0.157658 2.662262 0.480179
v 0.417320 2.674448 0.318990
v 0.671088 2.166908 0.503362
v -0.150126 2.674448 0.503358
v -0.247051 2.166908 0.801683
v 0.260482 1.853225 0.801682
v -0.254582 2.154722 0.778503
v 0.252951 1.841038 0.778503
v -0.235365 2.185816 0.837647
v 0.272168 1.872132 0.837647
v -0.279190 2.171761 0.859276
v 0.279195 1.826648 0.859276
v -0.279190 2.171761 0.859276
v 0.279195 1.826648 0.859276
v -0.279195 2.171751 0.859276
v -0.279200 2.171761 0.859272
v -0.730948 1.826652 0.531060
v -0.172557 2.730153 0.531061
v -0.279200 2.171761 0.859272
v -0.730948 1.826652 0.531060
v -0.172557 2.730153 0.531061
v -0.301942 2.185816 0.816015
v -0.712550 1.872136 0.517693
v -0.205011 2.693356 0.517694
v -0.251631 2.154722 0.779462
v -0.662239 1.841042 0.481140
v -0.154700 2.662262 0.481140
v -0.271348 2.166908 0.793788
v -0.681957 1.853228 0.495465
v -0.174418 2.674448 0.495466
v -0.525118 2.674448 0.012769
v -0.838795 2.166909 0.012772
v -0.505400 2.662261 -0.001557
v -0.819077 2.154722 -0.001554
v -0.555711 2.693355 0.034996
v -0.869388 2.185816 0.034999
v -0.558396 2.730152 -0.000000
v -0.903501 2.171761 0.000003
v -0.903501 2.171761 0.000003
v -0.903502 2.171755 -0.000000
v -0.730951 1.826639 0.531053
v -0.903502 2.171755 -0.000000
v -0.730951 1.826639 0.531053
v -0.730951 1.826639 -0.531052
v -0.880760 2.126271 -0.000000
v -0.723924 1.812584 0.482690
v -0.723924 1.812584 -0.482689
v -0.818572 2.157364 -0.000000
v -0.661736 1.843677 0.482690
v -0.661736 1.843677 -0.482689
v -0.842944 2.145178 -0.000000
v -0.686108 1.831491 0.482690
v -0.686108 1.831491 -0.482689
v -0.432336 1.323951 -0.298322
v -0.432336 1.323951 0.298322
v -0.407964 1.336137 -0.298322
v -0.407964 1.336137 0.298322
v -0.470152 1.305044 -0.298322
v -0.470152 1.305044 0.298322
v -0.451753 1.268247 -0.328213
v -0.451753 1.268247 0.328213
v -0.451753 1.268247 -0.328213
v -0.451753 1.268247 0.328213
v -0.451745 1.268241 0.328213
v -0.451748 1.268247 0.328221
v -0.730942 1.826639 0.531065
v 0.172554 1.268246 0.531062
v -0.451748 1.268247 0.328221
v -0.730942 1.826639 0.531065
v 0.172554 1.268246 0.531062
v -0.429006 1.305044 0.354955
v -0.682774 1.812584 0.539326
v 0.138441 1.305043 0.539323
v -0.409789 1.336137 0.295811
v -0.663557 1.843677 0.480182
v 0.157658 1.336137 0.480179
v -0.417320 1.323951 0.318990
v -0.671088 1.831491 0.503362
v 0.150126 1.323951 0.503358
v 0.247051 1.831491 0.801683
v -0.260482 2.145175 0.801682
v 0.254582 1.843677 0.778503
v -0.252951 2.157361 0.778503
v 0.235365 1.812583 0.837647
v -0.272168 2.126267 0.837647
v 0.279190 1.826638 0.859276
v -0.279195 2.171751 0.859276
v 0.279190 1.826638 0.859276
v 0.279200 1.826638 0.859272
v 0.730948 2.171747 0.531060
v 0.172557 1.268246 0.531061
v 0.279200 1.826638 0.859272
v 0.730948 2.171747 0.531060
v 0.172557 1.268246 0.531061
v 0.301942 1.812583 0.816015
v 0.712550 2.126263 0.517693
v 0.205011 1.305043 0.517694
v 0.251631 1.843677 0.779462
v 0.662239 2.157357 0.481140
v 0.154700 1.336137 0.481140
v 0.271348 1.831491 0.793788
v 0.681957 2.145171 0.495465
v 0.174418 1.323951 0.495466
v 0.525118 1.323951 0.012769
v 0.838795 1.831491 0.012772
v 0.505400 1.336138 -0.001557
v 0.819077 1.843677 -0.001554
v 0.555711 1.305044 0.034996
v 0.869388 1.812583 0.034999
v 0.558395 1.268247 -0.000000
v 0.903501 1.826638 0.000003
v 0.558395 1.268247 -0.000000
v 0.172555 1.268245 0.531059
v 0.172555 1.268245 0.531059
v -0.984315 1.955484 -1.013769
v -0.998936 2.150972 -1.013889
v -0.986107 1.955171 -0.827739
v -0.931840 1.766604 -1.013889
v -0.984315 1.955484 -1.013769
v -0.958077 1.861044 -1.013829
v -0.991625 2.053228 -1.013829
v -0.900327 1.970145 -1.014303
v -0.876327 1.883758 -1.014359
v -0.907014 2.059555 -1.014359
v -0.901763 1.969894 -0.865286
v -0.877763 1.883507 -0.865341
v -0.908450 2.059304 -0.865341
v -0.915138 2.148714 -0.865396
v -0.904255 2.237710 -0.865560
v -0.913701 2.148964 -1.014414
v -0.902819 2.237960 -1.014577
v -0.998936 2.150972 -1.013889
v -0.987040 2.248264 -1.014068
v -0.975143 2.345555 -1.014246
v -0.975143 2.345555 -1.014246
v -0.944496 2.438656 -1.014536
v -0.891937 2.326956 -1.014740
v -0.863903 2.412118 -1.015005
v -0.893373 2.326705 -0.865723
v -0.865340 2.411867 -0.865988
v -0.837306 2.497029 -0.866253
v -0.793198 2.575084 -0.866609
v -0.835870 2.497280 -1.015270
v -0.791762 2.575335 -1.015626
v -0.913850 2.531756 -1.014825
v -0.913850 2.531756 -1.014825
v -0.865631 2.617087 -1.015215
v -0.817411 2.702418 -1.015605
v -0.817411 2.702418 -1.015605
v -0.753473 2.776701 -1.016080
v -0.747655 2.653390 -1.015983
v -0.689168 2.721339 -1.016417
v -0.749091 2.653140 -0.866966
v -0.690604 2.721089 -0.867401
v -0.632117 2.789038 -0.867835
v -0.561499 2.844269 -0.868331
v -0.630681 2.789289 -1.016852
v -0.560063 2.844520 -1.017348
v -0.689534 2.850984 -1.016555
v -0.689534 2.850984 -1.016555
v -0.612333 2.911365 -1.017097
v -0.535132 2.971744 -1.017639
v -0.535132 2.971744 -1.017639
v -0.447636 3.015901 -1.018227
v -0.489445 2.899752 -1.017843
v -0.409409 2.940143 -1.018381
v -0.490881 2.899501 -0.868827
v -0.410845 2.939893 -0.869364
v -0.330809 2.980284 -0.869902
v -0.244431 3.004283 -0.870462
v -0.329373 2.980535 -1.018919
v -0.242995 3.004534 -1.019479
v -0.360139 3.060058 -1.018815
v -0.360139 3.060058 -1.018815
v -0.265710 3.086294 -1.019427
v -0.171280 3.112531 -1.020038
v -0.171280 3.112531 -1.020038
v -0.073547 3.119839 -1.020650
v -0.156618 3.028533 -1.020038
v -0.067217 3.035218 -1.020597
v -0.158054 3.028283 -0.871021
v -0.068653 3.034968 -0.871581
v 0.020747 3.041653 -0.872140
v 0.109734 3.030766 -0.872678
v 0.022183 3.041903 -1.021157
v 0.111170 3.031017 -1.021695
v 0.024187 3.127147 -1.021261
v 0.024187 3.127147 -1.021261
v 0.121469 3.115245 -1.021849
v 0.218751 3.103344 -1.022437
v 0.218751 3.103344 -1.022437
v 0.311843 3.072690 -1.022979
v 0.200157 3.020130 -1.022233
v 0.285311 2.992090 -1.022728
v 0.198721 3.019879 -0.873216
v 0.283875 2.991840 -0.873712
v 0.369029 2.963800 -0.874207
v 0.447078 2.919685 -0.874642
v 0.370465 2.964051 -1.023224
v 0.448514 2.919936 -1.023659
v 0.404935 3.042037 -1.023521
v 0.404935 3.042037 -1.023521
v 0.490259 2.993810 -1.023996
v 0.575584 2.945582 -1.024471
v 0.575584 2.945582 -1.024471
v 0.649861 2.881634 -1.024861
v 0.526563 2.875821 -1.024093
v 0.594507 2.817325 -1.024450
v 0.525127 2.875570 -0.875076
v 0.593071 2.817075 -0.875433
v 0.661015 2.758579 -0.875789
v 0.716244 2.687952 -0.876054
v 0.662452 2.758830 -1.024806
v 0.717680 2.688202 -1.025071
v 0.724139 2.817687 -1.025251
v 0.724139 2.817687 -1.025251
v 0.784516 2.740476 -1.025541
v 0.844892 2.663265 -1.025830
v 0.844892 2.663265 -1.025830
v 0.889048 2.575757 -1.026008
v 0.772909 2.617575 -1.025336
v 0.813299 2.537529 -1.025500
v 0.771472 2.617324 -0.876319
v 0.811863 2.537279 -0.876483
v 0.852253 2.457233 -0.876646
v 0.876253 2.370846 -0.876701
v 0.853689 2.457484 -1.025663
v 0.877690 2.371096 -1.025718
v 0.933203 2.488250 -1.026187
v 0.933203 2.488250 -1.026187
v 0.959440 2.393810 -1.026247
v 0.985677 2.299370 -1.026307
v 0.985677 2.299370 -1.026307
v 0.992988 2.201626 -1.026247
v 0.901690 2.284709 -1.025773
v 0.908377 2.195299 -1.025718
v 0.900253 2.284458 -0.876756
v 0.906941 2.195048 -0.876701
v 0.913628 2.105639 -0.876646
v 0.902746 2.016643 -0.876483
v 0.915064 2.105889 -1.025663
v 0.904182 2.016894 -1.025500
v 1.000299 2.103882 -1.026187
v 1.000299 2.103882 -1.026187
v 0.988403 2.006590 -1.026008
v 0.976506 1.909299 -1.025830
v 0.976506 1.909299 -1.025830
v 0.945859 1.816198 -1.025541
v 0.893300 1.927898 -1.025336
v 0.865267 1.842736 -1.025071
v 0.891864 1.927647 -0.876319
v 0.863831 1.842485 -0.876054
v 0.835797 1.757323 -0.875789
v 0.791689 1.679268 -0.875433
v 0.837233 1.757574 -1.024806
v 0.793125 1.679519 -1.024450
v 0.915212 1.723098 -1.025251
v 0.915212 1.723098 -1.025251
v 0.866993 1.637767 -1.024861
v 0.818774 1.552435 -1.024471
v 0.818774 1.552435 -1.024471
v 0.754836 1.478152 -1.023996
v 0.749018 1.601463 -1.024093
v 0.690531 1.533514 -1.023659
v 0.747581 1.601213 -0.875076
v 0.689095 1.533264 -0.874642
v 0.630608 1.465315 -0.874207
v 0.559990 1.410083 -0.873712
v 0.632044 1.465565 -1.023224
v 0.561426 1.410334 -1.022728
v 0.690897 1.403869 -1.023521
v 0.690897 1.403869 -1.023521
v 0.613696 1.343489 -1.022979
v 0.536495 1.283109 -1.022437
v 0.536495 1.283109 -1.022437
v 0.448999 1.238953 -1.021849
v 0.490808 1.355102 -1.022233
v 0.410772 1.314710 -1.021695
v 0.489372 1.354851 -0.873216
v 0.409336 1.314460 -0.872678
v 0.329300 1.274068 -0.872140
v 0.242922 1.250069 -0.871581
v 0.330736 1.274319 -1.021157
v 0.244358 1.250319 -1.020597
v 0.361502 1.194796 -1.021261
v 0.361502 1.194796 -1.021261
v 0.267073 1.168560 -1.020650
v 0.172643 1.142323 -1.020038
v 0.172643 1.142323 -1.020038
v 0.074910 1.135015 -1.019427
v 0.157981 1.226320 -1.020038
v 0.068580 1.219635 -1.019479
v 0.156544 1.226070 -0.871021
v 0.067144 1.219385 -0.870462
v -0.022256 1.212700 -0.869902
v -0.111243 1.223587 -0.869364
v -0.020820 1.212950 -1.018919
v -0.109807 1.223837 -1.018381
v -0.022824 1.127707 -1.018815
v -0.022824 1.127707 -1.018815
v -0.120106 1.139609 -1.018227
v -0.217388 1.151510 -1.017639
v -0.217388 1.151510 -1.017639
v -0.310480 1.182163 -1.017097
v -0.198794 1.234724 -1.017843
v -0.283948 1.262763 -1.017348
v -0.200230 1.234473 -0.868827
v -0.285384 1.262513 -0.868331
v -0.370539 1.290552 -0.867835
v -0.448588 1.334668 -0.867401
v -0.369102 1.290803 -1.016852
v -0.447152 1.334918 -1.016417
v -0.403572 1.212817 -1.016555
v -0.403572 1.212817 -1.016555
v -0.488896 1.261044 -1.016080
v -0.574221 1.309271 -1.015605
v -0.574221 1.309271 -1.015605
v -0.648498 1.373219 -1.015215
v -0.525200 1.379033 -1.015983
v -0.593144 1.437529 -1.015626
v -0.526637 1.378783 -0.866966
v -0.594581 1.437278 -0.866609
v -0.662525 1.495773 -0.866253
v -0.717754 1.566401 -0.865988
v -0.661089 1.496024 -1.015270
v -0.716317 1.566651 -1.015005
v -0.722776 1.437167 -1.014825
v -0.722776 1.437167 -1.014825
v -0.783153 1.514378 -1.014536
v -0.843529 1.591589 -1.014246
v -0.843529 1.591589 -1.014246
v -0.887685 1.679097 -1.014068
v -0.771546 1.637279 -1.014740
v -0.811936 1.717324 -1.014577
v -0.772982 1.637028 -0.865723
v -0.813372 1.717074 -0.865560
v -0.853763 1.797119 -0.865396
v -0.852326 1.797370 -1.014414
v -0.931840 1.766604 -1.013889
v -0.845322 1.591277 -0.828216
v -0.724569 1.436854 -0.828796
v -0.933633 1.766291 -0.827859
v -0.773339 1.636966 -0.828710
v -0.662881 1.495711 -0.829240
v -0.854119 1.797057 -0.828384
v -0.771902 1.637217 -0.977727
v -0.661445 1.495962 -0.978257
v -0.852683 1.797308 -0.977401
v -0.900683 1.970083 -0.977291
v -0.914058 2.148902 -0.977401
v -0.902119 1.969832 -0.828274
v -0.915494 2.148651 -0.828384
v -0.893730 2.326643 -0.828710
v -1.000729 2.150659 -0.827859
v -0.976936 2.345243 -0.828216
v -0.915642 2.531443 -0.828796
v -0.819204 2.702106 -0.829575
v -0.837663 2.496967 -0.829240
v -0.749447 2.653078 -0.829953
v -0.836227 2.497218 -0.978257
v -0.892294 2.326894 -0.977727
v -0.748011 2.653328 -0.978970
v -0.631038 2.789226 -0.979839
v -0.489801 2.899689 -0.980831
v -0.632474 2.788976 -0.830822
v -0.491238 2.899439 -0.831814
v -0.691327 2.850671 -0.830525
v -0.536925 2.971431 -0.831609
v -0.361932 3.059745 -0.832785
v -0.173073 3.112218 -0.834008
v -0.331166 2.980222 -0.832889
v -0.158410 3.028221 -0.834008
v -0.329730 2.980473 -0.981907
v -0.156974 3.028471 -0.983025
v 0.021826 3.041841 -0.984144
v 0.199800 3.020068 -0.985220
v 0.020390 3.041590 -0.835127
v 0.198364 3.019817 -0.836203
v 0.022394 3.126834 -0.835231
v 0.216959 3.103031 -0.836407
v 0.403142 3.041724 -0.837491
v 0.573791 2.945270 -0.838441
v 0.368673 2.963738 -0.837194
v 0.524770 2.875508 -0.838063
v 0.370109 2.963989 -0.986211
v 0.526206 2.875758 -0.987080
v 0.662095 2.758768 -0.987794
v 0.772552 2.617513 -0.988324
v 0.660659 2.758517 -0.838777
v 0.771116 2.617262 -0.839307
v 0.722346 2.817374 -0.839221
v 0.843099 2.662951 -0.839800
v 0.931410 2.487937 -0.840157
v 0.983885 2.299057 -0.840278
v 0.851897 2.457171 -0.839633
v 0.899897 2.284396 -0.839743
v 0.853333 2.457422 -0.988650
v 0.901333 2.284647 -0.988760
v 0.914708 2.105827 -0.988650
v 0.892944 1.927835 -0.988324
v 0.913272 2.105577 -0.839633
v 0.891507 1.927585 -0.839307
v 0.998506 2.103569 -0.840157
v 0.974713 1.908986 -0.839800
v 0.913420 1.722785 -0.839221
v 0.816981 1.552122 -0.838441
v 0.835440 1.757261 -0.838777
v 0.747225 1.601150 -0.838063
v 0.836876 1.757512 -0.987794
v 0.748661 1.601401 -0.987080
v 0.631688 1.465503 -0.986211
v 0.490451 1.355040 -0.985220
v 0.630251 1.465252 -0.837194
v 0.489015 1.354789 -0.836203
v 0.689104 1.403556 -0.837491
v 0.534702 1.282796 -0.836407
v 0.359709 1.194483 -0.835231
v 0.170851 1.142010 -0.834008
v 0.328943 1.274006 -0.835127
v 0.156188 1.226007 -0.834008
v 0.330379 1.274256 -0.984144
v 0.157624 1.226258 -0.983025
v -0.021176 1.212888 -0.981907
v -0.199151 1.234662 -0.980831
v -0.022613 1.212637 -0.832889
v -0.200587 1.234411 -0.831814
v -0.024617 1.127394 -0.832785
v -0.219181 1.151197 -0.831609
v -0.405365 1.212504 -0.830525
v -0.576013 1.308958 -0.829575
v -0.370895 1.290490 -0.830822
v -0.526993 1.378720 -0.829953
v -0.369459 1.290741 -0.979839
v -0.525557 1.378971 -0.978970
v 0.856823 2.008922 -0.818333
v 0.875907 2.094377 -0.818333
v 0.821435 1.928833 -0.818333
v 0.897686 1.995476 -0.818333
v 0.856823 2.008922 -0.862596
v 0.875907 2.094377 -0.862596
v 0.821435 1.928833 -0.862596
v 0.771102 1.857186 -0.862596
v 0.707759 1.796736 -0.862596
v 0.771102 1.857186 -0.818333
v 0.707759 1.796736 -0.818333
v 0.803709 1.829126 -0.818333
v 0.734265 1.762854 -0.818333
v 0.803709 1.829126 -1.035465
v 0.858890 1.907673 -0.818333
v 0.858890 1.907673 -1.035465
v 0.897686 1.995476 -1.035465
v 0.821435 1.928833 -1.035465
v 0.771102 1.857186 -1.035465
v 0.856823 2.008922 -1.035465
v 0.821435 1.928833 -0.991203
v 0.771102 1.857186 -0.991203
v 0.856823 2.008922 -0.991203
v 0.875907 2.094377 -0.991203
v 0.877952 2.181912 -0.991203
v 0.875907 2.094377 -1.035465
v 0.877952 2.181912 -1.035465
v 0.918608 2.089161 -1.035465
v 0.918608 2.089161 -0.818333
v 0.920850 2.185127 -1.035465
v 0.920850 2.185127 -0.818333
v 0.904328 2.279687 -1.035465
v 0.904327 2.279687 -0.818333
v 0.869675 2.369206 -1.035465
v 0.862881 2.268165 -1.035465
v 0.831273 2.349820 -1.035465
v 0.862881 2.268165 -0.991203
v 0.831272 2.349820 -0.991203
v 0.784341 2.423739 -0.991203
v 0.723891 2.487082 -0.991203
v 0.784341 2.423739 -1.035465
v 0.723891 2.487082 -1.035465
v 0.818223 2.450245 -1.035465
v 0.818223 2.450245 -0.818333
v 0.751951 2.519689 -1.035465
v 0.751950 2.519689 -0.818333
v 0.673403 2.574870 -1.035465
v 0.673403 2.574870 -0.818333
v 0.585600 2.613667 -1.035465
v 0.652244 2.537416 -1.035465
v 0.572154 2.572803 -1.035465
v 0.652244 2.537416 -0.991203
v 0.572154 2.572803 -0.991203
v 0.486700 2.591887 -0.991203
v 0.399165 2.593932 -0.991203
v 0.486700 2.591887 -1.035465
v 0.399165 2.593932 -1.035465
v 0.491916 2.634588 -1.035465
v 0.491916 2.634588 -0.818333
v 0.395949 2.636830 -1.035465
v 0.395949 2.636830 -0.818333
v 0.301390 2.620308 -1.035465
v 0.301390 2.620308 -0.818333
v 0.211870 2.585655 -1.035465
v 0.312912 2.578861 -1.035465
v 0.231257 2.547253 -1.035465
v 0.312912 2.578861 -0.991203
v 0.231257 2.547253 -0.991203
v 0.157337 2.500321 -0.991203
v 0.093994 2.439871 -0.991203
v 0.157338 2.500321 -1.035465
v 0.093994 2.439871 -1.035465
v 0.130831 2.534203 -1.035465
v 0.130831 2.534204 -0.818334
v 0.061387 2.467931 -1.035465
v 0.061387 2.467931 -0.818334
v 0.006207 2.389384 -1.035465
v 0.006207 2.389384 -0.818334
v -0.032590 2.301580 -1.035465
v 0.043661 2.368224 -1.035465
v 0.008273 2.288135 -1.035465
v 0.043661 2.368224 -0.991203
v 0.008273 2.288135 -0.991203
v -0.010810 2.202680 -0.991203
v -0.012856 2.115145 -0.991203
v -0.010810 2.202680 -1.035465
v -0.012856 2.115145 -1.035465
v -0.053511 2.207896 -1.035465
v -0.053511 2.207896 -0.818333
v -0.055754 2.111929 -1.035465
v -0.055754 2.111929 -0.818333
v -0.039231 2.017370 -1.035465
v -0.039231 2.017370 -0.818333
v -0.004578 1.927850 -1.035465
v 0.002215 2.028892 -1.035465
v 0.033824 1.947237 -1.035465
v 0.002215 2.028892 -0.991203
v 0.033824 1.947237 -0.991203
v 0.080755 1.873318 -0.991203
v 0.141206 1.809974 -0.991203
v 0.080755 1.873318 -1.035465
v 0.141206 1.809974 -1.035465
v 0.046873 1.846812 -1.035465
v 0.046873 1.846812 -0.818333
v 0.113146 1.777367 -1.035465
v 0.113146 1.777367 -0.818333
v 0.191693 1.722187 -1.035465
v 0.191693 1.722187 -0.818333
v 0.279496 1.683390 -1.035465
v 0.212853 1.759641 -1.035465
v 0.292942 1.724253 -1.035465
v 0.212853 1.759642 -0.991203
v 0.292942 1.724253 -0.991203
v 0.378397 1.705170 -0.991203
v 0.465932 1.703124 -0.991203
v 0.378397 1.705170 -1.035465
v 0.465932 1.703124 -1.035465
v 0.373181 1.662469 -1.035465
v 0.373181 1.662469 -0.818333
v 0.469147 1.660227 -1.035465
v 0.469147 1.660227 -0.818333
v 0.563707 1.676749 -1.035465
v 0.563707 1.676749 -0.818333
v 0.653226 1.711402 -1.035465
v 0.552185 1.718196 -1.035465
v 0.633840 1.749804 -1.035465
v 0.552185 1.718196 -0.991203
v 0.633840 1.749804 -0.991203
v 0.707759 1.796736 -0.991203
v 0.707759 1.796736 -1.035465
v 0.734265 1.762854 -1.035465
v 0.653226 1.711402 -0.818333
v 0.633839 1.749804 -0.818333
v 0.552185 1.718196 -0.818333
v 0.633839 1.749804 -0.862596
v 0.552185 1.718195 -0.862596
v 0.465932 1.703124 -0.862596
v 0.378397 1.705170 -0.862596
v 0.465932 1.703124 -0.818333
v 0.378396 1.705170 -0.818333
v 0.292942 1.724253 -0.818333
v 0.212853 1.759642 -0.818333
v 0.279496 1.683390 -0.818333
v 0.292942 1.724253 -0.862596
v 0.212853 1.759642 -0.862596
v 0.141206 1.809974 -0.862596
v 0.080755 1.873318 -0.862596
v 0.141206 1.809974 -0.818333
v 0.080755 1.873318 -0.818333
v 0.033824 1.947237 -0.818333
v 0.002215 2.028892 -0.818333
v -0.004578 1.927850 -0.818333
v 0.033824 1.947237 -0.862596
v 0.002215 2.028892 -0.862596
v -0.012856 2.115145 -0.862596
v -0.010810 2.202680 -0.862596
v -0.012856 2.115145 -0.818333
v -0.010810 2.202680 -0.818333
v 0.008273 2.288135 -0.818333
v 0.043661 2.368224 -0.818333
v -0.032590 2.301580 -0.818333
v 0.008273 2.288135 -0.862596
v 0.043661 2.368224 -0.862596
v 0.093994 2.439871 -0.862596
v 0.157337 2.500321 -0.862596
v 0.093994 2.439871 -0.818333
v 0.157337 2.500321 -0.818333
v 0.231257 2.547253 -0.818333
v 0.312912 2.578861 -0.818333
v 0.211870 2.585655 -0.818333
v 0.231257 2.547253 -0.862596
v 0.312912 2.578861 -0.862596
v 0.399165 2.593933 -0.862596
v 0.486700 2.591887 -0.862596
v 0.399165 2.593933 -0.818333
v 0.486700 2.591887 -0.818333
v 0.572154 2.572803 -0.818333
v 0.652244 2.537416 -0.818333
v 0.585600 2.613667 -0.818333
v 0.572154 2.572803 -0.862596
v 0.652244 2.537415 -0.862596
v 0.723891 2.487082 -0.862596
v 0.784341 2.423739 -0.862596
v 0.723891 2.487082 -0.818333
v 0.784341 2.423739 -0.818333
v 0.831272 2.349820 -0.818333
v 0.862881 2.268165 -0.818333
v 0.869675 2.369207 -0.818333
v 0.831272 2.349820 -0.862596
v 0.862881 2.268165 -0.862596
v 0.877952 2.181912 -0.862596
v 0.877952 2.181912 -0.818333
vn 0.3090 -0.0000 -0.9511
vn -0.0000 -1.0000 -0.0000
vn 1.0000 -0.0000 -0.0000
vn -0.3090 -0.0000 0.9511
vn -1.0000 -0.0000 -0.0000
vn -0.3090 -0.0000 -0.9511
vn 0.8090 -0.0000 -0.5878
vn 0.3090 -0.0000 0.9511
vn -0.8090 -0.0000 0.5878
vn 0.9898 -0.0000 -0.1423
vn -0.0000 -0.0000 1.0000
vn -0.0001 1.0000 -0.0000
vn 0.9097 -0.0000 0.4154
vn -0.0000 -0.0000 -1.0000
vn -0.1299 -0.9278 -0.3498
vn -0.1706 -0.8284 -0.5336
vn -0.1704 -0.8288 -0.5330
vn 0.2038 -0.9664 -0.1566
vn 0.8130 -0.1814 -0.5533
vn 0.1739 -0.9760 -0.1312
vn 0.1887 -0.7924 -0.5801
vn -0.1818 -0.9522 0.2454
vn 0.0001 1.0000 -0.0000
vn 0.2537 -0.5251 -0.8124
vn 0.2778 -0.5270 -0.8032
vn -0.9885 -0.0000 0.1515
vn -0.0000 1.0000 -0.0000
vn -0.2764 -0.4472 -0.8507
vn -0.9472 0.2764 0.1625
vn -0.1382 0.8944 -0.4253
vn 0.9472 -0.2764 -0.1625
vn 0.1382 -0.8944 0.4253
vn -0.8618 -0.2764 0.4253
vn -0.6708 0.7236 -0.1625
vn 0.8618 0.2764 -0.4253
vn 0.6708 -0.7236 0.1625
vn 0.6708 -0.7236 0.1624
vn -0.4427 0.8853 -0.1423
vn 0.7747 0.5918 -0.2225
vn -0.0001 1.0000 -0.0001
vn -0.6764 -0.5226 -0.5190
vn -0.7042 -0.5251 -0.4778
vn -0.7039 -0.5251 -0.4784
vn -0.5872 0.0076 -0.8094
vn -0.5814 -0.0264 -0.8132
vn -0.5815 -0.0262 -0.8131
vn -0.7938 -0.1963 -0.5757
vn -0.7703 -0.5885 0.2454
vn -0.4068 0.8136 0.4154
vn -0.9477 0.0025 -0.3192
vn -0.9533 -0.0081 -0.3019
vn -0.9533 -0.0080 -0.3019
vn -0.7236 0.4472 -0.5257
vn -0.0528 0.7236 0.6882
vn 0.6382 0.7236 -0.2629
vn 0.0528 -0.7236 -0.6882
vn -0.6382 -0.7236 0.2629
vn -0.4472 0.2764 0.8507
vn 0.3618 0.8944 0.2629
vn 0.4472 -0.2764 -0.8507
vn -0.3618 -0.8944 -0.2629
vn 0.5257 0.8507 -0.0000
vn 0.9350 -0.0000 -0.3546
vn -0.0003 0.0002 1.0000
vn -0.8507 0.5257 0.0003
vn -0.3507 0.9120 -0.2126
vn -0.5297 0.7183 -0.4510
vn -0.3337 0.9198 -0.2066
vn -0.4789 0.8779 -0.0000
vn -0.4788 0.8779 -0.0000
vn -0.5742 0.6581 0.4870
vn -0.3304 0.9205 0.2084
vn -0.3169 0.9264 0.2033
vn -0.9097 -0.0000 0.4154
vn 0.8090 -0.0000 0.5878
vn -0.8090 -0.0000 -0.5878
vn -0.0000 -0.0000 -0.0000
vn -0.9898 -0.0000 -0.1423
vn 0.5165 0.8563 -0.0000
vn 0.1527 0.8769 -0.4558
vn 0.1908 0.7503 -0.6330
vn 0.1915 0.7506 -0.6324
vn 0.4806 0.8011 -0.3568
vn 0.4427 -0.8853 -0.1423
vn 0.7018 0.5289 -0.4771
vn 0.6794 0.5237 -0.5139
vn 0.6792 0.5237 -0.5142
vn 0.9885 -0.0000 0.1515
vn 0.2764 0.4472 -0.8507
vn -0.8618 -0.2764 -0.4253
vn 0.1382 -0.8944 -0.4253
vn 0.8618 0.2764 0.4253
vn -0.1382 0.8944 0.4253
vn -0.9472 0.2764 -0.1625
vn -0.4472 -0.7236 -0.5257
vn 0.4472 0.7236 0.5257
vn 0.9472 -0.2764 0.1625
vn -0.8506 0.5257 -0.0000
vn 0.1818 0.9522 0.2454
vn -0.0009 0.0015 -1.0000
vn 0.0011 0.0015 -1.0000
vn -0.2363 0.5297 -0.8146
vn -0.2649 0.5267 -0.8077
vn -0.2371 0.5297 -0.8144
vn -0.2999 0.1612 -0.9403
vn -0.2999 0.1612 -0.9402
vn -0.7747 -0.5918 -0.2225
vn -0.0000 1.0000 -0.0001
vn 0.5821 0.0231 -0.8128
vn 0.5898 -0.0101 -0.8075
vn 0.5899 -0.0102 -0.8074
vn 0.2998 -0.1674 -0.9392
vn 0.1829 0.9576 -0.2225
vn 0.0001 1.0000 -0.0001
vn 0.7703 0.5885 0.2454
vn 0.7236 -0.4472 -0.5257
vn 0.6708 0.2764 0.6882
vn 0.0528 -0.7236 0.6882
vn -0.6708 -0.2764 -0.6882
vn -0.0528 0.7236 -0.6882
vn 0.6382 0.7236 0.2629
vn 0.4472 -0.2764 0.8507
vn 0.4472 -0.2764 0.8506
vn -0.6382 -0.7236 -0.2629
vn -0.4472 0.2764 -0.8507
vn 0.4068 -0.8136 0.4154
vn -0.5257 -0.8507 -0.0000
vn 0.9532 0.0079 -0.3024
vn 0.9477 -0.0026 -0.3193
vn 0.9476 -0.0027 -0.3194
vn 0.8506 -0.5257 0.0003
vn 0.0003 -0.0002 1.0000
vn 0.8506 -0.5257 -0.0000
vn 0.9827 -0.1854 -0.0000
vn 0.4181 -0.8363 -0.3546
vn 0.9488 -0.0153 0.3156
vn 0.9564 0.0396 0.2895
vn 0.9487 -0.0156 0.3158
vn -0.4181 0.8363 -0.3546
vn 0.8944 0.4472 -0.0000
vn -0.3618 0.7236 -0.5878
vn -0.3618 0.7236 0.5878
vn 0.3618 -0.7236 0.5878
vn 0.3618 -0.7236 -0.5878
vn -0.1382 0.2764 -0.9511
vn -0.4472 0.8944 -0.0000
vn 0.1382 -0.2764 0.9511
vn 0.4472 -0.8944 -0.0000
vn -0.4421 0.8841 0.1515
vn 0.4421 -0.8841 0.1515
vn 0.7125 0.5253 0.4652
vn 0.6690 0.5218 0.5293
vn 0.7121 0.5252 0.4658
vn 0.4866 0.7994 0.3524
vn 0.1565 0.8363 0.5255
vn 0.1564 0.8632 0.4801
vn 0.1566 0.8367 0.5248
vn 0.2764 0.4472 0.8507
vn -0.4472 -0.7236 0.5257
vn -0.4472 -0.7236 0.5258
vn 0.4472 0.7236 -0.5257
vn -0.2407 0.5284 0.8142
vn -0.2692 0.5253 0.8072
vn -0.2694 0.5253 0.8072
vn -0.0012 -0.0000 1.0000
vn 0.0012 -0.0000 1.0000
vn -0.2980 0.1829 0.9369
vn -0.5828 -0.0114 0.8125
vn -0.5900 -0.0023 0.8074
vn -0.5901 -0.0021 0.8073
vn -0.7236 0.4472 0.5257
vn 0.3618 0.8944 -0.2629
vn -0.3618 -0.8944 0.2629
vn -0.9350 -0.0000 -0.3546
vn -0.9564 -0.0401 0.2894
vn -0.9492 0.0159 0.3143
vn -0.9562 -0.0395 0.2899
vn -0.9827 0.1854 -0.0000
vn -0.8944 -0.4472 -0.0000
vn 0.1382 -0.2764 -0.9511
vn -0.1382 0.2764 0.9511
vn -0.5165 -0.8563 -0.0000
vn -0.4800 -0.8000 -0.3600
vn -0.6699 -0.5257 0.5243
vn -0.7180 -0.5268 0.4549
vn -0.6698 -0.5257 0.5244
vn -0.4813 -0.8021 0.3536
vn -0.4812 -0.8021 0.3536
vn -0.1752 -0.8155 0.5517
vn -0.0996 -0.9534 0.2849
vn -0.1751 -0.8156 0.5515
vn -0.2764 -0.4472 0.8507
vn 0.2652 -0.5276 0.8070
vn 0.2382 -0.5292 0.8144
vn 0.2389 -0.5292 0.8142
vn 0.2974 -0.1826 0.9371
vn 0.5905 -0.0001 0.8070
vn 0.5808 0.0094 0.8140
vn 0.5809 0.0092 0.8139
vn -0.1829 -0.9576 -0.2225
vn 0.7236 -0.4472 0.5257
vn 0.6708 0.2764 -0.6882
vn -0.6708 -0.2764 0.6882
vn 0.4472 -0.2764 -0.8506
vn 0.5257 0.8506 -0.0000
vn 0.8171 -0.1658 0.5521
vn 0.2036 -0.9666 0.1560
vn 0.8206 -0.0897 0.5644
vn 0.3417 -0.9398 -0.0000
vn 0.2022 -0.8086 0.5525
vn 0.7941 0.1843 0.5791
vn 0.6708 -0.7236 -0.1625
vn -0.6708 0.7236 0.1625
vn -0.7932 -0.1873 0.5795
vn -0.1846 0.8120 0.5537
vn 0.7935 0.1977 -0.5755
vn -0.6708 0.7236 0.1624
vn -0.1859 0.7992 -0.5716
vn -0.9972 -0.0746 -0.0097
vn -0.9833 0.1818 -0.0000
vn -0.9635 -0.2677 -0.0097
vn 0.1393 0.3545 -0.9246
vn -0.0062 -0.0011 -1.0000
vn 0.9635 0.2677 0.0097
vn 0.9972 0.0746 0.0097
vn 0.9926 -0.1214 0.0094
vn 0.2758 -0.0831 0.9576
vn -0.0110 0.2463 0.9691
vn 0.9926 -0.1213 0.0094
vn 0.9498 -0.3126 0.0086
vn 0.8706 -0.4919 0.0076
vn -0.9879 -0.0030 0.1548
vn -0.0001 -0.0000 1.0000
vn 0.1366 -0.0018 0.9906
vn 0.7579 -0.6523 0.0062
vn 0.6161 -0.7877 0.0046
vn 0.1345 -0.6240 0.7697
vn 0.0272 -0.1128 -0.9932
vn 0.4506 -0.8927 0.0028
vn 0.2677 -0.9635 0.0010
vn 0.0588 -0.9937 -0.0954
vn 0.0089 0.5583 0.8296
vn 0.0746 -0.9972 -0.0010
vn -0.1214 -0.9926 -0.0028
vn -0.1215 -0.9926 -0.0028
vn 0.0944 0.8416 -0.5318
vn -0.3241 -0.0063 0.9460
vn -0.3128 -0.9498 -0.0046
vn -0.4921 -0.8705 -0.0062
vn -0.2310 -0.6906 0.6853
vn -0.2311 -0.6880 0.6879
vn -0.0046 0.7114 -0.7028
vn -0.6525 -0.7578 -0.0076
vn -0.6524 -0.7578 -0.0076
vn -0.7877 -0.6160 -0.0086
vn 0.0002 0.0002 1.0000
vn -0.0031 0.7060 0.7082
vn -0.7874 -0.4338 -0.4380
vn -0.7877 -0.6159 -0.0086
vn -0.8928 -0.4505 -0.0094
vn -0.8927 -0.4505 -0.0094
vn -0.1747 -0.2653 0.9482
vn -0.5093 -0.0713 0.8576
vn -0.9926 0.1213 -0.0094
vn -0.7997 0.0981 0.5923
vn 0.0002 -0.0001 1.0000
vn -0.0077 0.0025 1.0000
vn -0.9498 0.3126 -0.0086
vn -0.8706 0.4919 -0.0076
vn -0.0133 -0.0023 -0.9999
vn -0.0103 0.0013 -0.9999
vn 0.1482 -0.0658 -0.9868
vn -0.4290 0.8214 0.3759
vn -0.7579 0.6523 -0.0062
vn -0.6161 0.7877 -0.0046
vn -0.4564 0.7274 0.5123
vn 0.3308 -0.7290 0.5993
vn -0.4506 0.8927 -0.0028
vn -0.2677 0.9635 -0.0010
vn -0.2015 -0.1140 0.9728
vn -0.2124 -0.1202 0.9698
vn 0.0531 -0.6907 -0.7212
vn -0.0746 0.9972 0.0010
vn 0.1215 0.9926 0.0028
vn -0.0434 -0.9968 -0.0676
vn 0.1524 -0.0000 0.9883
vn 0.3128 0.9498 0.0046
vn 0.4921 0.8705 0.0062
vn 0.9999 -0.0022 -0.0101
vn -0.1092 0.0070 0.9940
vn 0.6524 0.7578 0.0076
vn 0.6525 0.7578 0.0076
vn 0.7877 0.6160 0.0086
vn -0.0018 -0.0027 1.0000
vn -0.5263 -0.8503 0.0063
vn 0.8928 0.4505 0.0094
vn 0.8927 0.4505 0.0094
vn 0.0062 0.0011 1.0000
vn -0.9926 0.1214 -0.0094
vn -0.9760 0.2180 -0.0000
vn -0.9147 0.4042 -0.0000
vn -0.8183 0.5748 -0.0000
vn -0.6904 0.7234 -0.0000
vn 0.6904 -0.7234 -0.0000
vn 0.8183 -0.5748 -0.0000
vn 0.9147 -0.4042 -0.0000
vn -0.9997 0.0234 -0.0000
vn 0.9760 -0.2180 -0.0000
vn 0.9997 -0.0234 -0.0000
vn 0.9851 0.1721 -0.0000
vn 0.9326 0.3610 -0.0000
vn -0.9851 -0.1721 -0.0000
vn -0.9326 -0.3610 -0.0000
vn -0.8442 -0.5360 -0.0000
vn -0.7234 -0.6904 -0.0000
vn 0.8442 0.5360 -0.0000
vn 0.7234 0.6904 -0.0000
vn 0.5748 0.8183 -0.0000
vn 0.4042 0.9147 -0.0000
vn -0.5748 -0.8183 -0.0000
vn -0.4041 -0.9147 -0.0000
vn -0.2180 -0.9760 -0.0000
vn -0.0234 -0.9997 -0.0000
vn 0.2179 0.9760 -0.0000
vn 0.0234 0.9997 -0.0000
vn -0.1721 0.9851 -0.0000
vn -0.3610 0.9326 -0.0000
vn 0.1721 -0.9851 -0.0000
vn 0.3610 -0.9326 -0.0000
vn 0.5360 -0.8442 -0.0000
vn -0.5360 0.8442 -0.0000
vn 0.9760 -0.2179 -0.0000
vn -0.9760 0.2179 -0.0000
vn -0.4042 -0.9147 -0.0000
vn -0.2179 -0.9760 -0.0000
vn -0.1292 -0.9288 -0.3473
vn 0.7911 -0.3075 -0.5288
vn 0.2777 -0.5270 -0.8032
vn -0.6762 -0.5226 -0.5194
vn -0.5874 0.0078 -0.8093
vn -0.9476 0.0027 -0.3193
vn -0.8507 0.5257 -0.0000
vn -0.5105 0.7374 -0.4423
vn -0.5563 0.6791 0.4790
vn 0.1529 0.8769 -0.4557
vn 0.7015 0.5289 -0.4777
vn -0.2651 0.5267 -0.8077
vn 0.5822 0.0229 -0.8127
vn -0.1819 -0.9522 0.2454
vn -0.4068 0.8136 0.4153
vn 0.9562 0.0389 0.2900
vn 0.4068 -0.8136 0.4153
vn 0.6688 0.5217 0.5297
vn 0.1564 0.8633 0.4799
vn -0.2414 0.5284 0.8139
vn -0.5829 -0.0112 0.8125
vn -0.9491 0.0162 0.3146
vn -0.7178 -0.5268 0.4551
vn -0.0995 -0.9536 0.2843
vn 0.2655 -0.5276 0.8070
vn 0.5906 -0.0002 0.8070
vn 0.1819 0.9522 0.2454
vn 0.2163 -0.9615 0.1696
vn 0.6708 -0.7236 -0.1624
vn 0.9453 0.3262 0.0002
vn 0.9453 0.3261 -0.0004
vn 0.1391 0.3540 -0.9249
vn -0.3020 0.2312 0.9248
vn -0.0061 -0.0011 -1.0000
vn -0.0062 -0.0010 -1.0000
vn -0.0061 -0.0010 -1.0000
vn 0.2791 -0.0841 0.9566
vn -0.5564 -0.0003 0.8309
vn 0.9453 -0.0606 -0.3206
vn 0.9351 -0.0599 -0.3492
vn -0.9848 -0.0029 0.1737
vn -1.0000 -0.0001 -0.0000
vn 0.3714 -0.1330 0.9189
vn 0.3587 -0.1284 0.9246
vn 0.1728 -0.6261 0.7604
vn 0.1693 -0.6133 0.7715
vn 0.0504 -0.2088 -0.9767
vn -0.1906 -0.0308 -0.9812
vn -0.4382 0.8435 -0.3106
vn -0.4317 0.8306 -0.3517
vn 0.0090 0.5606 0.8281
vn -0.0257 0.8288 -0.5589
vn -0.0971 0.5395 0.8364
vn -0.1082 0.6012 0.7917
vn -0.3561 0.0563 -0.9327
vn -0.3877 0.0613 -0.9197
vn -0.2312 -0.6910 0.6849
vn -0.7342 -0.1731 0.6565
vn -0.7238 -0.1706 0.6686
vn -0.7305 0.1124 0.6736
vn -0.7195 0.1108 0.6856
vn -0.5835 -0.3522 0.7318
vn -0.5767 -0.3482 0.7391
vn 0.9994 -0.0304 0.0143
vn 0.9108 -0.0277 0.4120
vn 0.6002 0.2498 -0.7598
vn 0.4617 0.1922 -0.8660
vn -0.8012 0.0983 0.5903
vn -0.9924 0.1231 -0.0005
vn -0.8668 0.2667 0.4213
vn -0.8559 0.2634 0.4450
vn -0.3832 0.2867 0.8780
vn -0.4904 0.8289 0.2692
vn -0.4733 0.7999 0.3691
vn 0.4117 -0.7397 -0.5323
vn 0.3161 -0.5678 -0.7600
vn -0.3953 0.8262 -0.4015
vn -0.4160 0.8694 -0.2667
vn 0.0694 -0.8460 -0.5287
vn 0.0537 -0.6977 -0.7144
vn -0.0337 0.5751 -0.8174
vn 0.2006 0.9771 -0.0709
vn 0.2010 0.9790 -0.0341
vn 0.1117 -0.0000 0.9937
vn 0.1089 -0.0000 0.9940
vn 0.1214 0.9926 0.0028
vn 0.5218 -0.8402 -0.1478
vn 0.5195 -0.8367 -0.1734
vn -0.1139 0.0073 0.9935
vn -0.2173 -0.0000 -0.9761
vn 0.5807 0.4332 0.6893
vn 0.5875 0.4382 0.6803
vn 0.0194 -0.6439 0.7649
vn 0.0202 -0.6719 0.7404
vn 0.7877 0.6159 0.0086
vn -0.5749 -0.8183 -0.0000
vt 0.490378 0.027672
vt 0.493267 0.029536
vt 0.493413 0.029677
vt 0.493599 0.029758
vt 0.490207 0.027362
vt 0.490548 0.025231
vt 0.490554 0.027910
vt 0.490262 0.025021
vt 0.763231 0.345918
vt 0.767048 0.340321
vt 0.767124 0.340556
vt 0.767112 0.351289
vt 0.762984 0.345918
vt 0.133408 0.608817
vt 0.133408 0.656389
vt 0.088166 0.671089
vt 0.773634 0.349431
vt 0.767035 0.351524
vt 0.773426 0.349274
vt 0.773634 0.342486
vt 0.492974 0.025130
vt 0.490841 0.025421
vt 0.492506 0.024849
vt 0.495558 0.028199
vt 0.491857 0.024571
vt 0.497267 0.029482
vt 0.496349 0.028767
vt 0.491177 0.024625
vt 0.497803 0.030126
vt 0.490514 0.024640
vt 0.490105 0.024911
vt 0.489987 0.024965
vt 0.490858 0.024492
vt 0.485659 0.027745
vt 0.489819 0.024625
vt 0.484991 0.028602
vt 0.485306 0.028377
vt 0.489744 0.025138
vt 0.486228 0.027088
vt 0.489086 0.024818
vt 0.489443 0.025245
vt 0.486699 0.026583
vt 0.489187 0.025331
vt 0.488509 0.024999
vt 0.722091 0.389574
vt 0.717952 0.394940
vt 0.722015 0.389339
vt 0.722085 0.400306
vt 0.718199 0.394940
vt 0.070743 0.767925
vt 0.070743 0.720352
vt 0.115987 0.705655
vt 0.728604 0.398443
vt 0.722008 0.400541
vt 0.728403 0.391648
vt 0.728395 0.398285
vt 0.488420 0.025952
vt 0.487356 0.026908
vt 0.488225 0.025514
vt 0.487963 0.024960
vt 0.487150 0.027103
vt 0.487674 0.024401
vt 0.486854 0.027189
vt 0.487763 0.023997
vt 0.490118 0.024781
vt 0.486646 0.027176
vt 0.487363 0.024289
vt 0.486397 0.027036
vt 0.486658 0.024383
vt 0.484476 0.018833
vt 0.485037 0.019756
vt 0.483978 0.017289
vt 0.486116 0.024401
vt 0.485694 0.020996
vt 0.486251 0.026592
vt 0.486305 0.026811
vt 0.486204 0.022004
vt 0.485754 0.024434
vt 0.915453 0.019126
vt 0.915654 0.025928
vt 0.915453 0.026073
vt 0.922055 0.017033
vt 0.915662 0.019284
vt 0.218695 0.598657
vt 0.246656 0.637142
vt 0.218694 0.675627
vt 0.926103 0.022641
vt 0.921977 0.017269
vt 0.922036 0.028235
vt 0.925855 0.022640
vt 0.488445 0.025061
vt 0.488003 0.027196
vt 0.488457 0.024754
vt 0.488353 0.025495
vt 0.488222 0.028306
vt 0.488109 0.027711
vt 0.487933 0.025945
vt 0.488248 0.028733
vt 0.484964 0.018576
vt 0.487507 0.026171
vt 0.487785 0.026225
vt 0.488122 0.028957
vt 0.487994 0.026619
vt 0.489854 0.029240
vt 0.490232 0.029085
vt 0.489594 0.029219
vt 0.487733 0.029201
vt 0.488257 0.027217
vt 0.490429 0.029055
vt 0.487565 0.029479
vt 0.488474 0.027735
vt 0.487501 0.029700
vt 0.076253 0.357605
vt 0.078571 0.364027
vt 0.078424 0.364229
vt 0.085396 0.364229
vt 0.085249 0.364028
vt 0.262728 0.713903
vt 0.307971 0.728603
vt 0.307971 0.776173
vt 0.087528 0.357600
vt 0.087291 0.357677
vt 0.081889 0.353767
vt 0.081889 0.353518
vt 0.488528 0.032933
vt 0.491052 0.031721
vt 0.491350 0.032011
vt 0.488572 0.032467
vt 0.488489 0.033461
vt 0.491681 0.032329
vt 0.488597 0.033738
vt 0.491961 0.032535
vt 0.488511 0.033962
vt 0.488401 0.028935
vt 0.488715 0.033770
vt 0.489051 0.033687
vt 0.486888 0.038146
vt 0.486590 0.037247
vt 0.487095 0.039012
vt 0.488817 0.029119
vt 0.489085 0.033506
vt 0.486419 0.035922
vt 0.489013 0.029446
vt 0.486317 0.034793
vt 0.489037 0.033315
vt 0.489131 0.029743
vt 0.680434 0.392085
vt 0.676285 0.397446
vt 0.680186 0.392085
vt 0.676301 0.386715
vt 0.676378 0.386479
vt 0.264436 0.882210
vt 0.292397 0.843723
vt 0.337640 0.858422
vt 0.669779 0.388576
vt 0.669987 0.388733
vt 0.669980 0.395371
vt 0.669779 0.395516
vt 0.484509 0.030262
vt 0.486618 0.028374
vt 0.484562 0.030857
vt 0.486639 0.027947
vt 0.486676 0.027496
vt 0.484534 0.029538
vt 0.486722 0.027272
vt 0.484942 0.028964
vt 0.490873 0.024562
vt 0.485044 0.028662
vt 0.486851 0.038620
vt 0.487016 0.038595
vt 0.490978 0.024422
vt 0.484810 0.028716
vt 0.486873 0.038958
vt 0.491083 0.023577
vt 0.483925 0.028462
vt 0.914809 0.129310
vt 0.908301 0.127383
vt 0.908225 0.127149
vt 0.914809 0.136257
vt 0.914607 0.129455
vt 0.401511 0.525392
vt 0.417206 0.570298
vt 0.379347 0.599102
vt 0.908207 0.138351
vt 0.914600 0.136100
vt 0.904158 0.132743
vt 0.908284 0.138115
vt 0.499757 0.045383
vt 0.485967 0.039840
vt 0.498545 0.030531
vt 0.499282 0.044721
vt 0.499474 0.045043
vt 0.498083 0.030487
vt 0.499630 0.045277
vt 0.498161 0.030356
vt 0.499432 0.046287
vt 0.499149 0.044741
vt 0.496252 0.036023
vt 0.499725 0.047999
vt 0.494691 0.036012
vt 0.495297 0.035924
vt 0.487227 0.039935
vt 0.497927 0.045865
vt 0.488093 0.040594
vt 0.496970 0.036981
vt 0.496748 0.036537
vt 0.488883 0.040983
vt 0.496445 0.044055
vt 0.575013 0.361425
vt 0.581436 0.363742
vt 0.575090 0.361661
vt 0.581638 0.370567
vt 0.581638 0.363596
vt 0.446031 0.779144
vt 0.473994 0.817629
vt 0.446031 0.856115
vt 0.575008 0.372700
vt 0.581437 0.370421
vt 0.570926 0.367061
vt 0.575085 0.372463
vt 0.488346 0.034943
vt 0.492768 0.032862
vt 0.488473 0.035551
vt 0.488283 0.034320
vt 0.492385 0.032515
vt 0.491644 0.032632
vt 0.491771 0.032536
vt 0.494409 0.035186
vt 0.491311 0.032858
vt 0.489712 0.029400
vt 0.489680 0.029763
vt 0.491167 0.032929
vt 0.489848 0.030175
vt 0.493424 0.033707
vt 0.493880 0.034384
vt 0.491094 0.032933
vt 0.902643 0.075150
vt 0.909162 0.077013
vt 0.908953 0.077171
vt 0.898510 0.080516
vt 0.902566 0.074914
vt 0.491498 0.653466
vt 0.446255 0.591195
vt 0.519458 0.614979
vt 0.902649 0.085881
vt 0.898757 0.080515
vt 0.909162 0.083953
vt 0.902573 0.086116
vt 0.491320 0.028938
vt 0.490023 0.030527
vt 0.493545 0.031089
vt 0.491546 0.029274
vt 0.491033 0.028576
vt 0.493329 0.031135
vt 0.490737 0.028416
vt 0.492893 0.031310
vt 0.490686 0.028236
vt 0.490529 0.028475
vt 0.489442 0.024542
vt 0.490740 0.027834
vt 0.488962 0.024976
vt 0.488831 0.025206
vt 0.489247 0.029011
vt 0.489619 0.024222
vt 0.490595 0.027359
vt 0.488918 0.028587
vt 0.490426 0.026947
vt 0.489706 0.024038
vt 0.488657 0.028192
vt 0.021233 0.759382
vt 0.014725 0.761308
vt 0.021308 0.759146
vt 0.014927 0.761453
vt 0.014725 0.768255
vt 0.342404 0.693907
vt 0.387647 0.631636
vt 0.387648 0.708606
vt 0.014934 0.768097
vt 0.021327 0.770348
vt 0.021250 0.770113
vt 0.025375 0.764740
vt 0.486544 0.026084
vt 0.486563 0.022045
vt 0.486363 0.025958
vt 0.486039 0.020930
vt 0.486879 0.026227
vt 0.485406 0.019564
vt 0.487789 0.025141
vt 0.484553 0.018453
vt 0.488180 0.023342
vt 0.485355 0.019923
vt 0.488389 0.022756
vt 0.486962 0.024628
vt 0.487284 0.024872
vt 0.488515 0.022364
vt 0.486022 0.021117
vt 0.908227 0.185030
vt 0.914608 0.187340
vt 0.908302 0.185265
vt 0.914809 0.194136
vt 0.914809 0.187195
vt 0.304122 0.595223
vt 0.256562 0.596274
vt 0.240867 0.551367
vt 0.908286 0.195997
vt 0.914600 0.193978
vt 0.904154 0.190627
vt 0.908209 0.196232
vt 0.490139 0.024269
vt 0.489329 0.026149
vt 0.490072 0.024061
vt 0.490204 0.024497
vt 0.489774 0.026541
vt 0.490147 0.026773
vt 0.488494 0.025135
vt 0.490430 0.026791
vt 0.490259 0.026966
vt 0.489056 0.025634
vt 0.490855 0.026626
vt 0.493901 0.029419
vt 0.493823 0.029126
vt 0.489421 0.026191
vt 0.491211 0.026636
vt 0.493505 0.028859
vt 0.489752 0.026655
vt 0.491468 0.026696
vt 0.631688 0.892271
vt 0.635836 0.897632
vt 0.635761 0.897868
vt 0.635820 0.886901
vt 0.631935 0.892271
vt 0.157308 0.801110
vt 0.204866 0.800059
vt 0.220560 0.844969
vt 0.642342 0.888762
vt 0.635743 0.886666
vt 0.642141 0.895558
vt 0.642134 0.888920
vt 0.492216 0.030710
vt 0.493209 0.028640
vt 0.490015 0.028851
vt 0.492018 0.030323
vt 0.492455 0.031143
vt 0.490179 0.028718
vt 0.492676 0.031355
vt 0.492629 0.031530
vt 0.494053 0.029548
vt 0.494103 0.036487
vt 0.492415 0.031917
vt 0.494380 0.029650
vt 0.493922 0.036822
vt 0.492486 0.032383
vt 0.494799 0.030047
vt 0.492612 0.032785
vt 0.493872 0.036987
vt 0.495147 0.030460
vt 0.433717 0.984744
vt 0.433918 0.977943
vt 0.433925 0.984587
vt 0.433717 0.977797
vt 0.440224 0.975871
vt 0.488984 0.716844
vt 0.565935 0.715143
vt 0.552239 0.760700
vt 0.440299 0.975636
vt 0.444119 0.981230
vt 0.444366 0.981230
vt 0.440241 0.986602
vt 0.499043 0.032078
vt 0.498200 0.039442
vt 0.499009 0.032815
vt 0.498933 0.031176
vt 0.499011 0.043264
vt 0.498591 0.041159
vt 0.498320 0.030663
vt 0.493848 0.029567
vt 0.440318 0.986837
vt 0.494776 0.035759
vt 0.489923 0.028932
vt 0.642342 0.895703
vt 0.488925 0.025799
vt 0.904401 0.190627
vt 0.025128 0.764741
vt 0.493673 0.031074
vt 0.908961 0.083808
vt 0.493110 0.033230
vt 0.571175 0.367061
vt 0.499757 0.030085
vt 0.904406 0.132743
vt 0.676361 0.397681
vt 0.490531 0.029072
vt 0.076489 0.357682
vt 0.921960 0.028000
vt 0.487523 0.026705
vt 0.728604 0.391502
vt 0.773433 0.342632
vt 0.016102 0.016908
vt 0.018353 0.018277
vt 0.016102 0.018277
vt 0.016102 0.017593
vt 0.018353 0.059337
vt 0.016102 0.060705
vt 0.016102 0.059337
vt 0.839690 0.636624
vt 0.838001 0.626468
vt 0.833425 0.633234
vt 0.830250 0.640756
vt 0.836757 0.643499
vt 0.843870 0.630429
vt 0.843860 0.630435
vt 0.836765 0.643501
vt 0.839666 0.636616
vt 0.981124 0.658585
vt 0.949173 0.610135
vt 0.892321 0.598474
vt 0.833865 0.650387
vt 0.833857 0.650381
vt 0.832357 0.657697
vt 0.827082 0.648285
vt 0.825441 0.656283
vt 0.832364 0.657703
vt 0.016102 0.019646
vt 0.830855 0.665017
vt 0.823801 0.664281
vt 0.016102 0.021016
vt 0.016102 0.020329
vt 0.823750 0.672445
vt 0.830812 0.672485
vt 0.830863 0.665019
vt 0.830820 0.672487
vt 0.830775 0.679962
vt 0.830799 0.679967
vt 0.832214 0.687298
vt 0.823707 0.680614
vt 0.825250 0.688631
vt 0.832197 0.687294
vt 0.016102 0.022385
vt 0.016102 0.022384
vt 0.016102 0.021014
vt 0.833609 0.694638
vt 0.826803 0.696649
vt 0.016102 0.023753
vt 0.016102 0.023068
vt 0.829869 0.704214
vt 0.836412 0.701547
vt 0.833602 0.694628
vt 0.836421 0.701544
vt 0.839238 0.708465
vt 0.839239 0.708461
vt 0.843364 0.714699
vt 0.832953 0.711773
vt 0.837448 0.718594
vt 0.843355 0.714701
vt 0.016102 0.025119
vt 0.016102 0.024436
vt 0.016102 0.023752
vt 0.847463 0.720940
vt 0.841954 0.725408
vt 0.016102 0.026488
vt 0.016102 0.025121
vt 0.847688 0.731219
vt 0.852725 0.726252
vt 0.847472 0.720937
vt 0.852717 0.726250
vt 0.857969 0.731565
vt 0.857970 0.731561
vt 0.864164 0.735753
vt 0.853424 0.737026
vt 0.860189 0.741606
vt 0.864156 0.735747
vt 0.016102 0.027857
vt 0.016102 0.027173
vt 0.870333 0.739940
vt 0.866947 0.746181
vt 0.016102 0.029227
vt 0.874475 0.749349
vt 0.877224 0.742833
vt 0.870342 0.739938
vt 0.884105 0.745734
vt 0.884113 0.745739
vt 0.891417 0.747238
vt 0.882003 0.752521
vt 0.890005 0.754162
vt 0.891426 0.747235
vt 0.016102 0.030596
vt 0.016102 0.029911
vt 0.898753 0.748743
vt 0.898007 0.755803
vt 0.016102 0.031964
vt 0.016102 0.031280
vt 0.016102 0.030595
vt 0.906168 0.755849
vt 0.906205 0.748778
vt 0.898746 0.748737
vt 0.906213 0.748780
vt 0.913680 0.748827
vt 0.913679 0.748831
vt 0.921024 0.747411
vt 0.914335 0.755901
vt 0.922356 0.754357
vt 0.921016 0.747410
vt 0.016102 0.033331
vt 0.016102 0.032649
vt 0.928342 0.745995
vt 0.930370 0.752808
vt 0.016102 0.034700
vt 0.016102 0.034016
vt 0.016102 0.033332
vt 0.937936 0.749730
vt 0.935271 0.743183
vt 0.928350 0.746001
vt 0.935263 0.743182
vt 0.942183 0.740364
vt 0.942182 0.740368
vt 0.948431 0.736254
vt 0.945504 0.746648
vt 0.952312 0.742154
vt 0.948423 0.736252
vt 0.016102 0.036069
vt 0.016102 0.035386
vt 0.016102 0.034701
vt 0.954646 0.732133
vt 0.959130 0.737653
vt 0.016102 0.037438
vt 0.016102 0.036753
vt 0.016102 0.036071
vt 0.964940 0.731919
vt 0.959959 0.726888
vt 0.954653 0.732139
vt 0.959952 0.726883
vt 0.965282 0.721637
vt 0.965288 0.721647
vt 0.969468 0.715451
vt 0.970753 0.726176
vt 0.975328 0.719414
vt 0.016102 0.038808
vt 0.016102 0.038123
vt 0.973662 0.709271
vt 0.979904 0.712652
vt 0.016102 0.040176
vt 0.016102 0.039491
vt 0.983071 0.705124
vt 0.976564 0.702381
vt 0.973663 0.709266
vt 0.979456 0.695498
vt 0.976573 0.702379
vt 0.980956 0.688181
vt 0.986247 0.697601
vt 0.987887 0.689603
vt 0.016102 0.041546
vt 0.982458 0.680861
vt 0.989528 0.681605
vt 0.016102 0.042913
vt 0.016102 0.042229
vt 0.016102 0.041545
vt 0.989571 0.673435
vt 0.982509 0.673395
vt 0.980957 0.688177
vt 0.982457 0.680865
vt 0.982552 0.665928
vt 0.981131 0.658591
vt 0.989622 0.665272
vt 0.988079 0.657251
vt 0.016102 0.044283
vt 0.016102 0.044281
vt 0.979726 0.651254
vt 0.986527 0.649232
vt 0.016102 0.045649
vt 0.016102 0.044966
vt 0.983451 0.641671
vt 0.976892 0.644334
vt 0.979718 0.651256
vt 0.974075 0.637413
vt 0.976885 0.644328
vt 0.969973 0.631185
vt 0.974082 0.637419
vt 0.980368 0.634107
vt 0.975872 0.627291
vt 0.016102 0.047019
vt 0.016102 0.046334
vt 0.016102 0.045651
vt 0.965857 0.624945
vt 0.971383 0.620475
vt 0.016102 0.048388
vt 0.016102 0.047704
vt 0.965641 0.614663
vt 0.960613 0.619632
vt 0.969981 0.631186
vt 0.955352 0.614316
vt 0.960605 0.619630
vt 0.955359 0.614321
vt 0.959896 0.608859
vt 0.953139 0.604280
vt 0.016102 0.049756
vt 0.942986 0.605952
vt 0.946374 0.599704
vt 0.016102 0.051126
vt 0.938846 0.596531
vt 0.936097 0.603046
vt 0.942986 0.605948
vt 0.929232 0.600150
vt 0.936105 0.603052
vt 0.921904 0.598647
vt 0.929224 0.600148
vt 0.931327 0.593361
vt 0.923324 0.591720
vt 0.016102 0.052494
vt 0.016102 0.051810
vt 0.016102 0.051124
vt 0.914591 0.597147
vt 0.915322 0.590078
vt 0.016102 0.053862
vt 0.016102 0.053178
vt 0.016102 0.052493
vt 0.907154 0.590031
vt 0.907115 0.597102
vt 0.921895 0.598645
vt 0.914583 0.597145
vt 0.899639 0.597061
vt 0.907123 0.597108
vt 0.892313 0.598472
vt 0.899648 0.597059
vt 0.898985 0.589984
vt 0.890972 0.591529
vt 0.016102 0.055231
vt 0.016102 0.054547
vt 0.884979 0.599881
vt 0.882950 0.593076
vt 0.016102 0.056599
vt 0.016102 0.056601
vt 0.875393 0.596152
vt 0.878067 0.602701
vt 0.884979 0.599885
vt 0.871138 0.605517
vt 0.878058 0.602699
vt 0.864906 0.609634
vt 0.871146 0.605518
vt 0.867834 0.599235
vt 0.861008 0.603731
vt 0.016102 0.057969
vt 0.016102 0.057284
vt 0.858668 0.613741
vt 0.854192 0.608227
vt 0.016102 0.058653
vt 0.848380 0.613965
vt 0.853345 0.618993
vt 0.864914 0.609635
vt 0.858667 0.613746
vt 0.848048 0.624245
vt 0.853354 0.618990
vt 0.848039 0.624247
vt 0.842584 0.619708
vt 0.018353 0.056601
vt 0.018353 0.057969
vt 0.930959 0.539470
vt 0.948200 0.536611
vt 0.934369 0.545849
vt 0.943610 0.531019
vt 0.959969 0.524856
vt 0.954371 0.520262
vt 0.954391 0.421795
vt 0.968652 0.448502
vt 0.902022 0.393786
vt 0.962834 0.507615
vt 0.962825 0.507616
vt 0.968659 0.493564
vt 0.968652 0.493561
vt 0.969200 0.511026
vt 0.971631 0.478640
vt 0.975571 0.495662
vt 0.971632 0.478638
vt 0.018353 0.019646
vt 0.018353 0.021014
vt 0.971632 0.463429
vt 0.978819 0.479351
vt 0.018353 0.022384
vt 0.968660 0.448504
vt 0.978810 0.462716
vt 0.971624 0.463427
vt 0.962839 0.434446
vt 0.962839 0.434448
vt 0.975589 0.446408
vt 0.969222 0.431036
vt 0.018353 0.023752
vt 0.018353 0.025121
vt 0.018353 0.026488
vt 0.943629 0.411035
vt 0.959984 0.417207
vt 0.018353 0.027857
vt 0.930990 0.402581
vt 0.948218 0.405446
vt 0.930982 0.402579
vt 0.916932 0.396756
vt 0.902014 0.393785
vt 0.919033 0.389834
vt 0.934394 0.396200
vt 0.902708 0.386583
vt 0.018353 0.029227
vt 0.018353 0.030594
vt 0.018353 0.031964
vt 0.886097 0.386583
vt 0.018353 0.033332
vt 0.886797 0.393781
vt 0.869787 0.389824
vt 0.871875 0.396747
vt 0.871884 0.396747
vt 0.857823 0.402562
vt 0.857822 0.402564
vt 0.845171 0.411015
vt 0.854413 0.396184
vt 0.840574 0.405420
vt 0.018353 0.034701
vt 0.018353 0.036071
vt 0.018353 0.037438
vt 0.828813 0.417180
vt 0.018353 0.038808
vt 0.834394 0.421768
vt 0.819573 0.431009
vt 0.834394 0.421766
vt 0.825948 0.434418
vt 0.820130 0.448473
vt 0.820121 0.448472
vt 0.817150 0.463396
vt 0.813202 0.446371
vt 0.018353 0.040176
vt 0.018353 0.041544
vt 0.817148 0.478609
vt 0.809954 0.462679
vt 0.018353 0.042913
vt 0.820105 0.493527
vt 0.809954 0.479314
vt 0.820097 0.493525
vt 0.825934 0.507584
vt 0.825942 0.507586
vt 0.834391 0.520241
vt 0.813192 0.495629
vt 0.819552 0.510993
vt 0.018353 0.044281
vt 0.018353 0.045651
vt 0.018353 0.047019
vt 0.845142 0.531001
vt 0.828797 0.524828
vt 0.018353 0.048388
vt 0.857791 0.539451
vt 0.840546 0.536589
vt 0.845135 0.530999
vt 0.857799 0.539455
vt 0.871849 0.545278
vt 0.886759 0.548247
vt 0.886767 0.548248
vt 0.869731 0.552199
vt 0.854379 0.545832
vt 0.886056 0.555449
vt 0.018353 0.049756
vt 0.018353 0.051124
vt 0.018353 0.052493
vt 0.902684 0.555450
vt 0.018353 0.053862
vt 0.901984 0.548251
vt 0.918994 0.552209
vt 0.901975 0.548251
vt 0.916897 0.545289
vt 0.018353 0.055231
vt 0.454160 0.929986
vt 0.455973 0.922467
vt 0.455981 0.922460
vt 0.450397 0.929459
vt 0.459230 0.915434
vt 0.459222 0.915440
vt 0.452380 0.921220
vt 0.473247 0.969457
vt 0.527256 0.955417
vt 0.513219 0.901435
vt 0.463772 0.909197
vt 0.463769 0.909206
vt 0.469451 0.903952
vt 0.469455 0.903954
vt 0.467172 0.900915
vt 0.460934 0.906671
vt 0.455938 0.913527
vt 0.084299 0.016717
vt 0.085374 0.018353
vt 0.084299 0.018353
vt 0.085374 0.016717
vt 0.086452 0.018353
vt 0.086452 0.016717
vt 0.087528 0.018353
vt 0.671900 0.784182
vt 0.664995 0.788371
vt 0.669254 0.781996
vt 0.668028 0.789978
vt 0.662062 0.795444
vt 0.668023 0.789985
vt 0.665351 0.796443
vt 0.734962 0.803274
vt 0.702985 0.842257
vt 0.663990 0.810283
vt 0.663982 0.803302
vt 0.663987 0.810280
vt 0.660572 0.802970
vt 0.660570 0.810623
vt 0.053095 0.016717
vt 0.054173 0.018353
vt 0.053095 0.018353
vt 0.054173 0.016717
vt 0.055247 0.018353
vt 0.056323 0.016717
vt 0.056323 0.018353
vt 0.662065 0.818147
vt 0.057398 0.016717
vt 0.057398 0.018353
vt 0.665357 0.817133
vt 0.665004 0.825220
vt 0.665352 0.817140
vt 0.668029 0.823598
vt 0.671904 0.829420
vt 0.671908 0.829413
vt 0.676848 0.834358
vt 0.676851 0.834361
vt 0.669255 0.831592
vt 0.058475 0.016717
vt 0.058475 0.018353
vt 0.059551 0.016717
vt 0.059551 0.018353
vt 0.060627 0.016717
vt 0.060627 0.018353
vt 0.682668 0.838246
vt 0.674669 0.837015
vt 0.061703 0.018353
vt 0.688120 0.844193
vt 0.681045 0.841273
vt 0.682669 0.838237
vt 0.689124 0.840913
vt 0.689129 0.840905
vt 0.695977 0.842277
vt 0.695978 0.842268
vt 0.702977 0.842262
vt 0.695648 0.845689
vt 0.703297 0.845689
vt 0.061702 0.016717
vt 0.062779 0.018353
vt 0.062779 0.016717
vt 0.063855 0.018353
vt 0.063855 0.016717
vt 0.064930 0.018353
vt 0.709825 0.840899
vt 0.064930 0.016717
vt 0.066007 0.018353
vt 0.717896 0.841260
vt 0.710821 0.844189
vt 0.709820 0.840906
vt 0.716275 0.838242
vt 0.716279 0.838235
vt 0.722089 0.834341
vt 0.722092 0.834344
vt 0.727039 0.829396
vt 0.724271 0.836997
vt 0.066007 0.016717
vt 0.067083 0.018353
vt 0.067083 0.016717
vt 0.068159 0.018353
vt 0.068159 0.016717
vt 0.069235 0.018353
vt 0.733942 0.825216
vt 0.729688 0.831584
vt 0.070312 0.016717
vt 0.070312 0.018353
vt 0.733587 0.817135
vt 0.730910 0.823599
vt 0.734951 0.810282
vt 0.734949 0.803286
vt 0.736873 0.818132
vt 0.738365 0.810617
vt 0.071387 0.018353
vt 0.071387 0.016717
vt 0.072464 0.018353
vt 0.072464 0.016717
vt 0.073540 0.018353
vt 0.733591 0.796431
vt 0.738365 0.802953
vt 0.073540 0.016717
vt 0.074616 0.018353
vt 0.733941 0.788362
vt 0.736861 0.795442
vt 0.733586 0.796438
vt 0.730906 0.789977
vt 0.727030 0.784165
vt 0.722090 0.779229
vt 0.722086 0.779226
vt 0.729672 0.781988
vt 0.074616 0.016717
vt 0.075691 0.018353
vt 0.075691 0.016717
vt 0.076767 0.018353
vt 0.076767 0.016717
vt 0.077844 0.018353
vt 0.717884 0.772318
vt 0.724260 0.776577
vt 0.077844 0.016717
vt 0.078919 0.018353
vt 0.716269 0.775341
vt 0.710806 0.769386
vt 0.709814 0.772665
vt 0.709810 0.772663
vt 0.702965 0.771304
vt 0.702957 0.771308
vt 0.695971 0.771302
vt 0.695966 0.771309
vt 0.703297 0.767893
vt 0.695625 0.767898
vt 0.078919 0.016717
vt 0.079995 0.018353
vt 0.079995 0.016717
vt 0.081072 0.018353
vt 0.081072 0.016717
vt 0.082147 0.018353
vt 0.688114 0.769387
vt 0.082147 0.016717
vt 0.083223 0.018353
vt 0.689116 0.772661
vt 0.681042 0.772326
vt 0.689110 0.772677
vt 0.682658 0.775352
vt 0.682654 0.775350
vt 0.676847 0.779234
vt 0.676842 0.779241
vt 0.671895 0.784189
vt 0.674664 0.776578
vt 0.083223 0.016717
vt 0.483327 0.897246
vt 0.474404 0.896499
vt 0.476054 0.899922
vt 0.476062 0.899916
vt 0.490957 0.896049
vt 0.498683 0.896363
vt 0.498683 0.896374
vt 0.499217 0.892594
vt 0.490742 0.892257
vt 0.482368 0.893564
vt 0.506208 0.898173
vt 0.513226 0.901419
vt 0.515152 0.898151
vt 0.507454 0.894592
vt 0.519480 0.905980
vt 0.519476 0.905988
vt 0.524724 0.911662
vt 0.527756 0.909371
vt 0.522010 0.903133
vt 0.528759 0.918263
vt 0.528762 0.918254
vt 0.531425 0.925526
vt 0.532180 0.916607
vt 0.532624 0.933173
vt 0.532628 0.933164
vt 0.532314 0.940890
vt 0.532310 0.940898
vt 0.536077 0.941416
vt 0.536418 0.932954
vt 0.535106 0.924567
vt 0.530501 0.948409
vt 0.530505 0.948401
vt 0.534086 0.949662
vt 0.527248 0.955434
vt 0.530528 0.957355
vt 0.522694 0.961695
vt 0.522697 0.961687
vt 0.517015 0.966931
vt 0.517015 0.966941
vt 0.525536 0.964213
vt 0.510412 0.970959
vt 0.519302 0.969961
vt 0.503148 0.973641
vt 0.503155 0.973634
vt 0.512070 0.974387
vt 0.495509 0.974833
vt 0.495505 0.974842
vt 0.487783 0.974529
vt 0.487257 0.978282
vt 0.495723 0.978635
vt 0.504110 0.977303
vt 0.480265 0.972702
vt 0.480258 0.972709
vt 0.473243 0.969455
vt 0.479015 0.976292
vt 0.466986 0.964913
vt 0.466990 0.964904
vt 0.461738 0.959229
vt 0.458714 0.961513
vt 0.464464 0.967743
vt 0.471322 0.972735
vt 0.457711 0.952621
vt 0.455048 0.945350
vt 0.454294 0.954268
vt 0.453846 0.937712
vt 0.453837 0.937718
vt 0.450048 0.937939
vt 0.451368 0.946309
vt 0.060204 0.632605
vt 0.088166 0.594120
vt 0.143948 0.744141
vt 0.115986 0.782626
vt 0.173452 0.660925
vt 0.173452 0.613354
vt 0.262732 0.790874
vt 0.234768 0.752389
vt 0.337640 0.905994
vt 0.292397 0.920695
vt 0.340251 0.571998
vt 0.353951 0.526443
vt 0.400788 0.841415
vt 0.400788 0.793843
vt 0.446255 0.638766
vt 0.491496 0.576493
vt 0.342404 0.646336
vt 0.415608 0.670123
vt 0.278728 0.522563
vt 0.317819 0.549666
vt 0.182700 0.873773
vt 0.143608 0.846666
vt 0.504680 0.761751
vt 0.526844 0.688040
vt 0.018353 0.016908
vt 0.018353 0.060705
vt 0.016102 0.060021
vt 0.016102 0.018961
vt 0.016102 0.021699
vt 0.016102 0.025806
vt 0.016102 0.028542
vt 0.016102 0.040860
vt 0.016102 0.043597
vt 0.016102 0.049073
vt 0.016102 0.050441
vt 0.016102 0.055915
vt 0.087528 0.016717
vt 0.055247 0.016717
vt 0.069235 0.016717
s 1
usemtl Player
f 1/1/1 6/2/1 2/3/1
f 1/1/2 300/4/2 4/5/2
f 3/6/3 5/7/3 1/1/3
f 1/1/2 18/8/2 3/6/2
f 5/9/4 9/10/4 6/11/4
f 7/12/5 8/13/5 5/9/5
f 11/14/2 12/15/2 9/16/2
f 7/12/6 11/17/6 10/18/6
f 13/19/7 12/20/7 11/17/7
f 3/6/8 13/21/8 7/22/8
f 15/23/9 14/24/9 13/21/9
f 15/23/2 18/8/2 17/25/2
f 15/23/2 19/26/2 16/27/2
s 0
f 18/8/10 20/28/11 17/25/12
f 17/25/13 22/29/14 19/26/12
s 1
f 24/30/15 21/31/16 26/32/17
f 23/33/18 22/29/19 20/28/20
f 20/28/21 24/30/21 23/33/21
s 0
f 28/34/22 24/30/14 27/35/23
s 1
f 127/36/24 24/30/25 25/37/24
s 0
f 27/35/26 26/32/14 29/38/27
s 1
f 31/39/28 27/35/28 30/40/28
f 30/40/28 29/38/28 32/41/28
f 30/40/29 34/42/29 31/39/29
f 30/40/30 35/43/30 33/44/30
f 34/45/31 36/46/31 37/47/31
f 35/48/32 36/46/32 33/49/32
f 39/50/28 40/51/28 37/52/28
f 35/48/33 39/53/33 38/54/33
f 42/55/34 39/53/34 41/56/34
f 32/41/35 41/57/35 35/43/35
f 44/58/36 41/57/37 43/59/37
f 32/41/28 45/60/28 43/59/28
f 44/58/28 45/60/28 46/61/28
s 0
f 29/38/38 47/62/11 45/60/12
f 45/60/39 48/63/14 46/61/40
s 1
f 49/64/41 26/32/42 248/65/43
f 51/66/44 47/62/45 50/67/46
f 47/62/47 49/64/47 50/67/47
s 0
f 54/68/48 50/67/14 53/69/27
f 53/69/49 52/70/14 55/71/12
s 1
f 226/72/50 50/67/51 49/64/52
f 56/73/53 54/68/53 53/69/53
f 56/73/53 55/71/53 58/74/53
f 56/73/54 60/75/54 57/76/54
f 56/73/55 61/77/55 59/78/55
f 59/79/56 63/80/56 60/81/56
f 61/82/57 62/83/57 59/79/57
f 64/84/53 65/85/53 66/86/53
f 67/87/58 64/88/58 61/82/58
f 68/89/59 65/90/59 67/87/59
f 69/91/60 61/77/60 58/74/60
f 69/91/61 68/92/61 67/93/61
f 58/74/53 71/94/53 69/91/53
f 69/91/53 72/95/53 70/96/53
s 0
f 55/71/62 73/97/14 71/94/12
f 71/94/63 74/98/14 72/95/12
s 1
f 73/97/64 225/99/65 75/100/11
f 74/98/66 76/101/67 78/102/68
s 0
f 73/97/14 75/100/69 76/101/70
f 79/103/13 77/104/14 80/105/12
s 1
f 76/101/71 204/106/72 77/104/73
s 0
f 81/107/74 76/101/14 79/103/27
s 1
f 82/108/27 80/105/27 83/109/27
f 84/110/27 79/103/27 82/108/27
f 83/109/7 85/111/7 82/108/7
f 84/110/75 85/111/75 87/112/75
f 86/113/9 88/114/9 85/115/9
f 87/116/76 88/114/76 90/117/76
f 92/118/27 91/119/27 90/120/27
f 93/121/1 90/117/1 91/122/1
f 93/121/3 92/123/3 94/124/3
f 95/125/5 94/126/5 96/127/5
f 95/125/4 87/112/4 93/128/4
f 96/127/27 97/129/27 95/125/27
f 84/110/27 97/129/27 81/107/27
s 0
f 98/130/77 99/131/77 97/129/77
f 97/129/78 78/102/11 81/107/27
s 1
f 99/131/79 175/132/79 101/133/79
f 99/131/80 104/134/81 78/102/82
f 101/133/83 102/135/83 99/131/83
s 0
f 105/136/84 103/137/11 106/138/27
s 1
f 102/135/85 154/139/86 103/137/87
s 0
f 107/140/88 102/135/14 105/136/27
s 1
f 108/141/89 106/138/89 109/142/89
f 110/143/89 105/136/89 108/141/89
f 108/141/90 112/144/90 111/145/90
f 110/143/91 111/145/91 113/146/91
f 111/147/92 115/148/92 114/149/92
f 111/147/93 116/150/93 113/151/93
f 117/152/89 116/153/89 114/154/89
f 119/155/94 116/150/94 117/156/94
f 119/155/95 118/157/95 120/158/95
f 122/159/96 119/160/96 120/161/96
f 110/143/97 119/160/97 121/162/97
f 122/159/89 123/163/89 121/162/89
f 110/143/89 123/163/89 107/140/89
s 0
f 124/164/98 125/165/14 123/163/27
f 123/163/99 104/134/14 107/140/23
s 1
f 48/63/100 126/166/101 25/37/101
f 104/134/102 51/66/103 74/98/104
f 48/63/105 51/66/106 125/165/105
s 0
f 106/138/107 126/166/14 124/164/108
s 1
f 103/137/109 127/36/110 126/166/111
f 127/36/112 25/37/112 126/166/112
s 0
f 130/167/113 127/36/14 129/168/114
f 129/168/115 128/169/14 131/170/12
s 1
f 133/171/116 129/168/116 132/172/116
f 134/173/116 129/168/116 131/170/116
f 132/172/117 136/174/117 133/171/117
f 134/173/118 135/175/118 132/172/118
f 135/176/119 139/177/119 136/178/119
f 137/179/120 138/180/120 135/176/120
f 142/181/116 139/182/116 138/183/116
f 143/184/121 140/185/121 137/179/121
f 144/186/122 141/187/123 143/184/123
f 134/173/124 143/188/124 137/189/124
f 146/190/125 143/188/125 145/191/125
f 134/173/116 147/192/116 145/191/116
f 146/190/116 147/192/116 148/193/116
s 0
f 131/170/126 149/194/14 147/192/27
f 147/192/127 150/195/14 148/193/27
s 1
f 128/169/128 152/196/129 149/194/130
f 151/197/131 150/195/132 149/194/133
f 151/197/134 149/194/134 152/196/134
s 0
f 156/198/135 152/196/14 155/199/108
s 1
f 276/200/136 152/196/137 153/201/138
s 0
f 155/199/139 154/139/14 157/202/40
s 1
f 158/203/140 156/198/140 155/199/140
f 158/203/140 157/202/140 160/204/140
f 158/203/141 162/205/141 159/206/141
f 158/203/142 163/207/142 161/208/142
f 162/209/143 164/210/143 165/211/143
f 163/212/144 164/210/144 161/213/144
f 166/214/140 167/215/140 168/216/140
f 169/217/145 166/218/145 163/212/145
f 170/219/146 167/220/146 169/217/146
f 171/221/147 163/207/147 160/204/147
f 172/222/148 169/223/148 171/221/148
f 171/221/140 157/202/140 173/224/140
f 171/221/140 174/225/140 172/222/140
s 0
f 157/202/149 101/133/14 173/224/12
f 173/224/77 175/132/77 174/225/77
s 1
f 172/222/140 156/198/140 159/206/140
s 0
f 174/225/150 153/201/14 156/198/27
s 1
f 176/226/151 153/201/152 175/132/153
f 176/226/154 175/132/154 100/227/154
s 0
f 180/228/38 176/226/11 179/229/12
f 179/229/26 178/230/14 181/231/27
s 1
f 178/230/155 100/227/156 77/104/157
f 182/232/158 180/228/158 179/229/158
f 184/233/158 179/229/158 181/231/158
f 182/232/33 186/234/33 183/235/33
f 184/233/32 185/236/32 182/232/32
f 185/237/35 189/238/35 186/239/35
f 185/237/30 190/240/30 188/241/30
f 188/242/158 191/243/158 189/244/158
f 193/245/29 190/240/29 187/246/29
f 193/245/159 192/247/160 191/248/159
f 195/249/31 187/250/31 184/233/31
f 196/251/161 193/252/161 195/249/161
f 184/233/158 197/253/158 195/249/158
f 196/251/158 197/253/158 198/254/158
s 0
f 181/231/22 199/255/14 197/253/23
f 197/253/133 200/256/14 198/254/27
s 1
f 178/230/162 202/257/163 199/255/164
f 201/258/165 200/256/166 199/255/165
f 201/258/167 199/255/167 202/257/167
s 0
f 206/259/115 202/257/14 205/260/12
s 1
f 201/258/168 203/261/169 252/262/170
s 0
f 205/260/113 204/106/14 207/263/114
s 1
f 209/264/171 205/260/171 208/265/171
f 210/266/171 205/260/171 207/263/171
f 209/264/120 211/267/120 212/268/120
f 208/265/119 213/269/119 211/267/119
f 212/270/118 214/271/118 215/272/118
f 211/273/117 216/274/117 214/271/117
f 216/275/171 218/276/171 214/277/171
f 213/278/172 217/279/172 216/274/172
f 219/280/125 218/281/125 217/279/125
f 221/282/122 220/283/122 219/284/122
f 221/282/173 213/269/173 210/266/173
f 222/285/171 223/286/171 224/287/171
f 221/282/171 207/263/171 223/286/171
s 0
f 223/286/127 225/99/14 224/287/27
f 207/263/174 75/100/14 223/286/27
s 1
f 209/264/171 224/287/171 206/259/171
s 0
f 224/287/126 203/261/14 206/259/27
s 1
f 226/72/175 203/261/176 225/99/177
f 226/72/178 225/99/178 52/70/178
s 0
f 229/288/139 226/72/14 228/289/40
f 228/289/135 49/64/14 230/290/108
s 1
f 231/291/179 229/288/179 228/289/179
f 231/291/179 230/290/179 233/292/179
f 231/291/144 235/293/144 232/294/144
f 231/291/143 236/295/143 234/296/143
f 235/297/142 237/298/142 238/299/142
f 236/300/141 237/298/141 234/301/141
f 238/302/179 237/303/179 239/304/179
f 236/300/180 240/305/180 239/306/180
f 243/307/148 240/305/148 242/308/148
f 244/309/181 236/295/181 233/292/181
f 245/310/146 242/311/146 244/309/146
f 244/309/179 230/290/179 246/312/179
f 244/309/179 247/313/179 245/310/179
s 0
f 230/290/150 248/65/14 246/312/27
f 246/312/77 249/314/77 247/313/77
s 1
f 21/31/182 249/314/182 248/65/182
f 21/31/183 248/65/183 26/32/183
s 0
f 247/313/149 227/315/14 229/288/12
s 1
f 227/315/184 251/316/185 252/262/186
f 250/317/187 251/316/188 249/314/188
s 0
f 255/318/84 251/316/11 254/319/27
f 254/319/88 253/320/14 256/321/27
s 1
f 250/317/189 253/320/190 251/316/191
f 258/322/192 254/319/192 257/323/192
f 259/324/192 254/319/192 256/321/192
f 257/323/92 261/325/92 258/322/92
f 259/324/93 260/326/93 257/323/93
f 260/327/90 264/328/90 261/329/90
f 260/327/91 265/330/91 263/331/91
f 266/332/192 267/333/192 264/334/192
f 268/335/97 265/330/97 262/336/97
f 268/335/96 267/337/96 266/338/96
f 270/339/94 262/340/94 259/324/94
f 271/341/95 268/342/95 270/339/95
f 259/324/192 272/343/192 270/339/192
f 271/341/192 272/343/192 273/344/192
s 0
f 256/321/99 274/345/14 272/343/23
f 272/343/98 201/258/14 273/344/27
s 1
f 275/346/193 253/320/194 277/347/195
f 274/345/196 275/346/196 200/256/196
s 0
f 279/348/48 275/346/14 278/349/27
s 1
f 276/200/197 200/256/198 275/346/199
s 0
f 278/349/200 277/347/14 280/350/108
s 1
f 282/351/201 278/349/201 281/352/201
f 283/353/201 278/349/201 280/350/201
f 282/351/56 284/354/56 285/355/56
f 281/352/202 286/356/202 284/354/202
f 285/357/54 287/358/54 288/359/54
f 284/360/203 289/361/203 287/358/203
f 291/362/201 287/363/201 289/364/201
f 286/365/61 290/366/61 289/361/61
f 292/367/60 291/368/204 290/366/60
f 294/369/59 286/356/59 283/353/59
f 294/369/58 293/370/58 292/371/58
f 283/353/201 296/372/201 294/369/201
f 294/369/201 297/373/201 295/374/201
s 0
f 280/350/63 298/375/14 296/372/12
f 296/372/205 151/197/14 297/373/12
s 1
f 298/375/206 299/376/207 22/29/208
s 0
f 298/375/209 22/29/209 150/195/14
s 1
f 282/351/201 297/373/201 279/348/201
s 0
f 297/373/49 276/200/14 279/348/12
s 1
f 282/351/57 293/370/57 295/374/57
f 293/377/55 288/359/55 291/368/55
f 299/376/210 277/347/210 253/320/210
s 0
f 300/4/78 250/317/11 4/5/27
f 19/26/74 299/376/14 300/4/27
s 1
f 16/27/2 300/4/2 2/3/2
f 276/200/211 153/201/211 177/378/211
f 271/341/192 255/318/192 258/322/192
s 0
f 273/344/107 252/262/14 255/318/108
s 1
f 271/341/212 261/325/212 269/379/212
f 269/380/213 264/328/213 267/337/213
f 227/315/214 252/262/214 203/261/214
s 0
f 4/5/77 21/31/77 18/8/77
s 1
f 245/310/179 229/288/179 232/294/179
f 245/310/145 235/293/145 243/381/145
f 235/297/147 241/382/147 243/307/147
f 209/264/121 220/283/121 222/285/121
f 220/383/124 215/272/124 218/281/124
f 204/106/215 178/230/215 77/104/215
s 0
f 198/254/39 177/378/14 180/228/40
s 1
f 196/251/158 180/228/158 183/235/158
f 196/251/34 186/234/34 194/384/34
f 186/239/36 192/247/36 194/385/36
f 172/222/180 162/205/180 170/386/180
f 170/219/181 165/211/181 168/387/181
f 128/169/216 103/137/216 154/139/216
s 0
f 148/193/174 23/33/14 130/167/27
s 1
f 133/171/116 148/193/116 130/167/116
f 146/190/172 136/174/172 144/388/172
f 136/178/173 142/389/173 144/186/173
f 122/159/89 106/138/89 124/164/89
f 122/159/213 112/144/217 109/142/217
f 120/158/212 115/148/212 112/390/212
f 104/134/218 74/98/218 78/102/218
s 0
f 80/105/10 100/227/11 98/130/12
s 1
f 96/127/27 80/105/27 98/130/27
f 96/127/6 86/391/6 83/109/6
f 94/124/8 89/392/8 86/113/8
s 0
f 72/95/200 51/66/14 54/68/108
s 1
f 70/96/53 54/68/53 57/76/53
f 57/76/203 68/92/203 70/96/203
f 60/81/202 66/393/202 68/89/202
s 0
f 46/61/133 25/37/14 28/34/27
s 1
f 44/58/28 28/34/28 31/39/28
f 44/58/159 34/42/159 42/394/159
f 34/45/161 40/395/161 42/55/161
f 2/3/76 14/24/76 16/27/76
f 6/11/75 12/20/75 14/396/75
f 301/397/219 540/398/219 302/399/219
f 302/399/11 307/400/220 305/397/14
f 528/401/221 301/402/221 304/403/221
f 304/403/222 301/402/14 525/403/14
f 308/404/223 306/405/223 305/406/223
f 308/404/223 307/407/223 310/408/223
f 308/404/224 312/409/224 309/410/224
f 308/404/225 313/411/225 311/412/225
f 440/413/223 468/414/223 496/415/223
f 310/408/225 314/416/225 313/411/225
f 316/417/226 315/418/226 314/416/226
f 316/417/223 307/407/223 318/419/223
f 316/417/223 319/420/223 317/421/223
f 302/399/227 321/422/11 318/399/11
f 323/423/223 319/420/223 320/424/223
f 332/425/14 322/426/228 320/422/14
f 323/423/223 322/427/223 324/428/223
f 317/421/229 325/429/226 315/418/226
f 323/423/230 326/430/230 325/429/230
f 324/428/230 327/431/230 326/430/230
f 329/432/231 328/433/231 327/431/231
f 329/432/223 322/427/223 331/434/223
f 329/432/223 333/435/223 330/436/223
f 335/437/11 334/438/232 331/439/11
f 337/440/223 333/435/223 334/441/223
f 346/442/233 336/443/234 334/438/233
f 337/440/223 336/444/223 338/445/223
f 330/436/231 339/446/231 328/433/231
f 337/440/235 340/447/235 339/446/235
f 338/445/235 341/448/235 340/447/235
f 343/449/236 342/450/236 341/448/236
f 343/449/223 336/444/223 345/451/223
f 343/449/223 347/452/223 344/453/223
f 349/454/11 347/455/237 345/456/11
f 351/457/223 347/452/223 348/458/223
f 349/454/238 360/459/14 348/460/14
f 351/457/223 350/461/223 352/462/223
f 344/453/236 353/463/236 342/450/236
f 351/457/239 354/464/239 353/463/239
f 352/462/239 355/465/239 354/464/239
f 357/466/240 356/467/240 355/465/240
f 357/466/223 350/461/223 359/468/223
f 357/466/223 361/469/223 358/470/223
f 363/471/14 361/472/241 359/459/14
f 365/473/223 361/469/223 362/474/223
f 363/471/242 374/475/11 362/471/11
f 365/473/223 364/476/223 366/477/223
f 358/470/240 367/478/240 356/467/240
f 365/473/243 368/477/243 367/478/243
f 366/477/243 369/479/243 368/477/243
f 371/480/244 370/481/245 369/479/245
f 371/480/223 364/476/223 373/482/223
f 371/480/223 375/483/223 372/484/223
f 377/485/11 375/486/246 373/475/11
f 379/487/223 375/483/223 376/488/223
f 388/489/14 378/490/247 376/491/14
f 379/487/223 378/492/223 380/493/223
f 372/484/244 381/494/245 370/481/245
f 379/487/248 382/495/248 381/494/248
f 380/493/248 383/496/248 382/495/248
f 385/497/249 384/498/249 383/496/249
f 385/497/223 378/492/223 387/499/223
f 385/497/223 389/500/223 386/501/223
f 388/489/250 391/502/11 389/503/251
f 393/504/223 389/500/223 390/505/223
f 402/506/11 392/507/252 390/508/11
f 393/504/223 392/509/223 394/510/223
f 386/501/249 395/511/249 384/498/249
f 393/504/253 396/512/253 395/511/254
f 394/510/253 397/513/253 396/512/253
f 399/514/255 398/515/255 397/513/255
f 399/514/223 392/509/223 401/516/223
f 399/514/223 403/517/223 400/518/223
f 405/519/256 403/520/257 401/521/11
f 407/522/223 403/517/223 404/523/223
f 416/524/11 406/525/258 404/526/11
f 407/522/223 406/527/223 408/528/223
f 400/518/259 409/529/255 398/515/255
f 407/522/260 410/530/260 409/529/261
f 408/528/260 411/531/260 410/530/260
f 413/532/221 412/533/221 411/531/221
f 413/532/223 406/527/223 415/534/223
f 413/532/223 417/535/223 414/533/223
f 419/536/11 417/537/262 415/524/11
f 421/538/223 417/535/223 418/539/223
f 430/540/14 420/541/263 418/536/14
f 421/538/223 420/542/223 422/543/223
f 414/533/221 423/544/221 412/533/221
f 422/543/219 423/544/219 421/538/219
f 427/545/219 424/546/219 422/543/219
f 428/547/264 425/545/264 427/545/264
f 427/545/223 420/542/223 429/548/223
f 427/545/223 431/549/223 428/547/223
f 430/540/265 433/550/11 429/540/11
f 435/551/223 431/549/223 432/552/223
f 444/553/266 434/554/267 432/555/266
f 435/551/223 434/556/223 436/557/223
f 435/551/264 426/558/264 428/547/264
f 436/557/268 437/559/268 435/551/268
f 441/560/268 438/557/268 436/557/268
f 442/561/269 439/560/269 441/560/269
f 441/560/223 434/556/223 443/562/270
f 441/560/223 445/563/271 442/561/223
f 447/564/11 446/565/272 443/553/270
f 449/566/223 445/563/271 446/567/272
f 458/568/11 448/569/273 446/565/11
f 449/566/223 448/570/223 450/571/223
f 449/566/269 440/413/269 442/561/269
f 450/571/274 451/572/274 449/566/274
f 455/573/274 452/574/274 450/571/274
f 456/575/275 453/576/275 455/573/275
f 455/573/223 448/570/223 457/577/223
f 455/573/223 459/578/223 456/575/223
f 461/579/14 459/580/276 457/581/14
f 463/582/223 459/578/223 460/583/223
f 472/584/14 462/585/277 460/579/14
f 463/582/223 462/586/223 464/587/223
f 463/582/275 454/588/275 456/575/275
f 464/587/278 465/582/278 463/582/278
f 469/589/278 466/590/278 464/587/278
f 470/414/279 467/591/279 469/589/279
f 469/589/223 462/586/223 471/592/223
f 469/589/223 473/593/223 470/414/223
f 472/584/280 474/594/281 471/584/11
f 477/595/223 473/593/223 474/596/223
f 475/594/282 486/597/14 474/594/14
f 477/595/223 476/598/223 478/599/223
f 477/595/279 468/414/279 470/414/279
f 478/599/283 479/600/283 477/595/283
f 483/601/283 480/602/283 478/599/283
f 484/603/284 481/604/284 483/601/284
f 483/601/223 476/598/223 485/605/223
f 483/601/223 487/606/223 484/603/223
f 489/607/14 487/608/285 485/609/14
f 491/610/223 487/606/223 488/611/223
f 500/612/11 490/613/286 488/614/11
f 491/610/223 490/615/223 492/616/223
f 491/610/284 482/617/284 484/603/284
f 492/616/287 493/618/287 491/610/287
f 497/619/287 494/620/287 492/616/287
f 498/621/288 495/622/288 497/619/288
f 497/619/223 490/615/223 499/623/223
f 497/619/223 501/624/223 498/621/223
f 503/625/14 501/626/289 499/612/14
f 505/627/223 501/624/223 502/628/223
f 514/629/11 513/630/290 502/625/11
f 505/627/223 504/631/223 506/632/223
f 505/627/288 496/415/288 498/621/288
f 506/632/291 507/633/292 505/627/292
f 511/634/291 508/635/291 506/632/291
f 512/636/293 509/637/293 511/634/293
f 511/634/223 504/631/223 513/638/223
f 511/634/223 515/639/223 512/636/223
f 517/640/11 515/641/294 513/630/11
f 519/642/223 515/639/223 516/643/223
f 304/403/11 518/644/295 516/640/11
f 519/642/223 518/645/223 520/646/223
f 519/642/293 510/647/293 512/636/293
f 520/646/296 521/648/296 519/642/297
f 524/649/297 522/650/296 520/646/296
f 309/410/224 523/651/224 524/649/224
f 524/649/223 518/645/223 525/652/223
f 524/649/223 306/405/223 309/410/223
f 527/653/255 517/640/255 514/629/255
f 526/654/261 304/403/261 517/640/260
f 530/655/298 526/656/298 527/657/298
f 529/658/298 528/659/298 526/656/298
f 530/655/293 532/658/293 529/658/293
f 529/658/297 534/660/296 531/660/296
f 550/661/298 548/662/298 562/663/298
f 531/660/224 535/664/224 537/665/224
f 538/666/225 535/664/225 536/667/225
f 538/666/298 303/668/298 537/665/298
f 531/660/298 303/668/298 528/659/298
f 539/669/298 540/670/298 538/666/298
f 539/669/229 536/667/229 547/671/229
f 302/399/299 541/672/299 321/422/299
f 321/422/268 542/673/268 332/425/268
f 544/674/298 541/675/298 539/669/298
f 332/425/269 543/676/269 335/437/269
f 545/677/298 542/678/298 544/674/298
f 544/674/230 547/671/230 546/679/230
f 545/677/231 546/679/231 548/662/231
f 551/680/235 548/662/235 549/681/235
f 552/661/236 549/681/236 550/661/236
f 551/680/298 543/682/298 545/677/298
f 552/661/298 553/683/298 551/680/298
f 335/437/274 553/684/274 346/442/274
f 346/442/275 554/685/275 349/454/275
f 349/454/278 555/686/278 360/459/278
f 557/687/298 554/688/298 552/661/298
f 360/459/279 556/689/279 363/471/279
f 558/690/298 555/691/298 557/687/298
f 557/687/239 550/661/239 559/687/239
f 558/690/240 559/687/240 560/692/240
f 563/693/243 560/692/243 561/693/243
f 564/694/244 561/693/244 562/663/244
f 558/690/298 565/695/298 556/696/298
f 563/693/298 566/697/298 565/695/298
f 363/471/283 565/698/283 374/475/283
f 374/475/284 566/699/284 377/485/284
f 377/485/287 567/700/287 388/489/287
f 564/694/298 567/701/298 566/697/298
f 388/489/288 568/702/288 391/502/288
f 569/703/298 568/704/298 567/701/298
f 569/703/248 562/663/248 571/703/248
f 570/705/249 571/703/249 572/706/249
f 575/707/254 572/706/254 573/708/254
f 576/709/255 573/708/255 574/709/255
f 570/705/298 577/710/298 568/704/298
f 575/707/298 578/711/298 577/710/298
f 391/502/291 577/712/291 402/506/291
f 402/506/293 578/713/293 405/519/293
f 405/519/297 579/714/297 416/524/296
f 576/709/298 579/715/298 578/711/298
f 416/524/224 580/716/224 419/536/224
f 581/717/298 580/718/298 579/715/298
f 581/717/261 574/709/261 583/719/261
f 582/720/221 583/719/221 584/720/221
f 582/720/219 585/721/219 587/722/219
f 587/722/299 586/723/299 588/723/299
f 587/722/298 580/718/298 582/720/298
f 588/723/298 589/724/298 587/722/298
f 580/716/225 430/540/225 419/536/225
f 589/725/226 433/550/226 430/540/226
f 590/726/230 444/553/230 433/550/230
f 593/727/298 590/728/298 588/723/298
f 591/729/231 447/564/231 444/553/231
f 594/730/298 591/731/298 593/727/298
f 588/723/268 595/727/268 593/727/268
f 593/727/269 596/732/269 594/730/269
f 594/730/274 597/733/274 599/734/274
f 599/734/275 598/735/275 600/735/275
f 599/734/298 592/736/298 594/730/298
f 600/735/298 601/737/298 599/734/298
f 592/738/235 458/568/235 447/564/235
f 601/739/236 461/579/236 458/568/236
f 602/740/239 472/584/239 461/579/239
f 605/741/298 602/742/298 600/735/298
f 603/743/240 475/594/240 472/584/240
f 606/744/298 603/745/298 605/741/298
f 600/735/278 607/746/278 605/741/278
f 605/741/279 608/747/279 606/744/279
f 606/744/283 609/748/283 611/748/283
f 611/748/284 610/749/284 612/750/284
f 606/744/298 613/751/298 604/752/298
f 611/748/298 614/753/298 613/751/298
f 604/754/243 486/597/243 475/594/243
f 613/755/245 489/607/245 486/597/245
f 614/756/248 500/612/248 489/607/248
f 612/750/298 615/757/298 614/753/298
f 615/758/249 503/625/249 500/612/249
f 617/759/298 616/760/298 615/757/298
f 612/750/287 619/761/287 617/759/287
f 617/759/288 620/762/288 618/762/288
f 618/762/292 533/655/292 530/655/292
f 618/762/298 527/657/298 616/760/298
f 616/763/254 514/629/254 503/625/253
f 622/764/300 625/765/300 621/766/300
f 621/766/11 649/767/11 622/764/11
f 621/766/301 627/768/301 623/769/301
f 623/769/11 624/770/11 621/766/11
f 801/771/11 783/772/11 765/773/11
f 623/769/302 628/774/302 630/775/302
f 630/775/303 629/776/303 631/777/303
f 630/775/11 633/778/11 632/779/11
f 630/775/11 635/780/11 623/769/11
f 751/781/304 632/782/304 633/783/304
f 634/784/305 635/785/305 632/782/305
f 636/786/306 624/787/306 635/785/306
f 639/788/14 636/789/14 634/790/14
f 638/791/14 637/792/14 636/789/14
f 639/788/302 641/793/302 638/791/302
f 638/791/301 643/794/301 640/794/301
f 705/795/14 675/796/14 645/797/14
f 640/794/300 644/798/300 646/798/300
f 646/798/307 645/797/307 647/799/307
f 640/794/14 648/800/14 637/792/14
f 646/798/14 650/801/14 648/800/14
f 637/802/308 649/803/308 624/804/308
f 648/805/309 651/806/309 649/803/309
f 651/806/310 652/807/310 653/808/310
f 647/799/14 652/809/14 650/801/14
f 653/808/311 654/810/311 808/811/311
f 655/812/14 654/813/14 652/809/14
f 647/799/312 657/814/312 655/812/312
f 656/815/313 657/814/313 658/815/313
f 661/816/314 658/815/314 659/817/314
f 661/816/315 660/818/315 662/819/315
f 656/815/14 663/820/14 654/813/14
f 662/819/14 663/820/14 661/816/14
f 808/811/316 663/821/316 664/822/316
f 664/822/317 665/823/317 666/824/317
f 666/824/318 667/825/318 668/826/318
f 670/827/14 665/828/14 662/819/14
f 667/825/319 799/829/319 668/826/319
f 670/827/14 669/830/14 667/831/14
f 662/819/320 672/832/320 670/827/320
f 670/827/321 673/833/321 671/834/321
f 671/834/322 674/835/322 676/836/322
f 676/836/323 675/796/323 677/837/323
f 671/834/14 678/838/14 669/830/14
f 676/836/14 680/839/14 678/838/14
f 669/840/324 679/841/324 799/829/324
f 678/842/325 681/843/325 679/841/325
f 680/844/326 683/845/326 681/843/326
f 685/846/14 680/839/14 677/837/14
f 682/847/327 790/848/327 683/845/327
f 685/846/14 684/849/14 682/850/14
f 677/837/328 687/851/328 685/846/328
f 685/846/329 688/852/329 686/853/329
f 691/854/330 688/852/330 689/855/330
f 692/856/304 689/855/304 690/856/304
f 691/854/14 684/849/14 686/853/14
f 692/856/14 693/857/14 691/854/14
f 684/858/331 694/859/331 790/848/331
f 693/860/303 696/861/303 694/859/303
f 695/862/302 698/863/302 696/861/302
f 692/856/14 697/864/14 695/865/14
f 698/863/301 699/866/301 781/867/301
f 701/868/14 697/864/14 700/869/14
f 692/856/305 702/869/305 700/869/305
f 700/869/306 703/868/306 701/868/306
f 701/868/332 704/870/332 706/870/332
f 706/870/309 705/795/309 707/871/309
f 706/870/14 699/872/14 701/868/14
f 707/871/14 708/873/14 706/870/14
f 699/866/333 709/874/333 781/867/333
f 708/875/307 711/876/307 709/874/307
f 710/877/312 713/878/312 711/876/312
f 715/879/14 710/880/14 707/871/14
f 712/881/313 772/882/313 713/878/313
f 715/879/14 714/883/14 712/884/14
f 707/871/310 717/885/310 715/879/310
f 715/879/311 718/886/311 716/886/311
f 716/886/316 719/887/316 721/887/316
f 721/887/317 720/888/317 722/889/317
f 716/886/14 723/890/14 714/883/14
f 722/889/14 723/890/14 721/887/14
f 714/891/314 724/892/314 772/882/314
f 723/893/315 726/894/315 724/892/315
f 725/895/320 728/896/320 726/894/320
f 722/889/14 727/897/14 725/898/14
f 727/899/334 763/900/334 728/896/334
f 730/901/14 729/902/14 727/897/14
f 722/889/318 732/901/318 730/901/318
f 730/901/319 733/903/319 731/904/319
f 731/904/324 734/905/324 736/906/324
f 736/906/325 735/907/325 737/908/325
f 731/904/14 738/909/14 729/902/14
f 736/906/14 740/910/14 738/909/14
f 729/911/335 739/912/335 763/900/335
f 738/913/323 741/914/323 739/912/323
f 740/915/328 743/916/328 741/914/328
f 737/908/14 742/917/14 740/910/14
f 742/918/329 752/919/329 743/916/329
f 745/920/14 744/921/14 742/917/14
f 737/908/326 747/922/326 745/920/326
f 745/920/327 748/923/327 746/924/327
f 746/924/331 749/925/331 750/926/331
f 750/926/303 642/927/303 639/788/303
f 746/924/14 751/928/14 744/921/14
f 639/788/14 751/928/14 750/926/14
f 744/929/330 633/783/330 752/919/330
f 754/930/11 752/931/11 753/932/11
f 753/932/11 633/778/11 631/777/11
f 754/930/327 755/933/327 756/930/327
f 631/777/331 755/933/331 753/932/331
f 759/934/326 756/930/326 757/934/326
f 759/934/325 758/935/325 760/936/325
f 759/934/11 739/937/11 741/938/11
f 759/934/11 743/939/11 754/930/11
f 760/936/324 764/940/324 761/940/324
f 761/940/11 739/937/11 760/936/11
f 761/940/319 765/773/319 762/941/319
f 761/940/11 728/942/11 763/943/11
f 762/941/318 766/944/318 768/945/318
f 768/945/317 767/946/317 769/946/317
f 768/945/11 724/947/11 726/948/11
f 768/945/11 728/942/11 762/941/11
f 769/946/316 773/949/316 770/950/316
f 770/950/11 724/947/11 769/946/11
f 770/950/311 774/951/311 771/951/311
f 771/951/11 772/952/11 770/950/11
f 771/951/310 775/953/310 777/954/310
f 777/954/309 776/955/309 778/956/309
f 777/954/11 709/957/11 711/958/11
f 771/951/11 711/958/11 713/959/11
f 778/956/332 782/960/332 779/961/332
f 778/956/11 781/962/11 709/957/11
f 779/961/306 783/772/306 780/963/306
f 779/961/11 698/964/11 781/962/11
f 780/963/305 784/965/305 786/966/305
f 786/966/304 785/967/304 787/968/304
f 787/968/11 696/969/11 786/966/11
f 786/966/11 698/964/11 780/963/11
f 787/968/330 791/970/330 788/970/330
f 788/970/11 694/971/11 787/968/11
f 788/970/329 792/972/329 789/973/329
f 789/973/11 790/974/11 788/970/11
f 789/973/328 793/975/328 795/976/328
f 795/976/323 794/977/323 796/977/323
f 795/976/11 679/978/11 681/979/11
f 789/973/11 681/979/11 683/980/11
f 796/977/322 800/981/322 797/982/322
f 797/982/11 679/978/11 796/977/11
f 798/983/334 800/981/334 801/771/334
f 798/983/11 799/984/11 797/982/11
f 804/985/320 801/771/320 802/986/320
f 804/985/315 803/987/315 805/987/315
f 804/985/11 664/988/11 666/989/11
f 798/983/11 666/989/11 668/990/11
f 805/987/314 809/991/314 806/991/314
f 806/991/11 664/988/11 805/987/11
f 806/991/313 810/992/313 807/992/313
f 807/992/11 808/993/11 806/991/11
f 807/992/312 811/994/312 812/995/312
f 812/995/307 626/764/307 622/764/307
f 622/764/11 651/996/11 812/995/11
f 812/995/11 653/997/11 807/992/11
f 1/1/1 5/7/1 6/2/1
f 1/1/2 2/3/2 300/4/2
f 3/6/3 7/22/3 5/7/3
f 1/1/2 4/5/2 18/8/2
f 5/9/4 8/13/4 9/10/4
f 7/12/5 10/18/5 8/13/5
f 9/16/2 8/998/2 10/999/2
f 10/999/2 11/14/2 9/16/2
f 7/12/6 13/19/6 11/17/6
f 13/19/7 14/396/7 12/20/7
f 3/6/8 15/23/8 13/21/8
f 15/23/9 16/27/9 14/24/9
f 15/23/2 3/6/2 18/8/2
f 15/23/2 17/25/2 19/26/2
s 0
f 18/8/14 21/31/27 20/28/26
f 17/25/14 20/28/27 22/29/174
s 1
f 24/30/15 20/28/336 21/31/16
f 23/33/18 150/195/337 22/29/19
s 0
f 28/34/14 25/37/114 24/30/113
s 1
f 127/36/24 23/33/338 24/30/25
s 0
f 27/35/11 24/30/27 26/32/10
s 1
f 31/39/28 28/34/28 27/35/28
f 30/40/28 27/35/28 29/38/28
f 30/40/29 33/44/29 34/42/29
f 30/40/30 32/41/30 35/43/30
f 34/45/31 33/49/31 36/46/31
f 35/48/32 38/54/32 36/46/32
f 37/52/28 36/1000/28 38/1001/28
f 38/1001/28 39/50/28 37/52/28
f 35/48/33 41/56/33 39/53/33
f 42/55/34 40/395/34 39/53/34
f 32/41/35 43/59/35 41/57/35
f 44/58/36 42/394/36 41/57/37
f 32/41/28 29/38/28 45/60/28
f 44/58/28 43/59/28 45/60/28
s 0
f 29/38/14 26/32/27 47/62/150
f 45/60/14 47/62/27 48/63/48
s 1
f 49/64/41 47/62/339 26/32/42
f 51/66/44 48/63/340 47/62/45
s 0
f 54/68/14 51/66/40 50/67/39
f 53/69/14 50/67/27 52/70/135
s 1
f 226/72/50 52/70/341 50/67/51
f 56/73/53 57/76/53 54/68/53
f 56/73/53 53/69/53 55/71/53
f 56/73/54 59/78/54 60/75/54
f 56/73/55 58/74/55 61/77/55
f 59/79/56 62/83/56 63/80/56
f 61/82/57 64/88/57 62/83/57
f 66/86/53 63/1002/53 64/84/53
f 63/1002/53 62/1003/53 64/84/53
f 67/87/58 65/90/58 64/88/58
f 68/89/59 66/393/59 65/90/59
f 69/91/60 67/93/60 61/77/60
f 69/91/61 70/96/61 68/92/61
f 58/74/53 55/71/53 71/94/53
f 69/91/53 71/94/53 72/95/53
s 0
f 55/71/11 52/70/27 73/97/127
f 71/94/14 73/97/27 74/98/74
s 1
f 73/97/64 52/70/342 225/99/65
f 74/98/66 73/97/343 76/101/67
s 0
f 79/103/14 76/101/27 77/104/174
s 1
f 76/101/71 75/100/344 204/106/72
s 0
f 81/107/14 78/102/12 76/101/63
s 1
f 82/108/27 79/103/27 80/105/27
f 84/110/27 81/107/27 79/103/27
f 83/109/7 86/391/7 85/111/7
f 84/110/75 82/108/75 85/111/75
f 86/113/9 89/392/9 88/114/9
f 87/116/76 85/115/76 88/114/76
f 88/1004/27 89/1005/27 90/120/27
f 89/1005/27 92/118/27 90/120/27
f 93/121/1 87/116/1 90/117/1
f 93/121/3 91/122/3 92/123/3
f 95/125/5 93/128/5 94/126/5
f 95/125/4 84/110/4 87/112/4
f 96/127/27 98/130/27 97/129/27
f 84/110/27 95/125/27 97/129/27
s 0
f 98/130/77 100/227/77 99/131/77
f 97/129/14 99/131/12 78/102/88
s 1
f 99/131/79 100/227/79 175/132/79
f 99/131/80 102/135/345 104/134/81
s 0
f 105/136/14 102/135/12 103/137/149
s 1
f 102/135/85 101/133/346 154/139/86
s 0
f 107/140/11 104/134/27 102/135/78
s 1
f 108/141/89 105/136/89 106/138/89
f 110/143/89 107/140/89 105/136/89
f 108/141/90 109/142/90 112/144/90
f 110/143/91 108/141/91 111/145/91
f 111/147/92 112/390/92 115/148/92
f 111/147/93 114/149/93 116/150/93
f 114/154/89 115/1006/89 117/152/89
f 115/1006/89 118/1007/89 117/152/89
f 119/155/94 113/151/94 116/150/94
f 119/155/95 117/156/95 118/157/95
f 122/159/96 121/162/96 119/160/96
f 110/143/97 113/146/97 119/160/97
f 122/159/89 124/164/89 123/163/89
f 110/143/89 121/162/89 123/163/89
s 0
f 124/164/14 126/166/27 125/165/133
f 123/163/14 125/165/114 104/134/200
s 1
f 48/63/100 125/165/100 126/166/101
f 104/134/102 125/165/347 51/66/103
s 0
f 106/138/14 103/137/12 126/166/115
s 1
f 103/137/109 128/169/348 127/36/110
s 0
f 130/167/14 23/33/27 127/36/349
f 129/168/14 127/36/108 128/169/107
s 1
f 133/171/116 130/167/116 129/168/116
f 134/173/116 132/172/116 129/168/116
f 132/172/117 135/175/117 136/174/117
f 134/173/118 137/189/118 135/175/118
f 135/176/119 138/180/119 139/177/119
f 137/179/120 140/185/120 138/180/120
f 140/1008/116 141/1009/116 138/183/116
f 141/1009/116 142/181/116 138/183/116
f 143/184/121 141/187/121 140/185/121
f 144/186/122 142/389/122 141/187/123
f 134/173/124 145/191/124 143/188/124
f 146/190/125 144/388/125 143/188/125
f 134/173/116 131/170/116 147/192/116
f 146/190/116 145/191/116 147/192/116
s 0
f 131/170/14 128/169/12 149/194/139
f 147/192/11 149/194/12 150/195/205
s 1
f 128/169/128 154/139/128 152/196/129
f 151/197/131 298/375/11 150/195/132
s 0
f 156/198/14 153/201/12 152/196/350
s 1
f 276/200/136 151/197/351 152/196/137
s 0
f 155/199/14 152/196/27 154/139/352
s 1
f 158/203/140 159/206/140 156/198/140
f 158/203/140 155/199/140 157/202/140
f 158/203/141 161/208/141 162/205/141
f 158/203/142 160/204/142 163/207/142
f 162/209/143 161/213/143 164/210/143
f 163/212/144 166/218/144 164/210/144
f 168/216/140 165/1010/140 166/214/140
f 165/1010/140 164/1011/140 166/214/140
f 169/217/145 167/220/145 166/218/145
f 170/219/146 168/387/146 167/220/146
f 171/221/147 169/223/147 163/207/147
f 172/222/148 170/386/148 169/223/148
f 171/221/140 160/204/140 157/202/140
f 171/221/140 173/224/140 174/225/140
s 0
f 157/202/11 154/139/27 101/133/84
f 173/224/77 101/133/77 175/132/77
s 1
f 172/222/140 174/225/140 156/198/140
s 0
f 174/225/11 175/132/12 153/201/38
s 1
f 176/226/151 177/378/353 153/201/152
s 0
f 180/228/14 177/378/27 176/226/150
f 179/229/11 176/226/27 178/230/10
s 1
f 178/230/155 176/226/354 100/227/156
f 182/232/158 183/235/158 180/228/158
f 184/233/158 182/232/158 179/229/158
f 182/232/33 185/236/33 186/234/33
f 184/233/32 187/250/32 185/236/32
f 185/237/35 188/241/35 189/238/35
f 185/237/30 187/246/30 190/240/30
f 190/1012/158 191/243/158 188/242/158
f 191/243/158 192/1013/158 189/244/158
f 193/245/29 191/248/29 190/240/29
f 193/245/159 194/385/160 192/247/160
f 195/249/31 193/252/31 187/250/31
f 196/251/161 194/384/161 193/252/161
f 184/233/158 181/231/158 197/253/158
f 196/251/158 195/249/158 197/253/158
s 0
f 181/231/14 178/230/114 199/255/113
f 197/253/14 199/255/27 200/256/98
s 1
f 178/230/162 204/106/355 202/257/163
f 201/258/165 274/345/166 200/256/166
s 0
f 206/259/14 203/261/108 202/257/107
s 1
f 201/258/168 202/257/356 203/261/169
s 0
f 205/260/14 202/257/27 204/106/349
s 1
f 209/264/171 206/259/171 205/260/171
f 210/266/171 208/265/171 205/260/171
f 209/264/120 208/265/120 211/267/120
f 208/265/119 210/266/119 213/269/119
f 212/270/118 211/273/118 214/271/118
f 211/273/117 213/278/117 216/274/117
f 217/1014/171 218/276/171 216/275/171
f 218/276/171 215/1015/171 214/277/171
f 213/278/172 219/280/172 217/279/172
f 219/280/125 220/383/125 218/281/125
f 221/282/122 222/285/122 220/283/122
f 221/282/173 219/284/173 213/269/173
f 222/285/171 221/282/171 223/286/171
f 221/282/171 210/266/171 207/263/171
s 0
f 223/286/11 75/100/12 225/99/62
f 207/263/14 204/106/12 75/100/13
s 1
f 209/264/171 222/285/171 224/287/171
s 0
f 224/287/14 225/99/12 203/261/139
s 1
f 226/72/175 227/315/357 203/261/176
s 0
f 229/288/14 227/315/27 226/72/352
f 228/289/14 226/72/12 49/64/350
s 1
f 231/291/179 232/294/179 229/288/179
f 231/291/179 228/289/179 230/290/179
f 231/291/144 234/296/144 235/293/144
f 231/291/143 233/292/143 236/295/143
f 235/297/142 234/301/142 237/298/142
f 236/300/141 239/306/141 237/298/141
f 239/304/179 240/1016/179 241/1017/179
f 241/1017/179 238/302/179 239/304/179
f 236/300/180 242/308/180 240/305/180
f 243/307/148 241/382/148 240/305/148
f 244/309/181 242/311/181 236/295/181
f 245/310/146 243/381/146 242/311/146
f 244/309/179 233/292/179 230/290/179
f 244/309/179 246/312/179 247/313/179
s 0
f 230/290/11 49/64/12 248/65/38
f 246/312/77 248/65/77 249/314/77
s 1
f 21/31/182 250/317/182 249/314/182
s 0
f 247/313/11 249/314/27 227/315/84
s 1
f 227/315/184 249/314/358 251/316/185
s 0
f 255/318/14 252/262/12 251/316/149
f 254/319/11 251/316/27 253/320/78
s 1
f 250/317/189 299/376/359 253/320/190
f 258/322/192 255/318/192 254/319/192
f 259/324/192 257/323/192 254/319/192
f 257/323/92 260/326/92 261/325/92
f 259/324/93 262/340/93 260/326/93
f 260/327/90 263/331/90 264/328/90
f 260/327/91 262/336/91 265/330/91
f 264/334/192 263/1018/192 266/332/192
f 263/1018/192 265/1019/192 266/332/192
f 268/335/97 266/338/97 265/330/97
f 268/335/96 269/380/96 267/337/96
f 270/339/94 268/342/94 262/340/94
f 271/341/95 269/379/95 268/342/95
f 259/324/192 256/321/192 272/343/192
f 271/341/192 270/339/192 272/343/192
s 0
f 256/321/14 253/320/114 274/345/200
f 272/343/14 274/345/27 201/258/133
s 1
f 275/346/193 274/345/360 253/320/194
s 0
f 279/348/14 276/200/40 275/346/39
s 1
f 276/200/197 177/378/361 200/256/198
s 0
f 278/349/14 275/346/23 277/347/362
s 1
f 282/351/201 279/348/201 278/349/201
f 283/353/201 281/352/201 278/349/201
f 282/351/56 281/352/56 284/354/56
f 281/352/202 283/353/202 286/356/202
f 285/357/54 284/360/54 287/358/54
f 284/360/203 286/365/203 289/361/203
f 289/364/201 290/1020/201 291/362/201
f 291/362/201 288/1021/201 287/363/201
f 286/365/61 292/367/61 290/366/61
f 292/367/60 293/377/204 291/368/204
f 294/369/59 292/371/59 286/356/59
f 294/369/58 295/374/58 293/370/58
f 283/353/201 280/350/201 296/372/201
f 294/369/201 296/372/201 297/373/201
s 0
f 280/350/14 277/347/27 298/375/74
f 296/372/11 298/375/27 151/197/127
s 1
f 298/375/206 277/347/363 299/376/207
f 282/351/201 295/374/201 297/373/201
s 0
f 297/373/14 151/197/27 276/200/135
s 1
f 282/351/57 285/355/57 293/370/57
f 293/377/55 285/357/55 288/359/55
s 0
f 300/4/14 299/376/12 250/317/88
f 19/26/14 22/29/12 299/376/63
s 1
f 16/27/2 19/26/2 300/4/2
f 271/341/192 273/344/192 255/318/192
s 0
f 273/344/14 201/258/12 252/262/115
s 1
f 271/341/212 258/322/364 261/325/212
f 269/380/213 261/329/213 264/328/213
s 0
f 4/5/77 250/317/77 21/31/77
s 1
f 245/310/179 247/313/179 229/288/179
f 245/310/145 232/294/145 235/293/145
f 235/297/147 238/299/147 241/382/147
f 209/264/121 212/268/121 220/283/121
f 220/383/124 212/270/124 215/272/124
s 0
f 198/254/14 200/256/27 177/378/48
s 1
f 196/251/158 198/254/158 180/228/158
f 196/251/34 183/235/34 186/234/34
f 186/239/36 189/238/36 192/247/36
f 172/222/180 159/206/180 162/205/180
f 170/219/181 162/209/181 165/211/181
s 0
f 148/193/14 150/195/12 23/33/13
s 1
f 133/171/116 146/190/116 148/193/116
f 146/190/172 133/171/172 136/174/172
f 136/178/173 139/177/173 142/389/173
f 122/159/89 109/142/89 106/138/89
f 122/159/213 120/161/213 112/144/217
f 120/158/212 118/157/212 115/148/212
s 0
f 80/105/14 77/104/27 100/227/26
s 1
f 96/127/27 83/109/27 80/105/27
f 96/127/6 94/126/6 86/391/6
f 94/124/8 92/123/8 89/392/8
s 0
f 72/95/14 74/98/23 51/66/362
s 1
f 70/96/53 72/95/53 54/68/53
f 57/76/203 60/75/203 68/92/203
f 60/81/202 63/80/202 66/393/202
s 0
f 46/61/14 48/63/27 25/37/98
s 1
f 44/58/28 46/61/28 28/34/28
f 44/58/159 31/39/159 34/42/159
f 34/45/161 37/47/161 40/395/161
f 2/3/76 6/2/76 14/24/76
f 6/11/75 9/10/75 12/20/75
f 301/397/219 303/1022/219 540/398/219
f 302/399/11 318/399/365 307/400/220
f 305/397/14 301/397/366 302/399/11
f 528/401/221 303/1023/221 301/402/221
f 301/402/14 305/402/367 306/1024/368
f 301/402/14 306/1024/368 525/403/14
f 308/404/223 309/410/223 306/405/223
f 308/404/223 305/406/223 307/407/223
f 308/404/224 311/412/224 312/409/224
f 308/404/225 310/408/225 313/411/225
f 312/409/223 311/412/223 313/411/223
f 313/411/223 314/416/223 315/418/223
f 315/418/223 325/429/223 326/430/223
f 326/430/223 327/431/369 328/433/223
f 328/433/223 339/446/223 340/447/223
f 340/447/223 341/448/370 342/450/223
f 342/450/223 353/463/369 354/464/370
f 354/464/370 355/465/223 356/467/223
f 356/467/223 367/478/370 368/477/223
f 368/477/223 369/479/370 370/481/223
f 370/481/223 381/494/223 382/495/223
f 382/495/223 383/496/370 384/498/223
f 384/498/223 395/511/371 396/512/223
f 396/512/223 397/513/369 398/515/223
f 398/515/223 409/529/371 410/530/223
f 410/530/223 411/531/369 412/533/223
f 412/533/223 423/544/223 424/546/223
f 424/546/223 425/545/223 426/558/223
f 426/558/223 437/559/369 438/557/369
f 438/557/369 439/560/369 440/413/223
f 440/413/223 451/572/369 452/574/223
f 452/574/223 453/576/369 454/588/223
f 454/588/223 465/582/223 466/590/223
f 466/590/223 467/591/223 468/414/223
f 468/414/223 479/600/223 480/602/223
f 480/602/223 481/604/223 482/617/223
f 482/617/223 493/618/370 494/620/223
f 494/620/223 495/622/223 496/415/223
f 496/415/223 507/633/223 508/635/223
f 508/635/223 509/637/369 510/647/223
f 510/647/223 521/648/223 522/650/223
f 522/650/223 523/651/223 312/409/223
f 312/409/223 313/411/223 412/533/223
f 313/411/223 315/418/223 412/533/223
f 315/418/223 326/430/223 328/433/223
f 328/433/223 340/447/223 356/467/223
f 340/447/223 342/450/223 356/467/223
f 342/450/223 354/464/370 356/467/223
f 356/467/223 368/477/223 370/481/223
f 370/481/223 382/495/223 356/467/223
f 382/495/223 384/498/223 356/467/223
f 384/498/223 396/512/223 398/515/223
f 398/515/223 410/530/223 328/433/223
f 410/530/223 412/533/223 328/433/223
f 412/533/223 424/546/223 312/409/223
f 424/546/223 426/558/223 312/409/223
f 426/558/223 438/557/369 440/413/223
f 440/413/223 452/574/223 468/414/223
f 452/574/223 454/588/223 468/414/223
f 454/588/223 466/590/223 468/414/223
f 468/414/223 480/602/223 482/617/223
f 482/617/223 494/620/223 468/414/223
f 494/620/223 496/415/223 468/414/223
f 496/415/223 508/635/223 510/647/223
f 510/647/223 522/650/223 440/413/223
f 522/650/223 312/409/223 440/413/223
f 315/418/223 328/433/223 412/533/223
f 384/498/223 398/515/223 328/433/223
f 426/558/223 440/413/223 312/409/223
f 496/415/223 510/647/223 440/413/223
f 328/433/223 356/467/223 384/498/223
f 310/408/225 316/417/225 314/416/225
f 316/417/226 317/421/229 315/418/226
f 316/417/223 310/408/223 307/407/223
f 316/417/223 318/419/223 319/420/223
f 321/422/11 320/422/372 319/1025/373
f 321/422/11 319/1025/373 318/399/11
f 323/423/223 317/421/223 319/420/223
f 332/425/14 331/439/374 322/426/228
f 320/422/14 321/422/375 332/425/14
f 323/423/223 320/424/223 322/427/223
f 317/421/229 323/423/229 325/429/226
f 323/423/230 324/428/230 326/430/230
f 324/428/230 329/432/230 327/431/230
f 329/432/231 330/436/231 328/433/231
f 329/432/223 324/428/223 322/427/223
f 329/432/223 331/434/223 333/435/223
f 331/439/11 332/425/376 335/437/11
f 334/438/232 333/1026/377 331/439/11
f 337/440/223 330/436/223 333/435/223
f 346/442/233 345/456/378 336/443/234
f 334/438/233 335/437/379 346/442/233
f 337/440/223 334/441/223 336/444/223
f 330/436/231 337/440/231 339/446/231
f 337/440/235 338/445/235 340/447/235
f 338/445/235 343/449/235 341/448/235
f 343/449/236 344/453/236 342/450/236
f 343/449/223 338/445/223 336/444/223
f 343/449/223 345/451/223 347/452/223
f 349/454/11 348/460/380 347/455/237
f 345/456/11 346/442/381 349/454/11
f 351/457/223 344/453/223 347/452/223
f 360/459/14 359/459/382 350/1027/383
f 360/459/14 350/1027/383 348/460/14
f 351/457/223 348/458/223 350/461/223
f 344/453/236 351/457/236 353/463/236
f 351/457/239 352/462/239 354/464/239
f 352/462/239 357/466/239 355/465/239
f 357/466/240 358/470/240 356/467/240
f 357/466/223 352/462/223 350/461/223
f 357/466/223 359/468/223 361/469/223
f 363/471/14 362/471/384 361/472/241
f 359/459/14 360/459/385 363/471/14
f 365/473/223 358/470/223 361/469/223
f 374/475/11 373/475/386 364/1028/387
f 374/475/11 364/1028/387 362/471/11
f 365/473/223 362/474/223 364/476/223
f 358/470/240 365/473/240 367/478/240
f 365/473/243 366/477/243 368/477/243
f 366/477/243 371/480/243 369/479/243
f 371/480/244 372/484/244 370/481/245
f 371/480/223 366/477/223 364/476/223
f 371/480/223 373/482/223 375/483/223
f 377/485/11 376/491/388 375/486/246
f 373/475/11 374/475/389 377/485/11
f 379/487/223 372/484/223 375/483/223
f 388/489/14 387/489/390 378/490/247
f 376/491/14 377/485/391 388/489/14
f 379/487/223 376/488/223 378/492/223
f 372/484/244 379/487/245 381/494/245
f 379/487/248 380/493/248 382/495/248
f 380/493/248 385/497/248 383/496/248
f 385/497/249 386/501/249 384/498/249
f 385/497/223 380/493/223 378/492/223
f 385/497/223 387/499/223 389/500/223
f 389/503/251 387/489/11 388/489/250
f 391/502/11 390/508/392 389/503/251
f 393/504/223 386/501/223 389/500/223
f 402/506/11 401/521/393 392/507/252
f 390/508/11 391/502/394 402/506/11
f 393/504/223 390/505/223 392/509/223
f 386/501/249 393/504/249 395/511/249
f 393/504/253 394/510/253 396/512/253
f 394/510/253 399/514/254 397/513/253
f 399/514/255 400/518/259 398/515/255
f 399/514/223 394/510/223 392/509/223
f 399/514/223 401/516/223 403/517/223
f 405/519/256 404/526/395 403/520/257
f 401/521/11 402/506/396 405/519/256
f 407/522/223 400/518/223 403/517/223
f 416/524/11 415/524/397 406/525/258
f 404/526/11 405/519/398 416/524/11
f 407/522/223 404/523/223 406/527/223
f 400/518/259 407/522/255 409/529/255
f 407/522/260 408/528/260 410/530/260
f 408/528/260 413/532/261 411/531/260
f 413/532/221 414/533/221 412/533/221
f 413/532/223 408/528/223 406/527/223
f 413/532/223 415/534/223 417/535/223
f 419/536/11 418/536/399 417/537/262
f 415/524/11 416/524/400 419/536/11
f 421/538/223 414/533/223 417/535/223
f 418/536/14 419/536/401 430/540/14
f 430/540/14 429/540/402 420/541/263
f 421/538/223 418/539/223 420/542/223
f 414/533/221 421/538/221 423/544/221
f 422/543/219 424/546/219 423/544/219
f 427/545/219 425/545/219 424/546/219
f 428/547/264 426/558/264 425/545/264
f 427/545/223 422/543/223 420/542/223
f 427/545/223 429/548/223 431/549/223
f 433/550/11 432/555/403 431/1029/404
f 433/550/11 431/1029/404 429/540/11
f 435/551/223 428/547/223 431/549/223
f 444/553/266 443/553/405 434/554/267
f 432/555/266 433/550/406 444/553/266
f 435/551/223 432/552/223 434/556/223
f 435/551/264 437/559/264 426/558/264
f 436/557/268 438/557/268 437/559/268
f 441/560/268 439/560/268 438/557/268
f 442/561/269 440/413/269 439/560/269
f 441/560/223 436/557/223 434/556/223
f 441/560/223 443/562/270 445/563/271
f 443/553/270 444/553/407 447/564/11
f 446/565/272 445/1030/271 443/553/270
f 449/566/223 442/561/223 445/563/271
f 458/568/11 457/581/408 448/569/273
f 446/565/11 447/564/409 458/568/11
f 449/566/223 446/567/272 448/570/223
f 449/566/269 451/572/269 440/413/269
f 450/571/274 452/574/274 451/572/274
f 455/573/274 453/576/274 452/574/274
f 456/575/275 454/588/275 453/576/275
f 455/573/223 450/571/223 448/570/223
f 455/573/223 457/577/223 459/578/223
f 461/579/14 460/579/410 459/580/276
f 457/581/14 458/568/411 461/579/14
f 463/582/223 456/575/223 459/578/223
f 472/584/14 471/584/412 462/585/277
f 460/579/14 461/579/413 472/584/14
f 463/582/223 460/583/223 462/586/223
f 463/582/275 465/582/275 454/588/275
f 464/587/278 466/590/278 465/582/278
f 469/589/278 467/591/278 466/590/278
f 470/414/279 468/414/279 467/591/279
f 469/589/223 464/587/223 462/586/223
f 469/589/223 471/592/223 473/593/223
f 474/594/281 473/1031/414 471/584/11
f 472/584/280 475/594/11 474/594/281
f 477/595/223 470/414/223 473/593/223
f 486/597/14 485/609/415 476/1032/416
f 486/597/14 476/1032/416 474/594/14
f 477/595/223 474/596/223 476/598/223
f 477/595/279 479/600/279 468/414/279
f 478/599/283 480/602/283 479/600/283
f 483/601/283 481/604/283 480/602/283
f 484/603/284 482/617/284 481/604/284
f 483/601/223 478/599/223 476/598/223
f 483/601/223 485/605/223 487/606/223
f 489/607/14 488/614/417 487/608/285
f 485/609/14 486/597/418 489/607/14
f 491/610/223 484/603/223 487/606/223
f 500/612/11 499/612/419 490/613/286
f 488/614/11 489/607/420 500/612/11
f 491/610/223 488/611/223 490/615/223
f 491/610/284 493/618/421 482/617/284
f 492/616/287 494/620/287 493/618/287
f 497/619/287 495/622/287 494/620/287
f 498/621/288 496/415/288 495/622/288
f 497/619/223 492/616/223 490/615/223
f 497/619/223 499/623/223 501/624/223
f 503/625/14 502/625/422 501/626/289
f 499/612/14 500/612/423 503/625/14
f 505/627/223 498/621/223 501/624/223
f 502/625/11 503/625/424 514/629/11
f 513/630/290 504/1033/425 502/625/11
f 505/627/223 502/628/223 504/631/223
f 505/627/288 507/633/288 496/415/288
f 506/632/291 508/635/291 507/633/292
f 511/634/291 509/637/291 508/635/291
f 512/636/293 510/647/293 509/637/293
f 511/634/223 506/632/223 504/631/223
f 511/634/223 513/638/223 515/639/223
f 517/640/11 516/640/426 515/641/294
f 513/630/11 514/629/427 517/640/11
f 519/642/223 512/636/223 515/639/223
f 304/403/11 525/403/428 518/644/295
f 516/640/11 517/640/429 304/403/11
f 519/642/223 516/643/223 518/645/223
f 519/642/293 521/648/293 510/647/293
f 520/646/296 522/650/296 521/648/296
f 524/649/297 523/651/297 522/650/296
f 309/410/224 312/409/224 523/651/224
f 524/649/223 520/646/223 518/645/223
f 524/649/223 525/652/223 306/405/223
f 527/653/255 526/654/259 517/640/255
f 526/654/261 528/401/261 304/403/261
f 530/655/298 529/658/298 526/656/298
f 529/658/298 531/660/298 528/659/298
f 530/655/293 533/655/293 532/658/293
f 529/658/297 532/658/297 534/660/296
f 547/671/298 536/667/298 584/720/298
f 536/667/298 535/664/298 584/720/298
f 535/664/298 534/660/298 586/723/298
f 534/660/298 532/658/298 586/723/298
f 532/658/298 533/655/298 586/723/298
f 533/655/298 620/762/298 586/723/298
f 620/762/298 619/761/298 610/749/298
f 610/749/298 609/748/298 608/747/298
f 608/747/298 607/746/298 598/735/298
f 598/735/298 597/733/298 596/732/298
f 596/732/298 595/727/298 620/762/298
f 595/727/298 586/723/298 620/762/298
f 586/723/298 585/721/298 535/664/298
f 585/721/298 584/720/298 535/664/298
f 584/720/298 583/719/298 547/671/298
f 583/719/298 574/709/298 547/671/298
f 574/709/298 573/708/298 572/706/298
f 572/706/298 571/703/298 562/663/298
f 562/663/298 561/693/298 550/661/298
f 561/693/298 560/692/298 550/661/298
f 560/692/298 559/687/298 550/661/298
f 550/661/298 549/681/298 548/662/298
f 548/662/298 546/679/298 547/671/298
f 620/762/298 610/749/298 596/732/298
f 610/749/298 608/747/298 598/735/298
f 598/735/298 596/732/298 610/749/298
f 574/709/298 572/706/298 547/671/298
f 572/706/298 562/663/298 548/662/298
f 547/671/298 572/706/298 548/662/298
f 531/660/224 534/660/224 535/664/224
f 538/666/225 537/665/225 535/664/225
f 538/666/298 540/670/298 303/668/298
f 531/660/298 537/665/298 303/668/298
f 539/669/298 541/675/298 540/670/298
f 539/669/229 538/666/229 536/667/229
f 302/399/299 540/398/299 541/672/299
f 321/422/268 541/672/268 542/673/268
f 544/674/298 542/678/298 541/675/298
f 332/425/269 542/673/269 543/676/269
f 545/677/298 543/682/298 542/678/298
f 544/674/230 539/669/230 547/671/230
f 545/677/231 544/674/231 546/679/231
f 551/680/235 545/677/235 548/662/235
f 552/661/236 551/680/236 549/681/236
f 551/680/298 553/683/298 543/682/298
f 552/661/298 554/688/298 553/683/298
f 335/437/274 543/676/274 553/684/274
f 346/442/275 553/684/275 554/685/275
f 349/454/278 554/685/278 555/686/278
f 557/687/298 555/691/298 554/688/298
f 360/459/279 555/686/279 556/689/279
f 558/690/298 556/696/298 555/691/298
f 557/687/239 552/661/239 550/661/239
f 558/690/240 557/687/240 559/687/240
f 563/693/243 558/690/243 560/692/243
f 564/694/244 563/693/244 561/693/244
f 558/690/298 563/693/298 565/695/298
f 563/693/298 564/694/298 566/697/298
f 363/471/283 556/689/283 565/698/283
f 374/475/284 565/698/284 566/699/284
f 377/485/287 566/699/287 567/700/287
f 564/694/298 569/703/298 567/701/298
f 388/489/288 567/700/288 568/702/288
f 569/703/298 570/705/298 568/704/298
f 569/703/248 564/694/248 562/663/248
f 570/705/249 569/703/249 571/703/249
f 575/707/254 570/705/254 572/706/254
f 576/709/255 575/707/255 573/708/255
f 570/705/298 575/707/298 577/710/298
f 575/707/298 576/709/298 578/711/298
f 391/502/291 568/702/292 577/712/291
f 402/506/293 577/712/430 578/713/293
f 405/519/297 578/713/297 579/714/297
f 576/709/298 581/717/298 579/715/298
f 416/524/224 579/714/224 580/716/224
f 581/717/298 582/720/298 580/718/298
f 581/717/261 576/709/261 574/709/261
f 582/720/221 581/717/221 583/719/221
f 582/720/219 584/720/219 585/721/219
f 587/722/299 585/721/264 586/723/299
f 587/722/298 589/724/298 580/718/298
f 588/723/298 590/728/298 589/724/298
f 580/716/225 589/725/225 430/540/225
f 589/725/226 590/726/226 433/550/226
f 590/726/230 591/729/230 444/553/230
f 593/727/298 591/731/298 590/728/298
f 591/729/231 592/738/231 447/564/231
f 594/730/298 592/736/298 591/731/298
f 588/723/268 586/723/268 595/727/268
f 593/727/269 595/727/269 596/732/269
f 594/730/274 596/732/274 597/733/274
f 599/734/275 597/733/275 598/735/275
f 599/734/298 601/737/298 592/736/298
f 600/735/298 602/742/298 601/737/298
f 592/738/235 601/739/235 458/568/235
f 601/739/236 602/740/236 461/579/236
f 602/740/239 603/743/239 472/584/239
f 605/741/298 603/745/298 602/742/298
f 603/743/240 604/754/240 475/594/240
f 606/744/298 604/752/298 603/745/298
f 600/735/278 598/735/278 607/746/278
f 605/741/279 607/746/279 608/747/279
f 606/744/283 608/747/283 609/748/283
f 611/748/284 609/748/284 610/749/284
f 606/744/298 611/748/298 613/751/298
f 611/748/298 612/750/298 614/753/298
f 604/754/243 613/755/243 486/597/243
f 613/755/245 614/756/245 489/607/245
f 614/756/248 615/758/248 500/612/248
f 612/750/298 617/759/298 615/757/298
f 615/758/249 616/763/249 503/625/249
f 617/759/298 618/762/298 616/760/298
f 612/750/287 610/749/287 619/761/287
f 617/759/288 619/761/288 620/762/288
f 618/762/292 620/762/292 533/655/292
f 618/762/298 530/655/298 527/657/298
f 616/763/254 527/653/254 514/629/254
f 622/764/300 626/764/300 625/765/300
f 621/766/11 624/770/11 649/767/11
f 621/766/301 625/765/301 627/768/301
f 623/769/11 635/780/11 624/770/11
f 627/768/11 625/765/11 626/764/11
f 626/764/11 811/994/11 627/768/11
f 811/994/11 810/992/11 627/768/11
f 810/992/11 809/991/11 803/987/11
f 803/987/11 802/986/11 801/771/11
f 801/771/11 800/981/11 792/972/11
f 800/981/11 794/977/11 792/972/11
f 794/977/11 793/975/11 792/972/11
f 792/972/11 791/970/11 785/967/11
f 785/967/11 784/965/11 783/772/11
f 783/772/11 782/960/11 776/955/11
f 776/955/11 775/953/11 774/951/11
f 774/951/11 773/949/11 765/773/11
f 773/949/11 767/946/11 765/773/11
f 767/946/11 766/944/11 765/773/11
f 765/773/11 764/940/11 758/935/11
f 758/935/11 757/934/11 756/930/11
f 756/930/11 755/933/11 629/776/11
f 629/776/11 628/774/11 627/768/11
f 810/992/11 803/987/11 627/768/11
f 803/987/11 801/771/11 627/768/11
f 792/972/11 785/967/11 783/772/11
f 783/772/11 776/955/11 765/773/11
f 776/955/11 774/951/11 765/773/11
f 765/773/11 758/935/11 756/930/11
f 756/930/11 629/776/11 765/773/11
f 629/776/11 627/768/11 765/773/11
f 801/771/11 792/972/11 783/772/11
f 627/768/11 801/771/11 765/773/11
f 623/769/302 627/768/302 628/774/302
f 630/775/303 628/774/303 629/776/303
f 630/775/11 631/777/11 633/778/11
f 630/775/11 632/779/11 635/780/11
f 751/781/304 634/784/304 632/782/304
f 634/784/305 636/786/305 635/785/305
f 636/786/306 637/1034/306 624/787/306
f 639/788/14 638/791/14 636/789/14
f 638/791/14 640/794/14 637/792/14
f 639/788/302 642/927/302 641/793/302
f 638/791/301 641/793/301 643/794/301
f 645/797/14 644/798/14 643/794/14
f 643/794/14 641/793/14 645/797/14
f 641/793/14 642/927/14 645/797/14
f 642/927/14 749/925/14 748/923/14
f 748/923/14 747/922/14 642/927/14
f 747/922/14 735/907/14 642/927/14
f 735/907/14 734/905/14 733/903/14
f 733/903/14 732/901/14 735/907/14
f 732/901/14 720/888/14 735/907/14
f 720/888/14 719/887/14 718/886/14
f 718/886/14 717/885/14 705/795/14
f 705/795/14 704/870/14 690/856/14
f 704/870/14 703/868/14 690/856/14
f 703/868/14 702/869/14 690/856/14
f 690/856/14 689/855/14 675/796/14
f 689/855/14 688/852/14 675/796/14
f 688/852/14 687/851/14 675/796/14
f 675/796/14 674/835/14 673/833/14
f 673/833/14 672/832/14 660/818/14
f 660/818/14 659/817/14 645/797/14
f 659/817/14 658/815/14 645/797/14
f 658/815/14 657/814/14 645/797/14
f 720/888/14 718/886/14 735/907/14
f 718/886/14 705/795/14 735/907/14
f 675/796/14 673/833/14 645/797/14
f 673/833/14 660/818/14 645/797/14
f 645/797/14 642/927/14 705/795/14
f 642/927/14 735/907/14 705/795/14
f 705/795/14 690/856/14 675/796/14
f 640/794/300 643/794/300 644/798/300
f 646/798/307 644/798/307 645/797/307
f 640/794/14 646/798/14 648/800/14
f 646/798/14 647/799/14 650/801/14
f 637/802/308 648/805/308 649/803/308
f 648/805/309 650/1035/309 651/806/309
f 651/806/310 650/1035/310 652/807/310
f 647/799/14 655/812/14 652/809/14
f 653/808/311 652/807/311 654/810/311
f 655/812/14 656/815/14 654/813/14
f 647/799/312 645/797/312 657/814/312
f 656/815/313 655/812/313 657/814/313
f 661/816/314 656/815/314 658/815/314
f 661/816/315 659/817/315 660/818/315
f 656/815/14 661/816/14 663/820/14
f 662/819/14 665/828/14 663/820/14
f 808/811/316 654/810/316 663/821/316
f 664/822/317 663/821/317 665/823/317
f 666/824/318 665/823/318 667/825/318
f 670/827/14 667/831/14 665/828/14
f 667/825/319 669/840/319 799/829/319
f 670/827/14 671/834/14 669/830/14
f 662/819/320 660/818/431 672/832/320
f 670/827/321 672/832/321 673/833/321
f 671/834/322 673/833/322 674/835/322
f 676/836/323 674/835/323 675/796/323
f 671/834/14 676/836/14 678/838/14
f 676/836/14 677/837/14 680/839/14
f 669/840/324 678/842/324 679/841/324
f 678/842/325 680/844/325 681/843/325
f 680/844/326 682/847/326 683/845/326
f 685/846/14 682/850/14 680/839/14
f 682/847/327 684/858/327 790/848/327
f 685/846/14 686/853/14 684/849/14
f 677/837/328 675/796/328 687/851/328
f 685/846/329 687/851/329 688/852/329
f 691/854/330 686/853/330 688/852/330
f 692/856/304 691/854/304 689/855/304
f 691/854/14 693/857/14 684/849/14
f 692/856/14 695/865/14 693/857/14
f 684/858/331 693/860/331 694/859/331
f 693/860/303 695/862/303 696/861/303
f 695/862/302 697/1036/302 698/863/302
f 692/856/14 700/869/14 697/864/14
f 698/863/301 697/1036/301 699/866/301
f 701/868/14 699/872/14 697/864/14
f 692/856/305 690/856/305 702/869/305
f 700/869/306 702/869/306 703/868/306
f 701/868/332 703/868/332 704/870/332
f 706/870/309 704/870/309 705/795/309
f 706/870/14 708/873/14 699/872/14
f 707/871/14 710/880/14 708/873/14
f 699/866/333 708/875/333 709/874/333
f 708/875/307 710/877/307 711/876/307
f 710/877/312 712/881/312 713/878/312
f 715/879/14 712/884/14 710/880/14
f 712/881/313 714/891/313 772/882/313
f 715/879/14 716/886/14 714/883/14
f 707/871/310 705/795/310 717/885/310
f 715/879/311 717/885/311 718/886/311
f 716/886/316 718/886/316 719/887/316
f 721/887/317 719/887/317 720/888/317
f 716/886/14 721/887/14 723/890/14
f 722/889/14 725/898/14 723/890/14
f 714/891/314 723/893/314 724/892/314
f 723/893/315 725/895/315 726/894/315
f 725/895/320 727/899/320 728/896/320
f 722/889/14 730/901/14 727/897/14
f 727/899/334 729/911/334 763/900/334
f 730/901/14 731/904/14 729/902/14
f 722/889/318 720/888/318 732/901/318
f 730/901/319 732/901/319 733/903/319
f 731/904/324 733/903/324 734/905/324
f 736/906/325 734/905/325 735/907/325
f 731/904/14 736/906/14 738/909/14
f 736/906/14 737/908/14 740/910/14
f 729/911/335 738/913/335 739/912/335
f 738/913/323 740/915/323 741/914/323
f 740/915/328 742/918/328 743/916/328
f 737/908/14 745/920/14 742/917/14
f 742/918/329 744/929/329 752/919/329
f 745/920/14 746/924/14 744/921/14
f 737/908/326 735/907/326 747/922/326
f 745/920/327 747/922/327 748/923/327
f 746/924/331 748/923/331 749/925/331
f 750/926/303 749/925/303 642/927/303
f 746/924/14 750/926/14 751/928/14
f 639/788/14 634/790/14 751/928/14
f 744/929/330 751/781/330 633/783/330
f 754/930/11 743/939/11 752/931/11
f 753/932/11 752/931/11 633/778/11
f 754/930/327 753/932/327 755/933/327
f 631/777/331 629/776/331 755/933/331
f 759/934/326 754/930/326 756/930/326
f 759/934/325 757/934/325 758/935/325
f 759/934/11 760/936/11 739/937/11
f 759/934/11 741/938/11 743/939/11
f 760/936/324 758/935/324 764/940/324
f 761/940/11 763/943/11 739/937/11
f 761/940/319 764/940/319 765/773/319
f 761/940/11 762/941/11 728/942/11
f 762/941/318 765/773/318 766/944/318
f 768/945/317 766/944/317 767/946/317
f 768/945/11 769/946/11 724/947/11
f 768/945/11 726/948/11 728/942/11
f 769/946/316 767/946/316 773/949/316
f 770/950/11 772/952/11 724/947/11
f 770/950/311 773/949/311 774/951/311
f 771/951/11 713/959/11 772/952/11
f 771/951/310 774/951/310 775/953/310
f 777/954/309 775/953/309 776/955/309
f 777/954/11 778/956/11 709/957/11
f 771/951/11 777/954/11 711/958/11
f 778/956/332 776/955/332 782/960/332
f 778/956/11 779/961/11 781/962/11
f 779/961/306 782/960/306 783/772/306
f 779/961/11 780/963/11 698/964/11
f 780/963/305 783/772/305 784/965/305
f 786/966/304 784/965/304 785/967/304
f 787/968/11 694/971/11 696/969/11
f 786/966/11 696/969/11 698/964/11
f 787/968/330 785/967/330 791/970/330
f 788/970/11 790/974/11 694/971/11
f 788/970/329 791/970/329 792/972/329
f 789/973/11 683/980/11 790/974/11
f 789/973/328 792/972/328 793/975/328
f 795/976/323 793/975/323 794/977/323
f 795/976/11 796/977/11 679/978/11
f 789/973/11 795/976/11 681/979/11
f 796/977/322 794/977/322 800/981/322
f 797/982/11 799/984/11 679/978/11
f 798/983/334 797/982/321 800/981/334
f 798/983/11 668/990/11 799/984/11
f 804/985/320 798/983/320 801/771/320
f 804/985/315 802/986/315 803/987/315
f 804/985/11 805/987/11 664/988/11
f 798/983/11 804/985/11 666/989/11
f 805/987/314 803/987/314 809/991/314
f 806/991/11 808/993/11 664/988/11
f 806/991/313 809/991/313 810/992/313
f 807/992/11 653/997/11 808/993/11
f 807/992/312 810/992/312 811/994/312
f 812/995/307 811/994/307 626/764/307
f 622/764/11 649/767/11 651/996/11
f 812/995/11 651/996/11 653/997/11
o 立方体
v 1.376874 1.049945 -0.112759
v 1.376874 3.290072 -0.357525
v 1.376874 3.006518 -0.000000
v 1.376874 0.838800 -0.000000
v 1.376874 2.473237 -0.857167
v 1.376874 3.058221 -0.700794
v 1.376874 1.798465 -0.517421
v 1.376874 1.049945 0.112759
v 1.376874 3.290072 0.357525
v 1.376874 2.473237 0.857167
v 1.376874 3.058221 0.700794
v 1.376874 1.798465 0.517421
v 1.331280 1.060916 -0.115945
v 1.513225 3.275491 -0.355220
v 1.422467 1.060916 -0.115945
v 1.240523 3.275491 -0.355220
v 1.516370 2.999823 -0.000000
v 1.237378 2.999823 -0.000000
v 1.376874 3.127917 -0.178475
v 1.415926 0.856476 -0.000000
v 1.337821 0.856476 -0.000000
v 1.376874 0.878775 -0.028526
v 1.487102 2.467576 -0.839310
v 1.266645 2.467576 -0.839310
v 1.376874 1.392318 -0.289186
v 1.376874 2.781807 -0.829875
v 1.376874 3.256647 -0.535365
v 1.237378 3.046465 -0.686194
v 1.516370 3.046465 -0.686194
v 1.376874 2.155134 -0.733644
v 1.306930 1.793997 -0.506641
v 1.446817 1.793997 -0.506641
v 1.331280 1.060916 0.115945
v 1.513225 3.275491 0.355220
v 1.422467 1.060916 0.115945
v 1.240523 3.275491 0.355220
v 1.376874 3.127917 0.178475
v 1.376874 0.878775 0.028526
v 1.487102 2.467576 0.839310
v 1.266645 2.467576 0.839310
v 1.376874 1.392318 0.289186
v 1.376874 2.781807 0.829875
v 1.376874 3.256647 0.535365
v 1.237378 3.046465 0.686194
v 1.516370 3.046465 0.686194
v 1.376874 2.155134 0.733644
v 1.306930 1.793997 0.506641
v 1.446817 1.793997 0.506641
v 1.515583 3.242715 -0.525186
v 1.415706 0.895927 -0.032718
v 1.515583 3.119429 -0.180718
v 1.238164 3.119429 -0.180718
v 1.338041 0.895927 -0.032718
v 1.463545 2.150460 -0.718360
v 1.290202 2.150460 -0.718360
v 1.238164 3.242715 -0.525186
v 1.255713 2.773253 -0.812585
v 1.498035 2.773253 -0.812585
v 1.325447 1.391214 -0.284318
v 1.428300 1.391214 -0.284318
v 1.515583 3.242715 0.525186
v 1.415706 0.895927 0.032718
v 1.515583 3.119429 0.180718
v 1.238164 3.119429 0.180718
v 1.338041 0.895927 0.032718
v 1.463546 2.150460 0.718360
v 1.290202 2.150460 0.718360
v 1.238164 3.242715 0.525186
v 1.255713 2.773253 0.812585
v 1.498035 2.773253 0.812585
v 1.325447 1.391214 0.284318
v 1.428300 1.391214 0.284318
v 1.146773 2.936039 -0.000000
v 1.150794 3.051701 -0.204484
v 1.169799 3.188296 -0.345099
v 1.262998 1.773916 -0.424212
v 1.294511 1.384617 -0.238008
v 1.309204 1.124527 -0.121977
v 1.334397 1.072662 -0.107018
v 1.506283 3.257708 -0.357246
v 1.583948 3.188296 -0.345099
v 1.490749 1.773916 -0.424212
v 1.459236 1.384617 -0.238008
v 1.444543 1.124527 -0.121977
v 1.438541 0.991994 -0.000000
v 1.438026 1.028603 -0.057302
v 1.315721 1.028603 -0.057302
v 1.315206 0.991994 -0.000000
v 1.148162 2.958623 -0.576411
v 1.178460 2.713094 -0.682644
v 1.196512 2.434332 -0.706133
v 1.419350 1.072662 -0.107018
v 1.247464 3.257708 -0.357246
v 1.605585 2.958623 -0.576411
v 1.575287 2.713094 -0.682644
v 1.557235 2.434332 -0.706133
v 1.602954 3.051701 -0.204484
v 1.606975 2.936039 -0.000000
v 1.509592 2.981558 -0.000000
v 1.244155 2.981558 -0.000000
v 1.411357 0.870058 -0.000000
v 1.342390 0.870058 -0.000000
v 1.588460 2.351522 -0.407969
v 1.592981 2.301087 -0.000000
v 1.512497 1.662998 -0.000000
v 1.474118 1.285194 -0.000000
v 1.650989 2.687577 -0.000000
v 1.614807 2.517324 -0.000000
v 1.480386 2.472819 -0.828755
v 1.273361 2.472819 -0.828755
v 1.160766 2.301087 -0.000000
v 1.165287 2.351522 -0.407969
v 1.241250 1.662998 -0.000000
v 1.279629 1.285194 -0.000000
v 1.102758 2.687577 -0.000000
v 1.138941 2.517324 -0.000000
v 1.151628 3.135519 -0.447317
v 1.602119 3.135519 -0.447317
v 1.645479 2.830216 -0.000000
v 1.108268 2.830216 -0.000000
v 1.245224 3.036422 -0.677032
v 1.645171 2.790303 -0.332745
v 1.508524 3.036422 -0.677032
v 1.108576 2.790303 -0.332745
v 1.235180 2.129026 -0.604389
v 1.518567 2.129026 -0.604389
v 1.546018 2.014560 -0.000000
v 1.207729 2.014560 -0.000000
v 1.243894 1.704356 -0.245030
v 1.311236 1.805891 -0.497913
v 1.442511 1.805891 -0.497913
v 1.509854 1.704356 -0.245030
v 1.150794 3.051701 0.204484
v 1.169799 3.188296 0.345099
v 1.262998 1.773916 0.424212
v 1.294511 1.384617 0.238008
v 1.309204 1.124527 0.121977
v 1.334397 1.072662 0.107018
v 1.506283 3.257708 0.357246
v 1.583948 3.188296 0.345099
v 1.490749 1.773916 0.424212
v 1.459236 1.384617 0.238008
v 1.444543 1.124527 0.121977
v 1.438026 1.028603 0.057302
v 1.315721 1.028603 0.057302
v 1.148162 2.958623 0.576411
v 1.178461 2.713094 0.682644
v 1.196512 2.434332 0.706133
v 1.419350 1.072662 0.107018
v 1.247464 3.257708 0.357246
v 1.605585 2.958623 0.576411
v 1.575287 2.713094 0.682644
v 1.557235 2.434332 0.706133
v 1.602954 3.051701 0.204484
v 1.588460 2.351522 0.407969
v 1.480386 2.472819 0.828755
v 1.273361 2.472819 0.828755
v 1.165287 2.351522 0.407969
v 1.151628 3.135519 0.447317
v 1.602119 3.135519 0.447317
v 1.245224 3.036422 0.677032
v 1.645171 2.790303 0.332745
v 1.508524 3.036422 0.677032
v 1.108576 2.790303 0.332745
v 1.235180 2.129026 0.604389
v 1.518567 2.129026 0.604389
v 1.243894 1.704356 0.245030
v 1.311236 1.805891 0.497913
v 1.442512 1.805891 0.497913
v 1.509854 1.704356 0.245030
v 1.113736 2.948086 -0.260081
v 1.508132 3.226859 -0.520119
v 1.411635 0.908582 -0.027006
v 1.508827 3.103054 -0.186109
v 1.244920 3.103054 -0.186109
v 1.342113 0.908582 -0.027006
v 1.542643 2.057442 -0.348900
v 1.640011 2.948086 -0.260081
v 1.458267 2.161505 -0.709423
v 1.295480 2.161505 -0.709423
v 1.245615 3.226859 -0.520119
v 1.211104 2.057442 -0.348900
v 1.262987 2.769952 -0.801787
v 1.609704 2.592072 -0.394222
v 1.490760 2.769952 -0.801787
v 1.144043 2.592072 -0.394222
v 1.281456 1.321074 -0.136695
v 1.328678 1.402571 -0.275030
v 1.425070 1.402571 -0.275030
v 1.472292 1.321074 -0.136695
v 1.113736 2.948086 0.260081
v 1.508132 3.226859 0.520119
v 1.411635 0.908582 0.027006
v 1.508827 3.103054 0.186109
v 1.244920 3.103054 0.186109
v 1.342113 0.908582 0.027006
v 1.542643 2.057442 0.348900
v 1.640011 2.948086 0.260081
v 1.458267 2.161505 0.709423
v 1.295480 2.161505 0.709423
v 1.245615 3.226859 0.520119
v 1.211104 2.057442 0.348900
v 1.262987 2.769952 0.801787
v 1.609704 2.592072 0.394222
v 1.490760 2.769952 0.801787
v 1.144043 2.592072 0.394222
v 1.281456 1.321074 0.136695
v 1.328678 1.402571 0.275030
v 1.425070 1.402571 0.275030
v 1.472292 1.321074 0.136695
vn 0.1289 0.6311 -0.7649
vn 0.1240 0.6336 -0.7636
vn 0.1332 0.6289 -0.7660
vn 0.1093 0.9766 -0.1854
vn 0.1099 0.9766 -0.1849
vn 0.1116 0.9767 -0.1836
vn 0.2210 -0.5983 -0.7702
vn 0.2281 -0.5907 -0.7740
vn 0.2543 -0.5618 -0.7872
vn 0.0461 -0.4581 -0.8877
vn 0.0912 -0.4410 -0.8929
vn 0.0977 -0.4394 -0.8930
vn 0.0602 0.7429 0.6667
vn 0.0640 0.7412 0.6682
vn 0.0678 0.7395 0.6697
vn 0.0471 0.8305 0.5550
vn 0.0524 0.8283 0.5578
vn 0.0596 0.8254 0.5614
vn -0.0524 0.8283 0.5578
vn -0.0471 0.8305 0.5550
vn -0.0596 0.8254 0.5614
vn -0.0640 0.7412 0.6682
vn -0.0602 0.7429 0.6667
vn -0.0678 0.7395 0.6697
vn -0.0912 -0.4410 -0.8929
vn -0.0461 -0.4581 -0.8877
vn -0.0977 -0.4394 -0.8930
vn -0.2281 -0.5907 -0.7740
vn -0.2210 -0.5983 -0.7702
vn -0.2543 -0.5618 -0.7872
vn 0.1017 -0.5120 -0.8530
vn 0.1196 -0.5142 -0.8493
vn 0.0989 -0.5116 -0.8535
vn 0.1407 -0.3614 -0.9218
vn 0.1331 -0.3593 -0.9237
vn 0.1429 -0.3620 -0.9212
vn -0.1331 -0.3593 -0.9237
vn -0.1407 -0.3614 -0.9218
vn -0.1429 -0.3620 -0.9212
vn -0.1196 -0.5142 -0.8493
vn -0.1017 -0.5120 -0.8530
vn -0.0989 -0.5116 -0.8535
vn -0.1099 0.9766 -0.1849
vn -0.1093 0.9766 -0.1854
vn -0.1116 0.9767 -0.1836
vn -0.1240 0.6336 -0.7636
vn -0.1289 0.6311 -0.7649
vn -0.1332 0.6289 -0.7660
vn -0.1496 0.4156 -0.8972
vn -0.1360 0.4114 -0.9013
vn -0.1572 0.4179 -0.8948
vn -0.1504 0.0856 -0.9849
vn -0.1594 0.0818 -0.9838
vn -0.1634 0.0801 -0.9833
vn 0.1594 0.0818 -0.9838
vn 0.1504 0.0856 -0.9849
vn 0.1634 0.0801 -0.9833
vn 0.1360 0.4114 -0.9013
vn 0.1496 0.4156 -0.8972
vn 0.1572 0.4179 -0.8948
vn -0.1005 -0.4871 -0.8675
vn -0.0750 -0.4848 -0.8714
vn -0.0721 -0.4845 -0.8718
vn -0.0529 -0.4499 -0.8915
vn -0.0722 -0.4542 -0.8879
vn 0.0722 -0.4542 -0.8879
vn 0.0529 -0.4499 -0.8915
vn 0.0750 -0.4848 -0.8714
vn 0.1005 -0.4871 -0.8675
vn 0.0721 -0.4845 -0.8718
vn 0.1289 0.6311 0.7649
vn 0.1240 0.6336 0.7636
vn 0.1198 0.6357 0.7625
vn 0.1099 0.9766 0.1849
vn 0.1093 0.9766 0.1854
vn 0.1116 0.9767 0.1836
vn 0.2281 -0.5907 0.7740
vn 0.2210 -0.5983 0.7702
vn 0.2543 -0.5618 0.7872
vn 0.0912 -0.4410 0.8929
vn 0.0461 -0.4581 0.8877
vn 0.0977 -0.4394 0.8930
vn 0.0640 0.7412 -0.6682
vn 0.0602 0.7429 -0.6667
vn 0.0678 0.7395 -0.6697
vn 0.9468 0.1232 0.2972
vn 0.9683 0.0851 0.2347
vn 0.9687 0.0844 0.2336
vn -0.9169 -0.2894 -0.2750
vn -0.9013 -0.3167 -0.2956
vn -0.9175 -0.2883 -0.2741
vn 0.0524 0.8283 -0.5578
vn 0.0471 0.8305 -0.5550
vn 0.0596 0.8254 -0.5614
vn 0.9130 -0.3987 -0.0862
vn 0.9242 -0.3724 -0.0844
vn 0.9249 -0.3707 -0.0843
vn -0.0640 0.7412 -0.6682
vn -0.0602 0.7429 -0.6667
vn -0.0563 0.7446 -0.6651
vn -0.0524 0.8283 -0.5578
vn -0.0471 0.8305 -0.5550
vn -0.0400 0.8333 -0.5513
vn 0.8373 -0.0783 0.5411
vn 0.8233 -0.0786 0.5622
vn 0.8229 -0.0786 0.5627
vn 0.9130 -0.3987 0.0862
vn 0.9242 -0.3724 0.0844
vn 0.9120 -0.4010 0.0863
vn -0.2281 -0.5907 0.7740
vn -0.2210 -0.5983 0.7702
vn -0.1947 -0.6255 0.7555
vn -0.0912 -0.4410 0.8929
vn -0.0461 -0.4581 0.8877
vn -0.0529 -0.4499 0.8915
vn 0.9251 0.1630 -0.3430
vn 0.9474 0.1295 -0.2928
vn 0.9246 0.1636 -0.3440
vn 0.9707 0.0955 -0.2206
vn 0.9718 0.0933 -0.2167
vn 0.9706 0.0956 -0.2207
vn -0.9140 -0.3379 0.2245
vn -0.9256 -0.3138 0.2116
vn -0.9261 -0.3126 0.2110
vn -0.9707 0.0956 0.2207
vn -0.9718 0.0933 0.2167
vn -0.9706 0.0956 0.2208
vn 0.8346 -0.2782 -0.4755
vn 0.8556 -0.2635 -0.4454
vn 0.8561 -0.2632 -0.4447
vn -0.9140 -0.3379 -0.2245
vn -0.9256 -0.3138 -0.2116
vn -0.9135 -0.3390 -0.2250
vn 0.8645 -0.3185 -0.3888
vn 0.8811 -0.2979 -0.3673
vn 0.8817 -0.2972 -0.3665
vn 0.8346 -0.2782 0.4755
vn 0.8556 -0.2635 0.4454
vn 0.8338 -0.2787 0.4766
vn -0.8645 -0.3185 0.3888
vn -0.8811 -0.2979 0.3672
vn -0.8817 -0.2972 0.3665
vn 0.1017 -0.5120 0.8530
vn 0.1196 -0.5142 0.8493
vn 0.1219 -0.5145 0.8488
vn -0.9468 0.1232 -0.2972
vn -0.9683 0.0851 -0.2347
vn -0.9686 0.0845 -0.2337
vn -0.9169 -0.2894 0.2750
vn -0.9013 -0.3167 0.2956
vn -0.9007 -0.3178 0.2964
vn 0.1407 -0.3614 0.9218
vn 0.1331 -0.3593 0.9237
vn 0.1313 -0.3588 0.9241
vn -0.9468 0.1232 0.2972
vn -0.9683 0.0851 0.2347
vn -0.9464 0.1239 0.2982
vn -0.1017 -0.5120 0.8530
vn -0.1196 -0.5142 0.8493
vn -0.0989 -0.5116 0.8535
vn -0.1407 -0.3614 0.9218
vn -0.1331 -0.3593 0.9237
vn -0.1429 -0.3620 0.9212
vn 0.8373 -0.0783 -0.5411
vn 0.8233 -0.0786 -0.5622
vn 0.8377 -0.0783 -0.5405
vn 0.9169 -0.2894 -0.2750
vn 0.9013 -0.3168 -0.2956
vn 0.9006 -0.3178 -0.2964
vn -0.1289 0.6311 0.7649
vn -0.1240 0.6336 0.7636
vn -0.1332 0.6289 0.7660
vn -0.1099 0.9766 0.1849
vn -0.1093 0.9766 0.1854
vn -0.1076 0.9765 0.1868
vn -0.9130 -0.3987 -0.0862
vn -0.9242 -0.3724 -0.0844
vn -0.9120 -0.4010 -0.0863
vn -0.9130 -0.3987 0.0862
vn -0.9242 -0.3724 0.0844
vn -0.9249 -0.3706 0.0843
vn -0.9707 0.0956 -0.2207
vn -0.9718 0.0933 -0.2167
vn -0.9718 0.0933 -0.2166
vn 0.9140 -0.3379 0.2245
vn 0.9256 -0.3138 0.2116
vn 0.9135 -0.3390 0.2251
vn 0.9140 -0.3379 -0.2245
vn 0.9256 -0.3138 -0.2116
vn 0.9261 -0.3127 -0.2110
vn -0.8645 -0.3185 -0.3888
vn -0.8811 -0.2979 -0.3672
vn -0.8638 -0.3193 -0.3897
vn -0.1594 0.0818 0.9838
vn -0.1504 0.0856 0.9849
vn -0.1634 0.0801 0.9833
vn -0.1496 0.4156 0.8972
vn -0.1360 0.4114 0.9013
vn -0.1290 0.4092 0.9033
vn -0.9251 0.1629 0.3430
vn -0.9473 0.1295 0.2929
vn -0.9246 0.1636 0.3439
vn 0.9169 -0.2894 0.2750
vn 0.9013 -0.3168 0.2956
vn 0.9175 -0.2883 0.2741
vn 0.9397 0.1962 0.2800
vn 0.8950 0.2842 0.3437
vn 0.8866 0.2983 0.3536
vn -0.8373 -0.0783 0.5411
vn -0.8233 -0.0786 0.5622
vn -0.8377 -0.0783 0.5404
vn -0.8651 0.1247 -0.4858
vn -0.9026 0.0933 -0.4203
vn -0.9033 0.0927 -0.4189
vn 0.1594 0.0818 0.9838
vn 0.1504 0.0856 0.9849
vn 0.1468 0.0871 0.9853
vn -0.8651 0.1247 0.4858
vn -0.9026 0.0933 0.4203
vn -0.8641 0.1255 0.4875
vn -0.9397 0.1962 0.2800
vn -0.8950 0.2842 0.3437
vn -0.9455 0.1824 0.2699
vn 0.1496 0.4156 0.8972
vn 0.1360 0.4114 0.9013
vn 0.1572 0.4179 0.8948
vn 0.9664 0.0749 -0.2459
vn 0.9276 0.1370 -0.3476
vn 0.9675 0.0726 -0.2422
vn -0.8346 -0.2782 -0.4755
vn -0.8556 -0.2635 -0.4454
vn -0.8338 -0.2787 -0.4765
vn 0.9664 0.0749 0.2459
vn 0.9276 0.1370 0.3476
vn 0.9258 0.1393 0.3513
vn -0.8346 -0.2782 0.4755
vn -0.8556 -0.2635 0.4454
vn -0.8561 -0.2632 0.4447
vn -0.9251 0.1629 -0.3430
vn -0.9473 0.1295 -0.2929
vn -0.9477 0.1289 -0.2919
vn 0.9251 0.1629 0.3430
vn 0.9473 0.1295 0.2929
vn 0.9477 0.1289 0.2919
vn -0.9664 0.0748 -0.2459
vn -0.9275 0.1370 -0.3477
vn -0.9258 0.1393 -0.3514
vn 0.9707 0.0955 0.2206
vn 0.9718 0.0933 0.2167
vn 0.9718 0.0933 0.2166
vn -0.9664 0.0748 0.2459
vn -0.9275 0.1370 0.3477
vn -0.9675 0.0726 0.2422
vn -0.0722 -0.4542 0.8879
vn -0.0743 -0.4539 0.8879
vn -0.0750 -0.4848 0.8714
vn -0.1005 -0.4871 0.8675
vn -0.0721 -0.4845 0.8718
vn 0.9397 0.1962 -0.2800
vn 0.8950 0.2842 -0.3437
vn 0.9455 0.1824 -0.2699
vn 0.0529 -0.4499 0.8915
vn 0.0722 -0.4542 0.8879
vn -0.8373 -0.0783 -0.5411
vn -0.8233 -0.0786 -0.5622
vn -0.8229 -0.0786 -0.5627
vn 0.8645 -0.3185 0.3888
vn 0.8811 -0.2979 0.3673
vn 0.8638 -0.3193 0.3897
vn 0.0750 -0.4848 0.8714
vn 0.1005 -0.4871 0.8675
vn 0.1025 -0.4873 0.8672
vn 0.8651 0.1247 -0.4858
vn 0.9025 0.0934 -0.4204
vn 0.8641 0.1255 -0.4875
vn 0.9469 0.1232 -0.2971
vn 0.9683 0.0851 -0.2347
vn 0.9465 0.1238 -0.2981
vn 0.8651 0.1247 0.4858
vn 0.9026 0.0933 0.4203
vn 0.9033 0.0927 0.4189
vn -0.9397 0.1962 -0.2800
vn -0.8950 0.2842 -0.3437
vn -0.8866 0.2982 -0.3536
vn -0.9993 0.0376 -0.0000
vn -0.9993 0.0361 -0.0053
vn -0.9993 0.0386 -0.0000
vn -0.9370 0.3225 0.1340
vn -0.9482 0.2881 0.1338
vn -0.9313 0.3388 0.1340
vn -0.9589 0.2691 0.0896
vn -0.9686 0.2361 0.0782
vn -0.9525 0.2889 0.0964
vn -0.9907 0.0866 -0.1049
vn -0.9904 0.0902 -0.1048
vn -0.9912 0.0809 -0.1052
vn 0.7095 0.6834 -0.1722
vn 0.7139 0.6808 -0.1639
vn 0.7374 0.6651 -0.1176
vn 0.7866 0.3819 -0.4852
vn 0.7807 0.3916 -0.4870
vn 0.7950 0.3677 -0.4825
vn 0.6304 -0.4480 -0.6339
vn 0.7438 -0.3364 -0.5776
vn 0.7660 -0.3105 -0.5629
vn 0.9396 -0.2175 -0.2643
vn 0.9510 -0.2461 -0.1873
vn 0.9348 -0.2084 -0.2877
vn 0.4086 0.7898 0.4575
vn 0.4609 0.7534 0.4689
vn 0.4911 0.7303 0.4748
vn 0.4788 0.6593 0.5797
vn 0.4864 0.6534 0.5801
vn 0.4904 0.6502 0.5803
vn -0.4864 0.6534 0.5801
vn -0.4788 0.6593 0.5797
vn -0.4904 0.6502 0.5803
vn -0.4609 0.7534 0.4689
vn -0.4086 0.7898 0.4575
vn -0.4911 0.7303 0.4748
vn -0.9510 -0.2461 -0.1873
vn -0.9396 -0.2175 -0.2644
vn -0.9348 -0.2084 -0.2877
vn -0.7438 -0.3364 -0.5776
vn -0.6304 -0.4480 -0.6339
vn -0.7660 -0.3105 -0.5629
vn 0.9788 -0.1393 -0.1500
vn 0.9800 -0.1424 -0.1392
vn 0.9779 -0.1372 -0.1575
vn 0.9733 -0.1769 -0.1460
vn 0.9734 -0.1764 -0.1465
vn 0.9733 -0.1802 -0.1422
vn 0.9866 -0.1606 -0.0302
vn 0.9865 -0.1609 -0.0300
vn 0.9864 -0.1617 -0.0294
vn 0.9942 -0.1032 -0.0306
vn 0.9950 -0.0973 -0.0237
vn 0.9950 -0.0964 -0.0251
vn 0.9904 0.0902 -0.1048
vn 0.9907 0.0866 -0.1049
vn 0.9912 0.0809 -0.1052
vn 0.9686 0.2361 0.0782
vn 0.9589 0.2691 0.0896
vn 0.9525 0.2889 0.0964
vn 0.9482 0.2881 0.1338
vn 0.9370 0.3225 0.1340
vn 0.9313 0.3388 0.1340
vn 0.9993 0.0361 -0.0053
vn 0.9993 0.0376 -0.0000
vn 0.9993 0.0386 -0.0000
vn 0.7883 -0.2793 -0.5482
vn 0.7776 -0.2753 -0.5653
vn 0.7923 -0.2809 -0.5417
vn 0.7050 -0.3661 -0.6074
vn 0.7520 -0.3591 -0.5527
vn 0.6974 -0.3670 -0.6156
vn -0.7520 -0.3591 -0.5527
vn -0.7050 -0.3661 -0.6074
vn -0.6974 -0.3670 -0.6156
vn -0.7776 -0.2753 -0.5653
vn -0.7883 -0.2793 -0.5482
vn -0.7923 -0.2809 -0.5417
vn -0.7807 0.3916 -0.4870
vn -0.7866 0.3819 -0.4852
vn -0.7950 0.3677 -0.4825
vn -0.7139 0.6808 -0.1639
vn -0.7095 0.6834 -0.1722
vn -0.7374 0.6651 -0.1176
vn -0.9950 -0.0973 -0.0237
vn -0.9942 -0.1032 -0.0306
vn -0.9950 -0.0964 -0.0251
vn -0.9865 -0.1609 -0.0300
vn -0.9866 -0.1606 -0.0302
vn -0.9864 -0.1617 -0.0294
vn -0.9734 -0.1764 -0.1465
vn -0.9733 -0.1769 -0.1460
vn -0.9733 -0.1802 -0.1422
vn -0.9800 -0.1424 -0.1392
vn -0.9788 -0.1393 -0.1500
vn -0.9779 -0.1372 -0.1575
vn -0.8280 0.0138 -0.5605
vn -0.8384 0.0003 -0.5450
vn -0.8459 -0.0098 -0.5332
vn -0.7997 0.1926 -0.5687
vn -0.8193 0.1594 -0.5508
vn -0.8366 0.1273 -0.5328
vn 0.9889 -0.0640 -0.1340
vn 0.9889 -0.0675 -0.1322
vn 0.9888 -0.0801 -0.1258
vn 0.9810 -0.0729 -0.1798
vn 0.9804 -0.0865 -0.1767
vn 0.9781 -0.1228 -0.1682
vn 0.9833 -0.1714 -0.0614
vn 0.9797 -0.1926 -0.0559
vn 0.9768 -0.2076 -0.0520
vn 0.9955 -0.0907 -0.0274
vn 0.9951 -0.0958 -0.0253
vn 0.9947 -0.1004 -0.0234
vn 0.8193 0.1594 -0.5508
vn 0.7997 0.1926 -0.5687
vn 0.8366 0.1273 -0.5328
vn 0.8384 0.0003 -0.5450
vn 0.8280 0.0138 -0.5605
vn 0.8459 -0.0098 -0.5332
vn -0.9951 -0.0958 -0.0253
vn -0.9955 -0.0907 -0.0274
vn -0.9947 -0.1004 -0.0234
vn -0.9797 -0.1926 -0.0559
vn -0.9833 -0.1714 -0.0614
vn -0.9768 -0.2076 -0.0520
vn -0.9804 -0.0865 -0.1767
vn -0.9810 -0.0729 -0.1798
vn -0.9781 -0.1228 -0.1682
vn -0.9889 -0.0675 -0.1322
vn -0.9889 -0.0640 -0.1340
vn -0.9888 -0.0801 -0.1258
vn -0.9905 -0.1278 -0.0517
vn -0.9895 -0.1218 -0.0778
vn -0.9891 -0.1200 -0.0856
vn -0.9941 -0.1024 -0.0363
vn -0.9941 -0.1010 -0.0398
vn -0.9724 -0.1577 -0.1719
vn -0.9652 -0.1525 -0.2127
vn -0.9637 -0.1571 -0.2160
vn -0.9801 -0.1482 -0.1319
vn -0.9817 -0.1476 -0.1200
vn -0.3975 -0.4210 -0.8153
vn -0.5773 -0.3623 -0.7317
vn -0.3862 -0.4239 -0.8192
vn -0.6898 -0.3716 -0.6213
vn -0.5844 -0.3894 -0.7120
vn -0.5743 -0.3906 -0.7194
vn 0.5844 -0.3894 -0.7120
vn 0.6898 -0.3716 -0.6213
vn 0.5743 -0.3906 -0.7194
vn 0.5773 -0.3623 -0.7317
vn 0.3975 -0.4210 -0.8153
vn 0.3863 -0.4239 -0.8192
vn 0.9801 -0.1483 -0.1319
vn 0.9637 -0.1571 -0.2160
vn 0.9817 -0.1476 -0.1200
vn 0.9652 -0.1525 -0.2127
vn 0.9724 -0.1577 -0.1719
vn 0.9941 -0.1024 -0.0363
vn 0.9941 -0.1010 -0.0398
vn 0.9895 -0.1218 -0.0778
vn 0.9905 -0.1278 -0.0517
vn 0.9891 -0.1200 -0.0856
vn -0.9993 0.0361 0.0053
vn -0.9904 0.0902 0.1048
vn -0.9907 0.0866 0.1049
vn -0.9912 0.0809 0.1052
vn -0.9686 0.2361 -0.0782
vn -0.9589 0.2691 -0.0896
vn -0.9525 0.2889 -0.0964
vn -0.9482 0.2881 -0.1338
vn -0.9370 0.3225 -0.1340
vn -0.9313 0.3388 -0.1340
vn 0.7866 0.3819 0.4852
vn 0.7807 0.3916 0.4870
vn 0.7724 0.4048 0.4894
vn 0.7139 0.6808 0.1639
vn 0.7095 0.6834 0.1722
vn 0.7374 0.6651 0.1176
vn 0.9510 -0.2461 0.1873
vn 0.9396 -0.2175 0.2643
vn 0.9348 -0.2084 0.2877
vn 0.7438 -0.3364 0.5776
vn 0.6304 -0.4480 0.6339
vn 0.7660 -0.3105 0.5629
vn 0.4864 0.6534 -0.5801
vn 0.4788 0.6593 -0.5797
vn 0.4904 0.6502 -0.5803
vn 0.4609 0.7534 -0.4689
vn 0.4086 0.7898 -0.4575
vn 0.4911 0.7303 -0.4748
vn -0.4864 0.6534 -0.5801
vn -0.4788 0.6593 -0.5797
vn -0.4746 0.6626 -0.5795
vn -0.4609 0.7534 -0.4689
vn -0.4086 0.7898 -0.4575
vn -0.3781 0.8090 -0.4501
vn -0.9510 -0.2461 0.1873
vn -0.9396 -0.2175 0.2644
vn -0.9526 -0.2523 0.1698
vn -0.7438 -0.3364 0.5776
vn -0.6304 -0.4480 0.6339
vn -0.5966 -0.4761 0.6461
vn 0.9788 -0.1393 0.1500
vn 0.9800 -0.1424 0.1392
vn 0.9806 -0.1442 0.1328
vn 0.9942 -0.1032 0.0306
vn 0.9950 -0.0973 0.0237
vn 0.9949 -0.0988 0.0218
vn 0.9866 -0.1606 0.0302
vn 0.9865 -0.1609 0.0300
vn 0.9867 -0.1599 0.0307
vn 0.9733 -0.1769 0.1460
vn 0.9734 -0.1764 0.1465
vn 0.9734 -0.1733 0.1501
vn 0.9904 0.0902 0.1048
vn 0.9907 0.0866 0.1049
vn 0.9899 0.0957 0.1045
vn 0.9993 0.0361 0.0053
vn 0.9994 0.0350 0.0051
vn 0.9482 0.2881 -0.1338
vn 0.9370 0.3225 -0.1340
vn 0.9537 0.2694 -0.1336
vn 0.9686 0.2361 -0.0782
vn 0.9589 0.2691 -0.0896
vn 0.9764 0.2054 -0.0675
vn 0.7050 -0.3661 0.6074
vn 0.7520 -0.3591 0.5527
vn 0.7576 -0.3581 0.5457
vn 0.7883 -0.2793 0.5482
vn 0.7776 -0.2753 0.5653
vn 0.7739 -0.2739 0.5710
vn -0.7050 -0.3661 0.6074
vn -0.7520 -0.3591 0.5527
vn -0.6974 -0.3670 0.6156
vn -0.7883 -0.2793 0.5482
vn -0.7776 -0.2753 0.5653
vn -0.7923 -0.2809 0.5417
vn -0.7866 0.3819 0.4852
vn -0.7807 0.3916 0.4870
vn -0.7950 0.3677 0.4825
vn -0.7139 0.6808 0.1639
vn -0.7095 0.6834 0.1722
vn -0.6671 0.7036 0.2447
vn -0.9942 -0.1032 0.0306
vn -0.9950 -0.0973 0.0237
vn -0.9950 -0.0964 0.0251
vn -0.9788 -0.1393 0.1500
vn -0.9800 -0.1424 0.1392
vn -0.9779 -0.1372 0.1575
vn -0.9733 -0.1769 0.1460
vn -0.9734 -0.1764 0.1465
vn -0.9733 -0.1802 0.1422
vn -0.9866 -0.1606 0.0302
vn -0.9865 -0.1609 0.0300
vn -0.9864 -0.1617 0.0294
vn -0.8384 0.0003 0.5450
vn -0.8280 0.0138 0.5605
vn -0.8459 -0.0098 0.5332
vn -0.8193 0.1594 0.5508
vn -0.7997 0.1926 0.5687
vn -0.8366 0.1273 0.5328
vn 0.9889 -0.0640 0.1340
vn 0.9889 -0.0675 0.1322
vn 0.9888 -0.0522 0.1399
vn 0.9955 -0.0907 0.0274
vn 0.9951 -0.0958 0.0253
vn 0.9958 -0.0863 0.0292
vn 0.9833 -0.1714 0.0614
vn 0.9797 -0.1926 0.0559
vn 0.9856 -0.1561 0.0654
vn 0.9810 -0.0729 0.1798
vn 0.9804 -0.0865 0.1767
vn 0.9815 -0.0401 0.1872
vn 0.8384 0.0003 0.5450
vn 0.8280 0.0138 0.5605
vn 0.8206 0.0232 0.5711
vn 0.8193 0.1594 0.5508
vn 0.7997 0.1926 0.5687
vn 0.7817 0.2209 0.5832
vn -0.9955 -0.0907 0.0274
vn -0.9951 -0.0958 0.0253
vn -0.9947 -0.1004 0.0234
vn -0.9889 -0.0640 0.1340
vn -0.9889 -0.0675 0.1322
vn -0.9888 -0.0801 0.1258
vn -0.9810 -0.0729 0.1798
vn -0.9804 -0.0865 0.1767
vn -0.9781 -0.1228 0.1682
vn -0.9833 -0.1714 0.0614
vn -0.9797 -0.1926 0.0559
vn -0.9768 -0.2076 0.0520
vn -0.9895 -0.1218 0.0778
vn -0.9905 -0.1278 0.0517
vn -0.9891 -0.1200 0.0856
vn -0.9801 -0.1482 0.1319
vn -0.9637 -0.1571 0.2160
vn -0.9817 -0.1476 0.1200
vn -0.9652 -0.1524 0.2127
vn -0.9724 -0.1577 0.1719
vn -0.9941 -0.1024 0.0363
vn -0.9941 -0.1010 0.0398
vn -0.3975 -0.4210 0.8153
vn -0.5773 -0.3623 0.7317
vn -0.5947 -0.3553 0.7212
vn -0.5844 -0.3894 0.7120
vn -0.6898 -0.3716 0.6213
vn -0.5743 -0.3906 0.7194
vn 0.3975 -0.4210 0.8153
vn 0.5773 -0.3623 0.7317
vn 0.3862 -0.4239 0.8192
vn 0.5844 -0.3894 0.7120
vn 0.6898 -0.3716 0.6213
vn 0.6954 -0.3704 0.6158
vn 0.9801 -0.1483 0.1319
vn 0.9637 -0.1571 0.2160
vn 0.9652 -0.1525 0.2127
vn 0.9895 -0.1218 0.0778
vn 0.9905 -0.1278 0.0517
vn 0.9906 -0.1288 0.0470
vn 0.9941 -0.1024 0.0363
vn 0.9950 -0.0964 0.0251
vn 0.9724 -0.1577 0.1719
vn 0.9736 -0.1578 0.1650
vn 0.1198 0.6357 -0.7625
vn 0.1076 0.9765 -0.1868
vn 0.1947 -0.6255 -0.7555
vn 0.0563 0.7446 0.6651
vn 0.0400 0.8333 0.5513
vn -0.0400 0.8333 0.5513
vn -0.0563 0.7446 0.6651
vn -0.1947 -0.6255 -0.7555
vn 0.1219 -0.5145 -0.8488
vn 0.1313 -0.3588 -0.9241
vn -0.1313 -0.3588 -0.9241
vn -0.1219 -0.5145 -0.8488
vn -0.1076 0.9765 -0.1868
vn -0.1198 0.6357 -0.7625
vn -0.1290 0.4092 -0.9033
vn -0.1468 0.0871 -0.9853
vn 0.1468 0.0871 -0.9853
vn 0.1290 0.4092 -0.9033
vn -0.1025 -0.4873 -0.8672
vn -0.0743 -0.4539 -0.8879
vn 0.0743 -0.4539 -0.8879
vn 0.1025 -0.4873 -0.8672
vn 0.1332 0.6289 0.7660
vn 0.1076 0.9765 0.1868
vn 0.1947 -0.6255 0.7555
vn 0.0563 0.7446 -0.6651
vn 0.9464 0.1239 0.2982
vn -0.9007 -0.3178 -0.2964
vn 0.0400 0.8333 -0.5513
vn 0.9120 -0.4010 -0.0863
vn -0.0678 0.7395 -0.6697
vn -0.0596 0.8254 -0.5614
vn 0.8377 -0.0783 0.5405
vn 0.9249 -0.3707 0.0843
vn -0.2543 -0.5618 0.7872
vn -0.0977 -0.4394 0.8930
vn 0.9477 0.1289 -0.2919
vn 0.9718 0.0933 -0.2166
vn -0.9135 -0.3390 0.2250
vn -0.9718 0.0933 0.2166
vn 0.8338 -0.2787 -0.4766
vn -0.9261 -0.3126 -0.2110
vn 0.8638 -0.3193 -0.3897
vn 0.8561 -0.2632 0.4447
vn -0.8638 -0.3193 0.3897
vn 0.0989 -0.5116 0.8535
vn -0.9464 0.1239 -0.2982
vn -0.9175 -0.2883 0.2741
vn 0.1429 -0.3620 0.9212
vn -0.9686 0.0845 0.2337
vn -0.1219 -0.5145 0.8488
vn -0.1313 -0.3588 0.9241
vn 0.8229 -0.0786 -0.5627
vn 0.9175 -0.2883 -0.2741
vn -0.1198 0.6357 0.7625
vn -0.1116 0.9767 0.1836
vn -0.9249 -0.3706 -0.0843
vn -0.9120 -0.4010 0.0863
vn -0.9706 0.0956 -0.2208
vn 0.9261 -0.3127 0.2110
vn 0.9135 -0.3390 -0.2251
vn -0.8817 -0.2972 -0.3665
vn -0.1468 0.0871 0.9853
vn -0.1572 0.4179 0.8948
vn -0.9477 0.1289 0.2919
vn 0.9006 -0.3178 0.2964
vn 0.9455 0.1824 0.2699
vn -0.8229 -0.0786 0.5627
vn -0.8641 0.1255 -0.4875
vn 0.1634 0.0801 0.9833
vn -0.9033 0.0927 0.4189
vn -0.8866 0.2982 0.3536
vn 0.1290 0.4092 0.9033
vn 0.9258 0.1393 -0.3513
vn -0.8561 -0.2632 -0.4447
vn 0.9675 0.0726 0.2422
vn -0.8338 -0.2787 0.4765
vn -0.9246 0.1636 -0.3439
vn 0.9246 0.1636 0.3439
vn -0.9675 0.0726 -0.2422
vn 0.9706 0.0956 0.2207
vn -0.9258 0.1393 0.3514
vn -0.1025 -0.4873 0.8672
vn 0.8866 0.2983 -0.3536
vn 0.0743 -0.4539 0.8879
vn -0.8377 -0.0783 -0.5404
vn 0.8817 -0.2972 0.3665
vn 0.0721 -0.4845 0.8718
vn 0.9033 0.0927 -0.4190
vn 0.9687 0.0844 -0.2336
vn 0.8641 0.1255 0.4875
vn -0.9455 0.1824 -0.2699
vn -0.9994 0.0350 -0.0051
vn -0.9537 0.2694 0.1336
vn -0.9764 0.2054 0.0675
vn -0.9899 0.0957 -0.1045
vn 0.6671 0.7036 -0.2447
vn 0.7724 0.4048 -0.4894
vn 0.5966 -0.4761 -0.6461
vn 0.9526 -0.2523 -0.1698
vn 0.3781 0.8090 0.4501
vn 0.4746 0.6626 0.5795
vn -0.4746 0.6626 0.5795
vn -0.3781 0.8090 0.4501
vn -0.9526 -0.2523 -0.1698
vn -0.5966 -0.4761 -0.6461
vn 0.9806 -0.1442 -0.1328
vn 0.9734 -0.1733 -0.1501
vn 0.9867 -0.1599 -0.0307
vn 0.9949 -0.0988 -0.0218
vn 0.9899 0.0957 -0.1045
vn 0.9764 0.2054 0.0675
vn 0.9537 0.2694 0.1336
vn 0.9994 0.0350 -0.0051
vn 0.7739 -0.2739 -0.5710
vn 0.7576 -0.3581 -0.5457
vn -0.7576 -0.3581 -0.5457
vn -0.7739 -0.2739 -0.5710
vn -0.7724 0.4048 -0.4894
vn -0.6671 0.7036 -0.2447
vn -0.9949 -0.0988 -0.0218
vn -0.9867 -0.1599 -0.0307
vn -0.9734 -0.1733 -0.1501
vn -0.9806 -0.1442 -0.1328
vn -0.8206 0.0232 -0.5711
vn -0.7817 0.2209 -0.5832
vn 0.9888 -0.0522 -0.1399
vn 0.9815 -0.0401 -0.1872
vn 0.9856 -0.1561 -0.0654
vn 0.9958 -0.0863 -0.0292
vn 0.7817 0.2209 -0.5832
vn 0.8206 0.0232 -0.5711
vn -0.9958 -0.0863 -0.0292
vn -0.9856 -0.1561 -0.0654
vn -0.9815 -0.0401 -0.1872
vn -0.9888 -0.0522 -0.1399
vn -0.9906 -0.1288 -0.0471
vn -0.9736 -0.1578 -0.1650
vn -0.5947 -0.3553 -0.7212
vn -0.6954 -0.3704 -0.6158
vn 0.6954 -0.3704 -0.6158
vn 0.5947 -0.3553 -0.7212
vn 0.9736 -0.1578 -0.1650
vn 0.9906 -0.1288 -0.0470
vn -0.9994 0.0350 0.0051
vn -0.9899 0.0957 0.1045
vn -0.9764 0.2054 -0.0675
vn -0.9537 0.2694 -0.1336
vn 0.7950 0.3677 0.4825
vn 0.6671 0.7036 0.2447
vn 0.9526 -0.2523 0.1698
vn 0.5966 -0.4761 0.6461
vn 0.4746 0.6626 -0.5795
vn 0.3781 0.8090 -0.4501
vn -0.4904 0.6502 -0.5803
vn -0.4911 0.7303 -0.4748
vn -0.9348 -0.2084 0.2877
vn -0.7660 -0.3105 0.5629
vn 0.9779 -0.1372 0.1575
vn 0.9864 -0.1617 0.0294
vn 0.9733 -0.1802 0.1422
vn 0.9912 0.0809 0.1052
vn 0.9313 0.3388 -0.1340
vn 0.9525 0.2889 -0.0964
vn 0.6974 -0.3670 0.6156
vn 0.7923 -0.2809 0.5417
vn -0.7576 -0.3581 0.5457
vn -0.7739 -0.2739 0.5710
vn -0.7724 0.4048 0.4894
vn -0.7374 0.6651 0.1176
vn -0.9949 -0.0988 0.0218
vn -0.9806 -0.1442 0.1328
vn -0.9734 -0.1733 0.1501
vn -0.9867 -0.1599 0.0307
vn -0.8206 0.0232 0.5711
vn -0.7817 0.2209 0.5832
vn 0.9888 -0.0801 0.1258
vn 0.9947 -0.1004 0.0234
vn 0.9768 -0.2076 0.0520
vn 0.9781 -0.1228 0.1682
vn 0.8459 -0.0098 0.5332
vn 0.8366 0.1273 0.5328
vn -0.9958 -0.0863 0.0292
vn -0.9888 -0.0522 0.1399
vn -0.9815 -0.0401 0.1872
vn -0.9856 -0.1560 0.0654
vn -0.9906 -0.1288 0.0471
vn -0.9736 -0.1578 0.1650
vn -0.3862 -0.4239 0.8192
vn -0.6954 -0.3704 0.6158
vn 0.5947 -0.3553 0.7212
vn 0.5743 -0.3906 0.7194
vn 0.9817 -0.1476 0.1200
vn 0.9891 -0.1200 0.0856
vn 0.9941 -0.1010 0.0398
vt 0.869633 0.172058
vt 0.865362 0.174659
vt 0.865433 0.172839
vt 0.868880 0.177815
vt 0.869629 0.175172
vt 0.846680 0.165798
vt 0.847018 0.167055
vt 0.846121 0.166217
vt 0.848607 0.165229
vt 0.847320 0.166937
vt 0.867342 0.180534
vt 0.864752 0.176087
vt 0.865490 0.182943
vt 0.863167 0.177545
vt 0.863653 0.859781
vt 0.857924 0.858189
vt 0.860016 0.855881
vt 0.865068 0.857852
vt 0.862590 0.853771
vt 0.876508 0.873784
vt 0.878080 0.872382
vt 0.877671 0.874329
vt 0.876396 0.874078
vt 0.877294 0.874916
vt 0.857786 0.164441
vt 0.861895 0.167826
vt 0.857669 0.167281
vt 0.862756 0.164618
vt 0.864230 0.169189
vt 0.872581 0.857194
vt 0.877417 0.858106
vt 0.874285 0.859375
vt 0.878103 0.863139
vt 0.875260 0.863532
vt 0.866500 0.856899
vt 0.865276 0.852488
vt 0.868624 0.851959
vt 0.868480 0.856520
vt 0.870745 0.856363
vt 0.872270 0.852522
vt 0.875466 0.854321
vt 0.866586 0.166034
vt 0.865269 0.170772
vt 0.868642 0.168795
vt 0.878103 0.868344
vt 0.876033 0.868418
vt 0.876413 0.872152
vt 0.852647 0.164870
vt 0.848980 0.166884
vt 0.852751 0.166934
vt 0.854791 0.189174
vt 0.856914 0.184234
vt 0.858139 0.188645
vt 0.860824 0.187362
vt 0.845743 0.166804
vt 0.846907 0.167349
vt 0.845334 0.168751
vt 0.858347 0.183281
vt 0.863398 0.185252
vt 0.852743 0.167225
vt 0.865054 0.858007
vt 0.863891 0.860029
vt 0.859761 0.181352
vt 0.858360 0.183125
vt 0.858662 0.865046
vt 0.856072 0.860599
vt 0.860248 0.863588
vt 0.862127 0.861900
vt 0.864036 0.169180
vt 0.864616 0.176146
vt 0.865227 0.174672
vt 0.876735 0.875335
vt 0.876095 0.874196
vt 0.874808 0.875903
vt 0.874435 0.874249
vt 0.849130 0.181757
vt 0.848499 0.177446
vt 0.849373 0.181432
vt 0.847382 0.172714
vt 0.847178 0.168992
vt 0.847679 0.172679
vt 0.860489 0.863831
vt 0.876237 0.872140
vt 0.875735 0.868454
vt 0.852670 0.184769
vt 0.854921 0.184527
vt 0.854935 0.184613
vt 0.862547 0.862316
vt 0.856937 0.184134
vt 0.865325 0.172846
vt 0.865066 0.170803
vt 0.866477 0.856999
vt 0.845311 0.177993
vt 0.845998 0.183026
vt 0.865745 0.873851
vt 0.870671 0.873908
vt 0.870663 0.874199
vt 0.858799 0.864987
vt 0.850834 0.183938
vt 0.847949 0.186811
vt 0.874916 0.863687
vt 0.865628 0.876692
vt 0.861519 0.873307
vt 0.860659 0.876514
vt 0.859185 0.871943
vt 0.850763 0.183738
vt 0.852640 0.184565
vt 0.853782 0.869074
vt 0.858052 0.866474
vt 0.857982 0.868294
vt 0.854535 0.863318
vt 0.858188 0.866460
vt 0.874409 0.874076
vt 0.861287 0.179232
vt 0.859523 0.181104
vt 0.860867 0.178817
vt 0.862926 0.177302
vt 0.858090 0.868287
vt 0.856828 0.875098
vt 0.858146 0.870361
vt 0.874041 0.859701
vt 0.847078 0.167111
vt 0.872652 0.857395
vt 0.870775 0.856568
vt 0.861779 0.873021
vt 0.851145 0.188611
vt 0.876337 0.874022
vt 0.876411 0.873741
vt 0.847002 0.168981
vt 0.847003 0.167391
vt 0.858348 0.870329
vt 0.847371 0.167048
vt 0.868494 0.856605
vt 0.865862 0.873506
vt 0.857552 0.167626
vt 0.876044 0.874085
vt 0.849006 0.167057
vt 0.870767 0.876263
vt 0.845311 0.172789
vt 0.859379 0.871953
vt 0.848155 0.177601
vt 0.861636 0.168112
vt 0.380166 0.939065
vt 0.382374 0.942254
vt 0.379309 0.939932
vt 0.381360 0.937857
vt 0.382790 0.940945
vt 0.383581 0.939608
vt 0.385252 0.941803
vt 0.385048 0.943561
vt 0.397677 0.958466
vt 0.400420 0.960738
vt 0.397034 0.960853
vt 0.397271 0.963672
vt 0.400624 0.962496
vt 0.417050 0.972610
vt 0.417749 0.971632
vt 0.419205 0.972594
vt 0.418588 0.971232
vt 0.419788 0.972446
vt 0.401636 0.954084
vt 0.402091 0.958543
vt 0.399492 0.956165
vt 0.400287 0.959533
vt 0.385386 0.940599
vt 0.386181 0.937230
vt 0.387996 0.939531
vt 0.384036 0.935150
vt 0.367084 0.952297
vt 0.366468 0.953659
vt 0.365884 0.953511
vt 0.367923 0.952698
vt 0.368622 0.953675
vt 0.408552 0.969912
vt 0.407448 0.966618
vt 0.410811 0.968303
vt 0.404437 0.968653
vt 0.405050 0.964710
vt 0.409030 0.961564
vt 0.411134 0.963692
vt 0.413563 0.966150
vt 0.402882 0.959880
vt 0.403298 0.961189
vt 0.404312 0.956792
vt 0.405506 0.957999
vt 0.406363 0.958866
vt 0.402887 0.971084
vt 0.401866 0.966778
vt 0.407578 0.971999
vt 0.381235 0.949718
vt 0.378094 0.953064
vt 0.377120 0.950977
vt 0.383806 0.947843
vt 0.382786 0.952149
vt 0.388401 0.944738
vt 0.388638 0.941918
vt 0.374539 0.944757
vt 0.374861 0.949368
vt 0.372109 0.947215
vt 0.376642 0.942629
vt 0.378225 0.947683
vt 0.380622 0.945775
vt 0.384958 0.945892
vt 0.386039 0.950360
vt 0.387826 0.947867
vt 0.403881 0.963060
vt 0.400714 0.964827
vt 0.407665 0.960183
vt 0.397847 0.966802
vt 0.399633 0.969295
vt 0.378007 0.941248
vt 0.381791 0.944125
vt 0.369352 0.950003
vt 0.370998 0.951202
vt 0.372413 0.952176
vt 0.369289 0.952670
vt 0.372844 0.953675
vt 0.412828 0.972610
vt 0.413259 0.971111
vt 0.416384 0.971605
vt 0.414674 0.970137
vt 0.416320 0.968938
vt 0.376951 0.936893
vt 0.375614 0.934234
vt 0.378255 0.936462
vt 0.377369 0.934010
vt 0.379583 0.935656
vt 0.411273 0.949830
vt 0.408303 0.952945
vt 0.408457 0.949561
vt 0.406062 0.950176
vt 0.419942 0.971864
vt 0.418998 0.970397
vt 0.419983 0.969710
vt 0.407100 0.952798
vt 0.403740 0.951964
vt 0.406089 0.954591
vt 0.378572 0.933863
vt 0.381932 0.933029
vt 0.365730 0.952929
vt 0.366674 0.951463
vt 0.365689 0.950775
vt 0.366686 0.950097
vt 0.417383 0.961182
vt 0.414102 0.960040
vt 0.416171 0.957052
vt 0.415748 0.963422
vt 0.412221 0.957620
vt 0.414326 0.954460
vt 0.410058 0.953169
vt 0.407417 0.955397
vt 0.408721 0.955828
vt 0.419481 0.960231
vt 0.418620 0.955530
vt 0.416868 0.952256
vt 0.366192 0.941297
vt 0.369501 0.938117
vt 0.368289 0.942246
vt 0.367053 0.936595
vt 0.371347 0.935525
vt 0.374399 0.930895
vt 0.379610 0.931241
vt 0.369924 0.944487
vt 0.371571 0.941105
vt 0.373451 0.938685
vt 0.368804 0.933321
vt 0.373284 0.934351
vt 0.371276 0.931506
vt 0.410585 0.956433
vt 0.412389 0.953286
vt 0.414396 0.950441
vt 0.375087 0.937498
vt 0.368135 0.948371
vt 0.367144 0.946968
vt 0.365641 0.946554
vt 0.418986 0.969032
vt 0.420032 0.965488
vt 0.417537 0.967306
vt 0.418528 0.965902
vt 0.853785 0.865961
vt 0.854772 0.872337
vt 0.377215 0.930626
s 1
usemtl Player
f 818/1037/432 861/1038/433 841/1039/434
f 814/1040/435 861/1038/436 839/1041/437
f 834/1042/438 832/1043/439 816/1044/440
f 813/1045/441 862/1046/442 834/1042/443
f 831/1047/444 826/1048/445 814/1040/446
f 815/1049/447 863/1050/448 831/1047/449
f 864/1051/450 815/1052/451 831/1053/452
f 828/1054/453 831/1053/454 814/1055/455
f 865/1056/456 813/1057/457 834/1058/458
f 833/1059/459 834/1058/460 816/1060/461
f 819/1061/462 866/1062/463 844/1063/464
f 842/1064/465 835/1065/466 866/1062/467
f 836/1066/468 842/1067/469 867/1068/470
f 867/1068/471 819/1069/472 843/1070/473
f 868/1071/474 814/1055/475 839/1072/476
f 868/1071/477 818/1073/478 840/1074/479
f 869/1075/480 818/1073/481 838/1076/482
f 869/1075/483 817/1077/484 836/1066/485
f 817/1078/486 870/1079/487 835/1065/488
f 818/1037/489 870/1079/490 838/1080/491
f 843/1070/492 837/1081/493 871/1082/494
f 825/1083/495 837/1081/496 813/1057/457
f 837/1084/497 827/1085/498 813/1045/441
f 837/1084/499 844/1063/500 872/1086/501
f 823/1087/502 873/1088/503 855/1089/504
f 873/1088/505 821/1090/506 855/1089/507
f 832/1043/508 850/1091/509 816/1044/510
f 874/1092/511 820/1093/512 850/1091/513
f 846/1094/514 849/1095/515 821/1090/516
f 844/1063/517 1001/1096/518 872/1086/519
f 864/1051/520 905/1097/521 987/1098/522
f 875/1099/523 815/1049/524 849/1095/525
f 873/1088/526 951/1100/527 846/1094/528
f 848/1101/529 849/1102/530 876/1103/531
f 876/1103/532 815/1052/533 830/1104/534
f 870/1079/535 921/1105/536 835/1065/537
f 861/1038/538 892/1106/539 984/1107/540
f 833/1059/541 850/1108/542 877/1109/543
f 877/1109/544 820/1110/545 845/1111/546
f 878/1112/547 981/1113/548 1011/1114/549
f 884/1115/550 961/1116/551 1021/1117/552
f 830/1104/553 1007/1118/554 876/1103/555
f 871/1082/556 891/1119/557 1000/1120/558
f 882/1121/559 975/1122/560 857/1123/561
f 830/1104/562 987/1098/563 912/1124/564
f 857/1123/565 1004/1125/566 873/1088/567
f 870/1079/568 935/1126/569 997/1127/570
f 840/1074/571 993/1128/572 868/1071/573
f 824/1129/574 878/1112/575 858/1130/576
f 859/1131/577 1020/1132/578 883/1133/579
f 876/1103/580 962/1134/581 848/1101/582
f 858/1130/583 851/1135/584 822/1136/585
f 843/1070/586 1000/1120/587 942/1137/588
f 824/1138/589 879/1139/590 859/1131/591
f 858/1140/592 852/1141/593 879/1139/594
f 882/1121/595 968/1142/596 1017/1143/597
f 863/1050/598 892/1106/599 826/1048/600
f 823/1144/601 880/1145/602 856/1146/603
f 880/1145/604 821/1147/605 848/1101/606
f 880/1145/607 962/1134/608 1013/1148/609
f 868/1071/610 905/1097/611 828/1054/612
f 883/1133/613 950/1149/614 845/1111/615
f 829/1150/616 1006/1151/617 911/1152/618
f 829/1150/619 986/1153/620 863/1050/621
f 856/1146/622 1013/1148/623 973/1154/624
f 822/1155/625 881/1156/626 852/1141/627
f 881/1156/628 823/1144/629 856/1146/630
f 867/1068/631 942/1137/632 992/1157/633
f 875/1099/634 951/1100/635 1006/1151/636
f 862/1046/637 913/1158/638 832/1043/639
f 869/1075/640 922/1159/641 995/1160/642
f 852/1141/643 1012/1161/644 879/1139/645
f 822/1136/646 882/1121/647 854/1162/648
f 836/1066/649 992/1157/650 922/1159/651
f 865/1056/652 914/1163/653 988/1164/654
f 882/1121/655 823/1087/656 854/1162/657
f 847/1165/658 1005/1166/659 961/1116/660
f 881/1156/661 973/1154/662 1015/1167/663
f 827/1085/664 985/1168/665 862/1046/666
f 869/1075/667 933/1169/668 840/1074/669
f 879/1139/670 980/1170/671 859/1131/672
f 866/1062/673 943/1171/674 844/1063/675
f 845/1111/676 1008/1172/677 877/1109/678
f 872/1086/679 904/1173/680 827/1085/681
f 825/1083/682 988/1164/683 891/1119/684
f 845/1111/546 853/1174/685 883/1133/686
f 853/1174/687 859/1131/688 883/1133/689
f 874/1092/690 913/1158/691 1005/1166/692
f 847/1165/693 853/1175/694 820/1093/512
f 881/1156/695 969/1176/696 852/1141/697
f 841/1039/698 984/1107/699 935/1126/700
f 853/1175/701 860/1177/702 824/1129/703
f 851/1135/704 1011/1114/705 968/1142/706
f 860/1177/707 1021/1117/708 981/1113/709
f 835/1065/710 991/1178/711 866/1062/712
f 877/1109/713 914/1163/714 833/1059/715
f 932/1179/716 936/1180/717 927/1181/718
f 885/1182/719 983/1183/720 932/1179/721
f 886/1184/722 929/1185/723 983/1183/724
f 983/1183/725 901/1186/726 936/1180/727
f 892/1187/728 930/1188/729 984/1189/730
f 935/1190/731 930/1188/732 906/1191/733
f 904/1192/734 898/1193/735 985/1194/736
f 985/1194/737 897/1195/738 913/1196/739
f 911/1197/740 909/1198/741 986/1199/742
f 986/1199/743 893/1200/744 892/1187/745
f 887/1201/746 987/1202/747 905/1203/748
f 886/1184/749 912/1204/750 987/1202/751
f 900/1205/752 988/1206/753 914/1207/754
f 899/1208/755 891/1209/756 988/1206/757
f 894/1210/758 989/1211/759 944/1212/760
f 938/1213/761 915/1214/762 989/1211/763
f 989/1211/764 916/1215/765 939/1216/766
f 944/1212/767 939/1216/768 917/1217/769
f 906/1191/770 990/1218/771 934/1219/772
f 930/1188/773 909/1198/774 990/1218/775
f 990/1218/776 910/1220/777 931/1221/778
f 934/1219/779 931/1221/780 919/1222/781
f 991/1223/782 908/1224/783 938/1213/784
f 943/1225/785 938/1213/786 894/1210/787
f 937/1226/788 942/1227/789 888/1228/790
f 903/1229/791 992/1230/792 937/1226/793
f 929/1185/794 933/1231/795 901/1186/796
f 929/1185/797 905/1203/798 993/1232/799
f 940/1233/800 941/1234/801 925/1235/802
f 923/1236/803 994/1237/804 940/1233/805
f 924/1238/806 937/1226/807 994/1237/808
f 994/1237/809 888/1228/810 941/1234/811
f 902/1239/812 922/1240/813 903/1229/814
f 901/1186/815 995/1241/816 902/1239/817
f 908/1224/818 996/1242/819 915/1214/820
f 907/1243/821 934/1219/822 996/1242/823
f 996/1242/824 919/1222/825 920/1244/826
f 915/1214/827 920/1244/828 916/1215/829
f 997/1245/830 906/1191/831 907/1243/832
f 921/1246/833 907/1243/834 908/1224/835
f 928/1247/836 924/1238/837 923/1236/838
f 927/1181/839 998/1248/840 928/1247/841
f 936/1180/842 902/1239/843 998/1248/844
f 998/1248/845 903/1229/846 924/1238/847
f 926/1249/848 899/1208/849 900/1205/850
f 925/1235/802 999/1250/851 926/1249/852
f 941/1234/853 889/1251/854 999/1250/855
f 999/1250/855 890/1252/856 899/1208/857
f 890/1252/858 1000/1253/859 891/1209/860
f 888/1228/861 1000/1253/862 889/1251/863
f 1001/1254/864 894/1210/865 895/1255/866
f 1001/1254/867 896/1256/868 904/1192/869
f 896/1256/870 1002/1257/871 898/1193/872
f 895/1255/873 944/1212/874 1002/1257/871
f 1002/1257/875 917/1217/769 918/1258/876
f 898/1193/877 918/1258/878 897/1195/879
f 976/1259/880 932/1179/716 927/1181/718
f 958/1260/881 1003/1261/882 976/1259/883
f 971/1262/884 945/1263/885 1003/1261/886
f 1003/1261/887 885/1182/888 932/1179/889
f 975/1264/890 972/1265/891 1004/1266/892
f 972/1265/893 951/1267/894 1004/1266/895
f 897/1195/896 1005/1268/897 913/1196/898
f 956/1269/899 961/1270/900 1005/1268/901
f 952/1271/902 1006/1272/903 951/1267/904
f 966/1273/905 911/1197/906 1006/1272/907
f 946/1274/908 1007/1275/909 945/1263/910
f 945/1263/911 912/1204/912 885/1182/913
f 900/1205/914 1008/1276/915 957/1277/916
f 957/1277/917 950/1278/918 949/1279/919
f 953/1280/920 1009/1281/921 978/1282/922
f 982/1283/923 939/1216/924 1009/1281/925
f 1009/1281/926 916/1215/927 967/1284/928
f 978/1282/929 967/1284/930 965/1285/931
f 963/1286/932 1010/1287/933 972/1265/934
f 974/1288/935 931/1221/780 1010/1287/936
f 1010/1287/937 910/1220/938 966/1273/939
f 972/1265/940 966/1273/941 952/1271/942
f 981/1289/943 978/1282/944 1011/1290/945
f 1011/1290/946 965/1285/947 968/1291/948
f 980/1292/949 977/1293/950 947/1294/951
f 1012/1295/952 960/1296/953 977/1293/954
f 973/1297/955 971/1262/956 958/1260/957
f 971/1262/958 962/1298/959 946/1274/960
f 979/1299/961 940/1233/962 925/1235/963
f 947/1294/964 1014/1300/965 979/1299/966
f 977/1293/967 970/1301/968 1014/1300/969
f 1014/1300/970 923/1236/971 940/1233/972
f 969/1302/973 959/1303/974 960/1296/975
f 1015/1304/976 958/1260/977 959/1303/978
f 965/1285/979 1016/1305/980 964/1306/981
f 967/1284/982 920/1244/983 1016/1305/984
f 1016/1305/985 919/1222/986 974/1288/987
f 964/1306/988 974/1288/989 963/1286/990
f 968/1291/991 964/1306/992 1017/1307/993
f 1017/1307/994 963/1286/995 975/1264/996
f 970/1301/997 928/1247/998 923/1236/999
f 960/1296/1000 1018/1308/1001 970/1301/1002
f 959/1303/1003 976/1259/1004 1018/1308/1005
f 1018/1308/1006 927/1181/1007 928/1247/1008
f 957/1277/1009 926/1249/1010 900/1205/1011
f 949/1279/1012 1019/1309/1013 957/1277/1014
f 948/1310/1015 979/1299/1016 1019/1309/1013
f 1019/1309/1017 925/1235/963 926/1249/1018
f 949/1279/1019 1020/1311/1020 948/1310/1021
f 1020/1311/1022 947/1294/1023 948/1310/1024
f 955/1312/1025 1021/1313/1026 961/1270/1027
f 1021/1313/1028 953/1280/1029 981/1289/1030
f 955/1312/1031 1022/1314/1032 954/1315/1033
f 956/1269/1034 918/1258/1035 1022/1314/1036
f 1022/1314/1037 917/1217/1038 982/1283/923
f 954/1315/1033 982/1283/1039 953/1280/1040
f 818/1037/432 839/1041/1041 861/1038/433
f 814/1040/435 826/1048/1042 861/1038/436
f 834/1042/438 862/1046/1043 832/1043/439
f 813/1045/441 827/1085/498 862/1046/442
f 831/1047/444 863/1050/1044 826/1048/445
f 815/1049/447 829/1150/1045 863/1050/448
f 864/1051/450 830/1104/1046 815/1052/451
f 828/1054/453 864/1051/1047 831/1053/454
f 865/1056/456 825/1083/495 813/1057/457
f 833/1059/459 865/1056/1048 834/1058/460
f 819/1061/462 842/1064/1049 866/1062/463
f 842/1064/465 817/1078/1050 835/1065/466
f 836/1066/468 817/1077/1051 842/1067/469
f 867/1068/471 842/1067/1052 819/1069/472
f 868/1071/474 828/1054/1053 814/1055/475
f 868/1071/477 839/1072/1054 818/1073/478
f 869/1075/480 840/1074/1055 818/1073/481
f 869/1075/483 838/1076/1056 817/1077/484
f 817/1078/486 838/1080/1057 870/1079/487
f 818/1037/489 841/1039/1058 870/1079/490
f 843/1070/492 819/1069/1059 837/1081/493
f 825/1083/495 871/1082/1060 837/1081/496
f 837/1084/497 872/1086/1061 827/1085/498
f 837/1084/499 819/1061/1062 844/1063/500
f 823/1087/502 857/1123/1063 873/1088/503
f 873/1088/505 846/1094/1064 821/1090/506
f 832/1043/508 874/1092/1065 850/1091/509
f 874/1092/511 847/1165/693 820/1093/512
f 846/1094/514 875/1099/1066 849/1095/515
f 844/1063/517 943/1171/1067 1001/1096/518
f 864/1051/520 828/1054/1068 905/1097/521
f 875/1099/523 829/1150/1069 815/1049/524
f 873/1088/526 1004/1125/1070 951/1100/527
f 848/1101/529 821/1147/1071 849/1102/530
f 876/1103/532 849/1102/1072 815/1052/533
f 870/1079/535 997/1127/1073 921/1105/536
f 861/1038/538 826/1048/1074 892/1106/539
f 833/1059/541 816/1060/1075 850/1108/542
f 877/1109/544 850/1108/1076 820/1110/545
f 878/1112/547 860/1177/1077 981/1113/548
f 884/1115/550 847/1165/1078 961/1116/551
f 830/1104/553 912/1124/1079 1007/1118/554
f 871/1082/556 825/1083/1080 891/1119/557
f 882/1121/559 1017/1143/1081 975/1122/560
f 830/1104/562 864/1051/1082 987/1098/563
f 857/1123/565 975/1122/1083 1004/1125/566
f 870/1079/568 841/1039/1084 935/1126/569
f 840/1074/571 933/1169/1085 993/1128/572
f 824/1129/574 860/1177/1086 878/1112/575
f 859/1131/577 980/1170/1087 1020/1132/578
f 876/1103/580 1007/1118/1088 962/1134/581
f 858/1130/583 878/1112/1089 851/1135/584
f 843/1070/586 871/1082/1090 1000/1120/587
f 824/1138/589 858/1140/1091 879/1139/590
f 858/1140/592 822/1155/1092 852/1141/593
f 882/1121/595 851/1135/1093 968/1142/596
f 863/1050/598 986/1153/1094 892/1106/599
f 823/1144/601 855/1316/1095 880/1145/602
f 880/1145/604 855/1316/1096 821/1147/605
f 880/1145/607 848/1101/1097 962/1134/608
f 868/1071/610 993/1128/1098 905/1097/611
f 883/1133/613 1020/1132/1099 950/1149/614
f 829/1150/616 875/1099/1100 1006/1151/617
f 829/1150/619 911/1152/1101 986/1153/620
f 856/1146/622 880/1145/1102 1013/1148/623
f 822/1155/625 854/1317/1103 881/1156/626
f 881/1156/628 854/1317/1104 823/1144/629
f 867/1068/631 843/1070/1105 942/1137/632
f 875/1099/634 846/1094/1106 951/1100/635
f 862/1046/637 985/1168/1107 913/1158/638
f 869/1075/640 836/1066/1108 922/1159/641
f 852/1141/643 969/1176/1109 1012/1161/644
f 822/1136/646 851/1135/1110 882/1121/647
f 836/1066/649 867/1068/1111 992/1157/650
f 865/1056/652 833/1059/1112 914/1163/653
f 882/1121/655 857/1123/1113 823/1087/656
f 847/1165/658 874/1092/1114 1005/1166/659
f 881/1156/661 856/1146/1115 973/1154/662
f 827/1085/664 904/1173/1116 985/1168/665
f 869/1075/667 995/1160/1117 933/1169/668
f 879/1139/670 1012/1161/1118 980/1170/671
f 866/1062/673 991/1178/1119 943/1171/674
f 845/1111/676 950/1149/1120 1008/1172/677
f 872/1086/679 1001/1096/1121 904/1173/680
f 825/1083/682 865/1056/1122 988/1164/683
f 845/1111/546 820/1110/545 853/1174/685
f 853/1174/687 824/1138/1123 859/1131/688
f 874/1092/690 832/1043/1124 913/1158/691
f 847/1165/693 884/1115/1125 853/1175/694
f 881/1156/695 1015/1167/1126 969/1176/696
f 841/1039/698 861/1038/1127 984/1107/699
f 853/1175/701 884/1115/1128 860/1177/702
f 851/1135/704 878/1112/1129 1011/1114/705
f 860/1177/707 884/1115/1130 1021/1117/708
f 835/1065/710 921/1105/1131 991/1178/711
f 877/1109/713 1008/1172/1132 914/1163/714
f 932/1179/716 983/1183/1133 936/1180/717
f 885/1182/719 886/1184/1134 983/1183/720
f 886/1184/722 887/1201/1135 929/1185/723
f 983/1183/725 929/1185/1136 901/1186/726
f 892/1187/728 893/1200/1137 930/1188/729
f 935/1190/731 984/1189/1138 930/1188/732
f 904/1192/734 896/1256/1139 898/1193/735
f 985/1194/737 898/1193/1140 897/1195/738
f 911/1197/740 910/1220/1141 909/1198/741
f 986/1199/743 909/1198/1142 893/1200/744
f 887/1201/746 886/1184/1143 987/1202/747
f 886/1184/749 885/1182/1144 912/1204/750
f 900/1205/752 899/1208/1145 988/1206/753
f 899/1208/755 890/1252/1146 891/1209/756
f 894/1210/758 938/1213/1147 989/1211/759
f 938/1213/761 908/1224/1148 915/1214/762
f 989/1211/764 915/1214/1149 916/1215/765
f 944/1212/767 989/1211/1150 939/1216/768
f 906/1191/770 930/1188/1151 990/1218/771
f 930/1188/773 893/1200/1152 909/1198/774
f 990/1218/776 909/1198/1153 910/1220/777
f 934/1219/779 990/1218/1154 931/1221/780
f 991/1223/782 921/1246/1155 908/1224/783
f 943/1225/785 991/1223/1156 938/1213/786
f 937/1226/788 992/1230/1157 942/1227/789
f 903/1229/791 922/1240/1158 992/1230/792
f 929/1185/794 993/1232/1159 933/1231/795
f 929/1185/797 887/1201/1160 905/1203/798
f 940/1233/800 994/1237/1161 941/1234/801
f 923/1236/803 924/1238/1162 994/1237/804
f 924/1238/806 903/1229/1163 937/1226/807
f 994/1237/809 937/1226/1164 888/1228/810
f 902/1239/812 995/1241/1165 922/1240/813
f 901/1186/815 933/1231/1166 995/1241/816
f 908/1224/818 907/1243/1167 996/1242/819
f 907/1243/821 906/1191/1168 934/1219/822
f 996/1242/824 934/1219/1169 919/1222/825
f 915/1214/827 996/1242/1170 920/1244/828
f 997/1245/830 935/1190/1171 906/1191/831
f 921/1246/833 997/1245/1172 907/1243/834
f 928/1247/836 998/1248/1173 924/1238/837
f 927/1181/839 936/1180/1174 998/1248/840
f 936/1180/842 901/1186/1175 902/1239/843
f 998/1248/845 902/1239/1176 903/1229/846
f 926/1249/848 999/1250/1177 899/1208/849
f 925/1235/802 941/1234/801 999/1250/851
f 941/1234/853 888/1228/1178 889/1251/854
f 999/1250/855 889/1251/854 890/1252/856
f 890/1252/858 889/1251/1179 1000/1253/859
f 888/1228/861 942/1227/1180 1000/1253/862
f 1001/1254/864 943/1225/1181 894/1210/865
f 1001/1254/867 895/1255/1182 896/1256/868
f 896/1256/870 895/1255/873 1002/1257/871
f 895/1255/873 894/1210/1183 944/1212/874
f 1002/1257/875 944/1212/767 917/1217/769
f 898/1193/877 1002/1257/1184 918/1258/878
f 976/1259/880 1003/1261/1185 932/1179/716
f 958/1260/881 971/1262/1186 1003/1261/882
f 971/1262/884 946/1274/1187 945/1263/885
f 1003/1261/887 945/1263/1188 885/1182/888
f 975/1264/890 963/1286/1189 972/1265/891
f 972/1265/893 952/1271/1190 951/1267/894
f 897/1195/896 956/1269/1191 1005/1268/897
f 956/1269/899 955/1312/1192 961/1270/900
f 952/1271/902 966/1273/1193 1006/1272/903
f 966/1273/905 910/1220/1194 911/1197/906
f 946/1274/908 962/1298/1195 1007/1275/909
f 945/1263/911 1007/1275/1196 912/1204/912
f 900/1205/914 914/1207/1197 1008/1276/915
f 957/1277/917 1008/1276/1198 950/1278/918
f 953/1280/920 982/1283/1199 1009/1281/921
f 982/1283/923 917/1217/1038 939/1216/924
f 1009/1281/926 939/1216/1200 916/1215/927
f 978/1282/929 1009/1281/1201 967/1284/930
f 963/1286/932 974/1288/1202 1010/1287/933
f 974/1288/935 919/1222/781 931/1221/780
f 1010/1287/937 931/1221/1203 910/1220/938
f 972/1265/940 1010/1287/1204 966/1273/941
f 981/1289/943 953/1280/1205 978/1282/944
f 1011/1290/946 978/1282/1206 965/1285/947
f 980/1292/949 1012/1295/1207 977/1293/950
f 1012/1295/952 969/1302/1208 960/1296/953
f 973/1297/955 1013/1318/1209 971/1262/956
f 971/1262/958 1013/1318/1210 962/1298/959
f 979/1299/961 1014/1300/1211 940/1233/962
f 947/1294/964 977/1293/1212 1014/1300/965
f 977/1293/967 960/1296/1213 970/1301/968
f 1014/1300/970 970/1301/1214 923/1236/971
f 969/1302/973 1015/1304/1215 959/1303/974
f 1015/1304/976 973/1297/1216 958/1260/977
f 965/1285/979 967/1284/1217 1016/1305/980
f 967/1284/982 916/1215/1218 920/1244/983
f 1016/1305/985 920/1244/1219 919/1222/986
f 964/1306/988 1016/1305/1220 974/1288/989
f 968/1291/991 965/1285/1221 964/1306/992
f 1017/1307/994 964/1306/1222 963/1286/995
f 970/1301/997 1018/1308/1223 928/1247/998
f 960/1296/1000 959/1303/1224 1018/1308/1001
f 959/1303/1003 958/1260/1225 976/1259/1004
f 1018/1308/1006 976/1259/1226 927/1181/1007
f 957/1277/1009 1019/1309/1227 926/1249/1010
f 949/1279/1012 948/1310/1015 1019/1309/1013
f 948/1310/1015 947/1294/1228 979/1299/1016
f 1019/1309/1017 979/1299/961 925/1235/963
f 949/1279/1019 950/1278/1229 1020/1311/1020
f 1020/1311/1022 980/1292/1230 947/1294/1023
f 955/1312/1025 954/1315/1231 1021/1313/1026
f 1021/1313/1028 954/1315/1232 953/1280/1029
f 955/1312/1031 956/1269/1233 1022/1314/1032
f 956/1269/1034 897/1195/1234 918/1258/1035
f 1022/1314/1037 918/1258/1235 917/1217/1038
f 954/1315/1033 1022/1314/1032 982/1283/1039
o 立方体.004
v -0.342749 3.345743 0.630180
v -0.342890 3.344616 0.625941
v -0.366968 3.350530 0.630180
v -0.342362 3.348821 0.633282
v -0.312158 3.344057 0.630179
v -0.281601 3.346357 0.630179
v -0.312147 3.342922 0.625941
v -0.312190 3.347160 0.633282
v -0.282027 3.349430 0.633282
v -0.312232 3.351398 0.634418
v -0.282609 3.353628 0.634418
v -0.312275 3.355635 0.633282
v -0.341833 3.353026 0.634418
v -0.365038 3.357613 0.634418
v -0.341304 3.357232 0.633282
v -0.363924 3.361702 0.633282
v -0.340918 3.360310 0.630180
v -0.363108 3.364695 0.630179
v -0.340776 3.361437 0.625941
v -0.312307 3.358738 0.630180
v -0.283618 3.360899 0.630180
v -0.312318 3.359873 0.625941
v -0.283774 3.362024 0.625941
v -0.312307 3.358738 0.621703
v -0.283618 3.360899 0.621703
v -0.312275 3.355636 0.618601
v -0.340918 3.360310 0.621703
v -0.363108 3.364695 0.621703
v -0.341305 3.357232 0.618601
v -0.363924 3.361701 0.618601
v -0.341833 3.353026 0.617465
v -0.365038 3.357613 0.617465
v -0.342362 3.348821 0.618600
v -0.312232 3.351398 0.617465
v -0.282609 3.353628 0.617465
v -0.312190 3.347160 0.618601
v -0.282027 3.349431 0.618600
v -0.312158 3.344057 0.621703
v -0.281601 3.346357 0.621703
v -0.342749 3.345743 0.621703
v -0.366968 3.350530 0.621703
v -0.366152 3.353523 0.618600
v -0.367267 3.349434 0.625941
v -0.390001 3.358598 0.621703
v -0.388778 3.361449 0.618601
v -0.390449 3.357554 0.625941
v -0.411539 3.369628 0.621703
v -0.409946 3.372291 0.618601
v -0.412123 3.368654 0.625941
v -0.431310 3.383315 0.621703
v -0.429382 3.385746 0.618601
v -0.432015 3.382425 0.625941
v -0.449042 3.399356 0.621703
v -0.446816 3.401517 0.618600
v -0.449857 3.398566 0.625941
v -0.464464 3.417460 0.621703
v -0.461975 3.419312 0.618601
v -0.465375 3.416782 0.625941
v -0.477299 3.437336 0.621703
v -0.474583 3.438837 0.618600
v -0.478293 3.436787 0.625941
v -0.487260 3.458696 0.621703
v -0.484362 3.459803 0.618600
v -0.488321 3.458292 0.625941
v -0.494054 3.481247 0.621703
v -0.491024 3.481915 0.618601
v -0.495163 3.481003 0.625941
v -0.497377 3.504683 0.621703
v -0.494281 3.504873 0.618601
v -0.498511 3.504614 0.625941
v -0.496929 3.528679 0.621703
v -0.493842 3.528364 0.618600
v -0.498058 3.528794 0.625941
v -0.492473 3.552667 0.621703
v -0.489457 3.551938 0.618601
v -0.493577 3.552933 0.625941
v -0.486762 3.571829 0.621703
v -0.483822 3.570840 0.618600
v -0.487839 3.572191 0.625941
v -0.480531 3.588428 0.621703
v -0.477691 3.587178 0.618601
v -0.481570 3.588885 0.625941
v -0.473174 3.602867 0.621703
v -0.470530 3.601243 0.618601
v -0.474142 3.603461 0.625941
v -0.464145 3.615196 0.621703
v -0.461837 3.613123 0.618600
v -0.464990 3.615955 0.625941
v -0.453003 3.625331 0.621703
v -0.451170 3.622828 0.618601
v -0.453674 3.626247 0.625941
v -0.439495 3.633184 0.621703
v -0.438196 3.630366 0.618601
v -0.439970 3.634215 0.625941
v -0.423435 3.638839 0.621703
v -0.422622 3.635845 0.618600
v -0.423733 3.639935 0.625941
v -0.404522 3.642529 0.621703
v -0.404088 3.639457 0.618601
v -0.404681 3.643654 0.625941
v -0.382319 3.644505 0.621703
v -0.382154 3.641407 0.618600
v -0.382380 3.645639 0.625941
v -0.356333 3.644975 0.621703
v -0.356349 3.641873 0.618601
v -0.356327 3.646111 0.625941
v -0.326064 3.644114 0.621703
v -0.326199 3.641015 0.618601
v -0.326015 3.645249 0.625941
v -0.291059 3.642077 0.621703
v -0.291253 3.638981 0.618601
v -0.290987 3.643211 0.625941
v -0.270333 3.640675 0.621703
v -0.270555 3.637580 0.618601
v -0.270252 3.641807 0.625941
v -0.249560 3.639112 0.621703
v -0.249826 3.636021 0.618601
v -0.249463 3.640244 0.625941
v -0.228974 3.637111 0.621703
v -0.229332 3.634029 0.618601
v -0.228843 3.638239 0.625941
v -0.208861 3.634387 0.621703
v -0.209364 3.631325 0.618601
v -0.208678 3.635508 0.625941
v -0.189502 3.630648 0.621703
v -0.190209 3.627627 0.618601
v -0.189243 3.631753 0.625941
v -0.171171 3.625582 0.621703
v -0.172155 3.622639 0.618601
v -0.170811 3.626659 0.625941
v -0.154152 3.618853 0.621703
v -0.155491 3.616054 0.618601
v -0.153661 3.619877 0.625941
v -0.138763 3.610101 0.621703
v -0.140528 3.607549 0.618601
v -0.138117 3.611035 0.625941
v -0.125398 3.598969 0.621703
v -0.127620 3.596804 0.618601
v -0.124584 3.599761 0.625941
v -0.114535 3.585181 0.621703
v -0.117171 3.583545 0.618601
v -0.113570 3.585780 0.625941
v -0.106655 3.568603 0.621703
v -0.109584 3.567580 0.618601
v -0.105583 3.568977 0.625941
v -0.102122 3.549174 0.621703
v -0.105197 3.548759 0.618601
v -0.100997 3.549325 0.625941
v -0.100853 3.516958 0.621703
v -0.103950 3.517133 0.618601
v -0.099719 3.516895 0.625941
v -0.105474 3.486794 0.621703
v -0.108482 3.487554 0.618601
v -0.104373 3.486516 0.625941
v -0.115400 3.458950 0.621703
v -0.118215 3.460253 0.618601
v -0.114369 3.458473 0.625941
v -0.130005 3.433683 0.621703
v -0.132550 3.435456 0.618601
v -0.129073 3.433033 0.625941
v -0.148654 3.411201 0.621703
v -0.150882 3.413361 0.618601
v -0.147838 3.410411 0.625941
v -0.170727 3.391680 0.621703
v -0.172613 3.394144 0.618601
v -0.170037 3.390779 0.625941
v -0.195629 3.375276 0.621703
v -0.197161 3.377974 0.618601
v -0.195068 3.374289 0.625941
v -0.222782 3.362145 0.621703
v -0.223954 3.365017 0.618601
v -0.222353 3.361093 0.625941
v -0.251625 3.352448 0.621703
v -0.252429 3.355444 0.618600
v -0.251330 3.351351 0.625941
v -0.251625 3.352448 0.630179
v -0.281445 3.345232 0.625941
v -0.222782 3.362144 0.630180
v -0.252429 3.355444 0.633282
v -0.223954 3.365017 0.633282
v -0.253529 3.359537 0.634418
v -0.225555 3.368942 0.634418
v -0.254628 3.363630 0.633282
v -0.227156 3.372866 0.633282
v -0.255433 3.366627 0.630179
v -0.283192 3.357826 0.633282
v -0.228328 3.375738 0.630180
v -0.255727 3.367723 0.625941
v -0.228757 3.376790 0.625941
v -0.255433 3.366627 0.621703
v -0.228328 3.375738 0.621703
v -0.254628 3.363630 0.618601
v -0.227156 3.372866 0.618601
v -0.253529 3.359537 0.617465
v -0.283192 3.357826 0.618601
v -0.225555 3.368942 0.617465
v -0.199254 3.381660 0.617465
v -0.175189 3.397510 0.617465
v -0.201346 3.385345 0.618601
v -0.177764 3.400876 0.618601
v -0.202878 3.388043 0.621703
v -0.179650 3.403340 0.621703
v -0.203439 3.389031 0.625941
v -0.180340 3.404242 0.625941
v -0.202878 3.388043 0.630180
v -0.179650 3.403340 0.630180
v -0.201346 3.385345 0.633282
v -0.177764 3.400876 0.633282
v -0.199254 3.381660 0.634418
v -0.175189 3.397510 0.634418
v -0.197161 3.377974 0.633282
v -0.172613 3.394145 0.633282
v -0.195629 3.375276 0.630180
v -0.170727 3.391680 0.630180
v -0.148654 3.411201 0.630180
v -0.130005 3.433683 0.630180
v -0.150882 3.413361 0.633282
v -0.132550 3.435456 0.633282
v -0.153925 3.416310 0.634418
v -0.136028 3.437879 0.634418
v -0.156969 3.419260 0.633282
v -0.139506 3.440301 0.633282
v -0.159197 3.421419 0.630180
v -0.142051 3.442075 0.630180
v -0.160012 3.422209 0.625941
v -0.142983 3.442724 0.625941
v -0.159197 3.421419 0.621703
v -0.142051 3.442075 0.621703
v -0.156969 3.419260 0.618601
v -0.139506 3.440301 0.618601
v -0.153925 3.416310 0.617465
v -0.136028 3.437879 0.617465
v -0.122062 3.462033 0.617465
v -0.112591 3.488591 0.617465
v -0.125908 3.463813 0.618601
v -0.116701 3.489629 0.618601
v -0.128724 3.465116 0.621703
v -0.119709 3.490388 0.621703
v -0.129754 3.465592 0.625941
v -0.120810 3.490666 0.625941
v -0.128724 3.465116 0.630180
v -0.129754 3.465592 0.625941
v -0.142983 3.442724 0.625941
v -0.119709 3.490388 0.630180
v -0.125908 3.463813 0.633282
v -0.116701 3.489629 0.633282
v -0.122062 3.462033 0.634418
v -0.112591 3.488591 0.634418
v -0.118215 3.460253 0.633282
v -0.108482 3.487554 0.633282
v -0.115400 3.458950 0.630180
v -0.105474 3.486794 0.630180
v -0.100853 3.516959 0.630180
v -0.074333 3.502497 0.637623
v -0.069712 3.523652 0.637623
v -0.073232 3.502302 0.634471
v -0.049337 3.510462 0.641369
v -0.044716 3.526397 0.641369
v -0.048236 3.510315 0.638840
v -0.022633 3.516252 0.642945
v -0.020407 3.523146 0.642945
v -0.021566 3.516489 0.640981
v -0.019324 3.523431 0.640981
v -0.043582 3.526363 0.638840
v -0.068578 3.523607 0.634471
v -0.102122 3.549174 0.630180
v -0.103950 3.517133 0.633282
v -0.105197 3.548759 0.633282
v -0.108182 3.517372 0.634418
v -0.109397 3.548193 0.634418
v -0.112413 3.517610 0.633282
v -0.113597 3.547626 0.633282
v -0.115511 3.517785 0.630180
v -0.116672 3.547211 0.630180
v -0.116645 3.517849 0.625941
v -0.117797 3.547059 0.625941
v -0.115511 3.517785 0.621703
v -0.116672 3.547211 0.621703
v -0.112413 3.517610 0.618601
v -0.113597 3.547626 0.618601
v -0.108182 3.517372 0.617465
v -0.109397 3.548193 0.617465
v -0.113585 3.566182 0.617465
v -0.120771 3.581310 0.617465
v -0.117586 3.564784 0.618601
v -0.124372 3.579074 0.618601
v -0.120515 3.563761 0.621703
v -0.127008 3.577438 0.621703
v -0.121587 3.563386 0.625941
v -0.127973 3.576839 0.625941
v -0.120515 3.563761 0.630180
v -0.127008 3.577438 0.630179
v -0.117586 3.564784 0.633282
v -0.124372 3.579074 0.633282
v -0.113585 3.566182 0.634418
v -0.120771 3.581310 0.634418
v -0.109584 3.567580 0.633282
v -0.117171 3.583545 0.633282
v -0.106655 3.568603 0.630179
v -0.114535 3.585181 0.630180
v -0.125398 3.598969 0.630179
v -0.138763 3.610101 0.630180
v -0.127620 3.596804 0.633282
v -0.140528 3.607549 0.633282
v -0.130656 3.593847 0.634418
v -0.142939 3.604064 0.634418
v -0.133692 3.590889 0.633282
v -0.145350 3.600578 0.633282
v -0.135914 3.588725 0.630180
v -0.147115 3.598027 0.630180
v -0.136728 3.587932 0.625941
v -0.147761 3.597093 0.625941
v -0.135914 3.588725 0.621703
v -0.147115 3.598027 0.621703
v -0.133692 3.590889 0.618601
v -0.145350 3.600578 0.618601
v -0.130656 3.593847 0.617465
v -0.142939 3.604064 0.617465
v -0.157320 3.612231 0.617465
v -0.173499 3.618620 0.617465
v -0.159149 3.608408 0.618601
v -0.174843 3.614600 0.618601
v -0.160488 3.605609 0.621703
v -0.175827 3.611658 0.621703
v -0.160979 3.604585 0.625941
v -0.176187 3.610581 0.625941
v -0.160488 3.605609 0.630180
v -0.175827 3.611658 0.630180
v -0.159149 3.608408 0.633282
v -0.174843 3.614601 0.633282
v -0.157320 3.612231 0.634418
v -0.173499 3.618620 0.634418
v -0.155491 3.616054 0.633282
v -0.172155 3.622639 0.633282
v -0.154152 3.618853 0.630180
v -0.171171 3.625582 0.630180
v -0.189502 3.630648 0.630180
v -0.208861 3.634387 0.630180
v -0.190209 3.627627 0.633282
v -0.209364 3.631325 0.633282
v -0.191176 3.623500 0.634418
v -0.210050 3.627143 0.634418
v -0.192142 3.619374 0.633282
v -0.210736 3.622961 0.633282
v -0.192849 3.616353 0.630180
v -0.211238 3.619899 0.630180
v -0.193108 3.615247 0.625941
v -0.211422 3.618779 0.625941
v -0.192849 3.616353 0.621703
v -0.211238 3.619899 0.621703
v -0.192142 3.619374 0.618601
v -0.210736 3.622961 0.618601
v -0.191176 3.623500 0.617465
v -0.210050 3.627143 0.617465
v -0.229821 3.629819 0.617465
v -0.250190 3.631799 0.617465
v -0.230311 3.625609 0.618601
v -0.250554 3.627576 0.618601
v -0.230669 3.622527 0.621703
v -0.250821 3.624485 0.621703
v -0.230800 3.621399 0.625941
v -0.250918 3.623353 0.625941
v -0.230669 3.622527 0.630180
v -0.250821 3.624485 0.630180
v -0.230311 3.625609 0.633282
v -0.250554 3.627576 0.633282
v -0.229821 3.629819 0.634418
v -0.250190 3.631799 0.634418
v -0.229332 3.634029 0.633282
v -0.249827 3.636021 0.633282
v -0.228974 3.637111 0.630179
v -0.249560 3.639112 0.630180
v -0.270333 3.640675 0.630180
v -0.291059 3.642077 0.630179
v -0.270555 3.637580 0.633282
v -0.291253 3.638981 0.633282
v -0.270857 3.633353 0.634418
v -0.291520 3.634751 0.634418
v -0.271159 3.629125 0.633282
v -0.291786 3.630522 0.633282
v -0.271380 3.626030 0.630180
v -0.291981 3.627425 0.630180
v -0.271461 3.624897 0.625941
v -0.292052 3.626292 0.625941
v -0.271380 3.626030 0.621703
v -0.291981 3.627425 0.621703
v -0.271159 3.629125 0.618601
v -0.291786 3.630521 0.618601
v -0.270857 3.633352 0.617465
v -0.291520 3.634751 0.617465
v -0.326382 3.636781 0.617465
v -0.356371 3.637635 0.617465
v -0.326566 3.632546 0.618601
v -0.356393 3.633397 0.618601
v -0.326700 3.629447 0.621703
v -0.356410 3.630294 0.621703
v -0.326749 3.628312 0.625941
v -0.356416 3.629158 0.625941
v -0.326700 3.629447 0.630179
v -0.356410 3.630294 0.630180
v -0.326566 3.632546 0.633282
v -0.356393 3.633397 0.633282
v -0.326382 3.636781 0.634418
v -0.356371 3.637635 0.634418
v -0.326199 3.641015 0.633282
v -0.356349 3.641873 0.633282
v -0.326064 3.644114 0.630180
v -0.356333 3.644975 0.630179
v -0.382319 3.644505 0.630180
v -0.404522 3.642529 0.630180
v -0.382154 3.641407 0.633282
v -0.404088 3.639457 0.633282
v -0.381928 3.637174 0.634418
v -0.403495 3.635261 0.634418
v -0.381703 3.632942 0.633282
v -0.402902 3.631064 0.633282
v -0.381538 3.629844 0.630180
v -0.402468 3.627992 0.630180
v -0.381477 3.628710 0.625941
v -0.402309 3.626868 0.625941
v -0.381538 3.629844 0.621703
v -0.402468 3.627992 0.621703
v -0.381703 3.632942 0.618601
v -0.402902 3.631064 0.618600
v -0.381928 3.637174 0.617465
v -0.403495 3.635261 0.617465
v -0.421512 3.631755 0.617465
v -0.436422 3.626517 0.617465
v -0.420402 3.627664 0.618601
v -0.434648 3.622668 0.618601
v -0.419590 3.624670 0.621703
v -0.433349 3.619850 0.621703
v -0.419292 3.623574 0.625941
v -0.432874 3.618819 0.625941
v -0.419590 3.624670 0.630179
v -0.433349 3.619850 0.630180
v -0.420402 3.627665 0.633282
v -0.434648 3.622668 0.633282
v -0.421512 3.631755 0.634418
v -0.436422 3.626517 0.634418
v -0.422623 3.635845 0.633282
v -0.438196 3.630366 0.633282
v -0.423435 3.638839 0.630179
v -0.439495 3.633183 0.630180
v -0.453003 3.625331 0.630179
v -0.464145 3.615196 0.630180
v -0.451170 3.622828 0.633282
v -0.461837 3.613123 0.633282
v -0.448666 3.619409 0.634418
v -0.458684 3.610291 0.634418
v -0.446161 3.615990 0.633282
v -0.455531 3.607459 0.633282
v -0.444328 3.613487 0.630180
v -0.453223 3.605386 0.630180
v -0.443657 3.612571 0.625941
v -0.452378 3.604627 0.625941
v -0.444328 3.613487 0.621703
v -0.453223 3.605386 0.621703
v -0.446161 3.615990 0.618601
v -0.455531 3.607459 0.618601
v -0.448666 3.619409 0.617465
v -0.458684 3.610291 0.617465
v -0.466919 3.599025 0.617465
v -0.473812 3.585470 0.617465
v -0.463308 3.596807 0.618601
v -0.469933 3.583763 0.618601
v -0.460664 3.595182 0.621703
v -0.467093 3.582513 0.621703
v -0.459697 3.594588 0.625941
v -0.466054 3.582056 0.625941
v -0.460664 3.595182 0.630180
v -0.467093 3.582513 0.630179
v -0.463308 3.596806 0.633282
v -0.469933 3.583763 0.633282
v -0.466919 3.599025 0.634418
v -0.473812 3.585470 0.634418
v -0.470530 3.601243 0.633282
v -0.477691 3.587178 0.633282
v -0.473174 3.602867 0.630180
v -0.480531 3.588428 0.630179
v -0.486763 3.571829 0.630180
v -0.492473 3.552667 0.630180
v -0.483822 3.570840 0.633282
v -0.489457 3.551938 0.633282
v -0.479805 3.569489 0.634418
v -0.485338 3.550942 0.634418
v -0.475787 3.568139 0.633282
v -0.481218 3.549947 0.633282
v -0.472847 3.567150 0.630180
v -0.478202 3.549218 0.630179
v -0.471770 3.566788 0.625941
v -0.477098 3.548952 0.625941
v -0.472846 3.567150 0.621703
v -0.478202 3.549218 0.621703
v -0.475787 3.568139 0.618601
v -0.481218 3.549947 0.618601
v -0.479805 3.569489 0.617465
v -0.485338 3.550942 0.617465
v -0.489626 3.527935 0.617465
v -0.490050 3.505132 0.617465
v -0.485409 3.527506 0.618601
v -0.485820 3.505391 0.618600
v -0.482323 3.527192 0.621703
v -0.482723 3.505581 0.621703
v -0.481193 3.527077 0.625941
v -0.481590 3.505650 0.625941
v -0.482323 3.527192 0.630180
v -0.482723 3.505581 0.630180
v -0.485409 3.527506 0.633282
v -0.485820 3.505391 0.633282
v -0.489626 3.527935 0.634418
v -0.490051 3.505132 0.634418
v -0.493842 3.528364 0.633282
v -0.494281 3.504873 0.633282
v -0.496929 3.528679 0.630179
v -0.497377 3.504683 0.630179
v -0.494054 3.481247 0.630179
v -0.487260 3.458696 0.630180
v -0.491024 3.481915 0.633282
v -0.484362 3.459803 0.633282
v -0.486885 3.482827 0.634418
v -0.480402 3.461314 0.634418
v -0.482746 3.483738 0.633282
v -0.476442 3.462825 0.633282
v -0.479716 3.484406 0.630179
v -0.473544 3.463931 0.630179
v -0.478607 3.484650 0.625941
v -0.472483 3.464336 0.625941
v -0.479716 3.484406 0.621703
v -0.473544 3.463931 0.621703
v -0.482746 3.483738 0.618601
v -0.476442 3.462825 0.618601
v -0.486885 3.482827 0.617465
v -0.480402 3.461314 0.617465
v -0.470874 3.440887 0.617465
v -0.458574 3.421841 0.617465
v -0.467165 3.442937 0.618601
v -0.455173 3.424370 0.618601
v -0.464449 3.444438 0.621703
v -0.452684 3.426222 0.621703
v -0.463455 3.444988 0.625941
v -0.451773 3.426900 0.625941
v -0.464449 3.444438 0.630180
v -0.452684 3.426222 0.630179
v -0.467165 3.442937 0.633282
v -0.455173 3.424370 0.633282
v -0.470874 3.440887 0.634418
v -0.458574 3.421841 0.634418
v -0.474583 3.438837 0.633282
v -0.461975 3.419312 0.633282
v -0.477299 3.437336 0.630179
v -0.464464 3.417460 0.630179
v -0.449042 3.399356 0.630179
v -0.431310 3.383315 0.630179
v -0.446816 3.401517 0.633282
v -0.429382 3.385746 0.633282
v -0.443775 3.404469 0.634418
v -0.426749 3.389067 0.634418
v -0.440733 3.407421 0.633282
v -0.424115 3.392387 0.633282
v -0.438507 3.409582 0.630180
v -0.422187 3.394818 0.630179
v -0.437692 3.410373 0.625941
v -0.421482 3.395708 0.625941
v -0.438507 3.409582 0.621703
v -0.422187 3.394818 0.621703
v -0.440733 3.407421 0.618601
v -0.424115 3.392387 0.618601
v -0.443774 3.404469 0.617465
v -0.426748 3.389067 0.617465
v -0.407769 3.375927 0.617465
v -0.387108 3.365344 0.617465
v -0.405592 3.379563 0.618601
v -0.385437 3.369239 0.618601
v -0.403998 3.382225 0.621703
v -0.384214 3.372090 0.621703
v -0.403415 3.383199 0.625941
v -0.383766 3.373134 0.625941
v -0.403998 3.382225 0.630180
v -0.384214 3.372091 0.630180
v -0.405592 3.379563 0.633282
v -0.385437 3.369239 0.633282
v -0.407769 3.375927 0.634418
v -0.387108 3.365344 0.634418
v -0.409946 3.372291 0.633282
v -0.388778 3.361449 0.633282
v -0.411539 3.369628 0.630180
v -0.390001 3.358598 0.630180
v -0.366152 3.353523 0.633282
v -0.362810 3.365791 0.625941
v 0.016648 2.833225 0.022913
v 0.026936 2.833224 -0.008752
v -0.016647 2.833224 0.022913
v 0.529793 3.166690 0.189641
v 0.016648 3.166690 0.562472
v 0.010689 2.846493 0.014713
v 0.523835 3.179959 0.181441
v 0.010689 3.179959 0.554271
v -0.016647 3.166690 0.562472
v 0.026936 3.195013 0.576633
v 0.000000 3.212517 0.585385
v 0.540082 3.195012 0.203802
v 0.344075 3.734574 0.473583
v 0.017295 3.198145 0.563364
v 0.530441 3.198145 0.190534
v 0.334434 3.737706 0.460315
v 0.317139 3.752079 0.482335
v 0.360722 3.752079 0.450670
v 0.344075 3.780401 0.445261
v 0.556729 3.212517 0.180889
v 0.556729 3.752079 -0.152567
v 0.345124 3.748946 0.445602
v 0.541130 3.209385 0.175821
v 0.541131 3.748946 -0.157636
v 0.540082 3.780401 -0.157976
v 0.556729 3.734574 -0.180889
v 0.540082 3.752079 -0.203802
v 0.556729 3.195012 0.152567
v 0.360722 3.195012 -0.450670
v 0.541131 3.737706 -0.175821
v 0.541130 3.198145 0.157636
v 0.345124 3.198145 -0.445602
v 0.344075 3.212517 -0.473583
v 0.344075 3.166690 -0.445261
v 0.317139 3.166690 -0.464831
v 0.540081 3.166690 0.157976
v 0.334434 3.179959 -0.442129
v 0.017296 2.846493 -0.005620
v 0.530441 3.179959 0.161108
v 0.317139 3.195012 -0.482335
v 0.000000 2.833225 -0.028322
v -0.317138 3.166690 -0.464831
v 0.317139 3.179959 -0.454695
v 0.000000 2.846493 -0.018186
v -0.317138 3.179959 -0.454695
v -0.317138 3.195012 -0.482335
v -0.344074 3.166690 -0.445261
v -0.360722 3.195012 -0.450670
v -0.026936 2.833225 -0.008752
v -0.540081 3.166690 0.157976
v -0.334434 3.179959 -0.442129
v -0.017295 2.846494 -0.005620
v -0.530441 3.179959 0.161108
v -0.556728 3.195012 0.152567
v -0.529793 3.166690 0.189641
v -0.540081 3.195012 0.203802
v -0.523834 3.179959 0.181441
v -0.010689 2.846493 0.014713
v -0.010689 3.179959 0.554271
v -0.556728 3.212517 0.180889
v -0.026935 3.195013 0.576633
v -0.344074 3.734574 0.473583
v -0.530441 3.198144 0.190534
v -0.017295 3.198145 0.563364
v -0.334434 3.737707 0.460314
v -0.360722 3.752079 0.450670
v -0.317138 3.752079 0.482335
v -0.317138 3.780401 0.464831
v -0.317138 3.748946 0.465934
v 0.000000 3.209385 0.568984
v 0.317139 3.748946 0.465934
v -0.344074 3.780401 0.445261
v 0.317139 3.780401 0.464831
v 0.000000 4.113866 0.028322
v -0.317138 3.767132 0.454695
v 0.317139 3.767132 0.454695
v 0.000000 4.100597 0.018186
v 0.026936 4.113866 0.008752
v -0.026936 4.113866 0.008752
v -0.016647 4.113866 -0.022913
v -0.540081 3.780401 -0.157976
v -0.017295 4.100597 0.005620
v -0.334434 3.767132 0.442128
v -0.530440 3.767132 -0.161109
v -0.556728 3.752079 -0.152567
v -0.529792 3.780401 -0.189641
v -0.540081 3.752079 -0.203803
v -0.016647 3.780401 -0.562472
v -0.523834 3.767132 -0.181441
v -0.010689 3.767132 -0.554271
v -0.010689 4.100597 -0.014713
v -0.026935 3.752079 -0.576633
v 0.016648 3.780401 -0.562472
v 0.026936 3.752079 -0.576633
v 0.529793 3.780401 -0.189641
v 0.016648 4.113866 -0.022913
v 0.010689 3.767132 -0.554271
v 0.523835 3.767132 -0.181441
v 0.010689 4.100598 -0.014713
v 0.000000 3.734574 -0.585385
v 0.017295 3.748946 -0.563364
v 0.334434 3.209384 -0.460315
v 0.530441 3.748946 -0.190534
v 0.000000 3.737706 -0.568984
v 0.317139 3.198145 -0.465934
v -0.317138 3.198145 -0.465934
v -0.344074 3.212517 -0.473583
v -0.017295 3.748946 -0.563364
v -0.334434 3.209384 -0.460315
v -0.530440 3.748946 -0.190534
v -0.556728 3.734574 -0.180889
v -0.541130 3.737706 -0.175821
v -0.345123 3.198145 -0.445602
v -0.541130 3.198145 0.157635
v -0.541130 3.748946 -0.157636
v -0.541130 3.209385 0.175821
v -0.345123 3.748946 0.445602
v 0.017296 4.100597 0.005620
v 0.530441 3.767132 -0.161108
v 0.334434 3.767132 0.442129
v -0.193222 4.004474 -0.426670
v -0.191974 4.001980 -0.427243
v -0.190694 4.004415 -0.427977
v -0.161755 4.054175 -0.368022
v -0.199098 3.983134 -0.346606
v -0.191650 4.003613 -0.426784
v -0.160182 4.053314 -0.368136
v -0.197525 3.982273 -0.346720
v -0.196771 3.982344 -0.345169
v -0.197850 3.980640 -0.347179
v -0.124073 3.978927 -0.385313
v -0.197564 3.982349 -0.346703
v -0.123787 3.980636 -0.384836
v -0.191688 4.003689 -0.426766
v -0.122995 3.980631 -0.383302
v -0.122793 3.981362 -0.386047
v -0.159226 4.054117 -0.369329
v -0.123826 3.980561 -0.384814
v -0.160259 4.053316 -0.368096
v -0.191727 4.003614 -0.426744
v -0.159427 4.053385 -0.366585
v -0.160253 4.053338 -0.368180
v -0.123820 3.980584 -0.384898
v -0.197597 3.982297 -0.346764
v 0.269001 3.966084 0.313654
v 0.266846 3.966141 0.310548
v 0.271445 3.967749 0.316010
v 0.263789 3.952630 0.322005
v 0.280106 3.993001 0.296378
v 0.294903 4.024943 0.274513
v 0.277108 3.992004 0.293664
v 0.282296 3.993818 0.299824
v 0.297559 4.025820 0.279540
v 0.281204 3.994645 0.300153
v 0.296455 4.026670 0.279757
v 0.279966 3.993819 0.305113
v 0.270385 3.968609 0.316314
v 0.272330 3.973123 0.316056
v 0.265063 3.955576 0.323803
v 0.265906 3.954660 0.323801
v 0.267584 3.965457 0.321609
v 0.263187 3.952538 0.326248
v 0.263576 3.951555 0.326701
v 0.263130 3.962564 0.326267
v 0.260436 3.955542 0.327709
v 0.260300 3.954620 0.328533
v 0.257767 3.965386 0.329897
v 0.252051 3.968476 0.331792
v 0.251581 3.967606 0.332780
v 0.251433 3.972972 0.333699
v 0.234085 3.994304 0.339932
v 0.233585 3.993466 0.340947
v 0.239190 3.993524 0.339538
v 0.211151 4.026052 0.351773
v 0.210759 4.025192 0.352819
v 0.220271 4.024445 0.349754
v 0.189664 4.054043 0.363321
v 0.189294 4.053266 0.364429
v 0.202083 4.052629 0.359765
v 0.176913 4.078734 0.369167
v 0.176409 4.078436 0.370402
v 0.191743 4.077152 0.365410
v 0.176268 4.102199 0.363917
v 0.175671 4.102579 0.365091
v 0.191403 4.099311 0.361114
v 0.184731 4.123454 0.352443
v 0.184224 4.124372 0.353443
v 0.199157 4.119136 0.352006
v 0.195924 4.138455 0.338559
v 0.195680 4.139824 0.339163
v 0.207970 4.133006 0.340129
v 0.209421 4.140939 0.326263
v 0.209737 4.142455 0.326297
v 0.215191 4.136881 0.330952
v 0.226020 4.128980 0.316079
v 0.226631 4.130385 0.315878
v 0.229794 4.126608 0.323723
v 0.243423 4.119596 0.304269
v 0.243551 4.121146 0.304434
v 0.248868 4.117750 0.310702
v 0.257905 4.129211 0.289161
v 0.257592 4.130609 0.289740
v 0.264827 4.126861 0.294147
v 0.270626 4.141381 0.274592
v 0.270595 4.142895 0.274919
v 0.274315 4.137309 0.281038
v 0.285033 4.139099 0.263331
v 0.285657 4.140475 0.263201
v 0.284606 4.133560 0.275430
v 0.300723 4.124293 0.254519
v 0.301786 4.125223 0.254194
v 0.297910 4.119851 0.268636
v 0.313633 4.103193 0.247950
v 0.314887 4.103586 0.247561
v 0.308356 4.100158 0.262379
v 0.318899 4.079762 0.249299
v 0.320203 4.079476 0.249007
v 0.312721 4.078027 0.263277
v 0.311205 4.054922 0.260712
v 0.312366 4.054156 0.260528
v 0.305629 4.053378 0.272348
v 0.292949 4.024971 0.288398
v 0.285796 4.048039 0.293211
v 0.289724 4.071909 0.287803
v 0.256580 4.044525 0.319211
v 0.279378 4.019750 0.303418
v 0.259005 4.016407 0.321842
v 0.272690 3.989011 0.314060
v 0.261492 3.986149 0.324529
v 0.249271 3.988841 0.333832
v 0.237398 4.019447 0.338858
v 0.226021 4.047606 0.343675
v 0.219829 4.071404 0.346810
v 0.255595 4.067787 0.318243
v 0.219262 4.090621 0.343914
v 0.254164 4.085103 0.316697
v 0.223997 4.106806 0.338977
v 0.253996 4.099072 0.316617
v 0.228114 4.119114 0.331331
v 0.252048 4.110143 0.314405
v 0.272672 4.119436 0.293713
v 0.281004 4.107218 0.290850
v 0.286802 4.091110 0.286895
v 0.309249 4.053003 0.254170
v 0.316107 4.077987 0.241039
v 0.303624 4.051099 0.250146
v 0.309084 4.075588 0.235803
v 0.290504 4.023353 0.271162
v 0.302995 4.052052 0.250962
v 0.291337 4.048380 0.255375
v 0.308457 4.076111 0.236900
v 0.289834 4.024354 0.271894
v 0.281462 4.020955 0.274757
v 0.276343 3.992945 0.294380
v 0.271658 3.990914 0.295248
v 0.266101 3.967110 0.311226
v 0.265504 3.970737 0.307951
v 0.261557 3.954350 0.319639
v 0.261989 3.953291 0.319149
v 0.261416 3.963301 0.314284
v 0.259708 3.951322 0.322117
v 0.259637 3.950178 0.322023
v 0.256910 3.960390 0.318880
v 0.256930 3.954316 0.323545
v 0.256383 3.953250 0.323882
v 0.247766 3.966978 0.326704
v 0.251599 3.963230 0.322572
v 0.244607 3.970585 0.325593
v 0.239646 3.985476 0.322402
v 0.230882 3.990619 0.329672
v 0.223984 4.014757 0.322929
v 0.251683 3.982719 0.312880
v 0.245325 4.011624 0.305597
v 0.263065 3.985646 0.302631
v 0.265964 4.015060 0.287489
v 0.269074 4.042192 0.273354
v 0.239519 4.038559 0.298950
v 0.268381 4.064447 0.262458
v 0.233796 4.060165 0.292356
v 0.294528 4.071666 0.241673
v 0.263316 4.082899 0.259006
v 0.230164 4.076712 0.288196
v 0.253940 4.097756 0.258712
v 0.288342 4.093160 0.238612
v 0.274840 4.111784 0.241240
v 0.302146 4.099176 0.234308
v 0.302665 4.099313 0.233048
v 0.287444 4.119650 0.238750
v 0.287715 4.120303 0.237485
v 0.271792 4.134470 0.247608
v 0.271665 4.135583 0.246586
v 0.261885 4.125616 0.248449
v 0.257573 4.136817 0.259090
v 0.256841 4.138086 0.258587
v 0.253428 4.130005 0.256233
v 0.244595 4.124557 0.273355
v 0.243601 4.125717 0.273124
v 0.242023 4.118888 0.267067
v 0.230036 4.114915 0.288372
v 0.229480 4.116226 0.287725
v 0.225657 4.109634 0.283140
v 0.212710 4.124327 0.300273
v 0.212639 4.125493 0.299263
v 0.196368 4.136374 0.310761
v 0.206990 4.118635 0.296642
v 0.194304 4.129578 0.306147
v 0.201571 4.109834 0.299811
v 0.196933 4.097343 0.306839
v 0.185249 4.125062 0.313148
v 0.224954 4.100669 0.282230
v 0.226346 4.089404 0.283782
v 0.246129 4.110156 0.262194
v 0.176087 4.111070 0.324610
v 0.182684 4.133825 0.322836
v 0.181688 4.134933 0.322547
v 0.171452 4.118811 0.336674
v 0.170154 4.119453 0.336734
v 0.164780 4.098183 0.350276
v 0.163450 4.098306 0.350577
v 0.166471 4.075084 0.356768
v 0.171389 4.092314 0.337347
v 0.173550 4.070791 0.343805
v 0.195776 4.082410 0.316025
v 0.198486 4.063941 0.321465
v 0.209299 4.041760 0.323818
v 0.187790 4.047631 0.342792
v 0.208784 4.020429 0.336114
v 0.181454 4.051172 0.353571
v 0.180551 4.050209 0.354047
v 0.204530 4.023737 0.343911
v 0.203704 4.022725 0.344441
v 0.229223 3.992604 0.334159
v 0.228398 3.991652 0.334787
v 0.246982 3.965998 0.327318
v 0.230561 3.992642 0.338205
v 0.206256 4.024302 0.349351
v 0.249683 3.965945 0.329963
v 0.258902 3.952595 0.326130
v 0.261813 3.949482 0.324595
v 0.183559 4.052094 0.360281
v 0.169253 4.076924 0.365017
v 0.165290 4.074548 0.357198
v 0.167979 4.101101 0.358971
v 0.175801 4.122824 0.345989
v 0.187649 4.138463 0.331407
v 0.202492 4.141191 0.318105
v 0.195983 4.137646 0.309965
v 0.219728 4.128605 0.307296
v 0.236437 4.119210 0.295991
v 0.250305 4.128826 0.281482
v 0.263744 4.141634 0.266394
v 0.279370 4.139127 0.253974
v 0.295864 4.123693 0.244629
v 0.310157 4.102130 0.238941
v 0.000001 3.837881 -0.654088
v 0.127607 3.837881 -0.641520
v -0.127606 3.837881 -0.641520
v 0.000000 3.872373 -0.677438
v -0.132161 3.872373 -0.664421
v 0.132162 3.872373 -0.664421
v 0.000000 3.908702 -0.592901
v -0.115669 3.908702 -0.581509
v 0.115670 3.908702 -0.581509
v 0.000000 3.947763 -0.399647
v -0.077967 3.947763 -0.391968
v 0.077968 3.947763 -0.391968
v 0.000000 3.966467 -0.387943
v 0.075684 3.966467 -0.380489
v -0.075684 3.966467 -0.380489
v 0.000000 3.971940 -0.397676
v 0.000000 4.115714 -0.360570
v 0.077583 3.971940 -0.390034
v -0.077582 3.971940 -0.390034
v -0.070343 4.115714 -0.353642
v -0.152184 3.971940 -0.367404
v -0.137984 4.115714 -0.333124
v -0.220936 3.971940 -0.330655
v -0.148459 3.966467 -0.358412
v -0.152938 3.947763 -0.369226
v -0.215529 3.966467 -0.322563
v -0.222032 3.947763 -0.332295
v -0.274317 3.966467 -0.274317
v -0.282593 3.947763 -0.282593
v -0.322562 3.966467 -0.215530
v -0.281199 3.971940 -0.281199
v -0.254961 4.115714 -0.254962
v -0.330655 3.971940 -0.220937
v -0.299803 4.115714 -0.200322
v -0.367404 3.971940 -0.152184
v -0.358412 3.966467 -0.148459
v -0.333123 4.115714 -0.137984
v -0.390034 3.971940 -0.077583
v -0.380488 3.966467 -0.075684
v -0.353642 4.115714 -0.070344
v -0.397675 3.971940 -0.000000
v -0.387943 3.966467 -0.000000
v -0.360570 4.115714 -0.000000
v -0.390034 3.971940 0.077583
v -0.380488 3.966467 0.075684
v -0.353642 4.115714 0.070344
v -0.367404 3.971940 0.152184
v -0.358412 3.966467 0.148459
v -0.333123 4.115714 0.137984
v -0.330655 3.971940 0.220937
v -0.322562 3.966467 0.215530
v -0.299803 4.115714 0.200322
v -0.281199 3.971940 0.281199
v -0.274317 3.966467 0.274317
v -0.254962 4.115714 0.254962
v -0.220936 3.971940 0.330655
v -0.215529 3.966467 0.322563
v -0.200322 4.115714 0.299804
v -0.152184 3.971940 0.367405
v -0.148459 3.966467 0.358413
v -0.137984 4.115714 0.333124
v -0.077582 3.971940 0.390035
v -0.075684 3.966467 0.380489
v -0.070344 4.115714 0.353642
v 0.000000 3.971940 0.397676
v 0.000000 3.966467 0.387943
v 0.000000 4.115714 0.360571
v 0.077583 3.971940 0.390035
v 0.075684 3.966467 0.380489
v 0.070344 4.115714 0.353643
v 0.152184 3.971940 0.367405
v 0.148460 3.966467 0.358413
v 0.137985 4.115714 0.333124
v 0.220937 3.971940 0.330655
v 0.215530 3.966467 0.322563
v 0.200323 4.115714 0.299804
v 0.281200 3.971940 0.281199
v 0.254962 4.115714 0.254962
v 0.330656 3.971940 0.220937
v 0.274317 3.966467 0.274317
v 0.282594 3.947763 0.282594
v 0.322563 3.966467 0.215530
v 0.332295 3.947763 0.222032
v 0.358413 3.966467 0.148460
v 0.369226 3.947763 0.152939
v 0.380489 3.966467 0.075684
v 0.367405 3.971940 0.152184
v 0.333124 4.115714 0.137985
v 0.390035 3.971940 0.077583
v 0.353643 4.115714 0.070344
v 0.397676 3.971940 -0.000000
v 0.360571 4.115714 -0.000000
v 0.390035 3.971940 -0.077582
v 0.387943 3.966467 -0.000000
v 0.399648 3.947763 -0.000000
v 0.380489 3.966467 -0.075684
v 0.391968 3.947763 -0.077967
v 0.358413 3.966467 -0.148459
v 0.369226 3.947763 -0.152938
v 0.322563 3.966467 -0.215529
v 0.367405 3.971940 -0.152184
v 0.333124 4.115714 -0.137984
v 0.330656 3.971940 -0.220937
v 0.299804 4.115714 -0.200322
v 0.281200 3.971940 -0.281199
v 0.254962 4.115714 -0.254962
v 0.220937 3.971940 -0.330655
v 0.274318 3.966467 -0.274317
v 0.282594 3.947763 -0.282593
v 0.215530 3.966467 -0.322563
v 0.222033 3.947763 -0.332294
v 0.148460 3.966467 -0.358412
v 0.152939 3.947763 -0.369226
v 0.152184 3.971940 -0.367404
v 0.137985 4.115714 -0.333124
v 0.200323 4.115714 -0.299803
v 0.070344 4.115714 -0.353642
v 0.134260 4.110241 -0.324132
v 0.137228 4.257457 -0.331298
v 0.194915 4.110241 -0.291711
v 0.068445 4.110241 -0.344097
v 0.069959 4.257457 -0.351704
v 0.000000 4.110241 -0.350838
v -0.068445 4.110241 -0.344097
v 0.000000 4.257457 -0.358594
v -0.069958 4.257457 -0.351704
v 0.000000 4.428955 -0.386546
v 0.075412 4.428955 -0.379118
v -0.075411 4.428955 -0.379118
v 0.000000 4.550156 -0.434016
v 0.000000 4.585514 -0.435211
v 0.084673 4.550156 -0.425677
v -0.084672 4.550156 -0.425677
v -0.084905 4.585514 -0.426849
v -0.166090 4.550156 -0.400979
v -0.147924 4.428955 -0.357122
v -0.166548 4.585514 -0.402083
v -0.241126 4.550156 -0.360871
v -0.214753 4.428955 -0.321401
v -0.241790 4.585515 -0.361865
v -0.306895 4.550156 -0.306896
v -0.273329 4.428955 -0.273329
v -0.307741 4.585514 -0.307741
v -0.360871 4.550156 -0.241127
v -0.321401 4.428955 -0.214753
v -0.361865 4.585514 -0.241790
v -0.400978 4.550156 -0.166091
v -0.357121 4.428955 -0.147925
v -0.402082 4.585515 -0.166548
v -0.425676 4.550156 -0.084672
v -0.379118 4.428955 -0.075411
v -0.426849 4.585514 -0.084906
v -0.434016 4.550156 -0.000000
v -0.386545 4.428955 -0.000000
v -0.435211 4.585514 -0.000000
v -0.425676 4.550156 0.084672
v -0.379118 4.428955 0.075411
v -0.426849 4.585514 0.084906
v -0.400978 4.550156 0.166091
v -0.357121 4.428955 0.147925
v -0.402082 4.585514 0.166548
v -0.360871 4.550156 0.241127
v -0.321401 4.428955 0.214753
v -0.361865 4.585514 0.241791
v -0.306896 4.550156 0.306896
v -0.273329 4.428955 0.273329
v -0.307741 4.585514 0.307741
v -0.241126 4.550156 0.360871
v -0.214753 4.428955 0.321401
v -0.241790 4.585514 0.361865
v -0.166091 4.550156 0.400979
v -0.147924 4.428955 0.357122
v -0.166548 4.585514 0.402083
v -0.084672 4.550156 0.425677
v -0.075411 4.428955 0.379119
v -0.084905 4.585514 0.426849
v 0.000000 4.550156 0.434016
v 0.000000 4.428955 0.386546
v 0.000000 4.585514 0.435211
v 0.084673 4.550156 0.425677
v 0.075412 4.428955 0.379119
v 0.084906 4.585514 0.426849
v 0.166091 4.550156 0.400979
v 0.147925 4.428955 0.357122
v 0.166548 4.585514 0.402083
v 0.241127 4.550156 0.360872
v 0.214754 4.428955 0.321401
v 0.241791 4.585514 0.361865
v 0.306896 4.550156 0.306896
v 0.273329 4.428955 0.273329
v 0.307741 4.585514 0.307741
v 0.360872 4.550156 0.241127
v 0.321401 4.428955 0.214754
v 0.361865 4.585514 0.241791
v 0.400979 4.550156 0.166091
v 0.357122 4.428955 0.147925
v 0.402083 4.585514 0.166548
v 0.425677 4.550156 0.084673
v 0.379119 4.428955 0.075411
v 0.426849 4.585515 0.084906
v 0.434017 4.550156 -0.000000
v 0.386546 4.428955 -0.000000
v 0.435212 4.585514 -0.000000
v 0.425677 4.550156 -0.084672
v 0.379119 4.428955 -0.075411
v 0.426849 4.585514 -0.084905
v 0.400979 4.550156 -0.166091
v 0.357122 4.428955 -0.147925
v 0.402083 4.585515 -0.166548
v 0.360872 4.550156 -0.241126
v 0.321401 4.428955 -0.214753
v 0.361865 4.585514 -0.241790
v 0.306896 4.550156 -0.306896
v 0.273329 4.428955 -0.273329
v 0.307741 4.585514 -0.307741
v 0.241127 4.550156 -0.360871
v 0.214754 4.428955 -0.321401
v 0.241791 4.585514 -0.361865
v 0.166091 4.550156 -0.400979
v 0.147925 4.428955 -0.357122
v 0.166549 4.585514 -0.402083
v 0.158388 4.622362 -0.382380
v 0.084906 4.585514 -0.426849
v 0.080745 4.622362 -0.405933
v 0.071000 4.647241 -0.356937
v 0.000000 4.622362 -0.413885
v 0.000000 4.647241 -0.363929
v -0.080745 4.622362 -0.405933
v -0.070999 4.647241 -0.356937
v -0.158387 4.622362 -0.382380
v -0.139269 4.647241 -0.336227
v -0.229942 4.622362 -0.344133
v -0.202188 4.647241 -0.302596
v -0.292661 4.622362 -0.292661
v -0.257337 4.647241 -0.257337
v -0.344133 4.622362 -0.229943
v -0.302596 4.647241 -0.202188
v -0.382380 4.622362 -0.158387
v -0.336227 4.647241 -0.139270
v -0.405932 4.622362 -0.080745
v -0.356936 4.647241 -0.070999
v -0.413885 4.622362 -0.000000
v -0.363929 4.647241 -0.000000
v -0.405932 4.622362 0.080745
v -0.356936 4.647241 0.070999
v -0.382380 4.622362 0.158387
v -0.336227 4.647241 0.139270
v -0.344133 4.622362 0.229943
v -0.302596 4.647241 0.202188
v -0.292661 4.622362 0.292661
v -0.257337 4.647241 0.257337
v -0.229942 4.622362 0.344133
v -0.202188 4.647241 0.302596
v -0.158387 4.622362 0.382380
v -0.139270 4.647241 0.336227
v -0.080745 4.622362 0.405933
v -0.070999 4.647241 0.356937
v 0.000000 4.622362 0.413886
v 0.000000 4.647241 0.363930
v 0.080745 4.622362 0.405933
v 0.070999 4.647241 0.356937
v 0.158387 4.622362 0.382381
v 0.139270 4.647241 0.336227
v 0.229943 4.622362 0.344133
v 0.202189 4.647241 0.302597
v 0.292662 4.622362 0.292661
v 0.257337 4.647241 0.257337
v 0.344134 4.622362 0.229943
v 0.302597 4.647241 0.202189
v 0.382381 4.622362 0.158387
v 0.336227 4.647241 0.139270
v 0.405933 4.622362 0.080745
v 0.356937 4.647241 0.070999
v 0.413886 4.622362 -0.000000
v 0.363930 4.647241 -0.000000
v 0.405933 4.622362 -0.080745
v 0.356937 4.647241 -0.070999
v 0.382381 4.622362 -0.158387
v 0.336227 4.647241 -0.139270
v 0.344134 4.622362 -0.229942
v 0.302597 4.647241 -0.202188
v 0.292662 4.622362 -0.292661
v 0.257337 4.647241 -0.257337
v 0.229943 4.622362 -0.344133
v 0.202189 4.647241 -0.302596
v 0.139270 4.647241 -0.336227
v 0.199225 4.257458 -0.298160
v 0.253565 4.257457 -0.253564
v 0.248080 4.110241 -0.248080
v 0.298160 4.257457 -0.199224
v 0.291711 4.110241 -0.194915
v 0.331298 4.257457 -0.137228
v 0.324132 4.110241 -0.134260
v 0.351704 4.257457 -0.069958
v 0.344097 4.110241 -0.068445
v 0.358594 4.257457 -0.000000
v 0.350838 4.110241 -0.000000
v 0.351704 4.257457 0.069958
v 0.344097 4.110241 0.068445
v 0.331298 4.257457 0.137228
v 0.324132 4.110241 0.134260
v 0.298160 4.257457 0.199224
v 0.291711 4.110241 0.194915
v 0.253565 4.257457 0.253564
v 0.248080 4.110241 0.248080
v 0.199225 4.257457 0.298160
v 0.194915 4.110241 0.291711
v 0.137228 4.257457 0.331298
v 0.134260 4.110241 0.324132
v 0.069959 4.257457 0.351704
v 0.068445 4.110241 0.344097
v 0.000000 4.257457 0.358594
v 0.000000 4.110241 0.350838
v -0.069958 4.257457 0.351704
v -0.068445 4.110241 0.344097
v -0.137228 4.257457 0.331298
v -0.134260 4.110241 0.324132
v -0.199224 4.257457 0.298160
v -0.194915 4.110241 0.291711
v -0.253564 4.257457 0.253564
v -0.248080 4.110241 0.248080
v -0.298160 4.257457 0.199224
v -0.291711 4.110241 0.194915
v -0.331297 4.257457 0.137228
v -0.324132 4.110241 0.134260
v -0.351703 4.257457 0.069958
v -0.344096 4.110241 0.068445
v -0.358594 4.257457 -0.000000
v -0.350838 4.110241 -0.000000
v -0.351703 4.257457 -0.069958
v -0.344096 4.110241 -0.068445
v -0.331297 4.257457 -0.137228
v -0.324132 4.110241 -0.134260
v -0.298160 4.257457 -0.199224
v -0.291711 4.110241 -0.194915
v -0.253564 4.257457 -0.253564
v -0.248079 4.110241 -0.248080
v -0.199224 4.257457 -0.298160
v -0.194915 4.110241 -0.291711
v -0.137228 4.257457 -0.331298
v -0.134259 4.110241 -0.324132
v -0.200322 4.115714 -0.299803
v 0.299804 4.115714 0.200322
v 0.353643 4.115714 -0.070344
v 0.226894 3.908702 -0.547769
v 0.259244 3.872373 -0.625870
v 0.329399 3.908702 -0.492979
v 0.376364 3.872373 -0.563269
v 0.419245 3.908702 -0.419244
v 0.479021 3.872373 -0.479021
v 0.492980 3.908702 -0.329398
v 0.563269 3.872373 -0.376364
v 0.332295 3.947763 -0.222032
v 0.547770 3.908702 -0.226893
v 0.625871 3.872373 -0.259244
v 0.581509 3.908702 -0.115669
v 0.664421 3.872373 -0.132161
v 0.592902 3.908702 -0.000000
v 0.677438 3.872373 -0.000000
v 0.581509 3.908702 0.115670
v 0.664421 3.872373 0.132162
v 0.391969 3.947763 0.077967
v 0.547770 3.908702 0.226894
v 0.625871 3.872373 0.259244
v 0.492980 3.908702 0.329399
v 0.563269 3.872373 0.376364
v 0.419245 3.908702 0.419245
v 0.479021 3.872373 0.479021
v 0.329399 3.908702 0.492980
v 0.376364 3.872373 0.563269
v 0.222032 3.947763 0.332295
v 0.226894 3.908702 0.547770
v 0.259244 3.872373 0.625871
v 0.152939 3.947763 0.369226
v 0.115670 3.908702 0.581509
v 0.132162 3.872373 0.664421
v 0.077968 3.947763 0.391968
v 0.000000 3.908702 0.592901
v 0.000000 3.872373 0.677438
v 0.000000 3.947763 0.399648
v -0.115669 3.908702 0.581509
v -0.132161 3.872373 0.664421
v -0.077967 3.947763 0.391968
v -0.226893 3.908702 0.547769
v -0.259244 3.872373 0.625871
v -0.152938 3.947763 0.369226
v -0.329398 3.908702 0.492979
v -0.376364 3.872373 0.563269
v -0.222032 3.947763 0.332295
v -0.419244 3.908702 0.419245
v -0.479020 3.872373 0.479021
v -0.282593 3.947763 0.282593
v -0.492979 3.908702 0.329398
v -0.563268 3.872373 0.376364
v -0.332294 3.947763 0.222032
v -0.547769 3.908702 0.226894
v -0.625870 3.872373 0.259244
v -0.369226 3.947763 0.152938
v -0.581508 3.908702 0.115669
v -0.664420 3.872373 0.132161
v -0.391968 3.947763 0.077967
v -0.592901 3.908702 -0.000000
v -0.677437 3.872373 -0.000000
v -0.399647 3.947763 -0.000000
v -0.581509 3.908702 -0.115669
v -0.664420 3.872373 -0.132162
v -0.391968 3.947763 -0.077967
v -0.547769 3.908702 -0.226894
v -0.625870 3.872373 -0.259244
v -0.369226 3.947763 -0.152938
v -0.492979 3.908702 -0.329398
v -0.563268 3.872373 -0.376364
v -0.332294 3.947763 -0.222032
v -0.419244 3.908702 -0.419245
v -0.479020 3.872373 -0.479021
v -0.329398 3.908702 -0.492979
v -0.376364 3.872373 -0.563269
v -0.226893 3.908702 -0.547769
v -0.259244 3.872373 -0.625871
v -0.250308 3.837881 -0.604298
v -0.363391 3.837881 -0.543854
v -0.462510 3.837881 -0.462510
v -0.543854 3.837881 -0.363392
v -0.604298 3.837881 -0.250309
v -0.641520 3.837881 -0.127606
v -0.654088 3.837881 -0.000000
v -0.641519 3.837881 0.127606
v -0.604298 3.837881 0.250309
v -0.543854 3.837881 0.363392
v -0.462510 3.837881 0.462510
v -0.363391 3.837881 0.543854
v -0.250308 3.837881 0.604299
v -0.127606 3.837881 0.641520
v 0.000000 3.837881 0.654088
v 0.127607 3.837881 0.641520
v 0.250309 3.837881 0.604299
v 0.363392 3.837881 0.543854
v 0.462510 3.837881 0.462510
v 0.543855 3.837881 0.363392
v 0.604299 3.837881 0.250309
v 0.641520 3.837881 0.127606
v 0.654088 3.837881 -0.000000
v 0.641520 3.837881 -0.127606
v 0.604299 3.837881 -0.250308
v 0.543855 3.837881 -0.363392
v 0.462510 3.837881 -0.462510
v 0.363392 3.837881 -0.543854
v 0.250309 3.837881 -0.604298
v -0.148098 4.141888 -0.331845
v -0.149292 4.143243 -0.334138
v -0.142367 4.149209 -0.333217
v -0.159637 4.127207 -0.328980
v -0.148080 4.141009 -0.332910
v -0.148439 4.138292 -0.331690
v -0.142744 4.148428 -0.334257
v -0.159359 4.126455 -0.330044
v -0.174141 4.108704 -0.325762
v -0.155875 4.126546 -0.329082
v -0.149161 4.129087 -0.331165
v -0.167859 4.109049 -0.324992
v -0.179514 4.093163 -0.321075
v -0.156412 4.111738 -0.329365
v -0.163486 4.095891 -0.327827
v -0.141990 4.113585 -0.337478
v -0.140979 4.130670 -0.335540
v -0.128355 4.112067 -0.346912
v -0.143115 4.097862 -0.339571
v -0.123611 4.096359 -0.352766
v -0.143804 4.084888 -0.340916
v -0.145296 4.075714 -0.343475
v -0.121013 4.083075 -0.356370
v -0.167639 4.082528 -0.327210
v -0.167734 4.071787 -0.329194
v -0.186423 4.079365 -0.319389
v -0.186390 4.067009 -0.322395
v -0.196524 4.079348 -0.319992
v -0.197173 4.079100 -0.318730
v -0.188074 4.093084 -0.321503
v -0.196698 4.066337 -0.323849
v -0.197361 4.065656 -0.322710
v -0.191405 4.054952 -0.331475
v -0.191993 4.053935 -0.330554
v -0.183681 4.046855 -0.339411
v -0.182022 4.056532 -0.329120
v -0.175899 4.048949 -0.336127
v -0.165618 4.063246 -0.333780
v -0.162678 4.056310 -0.338691
v -0.145637 4.067818 -0.344168
v -0.146872 4.061428 -0.346261
v -0.127479 4.063694 -0.357633
v -0.122574 4.072317 -0.357437
v -0.133064 4.056657 -0.357213
v -0.115999 4.057306 -0.370412
v -0.108218 4.067926 -0.371284
v -0.124850 4.049548 -0.368054
v -0.113985 4.055860 -0.379894
v -0.112882 4.054862 -0.380031
v -0.105004 4.067412 -0.381195
v -0.124362 4.047551 -0.376509
v -0.123566 4.046287 -0.376627
v -0.133925 4.046202 -0.371013
v -0.133667 4.044801 -0.371011
v -0.142431 4.052660 -0.362849
v -0.131668 4.047589 -0.365876
v -0.138126 4.052960 -0.358252
v -0.148812 4.057664 -0.349435
v -0.152136 4.057700 -0.354749
v -0.161336 4.052688 -0.343737
v -0.163579 4.052412 -0.349623
v -0.170925 4.047129 -0.341325
v -0.174532 4.045725 -0.345617
v -0.174620 4.044320 -0.345399
v -0.184114 4.045577 -0.338760
v -0.163392 4.051138 -0.349695
v -0.179125 4.046270 -0.352271
v -0.189142 4.047594 -0.345457
v -0.167666 4.053399 -0.356774
v -0.183161 4.049483 -0.358958
v -0.192802 4.050829 -0.352553
v -0.172080 4.056390 -0.363488
v -0.182503 4.050544 -0.358271
v -0.191662 4.051680 -0.352082
v -0.171833 4.057402 -0.362727
v -0.183822 4.054925 -0.361801
v -0.189917 4.057423 -0.358382
v -0.175468 4.061231 -0.366173
v -0.179115 4.066246 -0.364787
v -0.163186 4.066353 -0.372255
v -0.152258 4.061503 -0.380689
v -0.160445 4.062723 -0.367941
v -0.163666 4.071580 -0.372925
v -0.149501 4.066594 -0.383308
v -0.162790 4.078187 -0.371399
v -0.160734 4.085046 -0.367984
v -0.182397 4.073389 -0.360419
v -0.144258 4.073836 -0.384271
v -0.139354 4.082460 -0.384078
v -0.130232 4.065910 -0.393008
v -0.122438 4.076522 -0.393860
v -0.138868 4.058022 -0.390309
v -0.121956 4.060679 -0.392549
v -0.121620 4.060144 -0.393903
v -0.112941 4.072210 -0.393795
v -0.132343 4.052376 -0.389181
v -0.132254 4.051539 -0.390421
v -0.141895 4.051020 -0.383667
v -0.142207 4.049963 -0.384570
v -0.150685 4.057650 -0.375953
v -0.144566 4.055386 -0.386352
v -0.151245 4.056634 -0.376518
v -0.147090 4.053640 -0.369643
v -0.160848 4.061696 -0.368603
v -0.156526 4.058765 -0.361748
v -0.152110 4.056414 -0.354731
v -0.142557 4.051382 -0.362725
v -0.137907 4.046753 -0.378049
v -0.127421 4.048318 -0.384058
v -0.116492 4.057005 -0.387635
v -0.107111 4.069037 -0.388962
v -0.103679 4.066755 -0.381300
v -0.103372 4.082391 -0.386233
v -0.112416 4.072036 -0.395171
v -0.108313 4.085012 -0.391795
v -0.112431 4.098255 -0.382621
v -0.108962 4.084768 -0.390531
v -0.113089 4.097642 -0.381610
v -0.118525 4.088058 -0.390214
v -0.121182 4.100441 -0.381237
v -0.136121 4.092208 -0.380357
v -0.136194 4.103966 -0.372744
v -0.159246 4.094223 -0.365433
v -0.182747 4.091661 -0.351196
v -0.155974 4.105636 -0.359987
v -0.176069 4.103498 -0.347806
v -0.152247 4.119785 -0.353761
v -0.148024 4.134929 -0.346725
v -0.166450 4.117806 -0.345302
v -0.138393 4.118135 -0.362849
v -0.140340 4.133443 -0.351955
v -0.127926 4.114789 -0.368902
v -0.134524 4.130456 -0.355578
v -0.122109 4.112272 -0.368929
v -0.121502 4.113135 -0.369696
v -0.131311 4.128871 -0.355081
v -0.130738 4.129936 -0.355640
v -0.138004 4.142559 -0.344352
v -0.137641 4.143804 -0.344826
v -0.141012 4.149472 -0.339014
v -0.138361 4.140862 -0.346801
v -0.141078 4.144833 -0.342917
v -0.144177 4.146430 -0.340358
v -0.147806 4.144754 -0.338709
v -0.142423 4.151145 -0.337466
v -0.142672 4.152429 -0.337840
v -0.144404 4.149432 -0.336893
v -0.144828 4.150697 -0.337124
v -0.150403 4.142414 -0.336598
v -0.151008 4.143647 -0.336466
v -0.152419 4.140698 -0.338009
v -0.162747 4.128503 -0.335422
v -0.163517 4.129552 -0.335140
v -0.161814 4.130136 -0.338510
v -0.178942 4.111606 -0.333384
v -0.179912 4.112450 -0.333165
v -0.176416 4.114221 -0.338576
v -0.194043 4.096693 -0.330981
v -0.195250 4.097284 -0.330825
v -0.190215 4.099631 -0.338063
v -0.203653 4.083658 -0.331311
v -0.205076 4.083878 -0.331278
v -0.199239 4.087111 -0.339735
v -0.204634 4.071135 -0.336449
v -0.206098 4.070938 -0.336582
v -0.200610 4.075606 -0.344971
v -0.199376 4.059771 -0.344130
v -0.200730 4.059216 -0.344426
v -0.196255 4.065135 -0.351716
v -0.197286 4.056057 -0.337105
v -0.202786 4.067915 -0.329126
v -0.202194 4.081232 -0.324428
v -0.192840 4.095062 -0.325054
v -0.188603 4.093266 -0.320272
v -0.177873 4.110622 -0.328557
v -0.174528 4.109195 -0.324618
v -0.161866 4.128328 -0.331898
v -0.184514 4.081931 -0.355835
v -0.156062 4.133259 -0.342121
v -0.143235 4.150698 -0.335115
v -0.141310 4.152444 -0.335662
v -0.139947 4.150736 -0.337172
v -0.140197 4.150932 -0.333911
v -0.138595 4.149254 -0.335576
v -0.140781 4.150153 -0.334859
v -0.139352 4.148468 -0.336378
v -0.140736 4.144350 -0.334895
v -0.137638 4.142754 -0.337455
v -0.144366 4.142674 -0.333248
v -0.133439 4.129272 -0.340998
v -0.134381 4.138456 -0.340482
v -0.128585 4.126866 -0.346149
v -0.135681 4.141155 -0.340664
v -0.134731 4.142044 -0.340205
v -0.127924 4.126824 -0.349704
v -0.126859 4.127591 -0.349480
v -0.117308 4.109370 -0.361307
v -0.116118 4.109880 -0.361148
v -0.107120 4.094034 -0.372133
v -0.119369 4.109617 -0.355318
v -0.110481 4.093973 -0.364249
v -0.105710 4.080311 -0.369868
v -0.101832 4.080459 -0.379213
v -0.100410 4.080235 -0.379247
v -0.105784 4.094237 -0.372067
v -0.108259 4.096055 -0.377951
v -0.118220 4.111322 -0.365864
v -0.128526 4.128719 -0.352749
v -0.136293 4.143396 -0.342268
v -0.141056 4.150742 -0.339483
v 0.285446 3.983484 0.276089
v 0.284966 3.983352 0.275617
v 0.296844 3.978630 0.265866
v 0.277583 3.999230 0.279669
v 0.284923 4.001462 0.271585
v 0.293259 4.001746 0.266892
v 0.277103 3.999097 0.279197
v 0.276623 3.998965 0.278725
v 0.284443 4.001329 0.271112
v 0.283963 4.001197 0.270640
v 0.276732 4.000844 0.279085
v 0.276252 4.000711 0.278613
v 0.277212 4.000976 0.279557
v 0.268973 4.033863 0.277720
v 0.268493 4.033730 0.277248
v 0.269453 4.033995 0.278193
v 0.267934 4.045444 0.275531
v 0.267454 4.045312 0.275059
v 0.268414 4.045577 0.276003
v 0.281326 4.051026 0.260356
v 0.280846 4.050894 0.259884
v 0.281806 4.051158 0.260829
v 0.271045 4.048882 0.271406
v 0.270565 4.048750 0.270934
v 0.271525 4.049015 0.271878
v 0.276049 4.053804 0.264941
v 0.275569 4.053672 0.264469
v 0.276529 4.053936 0.265413
v 0.266774 4.052693 0.274679
v 0.266294 4.052560 0.274207
v 0.267254 4.052825 0.275151
v 0.268309 4.090123 0.262632
v 0.267829 4.089991 0.262160
v 0.268789 4.090255 0.263104
v 0.274282 4.090428 0.256476
v 0.273802 4.090295 0.256004
v 0.274762 4.090560 0.256949
v 0.268373 4.096668 0.260733
v 0.267893 4.096536 0.260260
v 0.268854 4.096800 0.261205
v 0.272297 4.124840 0.248852
v 0.271817 4.124708 0.248379
v 0.272777 4.124973 0.249324
v 0.275932 4.122852 0.245715
v 0.275452 4.122720 0.245243
v 0.276412 4.122984 0.246187
v 0.273268 4.127215 0.247200
v 0.272788 4.127083 0.246728
v 0.273748 4.127347 0.247673
v 0.276006 4.140492 0.240697
v 0.275526 4.140360 0.240224
v 0.276487 4.140625 0.241169
v 0.283266 4.161145 0.227532
v 0.282786 4.161013 0.227060
v 0.283746 4.161277 0.228004
v 0.294675 4.150145 0.219019
v 0.294195 4.150013 0.218547
v 0.295155 4.150278 0.219491
v 0.285080 4.163297 0.225086
v 0.284600 4.163164 0.224614
v 0.285560 4.163429 0.225558
v 0.285361 4.164978 0.224329
v 0.284881 4.164846 0.223857
v 0.285841 4.165111 0.224802
v 0.285962 4.167121 0.223118
v 0.285482 4.166989 0.222646
v 0.286442 4.167253 0.223591
v 0.288786 4.177206 0.217423
v 0.288306 4.177073 0.216951
v 0.289266 4.177338 0.217895
v 0.291070 4.185165 0.212872
v 0.290589 4.185033 0.212399
v 0.291550 4.185297 0.213344
v 0.301412 4.185232 0.202341
v 0.300932 4.185100 0.201869
v 0.301892 4.185365 0.202814
v 0.292154 4.187378 0.211150
v 0.291674 4.187246 0.210678
v 0.292634 4.187510 0.211622
v 0.298276 4.187492 0.204895
v 0.297796 4.187360 0.204423
v 0.298756 4.187624 0.205368
v 0.293718 4.189763 0.208892
v 0.293238 4.189631 0.208420
v 0.294198 4.189895 0.209364
v 0.304916 4.189139 0.197686
v 0.304436 4.189006 0.197213
v 0.305396 4.189271 0.198158
v 0.295349 4.192429 0.206487
v 0.294869 4.192296 0.206015
v 0.295829 4.192561 0.206960
v 0.302104 4.210149 0.194657
v 0.301624 4.210017 0.194185
v 0.302584 4.210281 0.195130
v 0.314954 4.223879 0.177751
v 0.314473 4.223747 0.177279
v 0.315434 4.224011 0.178223
v 0.317746 4.222690 0.175246
v 0.318777 4.222974 0.176260
v 0.316715 4.222406 0.174232
v 0.320539 4.221500 0.172741
v 0.322421 4.222020 0.174594
v 0.318656 4.220982 0.170889
v 0.323331 4.220311 0.170236
v 0.324362 4.220595 0.171251
v 0.322300 4.220027 0.169222
v 0.326124 4.219121 0.167731
v 0.326604 4.219254 0.168204
v 0.325644 4.218989 0.167259
v 0.335597 4.195884 0.164614
v 0.336077 4.196016 0.165087
v 0.335117 4.195751 0.164142
v 0.337566 4.187654 0.164919
v 0.338046 4.187786 0.165391
v 0.337086 4.187521 0.164446
v 0.338653 4.184094 0.164812
v 0.339133 4.184226 0.165284
v 0.338173 4.183961 0.164339
v 0.339422 4.181017 0.164892
v 0.339902 4.181149 0.165364
v 0.338942 4.180885 0.164420
v 0.330954 4.181480 0.173368
v 0.333292 4.182125 0.175668
v 0.328616 4.180836 0.171068
v 0.339994 4.179012 0.164873
v 0.340474 4.179144 0.165345
v 0.339514 4.178880 0.164400
v 0.340926 4.175284 0.164969
v 0.341406 4.175416 0.165442
v 0.340446 4.175151 0.164497
v 0.341705 4.172259 0.165026
v 0.342185 4.172391 0.165498
v 0.341225 4.172126 0.164554
v 0.343351 4.154549 0.168315
v 0.343831 4.154681 0.168787
v 0.342871 4.154417 0.167842
v 0.343666 4.124385 0.176445
v 0.344146 4.124517 0.176918
v 0.343186 4.124253 0.175973
v 0.336794 4.129239 0.182069
v 0.337274 4.129371 0.182542
v 0.336314 4.129106 0.181597
v 0.346889 4.118433 0.174838
v 0.347369 4.118565 0.175310
v 0.346409 4.118300 0.174366
v 0.338151 4.124573 0.181998
v 0.338631 4.124705 0.182470
v 0.337671 4.124440 0.181526
v 0.343176 4.116920 0.179035
v 0.343656 4.117052 0.179508
v 0.342696 4.116787 0.178563
v 0.344612 4.111272 0.179158
v 0.345092 4.111404 0.179630
v 0.344132 4.111140 0.178685
v 0.346063 4.092839 0.182847
v 0.346543 4.092971 0.183320
v 0.345583 4.092707 0.182375
v 0.335814 4.092817 0.193270
v 0.336294 4.092949 0.193742
v 0.335334 4.092685 0.192798
v 0.347390 4.089713 0.182375
v 0.347870 4.089845 0.182847
v 0.346910 4.089580 0.181902
v 0.346570 4.063085 0.190668
v 0.347050 4.063217 0.191141
v 0.346090 4.062953 0.190196
v 0.345623 4.061303 0.192130
v 0.346103 4.061436 0.192602
v 0.345143 4.061171 0.191658
v 0.346022 4.059119 0.192336
v 0.346503 4.059252 0.192809
v 0.345542 4.058987 0.191864
v 0.342849 4.044053 0.199783
v 0.343329 4.044185 0.200256
v 0.342368 4.043920 0.199311
v 0.330047 4.041622 0.213474
v 0.330528 4.041754 0.213947
v 0.329567 4.041489 0.213002
v 0.341693 4.041438 0.201690
v 0.342173 4.041570 0.202162
v 0.341213 4.041305 0.201218
v 0.334744 4.039698 0.209240
v 0.335224 4.039830 0.209713
v 0.334264 4.039566 0.208768
v 0.342792 4.034125 0.202622
v 0.343273 4.034257 0.203094
v 0.342312 4.033992 0.202149
v 0.335249 4.005634 0.218271
v 0.335729 4.005766 0.218743
v 0.334769 4.005502 0.217799
v 0.323611 3.989608 0.234589
v 0.324091 3.989740 0.235061
v 0.323131 3.989476 0.234116
v 0.313667 3.992977 0.243751
v 0.316005 3.993621 0.246051
v 0.311329 3.992332 0.241451
v 0.323209 3.988046 0.235435
v 0.323689 3.988179 0.235907
v 0.322729 3.987914 0.234962
v 0.311571 3.972020 0.251753
v 0.311091 3.971888 0.251280
v 0.312051 3.972153 0.252225
v 0.300174 3.976875 0.261976
v 0.300654 3.977007 0.262448
v 0.299694 3.976743 0.261504
v 0.297022 3.942372 0.274846
v 0.297502 3.942505 0.275318
v 0.296542 3.942240 0.274373
v 0.295117 3.943184 0.276554
v 0.296131 3.943463 0.277552
v 0.294103 3.942904 0.275557
v 0.293212 3.943995 0.278263
v 0.293692 3.944127 0.278736
v 0.292732 3.943863 0.277791
v 0.296364 3.978498 0.265394
v 0.295884 3.978365 0.264921
v 0.284486 3.983220 0.275145
v 0.297255 3.977407 0.262687
v 0.288584 4.000457 0.262291
v 0.286242 4.003018 0.263954
v 0.295114 3.995852 0.251542
v 0.295251 3.997356 0.250981
v 0.306845 3.992680 0.245911
v 0.309462 3.993128 0.243126
v 0.312079 3.993576 0.240341
v 0.316342 4.012047 0.230833
v 0.295389 3.998860 0.250420
v 0.297172 4.018387 0.243136
v 0.283900 4.005579 0.265617
v 0.283204 4.026161 0.260558
v 0.283747 4.035610 0.257359
v 0.284290 4.045058 0.254160
v 0.298023 4.027704 0.239661
v 0.298874 4.037022 0.236186
v 0.317501 4.021233 0.227081
v 0.318661 4.030419 0.223329
v 0.319820 4.039605 0.219577
v 0.320852 4.040380 0.218312
v 0.299725 4.046339 0.232710
v 0.299832 4.047508 0.232274
v 0.284832 4.054507 0.250961
v 0.284014 4.056070 0.251354
v 0.283196 4.057633 0.251748
v 0.284994 4.082574 0.242933
v 0.299939 4.048677 0.231838
v 0.302199 4.073421 0.222609
v 0.321883 4.041156 0.217046
v 0.324606 4.065702 0.207402
v 0.325361 4.068714 0.205790
v 0.302492 4.076629 0.221412
v 0.325173 4.070059 0.205605
v 0.326791 4.091182 0.198042
v 0.302603 4.077847 0.220958
v 0.304521 4.098843 0.213126
v 0.285235 4.087069 0.241428
v 0.284825 4.085979 0.242151
v 0.287453 4.107937 0.233328
v 0.288182 4.109108 0.232259
v 0.288912 4.110279 0.231189
v 0.304651 4.100268 0.212594
v 0.304782 4.101695 0.212062
v 0.326322 4.092864 0.198048
v 0.325853 4.094544 0.198054
v 0.327282 4.117013 0.190305
v 0.306810 4.123908 0.203777
v 0.327559 4.131273 0.186029
v 0.326663 4.132691 0.186542
v 0.308075 4.137747 0.198615
v 0.308166 4.138745 0.198243
v 0.293791 4.145656 0.216318
v 0.291540 4.132236 0.222366
v 0.294870 4.146233 0.215061
v 0.295948 4.146810 0.213803
v 0.296243 4.149336 0.212795
v 0.308257 4.139742 0.197870
v 0.309249 4.150609 0.193817
v 0.325767 4.134109 0.187056
v 0.326184 4.142423 0.184302
v 0.325938 4.143467 0.184260
v 0.327091 4.159834 0.178503
v 0.309332 4.151513 0.193480
v 0.310568 4.165047 0.188432
v 0.296655 4.150100 0.212163
v 0.299247 4.171694 0.203479
v 0.300747 4.182325 0.198976
v 0.300716 4.183320 0.198729
v 0.311950 4.178918 0.183141
v 0.311801 4.180148 0.182948
v 0.327987 4.176989 0.172785
v 0.327354 4.178496 0.173006
v 0.327511 4.180207 0.172368
v 0.326220 4.181857 0.173218
v 0.312143 4.182292 0.181999
v 0.312240 4.183351 0.181604
v 0.300820 4.185798 0.197928
v 0.302304 4.186265 0.196289
v 0.303788 4.186733 0.194650
v 0.305133 4.189173 0.192599
v 0.312337 4.184410 0.181209
v 0.312634 4.186687 0.180270
v 0.324930 4.183506 0.174067
v 0.324590 4.185708 0.173795
v 0.324104 4.187404 0.173815
v 0.324886 4.198806 0.169825
v 0.312609 4.188545 0.179774
v 0.313912 4.201655 0.174777
v 0.305942 4.191157 0.191221
v 0.308139 4.205938 0.184847
v 0.299283 3.977966 0.264683
v 0.304991 3.998574 0.261260
v 0.305128 4.000079 0.260699
v 0.311521 3.993968 0.250511
v 0.314138 3.994417 0.247726
v 0.316754 3.994865 0.244941
v 0.321017 4.013336 0.235433
v 0.305266 4.001583 0.260138
v 0.307049 4.021110 0.252855
v 0.288575 4.006867 0.270217
v 0.287879 4.027450 0.265158
v 0.290917 4.004307 0.268555
v 0.288422 4.036899 0.261959
v 0.288965 4.046347 0.258760
v 0.307900 4.030427 0.249379
v 0.308751 4.039744 0.245904
v 0.322177 4.022521 0.231681
v 0.323336 4.031708 0.227930
v 0.324495 4.040894 0.224178
v 0.325527 4.041669 0.222912
v 0.309602 4.049062 0.242428
v 0.309709 4.050231 0.241992
v 0.289508 4.055796 0.255561
v 0.288690 4.057359 0.255955
v 0.287872 4.058922 0.256348
v 0.289669 4.083863 0.247533
v 0.309816 4.051400 0.241556
v 0.312076 4.076144 0.232327
v 0.326559 4.042445 0.221646
v 0.329281 4.066991 0.212002
v 0.330036 4.070003 0.210391
v 0.312369 4.079352 0.231130
v 0.329848 4.071348 0.210205
v 0.331466 4.092471 0.202642
v 0.312480 4.080570 0.230676
v 0.314398 4.101565 0.222844
v 0.289911 4.088358 0.246029
v 0.289500 4.087268 0.246752
v 0.292128 4.109226 0.237928
v 0.292858 4.110396 0.236859
v 0.293587 4.111567 0.235790
v 0.314528 4.102991 0.222312
v 0.314658 4.104417 0.221781
v 0.330997 4.094152 0.202648
v 0.330528 4.095833 0.202654
v 0.331958 4.118302 0.194906
v 0.316687 4.126631 0.213495
v 0.332235 4.132562 0.190629
v 0.331338 4.133980 0.191143
v 0.317951 4.140470 0.208333
v 0.318043 4.141468 0.207961
v 0.298467 4.146945 0.220919
v 0.296215 4.133525 0.226966
v 0.299545 4.147521 0.219661
v 0.300623 4.148098 0.218403
v 0.300919 4.150625 0.217395
v 0.318134 4.142465 0.207589
v 0.319126 4.153331 0.203535
v 0.330442 4.135398 0.191656
v 0.330860 4.143712 0.188903
v 0.330613 4.144756 0.188860
v 0.331766 4.161123 0.183103
v 0.319209 4.154236 0.203198
v 0.320445 4.167770 0.198150
v 0.301330 4.151389 0.216763
v 0.303922 4.172983 0.208079
v 0.305422 4.183614 0.203576
v 0.305391 4.184609 0.203329
v 0.321826 4.181641 0.192860
v 0.321678 4.182871 0.192666
v 0.332663 4.178277 0.177386
v 0.332030 4.179785 0.177607
v 0.332186 4.181496 0.176968
v 0.330896 4.183146 0.177818
v 0.322020 4.185015 0.191717
v 0.322117 4.186074 0.191322
v 0.305496 4.187086 0.202528
v 0.306980 4.187554 0.200889
v 0.308464 4.188022 0.199250
v 0.309808 4.190462 0.197200
v 0.322213 4.187132 0.190928
v 0.322510 4.189409 0.189988
v 0.329605 4.184795 0.178667
v 0.329266 4.186996 0.178395
v 0.328779 4.188693 0.178415
v 0.329561 4.200095 0.174425
v 0.322485 4.191268 0.189493
v 0.323789 4.204378 0.184495
v 0.310618 4.192446 0.195821
v 0.312815 4.207227 0.189447
vn -0.2337 -0.8337 0.5003
vn -0.1242 -0.9922 -0.0143
vn -0.1027 -0.8574 0.5044
vn 0.0106 -0.9999 -0.0103
vn 0.0134 -0.8617 0.5073
vn -0.1614 -0.4719 0.8668
vn -0.0508 -0.4764 0.8777
vn 0.0135 -0.4781 0.8782
vn 0.1378 -0.9904 -0.0068
vn 0.1228 -0.8516 0.5097
vn 0.0742 -0.4724 0.8783
vn -0.0273 -0.0038 0.9996
vn 0.0016 0.0101 0.9999
vn -0.0353 0.0029 0.9994
vn 0.0123 0.4807 0.8768
vn -0.0749 0.4677 0.8807
vn 0.0722 0.4737 0.8777
vn -0.0404 0.0130 0.9991
vn 0.1317 0.4609 0.8776
vn 0.2613 0.8180 0.5124
vn 0.1024 0.8398 0.5331
vn -0.0115 0.8485 0.5291
vn 0.2961 0.9195 0.2586
vn 0.1643 0.9519 0.2586
vn 0.0320 0.9655 0.2586
vn -0.1197 0.8423 0.5256
vn -0.0924 0.9615 0.2587
vn -0.0920 0.9616 -0.2587
vn -0.0518 0.9646 -0.2586
vn -0.1731 0.9503 -0.2587
vn 0.0329 0.9654 -0.2585
vn 0.0760 0.9630 -0.2587
vn -0.0604 0.4650 -0.8833
vn -0.0376 0.7064 -0.7068
vn -0.1258 0.6961 -0.7068
vn -0.0000 -0.0000 -1.0000
vn 0.0217 0.4942 -0.8691
vn 0.0556 0.7053 -0.7067
vn 0.1658 0.9517 -0.2586
vn 0.2112 0.9426 -0.2586
vn 0.0875 0.4857 -0.8697
vn 0.1543 0.6904 -0.7068
vn -0.0016 -0.0353 -0.9994
vn 0.1037 0.4717 -0.8756
vn 0.0026 -0.0270 -0.9996
vn -0.0715 -0.4814 -0.8736
vn -0.0349 -0.0135 -0.9993
vn -0.0042 -0.4832 -0.8755
vn 0.0039 -0.0191 -0.9998
vn 0.0591 -0.4773 -0.8768
vn 0.1164 -0.8464 -0.5197
vn -0.0225 -0.8686 -0.4950
vn -0.0737 -0.8619 -0.5018
vn -0.1149 -0.4811 -0.8691
vn -0.1893 -0.8434 -0.5028
vn -0.2994 -0.8062 -0.5103
vn -0.3712 -0.9285 -0.0032
vn -0.2636 -0.9644 0.0194
vn -0.3976 -0.7613 -0.5121
vn -0.1879 -0.4594 -0.8681
vn -0.4863 -0.8738 -0.0041
vn -0.4847 -0.7076 -0.5141
vn -0.2580 -0.4244 -0.8679
vn -0.5900 -0.8074 -0.0052
vn -0.5625 -0.6462 -0.5157
vn -0.3230 -0.3785 -0.8674
vn -0.4508 -0.3255 -0.8311
vn -0.3820 -0.3207 -0.8667
vn -0.7504 -0.6609 -0.0107
vn -0.6350 -0.5858 -0.5036
vn -0.5036 -0.2726 -0.8198
vn -0.8365 -0.5479 -0.0127
vn -0.6995 -0.5094 -0.5013
vn -0.5446 -0.2073 -0.8127
vn -0.9078 -0.4192 -0.0143
vn -0.7616 -0.4163 -0.4967
vn -0.5648 -0.1300 -0.8149
vn -0.9601 -0.2793 -0.0147
vn -0.8193 -0.2958 -0.4912
vn -0.5620 -0.0448 -0.8259
vn -0.9905 -0.1367 -0.0124
vn -0.8612 -0.1475 -0.4863
vn -0.5413 0.0411 -0.8398
vn -0.9999 0.0059 -0.0090
vn -0.8751 0.0151 -0.4837
vn -0.8542 0.1472 -0.4987
vn -0.9802 0.1978 -0.0084
vn -0.9883 0.1528 0.0026
vn -0.8337 0.2283 -0.5027
vn -0.4944 0.1402 -0.8578
vn -0.9573 0.2891 -0.0079
vn -0.4689 0.1944 -0.8616
vn -0.4794 0.1724 -0.8605
vn -0.8148 0.3104 -0.4898
vn -0.4352 0.2469 -0.8658
vn -0.9039 0.4277 -0.0058
vn -0.7641 0.4250 -0.4854
vn -0.3813 0.3124 -0.8700
vn -0.8413 0.5406 -0.0051
vn -0.6723 0.5612 -0.4828
vn -0.3050 0.3797 -0.8734
vn -0.7358 0.6771 -0.0042
vn -0.5391 0.6896 -0.4836
vn -0.3867 0.7797 -0.4925
vn -0.4199 0.9076 0.0008
vn -0.5867 0.8098 -0.0012
vn -0.2473 0.8331 -0.4947
vn -0.2501 0.4652 -0.8492
vn -0.2594 0.9658 0.0014
vn -0.1380 0.8570 -0.4966
vn -0.1684 0.4928 -0.8537
vn -0.1339 0.9910 0.0018
vn -0.0601 0.8653 -0.4977
vn -0.1046 0.5038 -0.8574
vn -0.0444 0.9990 0.0021
vn -0.0074 0.8667 -0.4987
vn -0.0592 0.5065 -0.8602
vn 0.0160 0.9999 0.0021
vn 0.0269 0.8660 -0.4994
vn -0.0287 0.5060 -0.8621
vn 0.0553 0.9985 0.0019
vn 0.0447 0.8646 -0.5005
vn -0.0089 0.5045 -0.8634
vn 0.0756 0.9971 0.0017
vn 0.0524 0.8637 -0.5012
vn 0.0015 0.5019 -0.8649
vn 0.0842 0.9964 0.0027
vn 0.0395 0.4732 -0.8800
vn 0.0058 0.5015 -0.8651
vn 0.0651 0.8644 -0.4986
vn 0.0526 0.4726 -0.8797
vn 0.0725 0.9974 0.0026
vn 0.0912 0.8626 -0.4975
vn 0.0737 0.4705 -0.8793
vn 0.1013 0.9949 0.0026
vn 0.1324 0.8579 -0.4964
vn 0.1041 0.4660 -0.8786
vn 0.1464 0.9892 0.0029
vn 0.1915 0.8477 -0.4947
vn 0.1459 0.4566 -0.8776
vn 0.2107 0.9775 0.0033
vn 0.2715 0.8266 -0.4929
vn 0.2008 0.4387 -0.8759
vn 0.2972 0.9548 0.0039
vn 0.3752 0.7865 -0.4905
vn 0.2693 0.4064 -0.8731
vn 0.4078 0.9130 0.0052
vn 0.5010 0.7148 -0.4880
vn 0.3495 0.3540 -0.8675
vn 0.5394 0.8420 0.0074
vn 0.6383 0.5969 -0.4861
vn 0.4337 0.2768 -0.8575
vn 0.6787 0.7344 0.0112
vn 0.7623 0.4273 -0.4862
vn 0.8437 0.2415 -0.4794
vn 0.9704 0.2405 0.0208
vn 0.8043 0.5943 -0.0009
vn 0.8691 0.0792 -0.4883
vn 0.4875 0.1560 -0.8591
vn 0.9983 0.0566 0.0139
vn 0.4986 -0.0371 -0.8660
vn 0.5022 0.0680 -0.8621
vn 0.8642 -0.0707 -0.4982
vn 0.8382 -0.2218 -0.4983
vn 0.8561 -0.5164 -0.0183
vn 0.9438 0.1402 -0.2992
vn 0.7858 -0.3644 -0.4997
vn 0.4942 -0.1003 -0.8635
vn 0.8963 -0.4435 0.0032
vn 0.7136 -0.4900 -0.5006
vn 0.4688 -0.1848 -0.8638
vn 0.8106 -0.5856 0.0025
vn 0.6288 -0.5945 -0.5012
vn 0.4306 -0.2611 -0.8639
vn 0.7104 -0.7038 0.0018
vn 0.5374 -0.6781 -0.5015
vn 0.3836 -0.3256 -0.8642
vn 0.6026 -0.7980 0.0013
vn 0.4425 -0.7431 -0.5019
vn 0.3315 -0.3780 -0.8644
vn 0.4914 -0.8709 0.0008
vn 0.3457 -0.7925 -0.5024
vn 0.2764 -0.4194 -0.8647
vn 0.3782 -0.9257 0.0003
vn 0.2469 -0.8284 -0.5028
vn 0.2195 -0.4512 -0.8650
vn 0.2628 -0.9648 -0.0001
vn 0.1602 -0.4747 -0.8654
vn 0.3259 -0.7933 0.5142
vn 0.2438 -0.8364 0.4909
vn 0.1860 -0.4413 0.8779
vn 0.1657 -0.4906 0.8555
vn 0.0006 -0.0053 1.0000
vn 0.0153 -0.0084 0.9998
vn -0.1823 0.4335 0.8825
vn -0.1518 0.4780 0.8651
vn -0.3233 0.7908 0.5198
vn -0.2447 0.8300 0.5011
vn -0.3262 0.9092 0.2587
vn -0.2111 0.9427 0.2585
vn -0.2114 0.9426 -0.2585
vn -0.4026 0.8780 -0.2587
vn -0.3268 0.9090 -0.2587
vn -0.2896 0.9216 -0.2584
vn -0.1471 0.4583 -0.8765
vn -0.2927 0.6441 -0.7067
vn -0.1697 0.4395 -0.8821
vn -0.2106 0.6753 -0.7069
vn 0.0011 -0.0112 -0.9999
vn 0.0008 -0.0050 -1.0000
vn -0.2244 0.4159 -0.8813
vn -0.0040 0.0006 -1.0000
vn -0.2791 0.3846 -0.8799
vn -0.0109 0.0048 -0.9999
vn -0.4520 0.5441 -0.7068
vn -0.3733 0.6009 -0.7068
vn -0.4399 0.8600 -0.2586
vn -0.6226 0.7386 -0.2585
vn -0.5513 0.7932 -0.2586
vn -0.5138 0.8181 -0.2585
vn -0.5496 0.7944 0.2586
vn -0.4259 0.7428 0.5166
vn -0.5249 0.6788 0.5135
vn -0.4387 0.8606 0.2586
vn -0.2397 0.4050 0.8823
vn -0.2928 0.3682 0.8824
vn 0.0039 -0.0123 0.9999
vn 0.0087 -0.0197 0.9998
vn 0.2481 -0.4132 0.8762
vn 0.3058 -0.3765 0.8745
vn 0.4281 -0.7421 0.5157
vn 0.5255 -0.6750 0.5179
vn 0.6159 -0.5905 0.5215
vn 0.3595 -0.3300 0.8728
vn 0.7016 -0.4810 0.5257
vn 0.4156 -0.2696 0.8687
vn 0.0300 -0.0286 0.9991
vn -0.0079 -0.0169 0.9998
vn -0.3886 0.2626 0.8832
vn -0.3731 0.3288 0.8676
vn -0.7103 0.4871 0.5082
vn -0.6255 0.5978 0.5014
vn -0.7613 0.5946 0.2586
vn -0.6582 0.7071 0.2585
vn -0.6604 0.7050 -0.2585
vn -0.8215 0.5082 -0.2585
vn -0.7638 0.5914 -0.2586
vn -0.7270 0.6362 -0.2584
vn -0.3485 0.3245 -0.8794
vn -0.5959 0.3812 -0.7068
vn -0.3899 0.2894 -0.8742
vn -0.5274 0.4715 -0.7068
vn 0.0181 0.0225 -0.9996
vn -0.0285 0.0063 -0.9996
vn -0.4434 0.2201 -0.8689
vn -0.0366 0.0027 -0.9993
vn -0.4908 0.1343 -0.8609
vn -0.0410 -0.0033 -0.9992
vn -0.6910 0.1511 -0.7068
vn -0.6524 0.2734 -0.7068
vn -0.8552 0.4492 -0.2584
vn -0.9484 0.1837 -0.2584
vn -0.9246 0.2796 -0.2586
vn -0.8984 0.3552 -0.2583
vn -0.9230 0.2849 0.2585
vn -0.7866 0.3554 0.5049
vn -0.8391 0.2030 0.5046
vn -0.8528 0.4538 0.2584
vn 0.4939 0.8538 -0.1644
vn -0.1460 0.9755 -0.1644
vn -0.4304 0.1875 0.8829
vn -0.4552 0.1044 0.8843
vn 0.0414 -0.0324 0.9986
vn 0.0595 -0.0276 0.9978
vn 0.4702 -0.1961 0.8605
vn 0.5153 -0.1109 0.8498
vn 0.7749 -0.3425 0.5313
vn 0.6605 -0.4020 0.6342
vn 0.5483 -0.0088 0.8362
vn 0.6242 0.1911 0.7575
vn -0.0049 -0.5164 0.8564
vn -0.2069 0.6238 0.7537
vn 0.0100 -0.5100 0.8601
vn -0.0190 0.5977 0.8015
vn 0.3179 -0.7121 -0.6260
vn 0.4818 -0.2819 0.8297
vn 0.6128 0.2187 0.7594
vn 0.1408 -0.7797 -0.6102
vn 0.6810 -0.7182 -0.1430
vn 0.8885 0.3465 0.3009
vn 0.0149 0.5815 -0.8134
vn -0.1139 0.7008 -0.7042
vn 0.8034 0.1192 0.5834
vn 0.5681 0.0877 0.8183
vn 0.0320 0.0614 0.9976
vn 0.0962 0.0067 0.9953
vn -0.4764 0.0569 0.8774
vn -0.4461 -0.0652 0.8926
vn -0.8565 0.0493 0.5138
vn -0.8474 -0.1190 0.5175
vn -0.9614 0.0943 0.2586
vn -0.9602 -0.1056 0.2587
vn -0.9598 -0.1085 -0.2587
vn -0.9660 0.0079 -0.2585
vn -0.9528 -0.1588 -0.2586
vn -0.9618 0.0897 -0.2587
vn -0.5392 -0.0622 -0.8399
vn -0.7069 0.0217 -0.7070
vn -0.6991 -0.1064 -0.7071
vn -0.4969 -0.0162 -0.8677
vn -0.0309 -0.0048 -0.9995
vn 0.0188 -0.0561 -0.9982
vn -0.5174 -0.1796 -0.8367
vn -0.0165 -0.0055 -0.9998
vn -0.4584 -0.2839 -0.8422
vn -0.0282 -0.0067 -0.9996
vn -0.6081 -0.3608 -0.7071
vn -0.6671 -0.2343 -0.7071
vn -0.9124 -0.3169 -0.2589
vn -0.8398 -0.4773 -0.2587
vn -0.8086 -0.5284 -0.2588
vn -0.9118 -0.3186 -0.2589
vn -0.8060 -0.5323 0.2587
vn -0.8007 -0.2793 0.5300
vn -0.7282 -0.4447 0.5215
vn -0.9122 -0.3175 0.2589
vn -0.4133 -0.1442 0.8991
vn -0.3826 -0.2300 0.8948
vn 0.1053 0.0371 0.9938
vn 0.0816 0.0601 0.9949
vn 0.5548 0.1949 0.8088
vn 0.4940 0.2913 0.8192
vn 0.7573 0.2637 0.5974
vn 0.6972 0.4141 0.5852
vn 0.6062 0.5640 0.5608
vn 0.4021 0.3664 0.8391
vn 0.4893 0.6813 0.5443
vn 0.3101 0.4173 0.8542
vn -0.0341 0.0559 0.9979
vn 0.0266 0.0592 0.9979
vn -0.3731 -0.3200 0.8709
vn -0.2735 -0.3789 0.8841
vn -0.6220 -0.6022 0.5005
vn -0.4971 -0.7061 0.5043
vn -0.6591 -0.7061 0.2587
vn -0.5091 -0.8210 0.2586
vn -0.5135 -0.8182 -0.2587
vn -0.7273 -0.6358 -0.2585
vn -0.5895 -0.7653 -0.2584
vn -0.6636 -0.7019 -0.2587
vn -0.2836 -0.4197 -0.8622
vn -0.5204 -0.4791 -0.7069
vn -0.4192 -0.5697 -0.7069
vn -0.3267 -0.3728 -0.8685
vn -0.0440 -0.0158 -0.9989
vn 0.0229 -0.0467 -0.9986
vn -0.0360 -0.0229 -0.9991
vn -0.2031 -0.4508 -0.8692
vn -0.0272 -0.0258 -0.9993
vn -0.1457 -0.4664 -0.8725
vn -0.3225 -0.6295 -0.7069
vn -0.2397 -0.6654 -0.7069
vn -0.2769 -0.9255 -0.2583
vn -0.4535 -0.8529 -0.2586
vn -0.3366 -0.9056 -0.2582
vn -0.3819 -0.8873 -0.2587
vn -0.3786 -0.8886 0.2588
vn -0.2774 -0.8171 0.5053
vn -0.2746 -0.9261 0.2587
vn -0.3727 -0.7817 0.5000
vn -0.1552 -0.4449 0.8820
vn -0.2366 -0.4375 0.8675
vn 0.0075 0.0440 0.9990
vn -0.0352 0.0224 0.9991
vn 0.1681 0.4666 0.8683
vn 0.2297 0.4676 0.8536
vn 0.2745 0.8011 0.5319
vn 0.4199 0.7653 0.4878
vn 0.1972 0.8250 0.5296
vn 0.1200 0.4757 0.8714
vn 0.1399 0.8374 0.5284
vn 0.0846 0.4797 0.8734
vn -0.0293 0.0145 0.9995
vn 0.0025 0.0336 0.9994
vn -0.1390 -0.4755 0.8686
vn -0.0798 -0.4656 0.8814
vn -0.2017 -0.8416 0.5011
vn -0.1414 -0.8500 0.5074
vn -0.1957 -0.9459 0.2589
vn -0.1384 -0.9560 0.2588
vn -0.1395 -0.9559 -0.2586
vn -0.2436 -0.9348 -0.2586
vn -0.1734 -0.9503 -0.2586
vn -0.1971 -0.9457 -0.2586
vn -0.0699 -0.4798 -0.8746
vn -0.1739 -0.6854 -0.7071
vn -0.1241 -0.6963 -0.7070
vn -0.1196 -0.4713 -0.8738
vn -0.0149 -0.0260 -0.9996
vn 0.0334 -0.0166 -0.9993
vn -0.0113 -0.0254 -0.9996
vn -0.0520 -0.4796 -0.8759
vn -0.0090 -0.0250 -0.9996
vn -0.0393 -0.4804 -0.8762
vn -0.0884 -0.7015 -0.7071
vn -0.0647 -0.7042 -0.7070
vn -0.0761 -0.9629 -0.2588
vn -0.1231 -0.9581 -0.2587
vn -0.0897 -0.9618 -0.2588
vn -0.1000 -0.9608 -0.2588
vn -0.0994 -0.9608 0.2587
vn -0.0747 -0.8579 0.5083
vn -0.0758 -0.9629 0.2589
vn -0.1075 -0.8591 0.5003
vn -0.0420 -0.4714 0.8809
vn -0.0858 -0.4925 0.8661
vn 0.0014 0.0280 0.9996
vn -0.0268 0.0048 0.9996
vn 0.0437 0.4815 0.8754
vn 0.0784 0.4996 0.8627
vn 0.0738 0.8465 0.5272
vn 0.1337 0.8572 0.4973
vn 0.0608 0.8475 0.5273
vn 0.0351 0.4812 0.8759
vn 0.0601 0.8482 0.5263
vn 0.0354 0.4818 0.8756
vn -0.0039 0.0259 0.9997
vn 0.0261 -0.0013 0.9997
vn -0.0362 -0.4730 0.8803
vn -0.0061 -0.4998 0.8661
vn -0.0563 -0.8594 0.5082
vn -0.0525 -0.8642 0.5005
vn -0.0576 -0.9642 0.2587
vn -0.0665 -0.9636 0.2588
vn -0.0665 -0.9636 -0.2588
vn -0.0637 -0.9638 -0.2587
vn -0.0578 -0.9642 -0.2587
vn -0.0711 -0.9633 -0.2588
vn -0.0156 -0.4967 -0.8678
vn -0.0462 -0.7056 -0.7071
vn -0.0293 -0.4809 -0.8763
vn -0.0519 -0.7052 -0.7071
vn -0.0265 -0.0030 -0.9996
vn -0.0021 -0.0255 -0.9997
vn -0.0180 -0.4803 -0.8769
vn -0.0024 -0.0237 -0.9997
vn 0.0017 -0.4791 -0.8777
vn -0.0020 -0.0210 -0.9998
vn -0.0128 -0.7070 -0.7071
vn -0.0363 -0.7062 -0.7071
vn -0.0326 -0.9654 -0.2589
vn -0.0199 -0.9657 -0.2588
vn 0.0095 -0.9659 -0.2588
vn -0.0512 -0.9646 -0.2589
vn 0.0100 -0.9659 0.2587
vn -0.0383 -0.8598 0.5092
vn -0.0062 -0.8599 0.5103
vn -0.0322 -0.9654 0.2589
vn -0.0223 -0.4725 0.8810
vn -0.0054 -0.4722 0.8815
vn -0.0002 0.0260 0.9997
vn -0.0017 0.0244 0.9997
vn 0.0238 0.4819 0.8759
vn 0.0070 0.4822 0.8761
vn 0.0379 0.8497 0.5258
vn 0.0061 0.8514 0.5244
vn -0.0383 0.8522 0.5218
vn -0.0149 0.4827 0.8756
vn -0.1110 0.8477 0.5188
vn -0.0532 0.4804 0.8754
vn -0.0064 0.0170 0.9998
vn 0.0152 0.0108 0.9998
vn 0.0544 -0.4688 0.8816
vn 0.0527 -0.4863 0.8722
vn 0.1142 -0.8504 0.5137
vn 0.0562 -0.8607 0.5059
vn 0.1680 -0.9514 0.2581
vn 0.0741 -0.9632 0.2585
vn 0.0734 -0.9632 -0.2586
vn 0.1014 -0.9606 -0.2587
vn 0.1673 -0.9515 -0.2582
vn 0.0286 -0.9656 -0.2586
vn 0.0486 -0.4946 -0.8677
vn 0.0768 -0.7030 -0.7070
vn 0.0745 -0.4684 -0.8804
vn 0.0232 -0.7067 -0.7072
vn -0.0226 0.0016 -0.9997
vn -0.0009 -0.0106 -0.9999
vn 0.1334 -0.4521 -0.8820
vn -0.0009 -0.0019 -1.0000
vn 0.2072 -0.4205 -0.8833
vn -0.0026 0.0098 -0.9999
vn 0.2555 -0.6598 -0.7067
vn 0.1533 -0.6905 -0.7069
vn 0.2973 -0.9191 -0.2585
vn 0.3467 -0.9017 -0.2585
vn 0.4592 -0.8500 -0.2581
vn 0.2060 -0.9437 -0.2588
vn 0.4587 -0.8503 0.2581
vn 0.2196 -0.8267 0.5181
vn 0.3521 -0.7761 0.5231
vn 0.2978 -0.9189 0.2586
vn 0.1135 -0.4554 0.8830
vn 0.1840 -0.4316 0.8831
vn -0.0040 0.0122 0.9999
vn 0.0006 0.0054 1.0000
vn -0.1145 0.4673 0.8766
vn -0.1886 0.4429 0.8765
vn -0.2196 0.8278 0.5163
vn -0.3538 0.7824 0.5124
vn -0.5003 0.7028 0.5057
vn -0.2681 0.4067 0.8733
vn -0.6377 0.5831 0.5033
vn -0.3500 0.3329 0.8756
vn 0.0080 0.0320 0.9995
vn 0.0225 -0.0042 0.9997
vn 0.2781 -0.4137 0.8669
vn 0.3445 -0.3331 0.8777
vn 0.4879 -0.7085 0.5099
vn 0.6265 -0.5676 0.5342
vn 0.6252 -0.7365 0.2582
vn 0.7607 -0.5954 0.2585
vn 0.7623 -0.5935 -0.2583
vn 0.5134 -0.8184 -0.2583
vn 0.6747 -0.6914 -0.2583
vn 0.6268 -0.7352 -0.2581
vn 0.3643 -0.3020 -0.8810
vn 0.3765 -0.5994 -0.7063
vn 0.4940 -0.5071 -0.7063
vn 0.2633 -0.3938 -0.8807
vn -0.0117 0.0316 -0.9994
vn -0.0181 0.0176 -0.9997
vn -0.0232 0.0364 -0.9991
vn 0.4060 -0.2377 -0.8824
vn -0.0345 0.0351 -0.9988
vn 0.4353 -0.1842 -0.8812
vn 0.5832 -0.4008 -0.7065
vn 0.6373 -0.3072 -0.7068
vn 0.8979 -0.3563 -0.2587
vn 0.7967 -0.5464 -0.2583
vn 0.8707 -0.4187 -0.2581
vn 0.8497 -0.4595 -0.2585
vn 0.8485 -0.4617 0.2586
vn 0.7683 -0.3418 0.5411
vn 0.8971 -0.3582 0.2587
vn 0.7162 -0.4836 0.5031
vn 0.4531 -0.2088 0.8666
vn 0.4264 -0.2644 0.8650
vn 0.0385 -0.0083 0.9992
vn 0.0056 0.0486 0.9988
vn -0.4398 0.2012 0.8753
vn -0.4239 0.2969 0.8557
vn -0.7930 0.3545 0.4955
vn -0.7400 0.4616 0.4892
vn -0.8232 0.2799 0.4940
vn -0.4563 0.1577 0.8758
vn -0.8475 0.2071 0.4888
vn -0.4718 0.1248 0.8728
vn 0.0456 0.0080 0.9989
vn -0.0185 -0.0469 0.9987
vn 0.4992 -0.1222 0.8578
vn 0.4612 -0.1689 0.8711
vn 0.8098 -0.2117 0.5472
vn 0.8330 -0.2290 0.5037
vn 0.9453 -0.1993 0.2584
vn 0.9215 -0.2895 0.2587
vn 0.9220 -0.2884 -0.2585
vn 0.9317 -0.2550 -0.2588
vn 0.9456 -0.1976 -0.2583
vn 0.9092 -0.3264 -0.2586
vn 0.4757 -0.1346 -0.8692
vn 0.6818 -0.1871 -0.7072
vn 0.4605 -0.1056 -0.8813
vn 0.6655 -0.2392 -0.7071
vn 0.0028 0.0478 -0.9989
vn -0.0560 0.0206 -0.9982
vn 0.4637 -0.0393 -0.8851
vn -0.0717 0.0169 -0.9973
vn -0.0842 0.0150 -0.9963
vn 0.4580 0.0337 -0.8883
vn 0.7002 -0.1000 -0.7069
vn 0.7069 0.0236 -0.7069
vn 0.9616 0.0913 -0.2586
vn 0.9564 -0.1358 -0.2587
vn 0.9654 0.0328 -0.2586
vn 0.9645 -0.0541 -0.2585
vn 0.9643 -0.0562 0.2586
vn 0.8225 0.0497 0.5666
vn 0.9617 0.0904 0.2586
vn 0.8502 -0.1481 0.5051
vn 0.5390 0.0303 0.8418
vn 0.4983 -0.0119 0.8669
vn 0.0385 0.0100 0.9992
vn -0.0136 0.0578 0.9982
vn -0.5021 -0.0248 0.8644
vn -0.5116 0.0698 0.8564
vn -0.8815 -0.0491 0.4697
vn -0.8698 0.0716 0.4881
vn -0.8672 -0.1885 0.4610
vn -0.4985 -0.1070 0.8603
vn -0.8296 -0.3168 0.4599
vn -0.4767 -0.1825 0.8599
vn -0.0207 0.0433 0.9988
vn 0.0323 0.0112 0.9994
vn 0.4708 0.1768 0.8644
vn 0.5195 0.1977 0.8313
vn 0.8509 0.1062 0.5145
vn 0.7640 0.2921 0.5753
vn 0.9399 0.2228 0.2588
vn 0.9035 0.3416 0.2588
vn 0.9037 0.3412 -0.2588
vn 0.9458 0.1961 -0.2588
vn 0.9016 0.3467 -0.2588
vn 0.9398 0.2231 -0.2588
vn 0.4200 0.1688 -0.8917
vn 0.6923 0.1434 -0.7072
vn 0.6600 0.2540 -0.7070
vn 0.4759 0.0633 -0.8772
vn -0.0952 -0.0201 -0.9953
vn -0.0191 -0.0856 -0.9961
vn -0.0840 -0.0342 -0.9959
vn 0.4020 0.2185 -0.8892
vn -0.0692 -0.0431 -0.9967
vn 0.3751 0.2728 -0.8860
vn 0.6133 0.3518 -0.7072
vn 0.5567 0.4361 -0.7070
vn 0.7913 0.5540 -0.2587
vn 0.8382 0.4800 -0.2589
vn 0.7608 0.5951 -0.2588
vn 0.8542 0.4510 -0.2589
vn 0.8537 0.4519 0.2588
vn 0.6598 0.4932 0.5669
vn 0.7904 0.5553 0.2587
vn 0.7903 0.3448 0.5065
vn 0.4305 0.3234 0.8426
vn 0.3987 0.2988 0.8671
vn 0.0412 0.0221 0.9989
vn -0.0276 0.0434 0.9987
vn -0.3952 -0.3002 0.8682
vn -0.4447 -0.2401 0.8629
vn -0.7034 -0.5279 0.4759
vn -0.7439 -0.4479 0.4960
vn -0.6251 -0.6130 0.4832
vn -0.3477 -0.3460 0.8714
vn -0.5382 -0.6865 0.4889
vn -0.2968 -0.3855 0.8737
vn 0.0284 0.0383 0.9989
vn 0.0246 -0.0580 0.9980
vn 0.3260 0.3698 0.8700
vn 0.3125 0.4060 0.8588
vn 0.5235 0.6485 0.5527
vn 0.5747 0.6485 0.4992
vn 0.6271 0.7347 0.2588
vn 0.7146 0.6499 0.2587
vn 0.7158 0.6486 -0.2587
vn 0.5734 0.7774 -0.2587
vn 0.6287 0.7334 -0.2587
vn 0.6722 0.6937 -0.2587
vn 0.3274 0.3531 -0.8765
vn 0.4192 0.5696 -0.7069
vn 0.2971 0.3637 -0.8829
vn 0.4917 0.5084 -0.7069
vn -0.0642 0.0184 -0.9978
vn -0.0338 -0.0563 -0.9978
vn 0.2478 0.3996 -0.8825
vn -0.0217 -0.0538 -0.9983
vn 0.1925 0.4290 -0.8826
vn -0.0114 -0.0494 -0.9987
vn 0.2506 0.6616 -0.7067
vn 0.3390 0.6209 -0.7068
vn 0.5302 0.8075 -0.2586
vn 0.3430 0.9031 -0.2586
vn 0.4200 0.8699 -0.2586
vn 0.4637 0.8474 -0.2585
vn 0.4180 0.8709 0.2585
vn 0.4269 0.7200 0.5471
vn 0.3281 0.7737 0.5419
vn 0.5283 0.8087 0.2586
vn 0.2494 0.4348 0.8653
vn 0.1835 0.4567 0.8705
vn 0.0305 0.0328 0.9990
vn 0.0239 0.0317 0.9992
vn -0.2420 -0.4189 0.8752
vn -0.1822 -0.4459 0.8763
vn -0.4424 -0.7487 0.4936
vn -0.3372 -0.7992 0.4976
vn 0.2981 0.9189 -0.2586
vn -0.0000 -0.0000 1.0000
vn 0.5000 -0.8506 0.1625
vn -0.0000 -1.0000 -0.0000
vn -0.0000 -0.8507 0.5257
vn -0.4671 0.3035 0.8305
vn 0.9341 0.3036 -0.1876
vn 0.9342 0.3036 -0.1876
vn 0.3568 -0.7947 0.4911
vn -0.4671 -0.6071 -0.6429
vn -0.4671 -0.6070 -0.6429
vn -0.0000 -0.4472 0.8944
vn 0.5000 -0.5257 0.6882
vn 0.3090 -0.0000 0.9511
vn 0.1102 0.9823 0.1517
vn 0.1103 0.9822 0.1518
vn 0.6455 -0.4911 -0.5849
vn 0.6455 -0.4911 -0.5850
vn 0.5774 -0.1876 0.7946
vn -0.7557 -0.4911 0.4332
vn 0.5257 0.4472 0.7236
vn 0.8090 -0.0000 0.5878
vn 0.8090 0.5257 0.2629
vn 0.1784 0.4911 -0.8526
vn 0.1785 -0.9822 0.0580
vn 0.9342 0.1876 0.3035
vn -0.3568 0.4911 0.7947
vn -0.3569 0.4911 0.7946
vn 0.8507 0.4472 -0.2764
vn 0.8506 0.4472 -0.2764
vn 1.0000 -0.0000 -0.0000
vn 0.8090 -0.0000 -0.5878
vn -0.3569 -0.4911 -0.7946
vn -0.3568 -0.4911 -0.7947
vn 0.1784 -0.4911 0.8526
vn 0.9342 -0.1876 -0.3035
vn 0.1784 0.9822 -0.0580
vn 0.5257 -0.4472 -0.7236
vn 0.8090 -0.5257 -0.2629
vn 0.3090 -0.8507 -0.4253
vn 0.3090 -0.8506 -0.4253
vn 0.6455 0.3036 0.7009
vn 0.6455 0.3035 0.7009
vn -0.7557 -0.6071 0.2456
vn -0.7558 -0.6070 0.2456
vn 0.5774 -0.7947 -0.1876
vn 0.1103 0.3035 -0.9464
vn 0.8506 -0.4472 0.2764
vn 0.8507 -0.4472 0.2764
vn -0.0000 -0.5257 -0.8506
vn -0.8660 0.3035 -0.3973
vn -0.0000 -0.6070 0.7947
vn -0.0000 -0.7947 -0.6071
vn 0.8660 0.3035 -0.3973
vn -0.5257 -0.4472 -0.7236
vn -0.3090 -0.8506 -0.4253
vn -0.8090 -0.5257 -0.2629
vn -0.6455 0.3035 0.7009
vn -0.6455 0.3036 0.7009
vn 0.7558 -0.6070 0.2456
vn -0.5774 -0.7947 -0.1876
vn -0.1103 0.3035 -0.9464
vn -0.8507 -0.4472 0.2764
vn -0.5000 -0.8506 0.1624
vn -0.5000 -0.5257 0.6882
vn 0.4671 0.3035 0.8305
vn 0.4671 -0.6071 -0.6429
vn -0.3568 -0.7947 0.4911
vn -0.9342 0.3035 -0.1876
vn -0.8090 -0.0000 0.5878
vn -0.1103 0.9823 0.1517
vn 0.7558 -0.4911 0.4331
vn 0.7558 -0.4911 0.4332
vn -0.5774 -0.1876 0.7947
vn -0.6455 -0.4911 -0.5849
vn -0.5257 0.4472 0.7236
vn -0.3090 -0.0000 0.9511
vn -0.0000 0.5257 0.8507
vn -0.0000 0.5257 0.8506
vn 0.8660 0.4911 -0.0938
vn -0.0000 -0.9822 0.1877
vn -0.0000 -0.9822 0.1876
vn -0.0000 0.1876 0.9822
vn -0.8660 0.4911 -0.0938
vn -0.3090 0.8506 0.4253
vn -0.0000 0.6070 -0.7947
vn 0.8660 -0.3035 0.3973
vn -0.0000 0.7947 0.6071
vn -0.8660 -0.3035 0.3973
vn 0.3090 0.8506 0.4253
vn -0.0000 1.0000 -0.0000
vn -0.5000 0.8506 -0.1625
vn -0.6455 -0.3036 -0.7009
vn -0.6455 -0.3035 -0.7009
vn -0.1103 -0.3035 0.9464
vn -0.1102 -0.3036 0.9464
vn -0.5774 0.7947 0.1876
vn 0.7557 0.6071 -0.2456
vn 0.7558 0.6071 -0.2456
vn -0.8090 0.5257 0.2629
vn -0.8507 0.4472 -0.2764
vn -0.5000 0.5257 -0.6882
vn -0.5000 0.5258 -0.6882
vn 0.4671 0.6070 0.6429
vn 0.4671 0.6071 0.6429
vn 0.4671 -0.3035 -0.8305
vn -0.3568 0.7947 -0.4911
vn -0.9342 -0.3035 0.1876
vn -0.0000 0.4472 -0.8944
vn -0.0000 0.8507 -0.5257
vn 0.5000 0.5257 -0.6882
vn -0.4671 0.6071 0.6429
vn -0.4671 0.6070 0.6429
vn 0.9341 -0.3036 0.1876
vn 0.9342 -0.3036 0.1876
vn 0.3568 0.7947 -0.4911
vn -0.4671 -0.3035 -0.8305
vn 0.5000 0.8506 -0.1625
vn 0.3090 -0.0000 -0.9511
vn 0.6455 0.4911 0.5850
vn 0.1103 -0.9822 -0.1518
vn 0.5774 0.1876 -0.7946
vn -0.7557 0.4911 -0.4332
vn -0.3090 -0.0000 -0.9511
vn -0.8660 -0.4911 0.0938
vn 0.8660 -0.4911 0.0938
vn -0.0000 -0.1876 -0.9822
vn -0.0000 0.9822 -0.1876
vn -0.6455 0.4911 0.5849
vn -0.1103 -0.9822 -0.1518
vn -0.5774 0.1876 -0.7946
vn 0.7558 0.4911 -0.4331
vn 0.7558 0.4911 -0.4332
vn -0.8090 -0.0000 -0.5878
vn -1.0000 -0.0000 -0.0000
vn -0.1784 -0.4911 0.8526
vn 0.3568 -0.4911 -0.7947
vn -0.9342 -0.1876 -0.3035
vn -0.1784 0.9822 -0.0580
vn 0.3568 0.4911 0.7947
vn 0.3569 0.4911 0.7946
vn -0.1785 -0.9822 0.0580
vn -0.1784 -0.9822 0.0580
vn -0.9342 0.1876 0.3035
vn -0.1784 0.4911 -0.8526
vn 0.1103 -0.3035 0.9464
vn 0.6455 -0.3036 -0.7009
vn 0.6455 -0.3035 -0.7009
vn 0.5774 0.7947 0.1876
vn -0.7557 0.6071 -0.2456
vn -0.7558 0.6071 -0.2456
vn -0.8960 -0.4082 -0.1746
vn -0.8960 -0.4083 -0.1746
vn -0.4597 -0.0260 -0.8877
vn -0.2603 0.8010 -0.5391
vn -0.2601 0.8010 -0.5393
vn -0.3002 -0.6421 0.7054
vn -0.3006 -0.6420 0.7053
vn 0.4781 0.8393 0.2588
vn 0.4785 0.8391 0.2588
vn -0.8754 0.4793 0.0635
vn -0.1778 -0.1972 -0.9641
vn -0.3600 0.4376 0.8239
vn -0.3602 0.4377 0.8238
vn -0.5751 -0.4454 0.6862
vn 0.2602 -0.8010 0.5392
vn 0.2602 -0.8009 0.5393
vn -0.4310 0.3087 -0.8479
vn -0.4312 0.3084 -0.8479
vn 0.9847 -0.1721 0.0264
vn 0.9847 -0.1722 0.0264
vn -0.1591 -0.9510 -0.2652
vn -0.5535 -0.1361 0.8217
vn -0.5536 -0.1362 0.8216
vn -0.5536 -0.1362 0.8215
vn 0.8754 -0.4793 -0.0634
vn 0.3601 -0.4376 -0.8239
vn 0.3602 -0.4377 -0.8238
vn 0.8959 0.4085 0.1747
vn -0.6907 -0.1853 -0.6990
vn -0.0344 0.8512 0.5237
vn 0.5750 0.4456 -0.6862
vn 0.7253 -0.6658 0.1751
vn 0.1591 0.9510 0.2651
vn -0.7725 -0.4819 0.4135
vn -0.7722 -0.4818 0.4141
vn 0.7659 -0.5176 -0.3815
vn 0.7659 -0.5176 -0.3814
vn 0.4595 0.0261 0.8878
vn 0.0063 0.9994 -0.0327
vn 0.6641 -0.5780 -0.4741
vn 0.6456 -0.5805 -0.4962
vn 0.6656 -0.5778 -0.4723
vn 0.6332 -0.5713 -0.5221
vn 0.6651 -0.5712 -0.4810
vn 0.6283 -0.5712 -0.5282
vn 0.7613 -0.5400 -0.3588
vn 0.7440 -0.5501 -0.3793
vn 0.7426 -0.5509 -0.3810
vn 0.7488 -0.5419 -0.3817
vn 0.7806 -0.5198 -0.3471
vn 0.7852 -0.5164 -0.3419
vn 0.7488 -0.5709 -0.3366
vn 0.7652 -0.5651 -0.3084
vn 0.7472 -0.5715 -0.3393
vn 0.6062 -0.6208 -0.4972
vn 0.6308 -0.6122 -0.4768
vn 0.6331 -0.6113 -0.4748
vn 0.4241 0.3341 0.8417
vn 0.4738 0.2990 0.8283
vn 0.4749 0.2982 0.8280
vn 0.4814 0.3091 0.8202
vn 0.4841 0.3072 0.8193
vn 0.4842 0.3072 0.8193
vn 0.9375 -0.2866 0.1972
vn 0.9186 -0.2316 0.3204
vn 0.9384 -0.2915 0.1857
vn 0.9491 -0.2619 0.1751
vn 0.9209 -0.3897 -0.0135
vn 0.9176 -0.3968 -0.0250
vn 0.4680 0.2894 0.8350
vn 0.3850 0.3459 0.8557
vn 0.3808 0.3486 0.8564
vn 0.9010 -0.3325 0.2786
vn 0.9095 -0.1754 0.3768
vn 0.9076 -0.1440 0.3944
vn 0.4159 0.4056 0.8139
vn 0.3431 0.4867 0.8033
vn 0.3305 0.4997 0.8006
vn 0.7760 -0.0077 0.6307
vn 0.7462 -0.0281 0.6651
vn 0.7914 0.0033 0.6113
vn 0.7291 0.4080 0.5495
vn 0.7301 0.4893 0.4770
vn 0.7281 0.3939 0.5609
vn 0.5308 -0.0297 0.8470
vn 0.4917 -0.0098 0.8707
vn 0.4699 0.0010 0.8827
vn 0.7423 0.2914 0.6033
vn 0.7758 0.3486 0.5260
vn 0.7406 0.2886 0.6068
vn 0.2202 -0.1805 0.9586
vn 0.1263 -0.3382 0.9325
vn 0.2377 -0.1489 0.9599
vn 0.7252 0.3109 0.6144
vn 0.7241 0.3092 0.6165
vn 0.7252 0.3110 0.6143
vn -0.1646 -0.3976 0.9027
vn 0.0157 -0.2687 0.9631
vn -0.1753 -0.4048 0.8975
vn 0.7560 0.3367 0.5613
vn 0.7346 0.3010 0.6081
vn 0.7565 0.3374 0.5603
vn 0.0396 -0.2932 0.9552
vn 0.1637 -0.2370 0.9576
vn 0.1707 -0.2337 0.9572
vn 0.7674 0.3743 0.5206
vn 0.7525 0.3429 0.5623
vn 0.7677 0.3751 0.5196
vn 0.1817 -0.2258 0.9571
vn 0.2408 -0.2032 0.9491
vn 0.2486 -0.2002 0.9477
vn 0.8410 0.3332 0.4263
vn 0.8198 0.3047 0.4849
vn 0.8417 0.3342 0.4241
vn 0.2545 -0.1098 0.9608
vn 0.2401 -0.1088 0.9646
vn 0.2333 -0.1083 0.9664
vn 0.9004 0.1185 0.4186
vn 0.9093 0.1157 0.3997
vn 0.9001 0.1186 0.4193
vn 0.2441 0.1995 0.9490
vn 0.2330 0.2077 0.9500
vn 0.2179 0.2188 0.9511
vn 0.8620 -0.0723 0.5018
vn 0.8752 -0.0895 0.4753
vn 0.8615 -0.0717 0.5027
vn 0.2055 0.3806 0.9016
vn 0.1752 0.3753 0.9102
vn 0.2387 0.3860 0.8911
vn 0.8337 -0.1237 0.5382
vn 0.8257 -0.0990 0.5554
vn 0.8254 -0.0982 0.5560
vn 0.1854 0.5821 0.7917
vn 0.1744 0.5820 0.7943
vn 0.1981 0.5821 0.7886
vn 0.6801 -0.1891 0.7083
vn 0.6827 -0.1597 0.7131
vn 0.6828 -0.1583 0.7133
vn 0.2695 0.8234 0.4993
vn 0.2420 0.8310 0.5008
vn 0.3030 0.8132 0.4969
vn 0.4767 -0.0837 0.8750
vn 0.4608 -0.1145 0.8801
vn 0.4774 -0.0825 0.8748
vn 0.5778 0.8161 -0.0128
vn 0.5702 0.8212 -0.0211
vn 0.5806 0.8141 -0.0098
vn 0.5071 -0.1315 0.8518
vn 0.5171 -0.1048 0.8495
vn 0.5067 -0.1325 0.8519
vn 0.4667 0.8844 0.0082
vn 0.4077 0.9121 -0.0432
vn 0.4895 0.8715 0.0287
vn 0.7559 -0.1297 0.6417
vn 0.7515 -0.1031 0.6517
vn 0.7513 -0.1019 0.6521
vn -0.1186 0.9083 0.4012
vn -0.0776 0.8804 0.4678
vn -0.0610 0.8675 0.4936
vn 0.7834 -0.0814 0.6161
vn 0.7914 -0.1123 0.6009
vn 0.7916 -0.1134 0.6004
vn -0.1234 0.8162 0.5644
vn -0.1166 0.8111 0.5732
vn -0.1140 0.8091 0.5764
vn 0.5857 -0.1892 0.7881
vn 0.5900 -0.1602 0.7913
vn 0.5854 -0.1911 0.7879
vn 0.4461 0.8326 0.3284
vn 0.4401 0.8247 0.3552
vn 0.4322 0.8141 0.3879
vn 0.3918 -0.1270 0.9113
vn 0.4102 -0.1016 0.9063
vn 0.3909 -0.1282 0.9115
vn 0.7488 0.5862 0.3093
vn 0.7445 0.5862 0.3197
vn 0.7393 0.5860 0.3317
vn 0.3503 -0.0761 0.9335
vn 0.3227 -0.0935 0.9419
vn 0.3218 -0.0940 0.9421
vn 0.8647 0.3803 0.3280
vn 0.8511 0.3853 0.3566
vn 0.8351 0.3903 0.3875
vn 0.2605 0.1138 0.9587
vn 0.2406 0.1108 0.9643
vn 0.2400 0.1107 0.9644
vn 0.8929 0.2042 0.4013
vn 0.8957 0.2125 0.3906
vn 0.8886 0.1922 0.4166
vn 0.2769 0.3289 0.9029
vn 0.3379 0.3013 0.8917
vn 0.3396 0.3005 0.8913
vn 0.9054 -0.1051 0.4113
vn 0.9116 -0.1040 0.3977
vn 0.9022 -0.1056 0.4183
vn 0.3810 0.3716 0.8466
vn 0.4253 0.3405 0.8386
vn 0.4264 0.3397 0.8383
vn 0.9149 -0.2205 0.3380
vn 0.8969 -0.1985 0.3951
vn 0.9176 -0.2241 0.3282
vn 0.7215 0.0429 0.6911
vn 0.7209 0.0418 0.6918
vn 0.7193 0.0388 0.6937
vn 0.7203 0.0796 0.6891
vn 0.7172 0.0779 0.6925
vn 0.7251 0.0822 0.6837
vn 0.6601 0.0604 0.7488
vn 0.6599 0.0597 0.7490
vn 0.6597 0.0591 0.7492
vn 0.6564 0.1176 0.7452
vn 0.6527 0.1243 0.7473
vn 0.6533 0.1246 0.7468
vn 0.7522 0.0649 0.6557
vn 0.7346 0.0608 0.6758
vn 0.7542 0.0601 0.6539
vn 0.6591 0.1183 0.7427
vn 0.6614 0.1201 0.7403
vn 0.7147 0.0712 0.6958
vn 0.7066 0.0724 0.7039
vn 0.6816 0.0984 0.7251
vn 0.6708 0.0937 0.7357
vn 0.6871 0.1007 0.7196
vn 0.6207 0.1180 0.7752
vn 0.6255 0.1246 0.7702
vn 0.6235 0.1174 0.7730
vn 0.5997 0.0978 0.7943
vn 0.6120 0.0932 0.7853
vn 0.6159 0.0918 0.7825
vn 0.5655 0.0702 0.8217
vn 0.5175 0.0584 0.8537
vn 0.5196 0.0633 0.8520
vn 0.5425 0.0595 0.8379
vn 0.5482 0.0598 0.8342
vn 0.5578 0.0784 0.8263
vn 0.5617 0.0767 0.8237
vn 0.5670 0.0745 0.8203
vn 0.6262 0.1241 0.7697
vn 0.6278 0.1221 0.7688
vn 0.6269 0.0602 0.7768
vn 0.6272 0.0595 0.7766
vn 0.6267 0.0607 0.7769
vn 0.5599 0.0417 0.8275
vn 0.5607 0.0406 0.8270
vn 0.5579 0.0445 0.8287
vn 0.5589 0.1575 0.8142
vn 0.5624 0.1490 0.8133
vn 0.5551 0.1665 0.8150
vn 0.6236 0.1312 0.7707
vn 0.6259 0.1240 0.7700
vn 0.6225 0.1346 0.7710
vn 0.6053 0.0245 0.7956
vn 0.6160 0.0492 0.7862
vn 0.6196 0.0575 0.7828
vn 0.5249 0.1314 0.8410
vn 0.5393 0.1448 0.8296
vn 0.5541 0.1587 0.8172
vn 0.5519 0.3035 0.7767
vn 0.5545 0.3052 0.7742
vn 0.5571 0.3068 0.7717
vn 0.6224 0.2564 0.7395
vn 0.6194 0.2548 0.7425
vn 0.6193 0.2543 0.7429
vn 0.6281 0.5229 0.5763
vn 0.6209 0.4953 0.6076
vn 0.6186 0.4872 0.6165
vn 0.6245 0.4676 0.6256
vn 0.6083 0.4563 0.6494
vn 0.5995 0.4502 0.6618
vn 0.4907 0.4944 0.7175
vn 0.4583 0.5216 0.7196
vn 0.4999 0.4863 0.7167
vn 0.6259 0.2549 0.7370
vn 0.6263 0.2544 0.7369
vn 0.5344 0.4557 0.7119
vn 0.5081 0.4667 0.7239
vn 0.5481 0.4497 0.7052
vn 0.6676 0.3060 0.6787
vn 0.6706 0.3043 0.6765
vn 0.6647 0.3076 0.6808
vn 0.7261 0.1462 0.6718
vn 0.7399 0.1330 0.6594
vn 0.7114 0.1599 0.6844
vn 0.6713 0.0496 0.7395
vn 0.6826 0.0251 0.7303
vn 0.6673 0.0579 0.7425
vn 0.7075 0.1586 0.6887
vn 0.7062 0.1500 0.6919
vn 0.7046 0.1401 0.6956
vn 0.6541 0.1315 0.7449
vn 0.6531 0.1242 0.7470
vn 0.6526 0.1207 0.7480
vn 0.8432 -0.4154 -0.3412
vn 0.8391 -0.4156 -0.3510
vn 0.8443 -0.4154 -0.3386
vn 0.7532 -0.5897 -0.2915
vn 0.7635 -0.5862 -0.2710
vn 0.7517 -0.5902 -0.2943
vn 0.6204 -0.4921 -0.6107
vn 0.6121 -0.4962 -0.6157
vn 0.6098 -0.4974 -0.6171
vn 0.5766 -0.6515 -0.4930
vn 0.5945 -0.6452 -0.4798
vn 0.5970 -0.6443 -0.4779
vn -0.8795 -0.0751 -0.4700
vn -0.8481 -0.1138 -0.5174
vn -0.8805 -0.0737 -0.4682
vn -0.8161 -0.0475 -0.5759
vn -0.7910 -0.0847 -0.6059
vn -0.8167 -0.0466 -0.5751
vn -0.1526 -0.4760 -0.8661
vn -0.1663 -0.4798 -0.8615
vn -0.1734 -0.4817 -0.8590
vn -0.1272 -0.5565 -0.8210
vn -0.0639 -0.5627 -0.8242
vn -0.0532 -0.5635 -0.8244
vn -0.7926 -0.0914 -0.6028
vn -0.7601 -0.1318 -0.6363
vn -0.7933 -0.0905 -0.6021
vn -0.0434 -0.5679 -0.8220
vn 0.0912 -0.5825 -0.8077
vn 0.1036 -0.5833 -0.8056
vn -0.7537 -0.1223 -0.6457
vn -0.7513 -0.1248 -0.6480
vn -0.7538 -0.1222 -0.6457
vn 0.3137 -0.6019 -0.7344
vn 0.1078 -0.5562 -0.8240
vn 0.3257 -0.6037 -0.7276
vn -0.7648 -0.1415 -0.6285
vn -0.8170 -0.0743 -0.5718
vn -0.7622 -0.1446 -0.6310
vn -0.1138 -0.5332 -0.8383
vn 0.0196 -0.6404 -0.7677
vn -0.1394 -0.5100 -0.8488
vn -0.7878 -0.0152 -0.6157
vn -0.8156 0.0812 -0.5729
vn -0.7823 -0.0313 -0.6221
vn -0.4592 -0.4496 -0.7662
vn -0.4263 -0.4281 -0.7969
vn -0.4080 -0.4160 -0.8127
vn -0.4747 -0.0130 -0.8801
vn -0.4285 0.0843 -0.8996
vn -0.4202 0.1005 -0.9018
vn -0.6745 -0.4511 -0.5845
vn -0.7104 -0.4301 -0.5571
vn -0.6593 -0.4593 -0.5952
vn -0.4904 -0.1398 -0.8602
vn -0.4263 -0.0719 -0.9017
vn -0.4231 -0.0685 -0.9035
vn -0.8029 -0.5382 -0.2563
vn -0.7547 -0.6462 -0.1135
vn -0.7382 -0.6702 -0.0765
vn -0.6712 -0.3622 -0.6468
vn -0.7080 -0.3700 -0.6015
vn -0.6633 -0.3614 -0.6553
vn -0.6459 -0.3377 -0.6847
vn -0.6336 -0.3423 -0.6938
vn -0.6520 -0.3354 -0.6800
vn -0.7074 -0.3657 -0.6049
vn -0.6882 -0.3709 -0.6236
vn -0.6291 -0.3190 -0.7089
vn -0.6250 -0.3129 -0.7152
vn -0.6320 -0.3172 -0.7071
vn -0.5976 -0.3128 -0.7383
vn -0.5906 -0.3187 -0.7414
vn -0.5884 -0.3169 -0.7439
vn -0.5748 -0.3419 -0.7435
vn -0.5638 -0.3371 -0.7539
vn -0.5582 -0.3347 -0.7592
vn -0.4962 -0.3695 -0.7857
vn -0.4746 -0.3640 -0.8014
vn -0.4712 -0.3683 -0.8014
vn -0.5220 -0.3611 -0.7727
vn -0.5317 -0.3605 -0.7664
vn -0.5979 -0.3130 -0.7379
vn -0.5933 -0.3194 -0.7389
vn -0.5202 -0.3548 -0.7769
vn -0.5168 -0.3530 -0.7800
vn -0.5115 -0.3502 -0.7847
vn -0.5802 -0.3739 -0.7236
vn -0.5801 -0.3732 -0.7240
vn -0.5803 -0.3744 -0.7232
vn -0.5088 -0.3881 -0.7684
vn -0.5083 -0.3871 -0.7693
vn -0.5100 -0.3910 -0.7662
vn -0.5976 -0.3131 -0.7381
vn -0.5974 -0.3061 -0.7412
vn -0.5977 -0.3164 -0.7367
vn -0.5419 -0.2863 -0.7902
vn -0.5409 -0.2779 -0.7939
vn -0.5430 -0.2960 -0.7858
vn -0.5483 -0.4053 -0.7315
vn -0.5661 -0.3830 -0.7299
vn -0.5720 -0.3754 -0.7293
vn -0.4996 -0.3004 -0.8125
vn -0.5178 -0.2887 -0.8053
vn -0.5365 -0.2764 -0.7974
vn -0.2619 -0.0038 -0.9651
vn -0.2309 -0.0028 -0.9730
vn -0.2956 -0.0050 -0.9553
vn -0.2367 -0.1834 -0.9541
vn -0.2450 -0.1936 -0.9500
vn -0.2569 -0.2083 -0.9437
vn -0.7808 -0.4717 -0.4097
vn -0.7895 -0.4822 -0.3795
vn -0.7805 -0.4713 -0.4108
vn -0.8757 -0.2835 -0.3909
vn -0.8842 -0.2824 -0.3720
vn -0.8754 -0.2835 -0.3916
vn -0.7371 -0.5219 -0.4293
vn -0.7357 -0.5025 -0.4541
vn -0.7357 -0.5018 -0.4550
vn -0.3052 0.2191 -0.9267
vn -0.2946 0.2214 -0.9296
vn -0.3175 0.2165 -0.9232
vn -0.5636 -0.5914 -0.5768
vn -0.5740 -0.5671 -0.5907
vn -0.5745 -0.5659 -0.5913
vn -0.4684 0.5070 -0.7235
vn -0.4442 0.5213 -0.7287
vn -0.4978 0.4889 -0.7164
vn -0.3906 -0.4921 -0.7780
vn -0.3663 -0.5170 -0.7736
vn -0.3916 -0.4911 -0.7781
vn -0.7860 0.5770 -0.2219
vn -0.7806 0.5864 -0.2161
vn -0.7880 0.5735 -0.2241
vn -0.4071 -0.5361 -0.7395
vn -0.4250 -0.5142 -0.7450
vn -0.4065 -0.5369 -0.7393
vn -0.6982 0.6634 -0.2691
vn -0.6520 0.7218 -0.2322
vn -0.7153 0.6388 -0.2833
vn -0.6560 -0.5382 -0.5292
vn -0.6588 -0.5160 -0.5475
vn -0.6589 -0.5150 -0.5483
vn -0.1538 0.6674 -0.7287
vn -0.1257 0.7256 -0.6766
vn -0.1151 0.7457 -0.6563
vn -0.6973 -0.4942 -0.5192
vn -0.6969 -0.5193 -0.4947
vn -0.6968 -0.5202 -0.4938
vn -0.0918 0.5821 -0.8079
vn -0.0871 0.5914 -0.8016
vn -0.0852 0.5952 -0.7990
vn -0.5527 0.1100 -0.8261
vn -0.5761 0.0768 -0.8138
vn -0.5405 0.1268 -0.8317
vn -0.5846 0.0448 -0.8101
vn -0.6072 0.0313 -0.7939
vn -0.5683 0.0543 -0.8210
vn -0.6962 -0.1329 -0.7054
vn -0.6937 -0.1312 -0.7082
vn -0.6995 -0.1351 -0.7017
vn -0.6334 -0.1828 -0.7519
vn -0.6365 -0.1843 -0.7489
vn -0.6335 -0.1819 -0.7520
vn -0.7226 0.1088 -0.6827
vn -0.7063 0.0759 -0.7038
vn -0.7013 0.0663 -0.7098
vn -0.6300 -0.1843 -0.7544
vn -0.6297 -0.1847 -0.7546
vn -0.7010 0.0440 -0.7118
vn -0.6811 0.0308 -0.7315
vn -0.6703 0.0238 -0.7417
vn -0.5775 -0.1321 -0.8056
vn -0.5807 -0.1304 -0.8036
vn -0.5837 -0.1289 -0.8017
vn -0.6257 -0.4059 -0.6661
vn -0.6214 -0.3834 -0.6833
vn -0.6278 -0.4174 -0.6571
vn -0.6390 0.5058 -0.5795
vn -0.6483 0.5198 -0.5564
vn -0.6655 0.5469 -0.5079
vn -0.8643 0.2151 -0.4547
vn -0.8689 0.2172 -0.4447
vn -0.8752 0.2201 -0.4308
vn -0.2952 -0.5186 -0.8024
vn -0.3202 -0.4993 -0.8051
vn -0.2940 -0.5195 -0.8023
vn -0.4690 -0.5907 -0.6566
vn -0.4815 -0.5665 -0.6688
vn -0.4682 -0.5923 -0.6557
vn -0.2694 -0.4679 -0.8417
vn -0.2372 -0.4784 -0.8455
vn -0.2361 -0.4787 -0.8456
vn -0.9074 -0.0085 -0.4201
vn -0.9204 -0.0077 -0.3908
vn -0.9349 -0.0068 -0.3548
vn -0.2357 -0.2789 -0.9310
vn -0.2154 -0.2776 -0.9362
vn -0.2148 -0.2776 -0.9364
vn -0.8938 -0.1983 -0.4023
vn -0.8993 -0.1882 -0.3947
vn -0.8855 -0.2128 -0.4131
vn -0.7146 -0.3020 -0.6310
vn -0.7046 -0.2901 -0.6476
vn -0.7276 -0.3177 -0.6081
vn -0.6895 -0.2790 -0.6684
vn -0.6857 -0.2874 -0.6688
vn -0.6811 -0.2971 -0.6692
vn -0.6279 -0.3063 -0.7155
vn -0.6248 -0.3133 -0.7152
vn -0.6233 -0.3166 -0.7150
vn -0.6133 -0.3735 -0.6960
vn -0.6129 -0.3741 -0.6960
vn -0.6125 -0.3747 -0.6961
vn -0.6699 -0.3883 -0.6329
vn -0.6689 -0.3893 -0.6332
vn -0.6664 -0.3921 -0.6341
vn -0.6793 -0.3541 -0.6428
vn -0.6756 -0.3559 -0.6457
vn -0.6849 -0.3514 -0.6383
vn -0.6262 -0.3196 -0.7111
vn -0.6245 -0.3132 -0.7155
vn -0.8173 -0.4845 -0.3119
vn -0.8242 -0.4809 -0.2991
vn -0.8136 -0.4863 -0.3185
vn -0.7970 -0.5680 -0.2051
vn -0.7834 -0.5613 -0.2670
vn -0.7990 -0.5689 -0.1946
vn -0.4299 -0.0443 -0.9018
vn -0.4635 -0.0820 -0.8823
vn -0.4643 -0.0829 -0.8818
vn -0.3151 -0.0710 -0.9464
vn -0.3666 -0.1101 -0.9238
vn -0.3680 -0.1112 -0.9231
vn -0.4604 -0.0886 -0.8833
vn -0.4992 -0.1305 -0.8566
vn -0.5001 -0.1314 -0.8560
vn -0.8066 -0.5890 -0.0498
vn -0.7982 -0.5734 -0.1846
vn -0.8066 -0.5899 -0.0374
vn -0.5095 -0.1208 -0.8520
vn -0.5117 -0.1232 -0.8503
vn -0.5118 -0.1232 -0.8502
vn -0.7714 -0.6098 0.1822
vn -0.8258 -0.5629 -0.0360
vn -0.8292 -0.5557 -0.0604
vn -0.5739 -0.5871 0.5709
vn -0.5926 -0.5895 0.5489
vn -0.5943 -0.5897 0.5469
vn -0.5708 -0.6209 0.5372
vn -0.5866 -0.6294 0.5096
vn -0.5692 -0.6201 0.5399
vn -0.4524 -0.5796 0.6778
vn -0.4276 -0.5738 0.6986
vn -0.4258 -0.5733 0.7000
vn -0.4941 -0.5591 0.6658
vn -0.4766 -0.5489 0.6867
vn -0.4955 -0.5599 0.6641
vn -0.6160 -0.5803 0.5328
vn -0.5809 -0.5801 0.5710
vn -0.5757 -0.5799 0.5764
vn -0.4689 -0.5289 0.7074
vn -0.4974 -0.5509 0.6701
vn -0.4644 -0.5254 0.7129
vn -0.5757 -0.7456 0.3356
vn -0.5565 -0.7558 0.3451
vn -0.5229 -0.7723 0.3609
vn -0.2302 -0.6247 0.7462
vn -0.2321 -0.6422 0.7305
vn -0.2263 -0.5928 0.7729
vn 0.7645 -0.6351 -0.1107
vn 0.7794 -0.6174 -0.1060
vn 0.8049 -0.5854 -0.0975
vn 0.4338 -0.7383 -0.5165
vn 0.4399 -0.7485 -0.4961
vn 0.4223 -0.7191 -0.5518
vn -0.5672 -0.6536 0.5010
vn -0.5772 -0.6599 0.4811
vn -0.5659 -0.6528 0.5037
vn -0.4086 -0.5982 0.6894
vn -0.3902 -0.5945 0.7030
vn -0.3882 -0.5941 0.7046
vn -0.7054 -0.5058 0.4966
vn -0.7020 -0.5017 0.5055
vn -0.7063 -0.5069 0.4941
vn -0.4743 -0.4250 0.7710
vn -0.4832 -0.4252 0.7654
vn -0.4851 -0.4253 0.7641
vn -0.6191 0.1527 0.7703
vn -0.6291 0.1552 0.7617
vn -0.6332 0.1562 0.7581
vn -0.8948 0.0563 0.4429
vn -0.8895 0.0641 0.4524
vn -0.8971 0.0528 0.4386
vn -0.5863 0.5580 0.5873
vn -0.6021 0.5500 0.5788
vn -0.5785 0.5618 0.5914
vn -0.8282 0.4734 0.3000
vn -0.8213 0.4733 0.3186
vn -0.8181 0.4733 0.3268
vn -0.6984 0.6929 0.1791
vn -0.6963 0.6931 0.1866
vn -0.6949 0.6932 0.1914
vn -0.5061 0.7601 0.4074
vn -0.5128 0.7572 0.4045
vn -0.5021 0.7619 0.4092
vn -0.3154 0.9356 -0.1589
vn -0.3151 0.9359 -0.1574
vn -0.3149 0.9362 -0.1559
vn -0.1756 0.9844 0.0071
vn -0.1771 0.9842 0.0066
vn -0.1742 0.9847 0.0075
vn 0.3372 0.8363 -0.4323
vn 0.3317 0.8368 -0.4356
vn 0.3406 0.8360 -0.4302
vn 0.2453 0.8042 -0.5414
vn 0.2471 0.8073 -0.5359
vn 0.2483 0.8092 -0.5325
vn 0.1640 0.8665 -0.4714
vn 0.1663 0.8707 -0.4628
vn 0.1679 0.8736 -0.4567
vn 0.2374 0.8922 -0.3843
vn 0.2286 0.8925 -0.3889
vn 0.2437 0.8919 -0.3810
vn -0.4292 0.8877 0.1665
vn -0.4262 0.8874 0.1759
vn -0.4240 0.8871 0.1826
vn -0.4996 0.8617 0.0887
vn -0.4915 0.8660 0.0925
vn -0.5054 0.8586 0.0860
vn -0.5817 0.7982 0.1568
vn -0.5766 0.8013 0.1595
vn -0.5847 0.7963 0.1551
vn -0.4921 0.8309 0.2598
vn -0.4897 0.8303 0.2659
vn -0.4883 0.8300 0.2696
vn 0.0279 0.9857 -0.1665
vn 0.0281 0.9859 -0.1648
vn 0.0284 0.9862 -0.1633
vn -0.1117 0.9370 -0.3310
vn -0.1102 0.9374 -0.3305
vn -0.1131 0.9367 -0.3314
vn 0.2878 0.7000 -0.6535
vn 0.2949 0.7002 -0.6502
vn 0.2835 0.6999 -0.6555
vn 0.4784 0.7644 -0.4322
vn 0.4801 0.7673 -0.4252
vn 0.4811 0.7690 -0.4209
vn 0.6669 0.5591 -0.4926
vn 0.6726 0.5671 -0.4754
vn 0.6753 0.5708 -0.4671
vn 0.4306 0.4825 -0.7628
vn 0.4478 0.4825 -0.7528
vn 0.4223 0.4824 -0.7674
vn 0.8619 0.1634 -0.4800
vn 0.8551 0.1659 -0.4912
vn 0.8650 0.1622 -0.4749
vn 0.5946 0.0748 -0.8005
vn 0.5863 0.0670 -0.8073
vn 0.5825 0.0635 -0.8103
vn 0.0813 -0.5587 -0.8254
vn -0.0813 -0.5587 -0.8254
vn -0.0389 0.9181 -0.3945
vn 0.0389 0.9181 -0.3945
vn -0.0195 0.9800 -0.1981
vn 0.0195 0.9800 -0.1981
vn -0.0832 0.5286 -0.8448
vn 0.0832 0.5286 -0.8448
vn 0.0482 -0.8706 -0.4896
vn -0.0482 -0.8706 -0.4896
vn 0.0949 0.2488 -0.9639
vn -0.0949 0.2488 -0.9639
vn -0.2812 0.2488 -0.9269
vn -0.1428 -0.8706 -0.4708
vn -0.4566 0.2488 -0.8542
vn -0.2319 -0.8706 -0.4339
vn -0.2464 0.5286 -0.8123
vn -0.4001 0.5286 -0.7486
vn -0.5385 0.5286 -0.6562
vn -0.3121 -0.8706 -0.3803
vn -0.6562 0.5286 -0.5385
vn -0.3803 -0.8706 -0.3121
vn -0.7487 0.2488 -0.6145
vn -0.6144 0.2488 -0.7487
vn -0.4339 -0.8706 -0.2319
vn -0.8542 0.2488 -0.4566
vn -0.4708 -0.8706 -0.1428
vn -0.9269 0.2488 -0.2812
vn -0.4896 -0.8706 -0.0482
vn -0.9639 0.2488 -0.0949
vn -0.4896 -0.8706 0.0482
vn -0.9639 0.2488 0.0949
vn -0.4708 -0.8706 0.1428
vn -0.9269 0.2488 0.2812
vn -0.4339 -0.8706 0.2319
vn -0.8542 0.2488 0.4566
vn -0.3803 -0.8706 0.3121
vn -0.7487 0.2488 0.6144
vn -0.7487 0.2488 0.6145
vn -0.3121 -0.8706 0.3803
vn -0.6144 0.2488 0.7487
vn -0.6145 0.2488 0.7487
vn -0.2319 -0.8706 0.4339
vn -0.4566 0.2488 0.8542
vn -0.1428 -0.8706 0.4708
vn -0.2812 0.2488 0.9269
vn -0.0482 -0.8706 0.4896
vn -0.0949 0.2488 0.9639
vn 0.0482 -0.8706 0.4896
vn 0.0482 -0.8706 0.4895
vn 0.0949 0.2488 0.9639
vn 0.1428 -0.8706 0.4708
vn 0.2812 0.2488 0.9269
vn 0.2319 -0.8706 0.4339
vn 0.4566 0.2488 0.8542
vn 0.3121 -0.8706 0.3803
vn 0.6145 0.2488 0.7487
vn 0.6144 0.2488 0.7487
vn 0.7487 0.2488 0.6145
vn 0.3803 -0.8706 0.3121
vn 0.5385 0.5287 0.6562
vn 0.5385 0.5286 0.6562
vn 0.6562 0.5286 0.5385
vn 0.6562 0.5287 0.5385
vn 0.7486 0.5286 0.4002
vn 0.4339 -0.8706 0.2319
vn 0.8123 0.5286 0.2464
vn 0.4708 -0.8706 0.1428
vn 0.9269 0.2488 0.2812
vn 0.8542 0.2488 0.4566
vn 0.9639 0.2488 0.0949
vn 0.4896 -0.8706 0.0482
vn 0.9639 0.2488 -0.0949
vn 0.4896 -0.8706 -0.0482
vn 0.8448 0.5286 0.0832
vn 0.8448 0.5287 0.0832
vn 0.8448 0.5286 -0.0832
vn 0.8123 0.5286 -0.2464
vn 0.4708 -0.8706 -0.1428
vn 0.7486 0.5286 -0.4001
vn 0.7486 0.5286 -0.4002
vn 0.4338 -0.8706 -0.2319
vn 0.4339 -0.8706 -0.2319
vn 0.8542 0.2488 -0.4566
vn 0.9269 0.2488 -0.2812
vn 0.7487 0.2488 -0.6145
vn 0.3803 -0.8706 -0.3121
vn 0.6144 0.2488 -0.7487
vn 0.3121 -0.8706 -0.3803
vn 0.6562 0.5286 -0.5385
vn 0.5385 0.5286 -0.6562
vn 0.4001 0.5286 -0.7486
vn 0.4002 0.5286 -0.7486
vn 0.2319 -0.8706 -0.4339
vn 0.2464 0.5286 -0.8123
vn 0.1428 -0.8706 -0.4708
vn 0.2812 0.2488 -0.9269
vn 0.4566 0.2488 -0.8542
vn -0.2319 0.8706 0.4339
vn -0.1428 0.8706 0.4708
vn 0.2899 -0.0524 -0.9556
vn 0.4707 -0.0524 -0.8807
vn 0.4708 -0.0524 -0.8807
vn 0.0979 -0.0524 -0.9938
vn -0.0482 0.8706 0.4896
vn 0.0482 0.8706 0.4896
vn -0.0979 -0.0524 -0.9938
vn -0.0968 -0.1601 -0.9823
vn -0.0967 -0.1601 -0.9823
vn 0.0968 -0.1601 -0.9823
vn 0.0967 -0.1601 -0.9823
vn 0.0913 -0.3632 -0.9272
vn -0.0913 -0.3632 -0.9272
vn 0.0980 -0.0336 -0.9946
vn -0.0980 -0.0336 -0.9946
vn -0.2705 -0.3632 -0.8916
vn -0.2901 -0.0336 -0.9564
vn -0.4392 -0.3632 -0.8217
vn -0.4711 -0.0336 -0.8814
vn -0.5911 -0.3632 -0.7202
vn -0.6340 -0.0336 -0.7726
vn -0.7202 -0.3632 -0.5911
vn -0.7726 -0.0336 -0.6340
vn -0.8217 -0.3632 -0.4392
vn -0.8814 -0.0336 -0.4711
vn -0.8916 -0.3632 -0.2705
vn -0.9564 -0.0336 -0.2901
vn -0.9564 -0.0337 -0.2901
vn -0.9272 -0.3632 -0.0913
vn -0.9946 -0.0336 -0.0980
vn -0.9272 -0.3632 0.0913
vn -0.9946 -0.0336 0.0980
vn -0.8916 -0.3632 0.2705
vn -0.9564 -0.0336 0.2901
vn -0.9564 -0.0337 0.2901
vn -0.8217 -0.3632 0.4392
vn -0.8814 -0.0336 0.4711
vn -0.7202 -0.3632 0.5911
vn -0.7726 -0.0336 0.6340
vn -0.5911 -0.3632 0.7202
vn -0.6340 -0.0336 0.7726
vn -0.4392 -0.3632 0.8217
vn -0.4711 -0.0336 0.8814
vn -0.2705 -0.3632 0.8916
vn -0.2901 -0.0336 0.9564
vn -0.0913 -0.3632 0.9272
vn -0.0980 -0.0336 0.9946
vn 0.0913 -0.3632 0.9272
vn 0.0980 -0.0336 0.9946
vn 0.2705 -0.3632 0.8916
vn 0.2901 -0.0336 0.9564
vn 0.4392 -0.3632 0.8217
vn 0.4711 -0.0336 0.8814
vn 0.5911 -0.3632 0.7202
vn 0.6340 -0.0336 0.7726
vn 0.7202 -0.3632 0.5911
vn 0.7726 -0.0336 0.6340
vn 0.8217 -0.3632 0.4392
vn 0.8814 -0.0336 0.4711
vn 0.8916 -0.3632 0.2705
vn 0.9564 -0.0336 0.2901
vn 0.9272 -0.3632 0.0913
vn 0.9946 -0.0336 0.0980
vn 0.9272 -0.3632 -0.0913
vn 0.9946 -0.0336 -0.0980
vn 0.8916 -0.3632 -0.2705
vn 0.9564 -0.0336 -0.2901
vn 0.8217 -0.3632 -0.4392
vn 0.8814 -0.0336 -0.4711
vn 0.7202 -0.3632 -0.5911
vn 0.7726 -0.0336 -0.6340
vn 0.5911 -0.3632 -0.7202
vn 0.6340 -0.0336 -0.7726
vn 0.4392 -0.3632 -0.8217
vn 0.4711 -0.0336 -0.8814
vn 0.2705 -0.3632 -0.8916
vn 0.2901 -0.0336 -0.9564
vn 0.2515 0.4991 -0.8292
vn 0.4085 0.4991 -0.7642
vn 0.0849 0.4991 -0.8624
vn 0.1299 0.8943 -0.4283
vn 0.0439 0.8943 -0.4454
vn -0.0439 0.8943 -0.4454
vn -0.0849 0.4991 -0.8624
vn -0.2515 0.4991 -0.8292
vn -0.1299 0.8943 -0.4282
vn -0.4085 0.4991 -0.7642
vn -0.2110 0.8943 -0.3947
vn -0.5497 0.4991 -0.6698
vn -0.5497 0.4991 -0.6699
vn -0.2839 0.8943 -0.3459
vn -0.6699 0.4991 -0.5497
vn -0.6698 0.4991 -0.5497
vn -0.3459 0.8943 -0.2839
vn -0.7642 0.4991 -0.4085
vn -0.3947 0.8943 -0.2110
vn -0.8292 0.4991 -0.2515
vn -0.4283 0.8943 -0.1299
vn -0.8624 0.4991 -0.0849
vn -0.4454 0.8943 -0.0439
vn -0.8624 0.4991 0.0849
vn -0.4454 0.8943 0.0439
vn -0.8292 0.4991 0.2516
vn -0.8292 0.4991 0.2515
vn -0.4283 0.8943 0.1299
vn -0.7642 0.4991 0.4085
vn -0.3947 0.8943 0.2110
vn -0.6698 0.4991 0.5497
vn -0.3459 0.8943 0.2839
vn -0.5497 0.4991 0.6699
vn -0.2839 0.8943 0.3459
vn -0.4085 0.4991 0.7642
vn -0.2110 0.8943 0.3947
vn -0.2515 0.4991 0.8292
vn -0.1299 0.8943 0.4282
vn -0.1299 0.8943 0.4283
vn -0.0849 0.4991 0.8624
vn -0.0439 0.8943 0.4454
vn 0.0849 0.4991 0.8624
vn 0.0439 0.8943 0.4454
vn 0.2515 0.4991 0.8292
vn 0.1299 0.8943 0.4282
vn 0.1299 0.8943 0.4283
vn 0.4085 0.4991 0.7642
vn 0.2110 0.8943 0.3947
vn 0.5497 0.4991 0.6699
vn 0.5497 0.4991 0.6698
vn 0.2839 0.8943 0.3459
vn 0.6698 0.4991 0.5497
vn 0.6699 0.4991 0.5497
vn 0.3459 0.8943 0.2839
vn 0.7642 0.4991 0.4085
vn 0.3947 0.8943 0.2110
vn 0.8292 0.4991 0.2515
vn 0.8292 0.4991 0.2516
vn 0.4282 0.8943 0.1299
vn 0.4283 0.8943 0.1299
vn 0.8624 0.4991 0.0849
vn 0.4454 0.8943 0.0439
vn 0.8624 0.4991 -0.0849
vn 0.4454 0.8943 -0.0439
vn 0.8292 0.4991 -0.2515
vn 0.4282 0.8943 -0.1299
vn 0.4283 0.8943 -0.1299
vn 0.7642 0.4991 -0.4085
vn 0.3947 0.8943 -0.2110
vn 0.6699 0.4991 -0.5497
vn 0.3459 0.8943 -0.2839
vn 0.5497 0.4991 -0.6698
vn 0.2839 0.8943 -0.3459
vn 0.2110 0.8943 -0.3947
vn 0.4653 -0.1601 -0.8705
vn 0.2865 -0.1601 -0.9446
vn 0.6262 -0.1601 -0.7630
vn 0.6335 -0.0524 -0.7720
vn 0.7720 -0.0524 -0.6335
vn 0.7630 -0.1601 -0.6262
vn 0.8807 -0.0524 -0.4708
vn 0.8705 -0.1601 -0.4653
vn 0.9556 -0.0524 -0.2899
vn 0.9446 -0.1601 -0.2865
vn 0.9938 -0.0524 -0.0979
vn 0.9823 -0.1601 -0.0967
vn 0.9938 -0.0524 0.0979
vn 0.9823 -0.1601 0.0967
vn 0.9556 -0.0524 0.2899
vn 0.9446 -0.1601 0.2865
vn 0.8807 -0.0524 0.4708
vn 0.8705 -0.1601 0.4653
vn 0.7720 -0.0524 0.6335
vn 0.7630 -0.1601 0.6262
vn 0.6335 -0.0524 0.7720
vn 0.6335 -0.0524 0.7719
vn 0.6262 -0.1601 0.7630
vn 0.4708 -0.0524 0.8807
vn 0.4707 -0.0524 0.8807
vn 0.4653 -0.1601 0.8705
vn 0.2899 -0.0524 0.9556
vn 0.2865 -0.1601 0.9446
vn 0.0979 -0.0524 0.9938
vn 0.0967 -0.1601 0.9823
vn -0.0979 -0.0524 0.9938
vn -0.0967 -0.1601 0.9823
vn -0.2899 -0.0524 0.9556
vn -0.2865 -0.1601 0.9446
vn -0.4708 -0.0524 0.8807
vn -0.4653 -0.1601 0.8705
vn -0.6335 -0.0524 0.7720
vn -0.6335 -0.0524 0.7719
vn -0.6262 -0.1601 0.7630
vn -0.7719 -0.0524 0.6335
vn -0.7720 -0.0524 0.6335
vn -0.7630 -0.1601 0.6262
vn -0.8807 -0.0524 0.4708
vn -0.8807 -0.0524 0.4707
vn -0.8705 -0.1601 0.4653
vn -0.9556 -0.0524 0.2899
vn -0.9446 -0.1601 0.2865
vn -0.9938 -0.0524 0.0979
vn -0.9823 -0.1601 0.0968
vn -0.9938 -0.0524 -0.0979
vn -0.9823 -0.1601 -0.0968
vn -0.9556 -0.0524 -0.2899
vn -0.9446 -0.1601 -0.2865
vn -0.8807 -0.0524 -0.4707
vn -0.8807 -0.0524 -0.4708
vn -0.8705 -0.1601 -0.4653
vn -0.7719 -0.0524 -0.6335
vn -0.7630 -0.1601 -0.6262
vn -0.6335 -0.0524 -0.7719
vn -0.6262 -0.1601 -0.7630
vn -0.4707 -0.0524 -0.8807
vn -0.4708 -0.0524 -0.8807
vn -0.4653 -0.1601 -0.8705
vn -0.2899 -0.0524 -0.9556
vn -0.2865 -0.1601 -0.9446
vn 0.1428 0.8706 0.4708
vn 0.1428 0.8706 0.4707
vn 0.2319 0.8706 0.4339
vn 0.3121 0.8706 0.3803
vn 0.3803 0.8706 0.3121
vn 0.4339 0.8706 0.2319
vn 0.4708 0.8706 0.1428
vn 0.4896 0.8706 0.0482
vn 0.4896 0.8706 -0.0482
vn 0.4708 0.8706 -0.1428
vn 0.4339 0.8706 -0.2319
vn 0.3803 0.8706 -0.3121
vn 0.3121 0.8706 -0.3803
vn 0.2319 0.8706 -0.4339
vn 0.1428 0.8706 -0.4708
vn 0.0482 0.8706 -0.4896
vn -0.0482 0.8706 -0.4896
vn -0.1428 0.8706 -0.4708
vn -0.2319 0.8706 -0.4338
vn -0.2319 0.8706 -0.4339
vn -0.3121 0.8706 -0.3803
vn -0.3803 0.8706 -0.3121
vn -0.4339 0.8706 -0.2319
vn -0.4708 0.8706 -0.1428
vn -0.4896 0.8706 -0.0482
vn -0.4896 0.8706 0.0482
vn -0.4708 0.8706 0.1428
vn -0.4339 0.8706 0.2319
vn -0.3803 0.8706 0.3121
vn -0.3121 0.8706 0.3803
vn 0.0578 0.9800 -0.1905
vn 0.0938 0.9800 -0.1755
vn 0.1151 0.9181 -0.3794
vn 0.1869 0.9181 -0.3496
vn 0.2515 0.9181 -0.3065
vn 0.2515 0.9181 -0.3064
vn 0.1263 0.9800 -0.1539
vn 0.3065 0.9181 -0.2515
vn 0.1539 0.9800 -0.1263
vn 0.3496 0.9181 -0.1869
vn 0.1755 0.9800 -0.0938
vn 0.3794 0.9181 -0.1151
vn 0.1905 0.9800 -0.0578
vn 0.3945 0.9181 -0.0389
vn 0.1981 0.9800 -0.0195
vn 0.3945 0.9181 0.0389
vn 0.1981 0.9800 0.0195
vn 0.3794 0.9181 0.1151
vn 0.1905 0.9800 0.0578
vn 0.3496 0.9181 0.1869
vn 0.1755 0.9800 0.0938
vn 0.3065 0.9181 0.2515
vn 0.1539 0.9800 0.1263
vn 0.2515 0.9181 0.3065
vn 0.1263 0.9800 0.1539
vn 0.1869 0.9181 0.3496
vn 0.0938 0.9800 0.1755
vn 0.1151 0.9181 0.3794
vn 0.0578 0.9800 0.1905
vn 0.0389 0.9181 0.3945
vn 0.0195 0.9800 0.1981
vn -0.0389 0.9181 0.3945
vn -0.0195 0.9800 0.1981
vn -0.1151 0.9181 0.3794
vn -0.0578 0.9800 0.1905
vn -0.1869 0.9181 0.3496
vn -0.0938 0.9800 0.1755
vn -0.2515 0.9181 0.3065
vn -0.1263 0.9800 0.1539
vn -0.3065 0.9181 0.2515
vn -0.1539 0.9800 0.1263
vn -0.3496 0.9181 0.1869
vn -0.1755 0.9800 0.0938
vn -0.3794 0.9181 0.1151
vn -0.1905 0.9800 0.0578
vn -0.3945 0.9181 0.0389
vn -0.1981 0.9800 0.0195
vn -0.3945 0.9181 -0.0389
vn -0.1981 0.9800 -0.0195
vn -0.3794 0.9181 -0.1151
vn -0.1905 0.9800 -0.0578
vn -0.3496 0.9181 -0.1869
vn -0.1755 0.9800 -0.0938
vn -0.3065 0.9181 -0.2515
vn -0.1539 0.9800 -0.1263
vn -0.2515 0.9181 -0.3065
vn -0.1263 0.9800 -0.1539
vn -0.1869 0.9181 -0.3496
vn -0.0938 0.9800 -0.1755
vn -0.1151 0.9181 -0.3794
vn -0.0578 0.9800 -0.1905
vn -0.3909 -0.5587 -0.7314
vn -0.2407 -0.5587 -0.7936
vn -0.2408 -0.5588 -0.7936
vn -0.5261 -0.5587 -0.6411
vn -0.6411 -0.5587 -0.5261
vn -0.7314 -0.5587 -0.3910
vn -0.7936 -0.5587 -0.2408
vn -0.8254 -0.5587 -0.0813
vn -0.8254 -0.5587 0.0813
vn -0.7936 -0.5587 0.2407
vn -0.7314 -0.5587 0.3910
vn -0.6411 -0.5587 0.5261
vn -0.5261 -0.5587 0.6411
vn -0.3910 -0.5587 0.7314
vn -0.3909 -0.5587 0.7314
vn -0.2407 -0.5587 0.7936
vn -0.0813 -0.5587 0.8254
vn 0.0813 -0.5587 0.8254
vn 0.2407 -0.5587 0.7936
vn 0.3910 -0.5587 0.7314
vn 0.5261 -0.5587 0.6411
vn 0.6411 -0.5587 0.5261
vn 0.7314 -0.5587 0.3910
vn 0.7936 -0.5587 0.2407
vn 0.8254 -0.5587 0.0813
vn 0.8254 -0.5587 -0.0813
vn 0.7936 -0.5587 -0.2407
vn 0.7314 -0.5587 -0.3910
vn 0.7314 -0.5587 -0.3909
vn 0.6411 -0.5587 -0.5261
vn 0.5261 -0.5587 -0.6411
vn 0.3909 -0.5587 -0.7314
vn 0.3910 -0.5587 -0.7314
vn 0.2408 -0.5587 -0.7936
vn -0.7486 0.5286 -0.4001
vn -0.8123 0.5286 -0.2464
vn -0.8448 0.5286 -0.0832
vn -0.8448 0.5286 0.0832
vn -0.8123 0.5286 0.2464
vn -0.7486 0.5286 0.4001
vn -0.6562 0.5286 0.5385
vn -0.5385 0.5286 0.6562
vn -0.4001 0.5286 0.7486
vn -0.2464 0.5286 0.8123
vn -0.0832 0.5286 0.8448
vn -0.0832 0.5287 0.8448
vn 0.0832 0.5286 0.8448
vn 0.2464 0.5286 0.8123
vn 0.4001 0.5286 0.7486
vn 0.4002 0.5286 0.7486
vn -0.5560 0.5490 0.6241
vn -0.5428 0.5294 0.6520
vn -0.5395 0.5246 0.6585
vn -0.5470 0.5530 0.6285
vn -0.5521 0.5582 0.6193
vn -0.5529 0.5589 0.6180
vn 0.7771 -0.4906 0.3943
vn 0.7925 -0.5844 0.1744
vn 0.7918 -0.5904 0.1566
vn 0.7252 -0.4617 0.5108
vn 0.7481 -0.5032 0.4326
vn 0.7488 -0.5048 0.4295
vn -0.0824 0.3714 0.9248
vn -0.0051 0.2099 0.9777
vn 0.0140 0.1689 0.9855
vn -0.2646 0.3680 0.8914
vn -0.3256 0.4183 0.8479
vn -0.3309 0.4226 0.8437
vn 0.7325 -0.4978 0.4644
vn 0.7173 -0.4683 0.5160
vn 0.7167 -0.4672 0.5177
vn -0.2417 0.3775 0.8939
vn -0.1416 0.3391 0.9300
vn -0.2552 0.3824 0.8881
vn 0.3232 0.0286 0.9459
vn 0.2905 0.0318 0.9563
vn 0.3309 0.0279 0.9433
vn 0.3198 -0.0297 0.9470
vn 0.3534 -0.0307 0.9350
vn 0.3063 -0.0293 0.9515
vn -0.1187 0.3241 0.9386
vn -0.0618 0.3077 0.9495
vn -0.1326 0.3279 0.9353
vn 0.3821 -0.0715 0.9213
vn 0.3875 -0.0693 0.9193
vn 0.3714 -0.0760 0.9254
vn 0.5026 -0.1452 0.8523
vn 0.5018 -0.1462 0.8525
vn 0.4993 -0.1493 0.8535
vn 0.4918 -0.1235 0.8619
vn 0.4946 -0.1216 0.8606
vn 0.4867 -0.1268 0.8643
vn 0.5618 -0.1227 0.8181
vn 0.5593 -0.1209 0.8201
vn 0.5560 -0.1185 0.8227
vn 0.5488 -0.1447 0.8233
vn 0.5494 -0.1456 0.8228
vn 0.5471 -0.1422 0.8249
vn 0.5039 -0.1166 0.8558
vn 0.5042 -0.1160 0.8557
vn 0.5045 -0.1155 0.8557
vn 0.5509 -0.1160 0.8265
vn 0.5507 -0.1154 0.8267
vn 0.5510 -0.1164 0.8263
vn 0.5048 -0.1902 0.8420
vn 0.5144 -0.2730 0.8129
vn 0.4999 -0.1570 0.8517
vn 0.5394 -0.1898 0.8204
vn 0.5104 -0.2730 0.8155
vn 0.4971 -0.3072 0.8115
vn 0.3966 -0.0845 0.9141
vn 0.3973 -0.0836 0.9139
vn 0.3987 -0.0817 0.9134
vn 0.3893 -0.2026 0.8986
vn 0.3963 -0.1860 0.8991
vn 0.4030 -0.1697 0.8993
vn -0.0534 0.1458 0.9879
vn -0.0568 0.1454 0.9877
vn -0.0508 0.1461 0.9880
vn -0.0830 -0.2558 0.9632
vn -0.0923 -0.2629 0.9604
vn -0.0575 -0.2362 0.9700
vn 0.8914 -0.1398 0.4312
vn 0.8900 -0.1408 0.4337
vn 0.8915 -0.1397 0.4310
vn 0.7981 -0.4461 0.4049
vn 0.8217 -0.4609 0.3352
vn 0.7968 -0.4453 0.4084
vn 0.8350 0.0194 0.5500
vn 0.8514 0.0403 0.5230
vn 0.8524 0.0417 0.5212
vn -0.0955 -0.5732 0.8138
vn -0.0887 -0.5754 0.8130
vn -0.0767 -0.5792 0.8115
vn 0.7544 0.0806 0.6515
vn 0.7722 0.1148 0.6250
vn 0.7734 0.1172 0.6230
vn -0.0786 -0.7199 0.6896
vn -0.0681 -0.7213 0.6893
vn -0.0510 -0.7234 0.6885
vn 0.3969 -0.3676 0.8410
vn 0.3928 -0.3638 0.8446
vn 0.4004 -0.3709 0.8379
vn 0.3999 -0.4212 0.8140
vn 0.3959 -0.4188 0.8172
vn 0.4037 -0.4234 0.8110
vn 0.5391 -0.2542 0.8030
vn 0.5257 -0.1468 0.8379
vn 0.5497 -0.2854 0.7851
vn 0.4941 -0.3536 0.7942
vn 0.4988 -0.3547 0.7908
vn 0.4939 -0.3533 0.7945
vn 0.4903 -0.2549 0.8334
vn 0.4702 -0.2864 0.8348
vn 0.5039 -0.3535 0.7881
vn 0.5042 -0.3531 0.7881
vn 0.5936 -0.3615 0.7190
vn 0.5887 -0.3654 0.7211
vn 0.5844 -0.3688 0.7228
vn 0.5686 -0.4168 0.7092
vn 0.5639 -0.4193 0.7115
vn 0.5596 -0.4216 0.7135
vn 0.7794 -0.5653 0.2701
vn 0.7831 -0.5629 0.2643
vn 0.7729 -0.5693 0.2802
vn 0.6616 -0.7128 0.2329
vn 0.6665 -0.7112 0.2237
vn 0.6535 -0.7152 0.2479
vn 0.1292 0.0109 0.9916
vn 0.0970 0.0313 0.9948
vn 0.1316 0.0093 0.9913
vn 0.2543 0.0746 0.9642
vn 0.2224 0.1080 0.9690
vn 0.2569 0.0718 0.9638
vn 0.4840 0.0996 0.8694
vn 0.4550 0.1968 0.8685
vn 0.4863 0.0908 0.8690
vn 0.2814 -0.9388 0.1986
vn 0.2885 -0.9406 0.1789
vn 0.2675 -0.9342 0.2361
vn 0.6950 0.0078 0.7189
vn 0.7264 0.1294 0.6750
vn 0.6931 0.0016 0.7208
vn -0.3100 -0.8771 0.3670
vn -0.3136 -0.8794 0.3583
vn -0.3081 -0.8757 0.3717
vn 0.3396 -0.6219 0.7057
vn 0.3759 -0.6092 0.6983
vn 0.3947 -0.6022 0.6939
vn 0.2707 -0.6822 0.6792
vn 0.3151 -0.6517 0.6900
vn 0.3273 -0.6428 0.6926
vn -0.2523 -0.9336 0.2545
vn -0.2694 -0.9425 0.1979
vn -0.2419 -0.9269 0.2871
vn 0.4935 -0.6496 0.5783
vn 0.5036 -0.6794 0.5336
vn 0.4904 -0.6410 0.5905
vn 0.3117 -0.9357 -0.1655
vn 0.3549 -0.9265 -0.1252
vn 0.3795 -0.9196 -0.1015
vn 0.4737 -0.6080 0.6372
vn 0.4964 -0.6199 0.6077
vn 0.4614 -0.6013 0.6523
vn 0.4742 -0.8701 -0.1342
vn 0.4805 -0.8677 -0.1272
vn 0.4839 -0.8664 -0.1233
vn 0.0503 -0.9435 0.3275
vn 0.0710 -0.9414 0.3297
vn 0.1106 -0.9362 0.3337
vn 0.3422 0.0036 0.9396
vn 0.2874 0.1241 0.9498
vn 0.2847 0.1296 0.9498
vn 0.5680 0.1005 0.8169
vn 0.5786 0.1985 0.7911
vn 0.5791 0.2058 0.7889
vn -0.2179 -0.9673 -0.1300
vn -0.2172 -0.9674 -0.1298
vn -0.2159 -0.9678 -0.1294
vn 0.3288 -0.8258 -0.4581
vn 0.3319 -0.8257 -0.4561
vn 0.3352 -0.8256 -0.4540
vn -0.3003 -0.9172 -0.2617
vn -0.3004 -0.9174 -0.2609
vn -0.3002 -0.9169 -0.2632
vn 0.2769 -0.7924 -0.5435
vn 0.2770 -0.7945 -0.5405
vn 0.2768 -0.7902 -0.5468
vn -0.3607 0.6616 -0.6575
vn -0.3041 0.7318 -0.6100
vn -0.3656 0.6549 -0.6614
vn -0.6005 0.5735 -0.5573
vn -0.5981 0.6592 -0.4557
vn -0.6003 0.5689 -0.5622
vn -0.5280 -0.5790 -0.6213
vn -0.5368 -0.5883 -0.6047
vn -0.5103 -0.5605 -0.6523
vn 0.0672 -0.6179 -0.7834
vn 0.0692 -0.6253 -0.7773
vn 0.0661 -0.6138 -0.7867
vn -0.4484 -0.0489 -0.8925
vn -0.4799 -0.0317 -0.8767
vn -0.4962 -0.0226 -0.8679
vn -0.4029 -0.1315 -0.9057
vn -0.4352 -0.0883 -0.8960
vn -0.4440 -0.0761 -0.8928
vn -0.0137 -0.7036 -0.7104
vn -0.0046 -0.7445 -0.6676
vn -0.0190 -0.6787 -0.7342
vn -0.6208 -0.7109 -0.3306
vn -0.5856 -0.7513 -0.3042
vn -0.5661 -0.7718 -0.2897
vn -0.6358 -0.1342 -0.7601
vn -0.6136 -0.0903 -0.7844
vn -0.6457 -0.1551 -0.7476
vn -0.5145 0.2578 -0.8178
vn -0.5193 0.2589 -0.8145
vn -0.5194 0.2593 -0.8142
vn -0.5094 0.2591 -0.8206
vn -0.5146 0.2571 -0.8180
vn -0.4752 0.4582 -0.7512
vn -0.4736 0.3579 -0.8048
vn -0.4635 0.3270 -0.8235
vn -0.5224 0.3573 -0.7743
vn -0.4627 0.5024 -0.7304
vn -0.4119 0.2463 -0.8773
vn -0.4171 0.2427 -0.8759
vn -0.4059 0.2505 -0.8789
vn -0.4333 0.1888 -0.8813
vn -0.4381 0.1865 -0.8794
vn -0.4272 0.1918 -0.8836
vn -0.0183 -0.0830 -0.9964
vn -0.0110 -0.0828 -0.9965
vn 0.0032 -0.0824 -0.9966
vn -0.0909 -0.2578 -0.9619
vn -0.0805 -0.2596 -0.9624
vn -0.0609 -0.2628 -0.9629
vn -0.6414 0.6162 -0.4571
vn -0.6502 0.6357 -0.4161
vn -0.6508 0.6370 -0.4132
vn -0.7443 0.5389 -0.3945
vn -0.7557 0.5468 -0.3604
vn -0.7564 0.5473 -0.3582
vn -0.4445 0.6606 -0.6050
vn -0.4276 0.7303 -0.5327
vn -0.4261 0.7353 -0.5270
vn -0.3178 -0.5766 -0.7527
vn -0.2989 -0.5855 -0.7535
vn -0.2409 -0.6111 -0.7540
vn -0.2477 0.5781 -0.7775
vn -0.1592 0.6641 -0.7305
vn -0.1551 0.6678 -0.7280
vn -0.7232 -0.6273 -0.2890
vn -0.7185 -0.6346 -0.2846
vn -0.7157 -0.6389 -0.2821
vn -0.6053 -0.0508 -0.7944
vn -0.5778 -0.0329 -0.8155
vn -0.6237 -0.0630 -0.7791
vn -0.3007 0.5968 -0.7439
vn -0.3079 0.5870 -0.7488
vn -0.3083 0.5864 -0.7491
vn -0.5964 -0.8027 0.0027
vn -0.5937 -0.8047 0.0040
vn -0.5906 -0.8069 0.0056
vn -0.5098 -0.8583 -0.0585
vn -0.5057 -0.8609 -0.0566
vn -0.5002 -0.8642 -0.0542
vn 0.1850 -0.8502 -0.4929
vn 0.1849 -0.8528 -0.4885
vn 0.1851 -0.8467 -0.4988
vn -0.5478 0.5942 -0.5889
vn -0.5482 0.5842 -0.5985
vn -0.5478 0.5948 -0.5884
vn 0.2235 -0.8761 -0.4271
vn 0.2280 -0.8762 -0.4245
vn 0.2340 -0.8763 -0.4211
vn -0.4667 -0.8844 0.0100
vn -0.4670 -0.8842 0.0048
vn -0.4663 -0.8845 0.0170
vn 0.4008 0.0203 0.9159
vn 0.4045 0.0084 0.9145
vn 0.4047 0.0077 0.9144
vn 0.6477 0.0234 0.7615
vn 0.6452 0.0115 0.7639
vn 0.6478 0.0241 0.7614
vn -0.5413 -0.8360 0.0900
vn -0.5417 -0.8361 0.0864
vn -0.5408 -0.8359 0.0940
vn -0.0885 -0.9147 -0.3943
vn -0.0878 -0.9149 -0.3940
vn -0.0864 -0.9152 -0.3936
vn -0.0053 -0.9650 -0.2622
vn -0.0053 -0.9648 -0.2630
vn -0.0055 -0.9654 -0.2608
vn 0.4671 -0.7656 -0.4423
vn 0.4672 -0.7634 -0.4461
vn 0.4671 -0.7680 -0.4382
vn 0.3499 -0.6948 -0.6284
vn 0.3537 -0.6948 -0.6262
vn 0.3580 -0.6949 -0.6237
vn 0.5336 -0.4902 -0.6892
vn 0.5360 -0.4900 -0.6874
vn 0.5384 -0.4898 -0.6857
vn 0.6696 -0.5724 -0.4733
vn 0.6694 -0.5706 -0.4757
vn 0.6698 -0.5741 -0.4709
vn 0.8882 -0.1569 -0.4319
vn 0.8869 -0.1523 -0.4362
vn 0.8896 -0.1618 -0.4271
vn 0.7352 -0.0644 -0.6748
vn 0.7395 -0.0632 -0.6702
vn 0.7438 -0.0621 -0.6655
vn -0.8547 0.3664 -0.3678
vn -0.8532 0.3664 -0.3712
vn -0.8548 0.3664 -0.3676
vn -0.8583 0.0767 -0.5074
vn -0.8905 0.0369 -0.4535
vn -0.8565 0.0787 -0.5101
vn 0.7441 0.5208 -0.4183
vn 0.7450 0.5200 -0.4177
vn 0.7436 0.5213 -0.4187
vn 0.0827 0.2539 -0.9637
vn 0.0892 0.2440 -0.9657
vn 0.0648 0.2807 -0.9576
vn 0.1748 0.6010 -0.7799
vn 0.1779 0.5996 -0.7803
vn 0.1723 0.6021 -0.7796
vn -0.3566 0.4033 -0.8427
vn -0.3584 0.4192 -0.8342
vn -0.3600 0.4346 -0.8256
vn -0.3276 0.5093 -0.7958
vn -0.3280 0.5102 -0.7951
vn -0.3288 0.5118 -0.7937
vn -0.5022 0.4185 -0.7568
vn -0.4995 0.3399 -0.7969
vn -0.4972 0.3063 -0.8118
vn -0.4440 0.4854 -0.7531
vn -0.4441 0.4860 -0.7527
vn -0.4442 0.4864 -0.7524
vn -0.5036 0.3399 -0.7943
vn -0.4676 0.4190 -0.7783
vn -0.5174 0.3060 -0.7991
vn -0.4906 0.4854 -0.7236
vn -0.4910 0.4848 -0.7237
vn -0.4903 0.4858 -0.7236
vn -0.4985 0.4586 -0.7357
vn -0.4977 0.4594 -0.7357
vn -0.5015 0.4557 -0.7354
vn -0.4515 0.4599 -0.7646
vn -0.4510 0.4591 -0.7654
vn -0.4494 0.4563 -0.7680
vn -0.5009 0.4802 -0.7200
vn -0.5040 0.4785 -0.7190
vn -0.5096 0.4753 -0.7172
vn -0.4340 0.4793 -0.7628
vn -0.4363 0.4809 -0.7605
vn -0.4299 0.4762 -0.7670
vn -0.2357 0.5477 -0.8028
vn -0.2689 0.5507 -0.7902
vn -0.2224 0.5464 -0.8075
vn -0.3094 0.5192 -0.7967
vn -0.3140 0.5215 -0.7934
vn -0.3001 0.5144 -0.8033
vn 0.4147 0.6862 -0.5976
vn 0.3109 0.7028 -0.6399
vn 0.4285 0.6832 -0.5912
vn 0.2853 0.7016 -0.6529
vn 0.2272 0.7106 -0.6659
vn 0.2995 0.6990 -0.6494
vn -0.8001 0.0262 -0.5993
vn -0.8304 -0.0224 -0.5568
vn -0.7988 0.0281 -0.6009
vn -0.8058 0.0458 -0.5904
vn -0.7790 0.0908 -0.6204
vn -0.7780 0.0923 -0.6214
vn -0.7848 0.0959 -0.6123
vn -0.8251 0.0296 -0.5643
vn -0.8265 0.0270 -0.5623
vn 0.5025 0.6715 -0.5446
vn 0.4336 0.6706 -0.6020
vn 0.4247 0.6701 -0.6088
vn -0.8520 0.0294 -0.5227
vn -0.9123 -0.1533 -0.3799
vn -0.9148 -0.1674 -0.3676
vn 0.1467 0.6621 -0.7350
vn 0.2634 0.7438 -0.6144
vn 0.2977 0.7638 -0.5727
vn -0.2216 0.5956 -0.7721
vn -0.1890 0.5937 -0.7822
vn -0.2294 0.5959 -0.7696
vn -0.3639 0.5455 -0.7550
vn -0.3842 0.5535 -0.7389
vn -0.3522 0.5407 -0.7639
vn -0.2662 0.6075 -0.7484
vn -0.2298 0.5833 -0.7791
vn -0.2849 0.6195 -0.7315
vn -0.5056 0.5521 -0.6629
vn -0.5288 0.5436 -0.6518
vn -0.5419 0.5385 -0.6453
vn -0.5667 0.6040 -0.5604
vn -0.6098 0.5788 -0.5415
vn -0.6377 0.5610 -0.5279
vn -0.0945 -0.2318 -0.9682
vn -0.0854 -0.2729 -0.9582
vn -0.0991 -0.2108 -0.9725
vn -0.8250 -0.2406 -0.5113
vn -0.8195 -0.2817 -0.4991
vn -0.8162 -0.3018 -0.4927
vn -0.0978 0.0383 -0.9945
vn 0.0602 -0.1417 -0.9881
vn -0.1100 0.0523 -0.9926
vn -0.7361 0.6518 -0.1827
vn -0.6801 0.7327 -0.0240
vn -0.7459 0.6283 -0.2208
vn -0.2091 0.1030 -0.9725
vn -0.1468 0.0376 -0.9885
vn -0.2117 0.1058 -0.9716
vn -0.7209 0.6572 0.2201
vn -0.7422 0.6568 0.1330
vn -0.7187 0.6570 0.2278
vn -0.1785 0.0530 -0.9825
vn -0.2187 0.0975 -0.9709
vn -0.1769 0.0512 -0.9829
vn -0.7232 0.6906 0.0068
vn -0.7303 0.6728 0.1183
vn -0.7305 0.6697 0.1335
vn -0.1889 0.0331 -0.9814
vn -0.1372 -0.0143 -0.9904
vn -0.1354 -0.0159 -0.9907
vn -0.7101 0.6996 -0.0797
vn -0.7237 0.6898 -0.0219
vn -0.7266 0.6870 -0.0076
vn -0.0818 0.0858 -0.9929
vn -0.0186 0.0471 -0.9987
vn -0.0158 0.0454 -0.9988
vn -0.7894 0.5883 -0.1754
vn -0.7877 0.5897 -0.1779
vn -0.7864 0.5909 -0.1800
vn 0.0365 0.3769 -0.9256
vn 0.0336 0.3768 -0.9257
vn 0.0334 0.3768 -0.9257
vn -0.9113 0.2322 -0.3399
vn -0.9069 0.2422 -0.3448
vn -0.8940 0.2695 -0.3580
vn -0.0384 0.5471 -0.8362
vn -0.0017 0.5558 -0.8313
vn -0.0411 0.5464 -0.8365
vn -0.8864 -0.0932 -0.4535
vn -0.8897 -0.0931 -0.4470
vn -0.8805 -0.0933 -0.4647
vn -0.1411 0.6217 -0.7704
vn -0.1006 0.6419 -0.7601
vn -0.1444 0.6200 -0.7712
vn -0.8206 -0.2664 -0.5056
vn -0.8256 -0.2683 -0.4964
vn -0.8124 -0.2632 -0.5203
vn -0.6059 0.1867 -0.7733
vn -0.6021 0.1845 -0.7768
vn -0.5985 0.1824 -0.7801
vn -0.6127 0.2439 -0.7517
vn -0.6090 0.2404 -0.7559
vn -0.6058 0.2372 -0.7594
vn -0.8448 -0.5063 0.1729
vn -0.8443 -0.5062 0.1758
vn -0.8453 -0.5065 0.1701
vn -0.7063 -0.7071 0.0322
vn -0.7060 -0.7072 0.0366
vn -0.7067 -0.7070 0.0274
vn -0.7109 -0.5868 0.3876
vn -0.7088 -0.5886 0.3888
vn -0.7069 -0.5902 0.3899
vn -0.5926 -0.7758 0.2167
vn -0.5891 -0.7780 0.2183
vn -0.5853 -0.7804 0.2201
vn -0.9273 -0.0839 0.3648
vn -0.9250 -0.0827 0.3707
vn -0.9297 -0.0851 0.3583
vn -0.7777 -0.1718 0.6047
vn -0.7742 -0.1764 0.6078
vn -0.7705 -0.1813 0.6111
vn -0.7103 0.5030 0.4924
vn -0.7104 0.5038 0.4914
vn -0.7105 0.5042 0.4908
vn -0.5896 0.4308 0.6832
vn -0.5906 0.4307 0.6824
vn -0.5891 0.4308 0.6837
vn -0.4846 0.6024 0.6343
vn -0.4753 0.6007 0.6429
vn -0.4871 0.6028 0.6320
vn -0.5690 0.6574 0.4940
vn -0.5660 0.6516 0.5051
vn -0.5652 0.6500 0.5080
vn -0.5202 0.5821 0.6250
vn -0.5079 0.5789 0.6379
vn -0.5223 0.5827 0.6227
vn -0.5876 0.6270 0.5114
vn -0.5821 0.6195 0.5267
vn -0.5810 0.6182 0.5294
vn -0.6005 0.5874 0.5426
vn -0.6070 0.5892 0.5333
vn -0.5996 0.5871 0.5438
vn 0.7207 -0.5166 0.4622
vn 0.7382 -0.5434 0.3997
vn 0.7200 -0.5156 0.4646
vn -0.6002 0.4164 -0.6829
vn -0.6084 0.4004 -0.6852
vn -0.5920 0.4319 -0.6804
vn -0.5799 0.5072 -0.6376
vn -0.5807 0.5063 -0.6375
vn -0.5783 0.5089 -0.6377
vn -0.5847 0.5183 -0.6241
vn -0.5897 0.5158 -0.6215
vn -0.5996 0.5109 -0.6161
vn -0.6020 0.5469 -0.5818
vn -0.6278 0.5431 -0.5576
vn -0.6378 0.5415 -0.5477
vn -0.6305 0.5885 -0.5061
vn -0.6072 0.5910 -0.5311
vn -0.6016 0.5915 -0.5369
vn -0.6314 0.5830 0.5113
vn -0.6092 0.5810 0.5397
vn -0.6366 0.5833 0.5044
vn -0.5347 0.7589 0.3716
vn -0.5308 0.7607 0.3736
vn -0.5717 0.7409 0.3524
vn -0.3259 0.6369 0.6987
vn -0.3267 0.6332 0.7016
vn -0.3347 0.5974 0.7287
vn 0.5552 0.7717 -0.3101
vn 0.5552 0.7735 -0.3057
vn 0.5546 0.7889 -0.2646
vn 0.7630 0.6460 0.0196
vn 0.7600 0.6497 0.0191
vn 0.7916 0.6105 0.0240
vn -0.0572 -0.7044 0.7075
vn -0.0773 -0.7302 0.6788
vn -0.0470 -0.6908 0.7215
vn 0.6731 -0.6957 0.2509
vn 0.6565 -0.7216 0.2198
vn 0.6479 -0.7339 0.2043
vn 0.6714 0.0408 0.7400
vn 0.7066 0.0173 0.7074
vn 0.7291 0.0014 0.6844
vn 0.3264 0.0128 0.9452
vn 0.3707 0.0373 0.9280
vn 0.2961 -0.0036 0.9552
vn 0.6100 -0.0433 0.7912
vn 0.5895 -0.0351 0.8070
vn 0.5821 -0.0322 0.8125
vn 0.4451 -0.0452 0.8943
vn 0.4682 -0.0365 0.8829
vn 0.4318 -0.0501 0.9006
vn 0.7086 0.0331 0.7048
vn 0.7321 0.0369 0.6802
vn 0.7360 0.0375 0.6760
vn 0.8777 0.2203 0.4255
vn 0.8612 0.3824 0.3348
vn 0.8771 0.1791 0.4457
vn 0.8978 0.4325 0.0830
vn 0.9109 0.3819 0.1561
vn 0.8963 0.4369 0.0764
vn 0.0229 -0.4994 0.8661
vn -0.1799 -0.5957 0.7828
vn 0.0388 -0.4907 0.8705
vn 0.1496 -0.4687 0.8706
vn 0.0698 -0.5112 0.8566
vn 0.1530 -0.4668 0.8710
vn 0.1051 -0.5053 0.8565
vn 0.1578 -0.4749 0.8658
vn 0.1030 -0.5065 0.8561
vn 0.9030 0.3909 0.1780
vn 0.8924 0.3513 0.2832
vn 0.8909 0.3476 0.2923
vn 0.1090 -0.5237 0.8449
vn 0.0453 -0.5517 0.8328
vn 0.0431 -0.5526 0.8323
vn 0.8903 0.3360 0.3074
vn 0.8755 0.3188 0.3632
vn 0.8721 0.3152 0.3742
vn 0.7120 -0.0251 0.7018
vn 0.6865 -0.0268 0.7266
vn 0.6789 -0.0273 0.7337
vn 0.6623 -0.0683 0.7461
vn 0.6581 -0.0662 0.7500
vn 0.6506 -0.0625 0.7568
vn 0.9091 0.1571 0.3859
vn 0.9104 0.1567 0.3829
vn 0.9114 0.1565 0.3807
vn 0.6497 -0.0815 0.7558
vn 0.6492 -0.0806 0.7564
vn 0.6507 -0.0832 0.7547
vn 0.9066 -0.2441 0.3443
vn 0.9083 -0.2511 0.3346
vn 0.9121 -0.2688 0.3097
vn 0.6410 -0.1996 0.7412
vn 0.6381 -0.1831 0.7479
vn 0.6433 -0.2143 0.7350
vn 0.0002 -0.1503 0.9886
vn 0.0031 -0.1513 0.9885
vn 0.0033 -0.1513 0.9885
vn 0.0214 -0.4555 0.8900
vn -0.0501 -0.4711 0.8806
vn -0.0533 -0.4718 0.8801
vn 0.8650 0.4477 -0.2263
vn 0.8647 0.4477 -0.2278
vn 0.8645 0.4476 -0.2285
vn 0.7722 0.6171 -0.1516
vn 0.7758 0.6153 -0.1394
vn 0.7766 0.6149 -0.1367
vn 0.6906 0.6663 -0.2811
vn 0.6819 0.6721 -0.2885
vn 0.6929 0.6648 -0.2791
vn 0.7178 0.6347 -0.2862
vn 0.7063 0.6422 -0.2979
vn 0.7198 0.6333 -0.2841
vn 0.7797 0.5973 -0.1878
vn 0.7860 0.5941 -0.1713
vn 0.7868 0.5936 -0.1692
vn 0.7891 0.5738 -0.2192
vn 0.7950 0.5687 -0.2108
vn 0.7883 0.5745 -0.2204
vn 0.7408 0.6030 -0.2960
vn 0.7352 0.6049 -0.3059
vn 0.7345 0.6051 -0.3071
vn 0.8146 0.5455 -0.1973
vn 0.7952 0.5647 -0.2207
vn 0.8190 0.5408 -0.1917
vn 0.7263 0.5988 -0.3375
vn 0.7421 0.5968 -0.3050
vn 0.7456 0.5963 -0.2977
vn -0.0851 -0.9334 0.3486
vn -0.0853 -0.9337 0.3478
vn -0.0855 -0.9337 0.3477
vn -0.5650 -0.4407 0.6975
vn -0.5647 -0.4406 0.6978
vn 0.6460 0.1044 0.7561
vn 0.6529 0.0989 0.7510
vn 0.6831 0.0737 0.7266
vn 0.4856 0.0977 0.8687
vn 0.2667 0.8097 0.5228
vn 0.2166 0.8727 0.4376
vn -0.2776 0.9606 0.0130
vn -0.2779 0.9605 0.0124
vn -0.2778 0.9606 0.0131
vn -0.5647 -0.4407 0.6978
vn -0.2778 0.9606 0.0128
vn -0.2777 0.9606 0.0136
vn 0.1686 -0.9803 0.1033
vn 0.1680 -0.9804 0.1026
vn 0.1687 -0.9802 0.1035
vn 0.1688 -0.9801 0.1040
vn -0.6769 -0.1291 0.7247
vn -0.6767 -0.1291 0.7248
vn -0.6777 -0.1293 0.7239
vn -0.6770 -0.1292 0.7245
vn -0.7095 0.0689 0.7014
vn -0.7094 0.0690 0.7015
vn -0.7095 0.0690 0.7013
vn -0.7091 0.0690 0.7018
vn -0.3225 0.9445 0.0621
vn -0.3221 0.9446 0.0636
vn -0.3221 0.9446 0.0626
vn -0.3220 0.9446 0.0639
vn -0.3227 0.9445 0.0620
vn 0.2368 -0.9711 0.0313
vn 0.2363 -0.9712 0.0320
vn 0.2362 -0.9712 0.0317
vn -0.4857 0.8348 0.2592
vn -0.4853 0.8348 0.2600
vn -0.4853 0.8349 0.2595
vn -0.4861 0.8347 0.2589
vn 0.1960 -0.9777 0.0753
vn 0.1954 -0.9779 0.0739
vn 0.1956 -0.9778 0.0746
vn 0.1956 -0.9778 0.0749
vn 0.1956 -0.9778 0.0753
vn -0.7135 0.2410 0.6579
vn -0.7134 0.2410 0.6580
vn -0.7136 0.2409 0.6578
vn -0.7136 0.2410 0.6578
vn -0.7137 0.2410 0.6577
vn -0.1625 0.9806 -0.1092
vn -0.1632 0.9804 -0.1101
vn -0.1622 0.9808 -0.1083
vn -0.1630 0.9806 -0.1090
vn -0.1627 0.9805 -0.1100
vn -0.3622 -0.7342 0.5742
vn -0.3631 -0.7348 0.5729
vn -0.3616 -0.7340 0.5749
vn -0.3618 -0.7345 0.5742
vn -0.3628 -0.7345 0.5735
vn -0.7034 0.3571 0.6146
vn -0.7034 0.3571 0.6145
vn -0.7029 0.3573 0.6151
vn -0.7027 0.3574 0.6152
vn 0.1470 0.9037 -0.4022
vn 0.1465 0.9034 -0.4031
vn 0.1474 0.9038 -0.4019
vn 0.1465 0.9035 -0.4027
vn 0.1470 0.9034 -0.4028
vn -0.5102 -0.5395 0.6699
vn -0.5103 -0.5397 0.6696
vn -0.5107 -0.5395 0.6694
vn -0.5102 -0.5397 0.6697
vn -0.6909 0.4279 0.5827
vn -0.6908 0.4279 0.5828
vn -0.6912 0.4279 0.5824
vn -0.6915 0.4278 0.5821
vn -0.6554 0.5562 0.5110
vn -0.6560 0.5561 0.5103
vn -0.6557 0.5561 0.5107
vn 0.3297 0.7674 -0.5499
vn 0.3296 0.7675 -0.5498
vn 0.3296 0.7674 -0.5500
vn 0.3299 0.7676 -0.5495
vn 0.3294 0.7675 -0.5500
vn -0.4536 -0.6244 0.6359
vn -0.4533 -0.6242 0.6364
vn -0.4540 -0.6245 0.6355
vn -0.4538 -0.6244 0.6358
vn -0.4530 -0.6242 0.6366
vn -0.6986 0.3874 0.6016
vn -0.6984 0.3877 0.6016
vn -0.6988 0.3874 0.6013
vn -0.6990 0.3873 0.6011
vn -0.6982 0.3872 0.6022
vn -0.6742 0.4974 0.5459
vn -0.6744 0.4975 0.5456
vn -0.6744 0.4976 0.5455
vn -0.6745 0.4973 0.5456
vn -0.6745 0.4974 0.5455
vn -0.6736 0.5002 0.5441
vn -0.6739 0.4974 0.5463
vn -0.6754 0.5001 0.5419
vn -0.6727 0.5032 0.5425
vn -0.6726 0.5031 0.5426
vn -0.6725 0.5032 0.5427
vn -0.1404 0.9812 -0.1322
vn -0.1408 0.9812 -0.1319
vn -0.1405 0.9813 -0.1318
vn -0.1413 0.9812 -0.1316
vn -0.1405 0.9812 -0.1322
vn 0.0169 -0.9672 0.2534
vn 0.0171 -0.9673 0.2532
vn 0.0172 -0.9671 0.2540
vn 0.0174 -0.9670 0.2542
vn -0.1465 0.9812 -0.1258
vn -0.1466 0.9812 -0.1257
vn -0.1466 0.9811 -0.1262
vn -0.1466 0.9812 -0.1258
vn -0.1467 0.9811 -0.1262
vn -0.1225 -0.9163 0.3812
vn -0.1225 -0.9166 0.3806
vn -0.1227 -0.9165 0.3807
vn -0.1228 -0.9163 0.3812
vn -0.1094 0.9804 -0.1637
vn -0.1090 0.9805 -0.1638
vn -0.1090 0.9804 -0.1639
vn -0.1092 0.9804 -0.1637
vn -0.0423 -0.9499 0.3097
vn -0.0421 -0.9503 0.3084
vn -0.0424 -0.9499 0.3098
vn -0.0421 -0.9499 0.3098
vn -0.0421 -0.9503 0.3085
vn -0.6479 0.5781 0.4960
vn -0.6471 0.5784 0.4968
vn -0.6475 0.5782 0.4964
vn -0.6476 0.5783 0.4962
vn -0.5026 0.8173 0.2818
vn -0.5023 0.8174 0.2822
vn -0.5025 0.8173 0.2820
vn 0.0852 0.9334 -0.3486
vn 0.0853 0.9335 -0.3482
vn 0.0853 0.9335 -0.3483
vn 0.0853 0.9338 -0.3475
vn 0.0853 0.9336 -0.3481
vn 0.0851 0.9334 -0.3485
vn 0.0855 0.9336 -0.3479
vn 0.0853 0.9336 -0.3480
vn 0.0851 0.9332 -0.3491
vn 0.6087 0.3440 -0.7150
vn 0.6089 0.3441 -0.7147
vn 0.6088 0.3441 -0.7148
vn 0.6089 0.3440 -0.7148
vn 0.6086 0.3439 -0.7151
vn 0.6758 0.1349 -0.7246
vn 0.6765 0.1350 -0.7240
vn 0.6755 0.1348 -0.7249
vn 0.6756 0.1348 -0.7248
vn 0.6760 0.1350 -0.7244
vn 0.6525 0.2207 -0.7249
vn 0.6522 0.2209 -0.7252
vn 0.6522 0.2209 -0.7251
vn 0.6525 0.2208 -0.7249
vn 0.6527 0.2209 -0.7247
vn 0.6721 0.1490 -0.7253
vn 0.6720 0.1491 -0.7254
vn 0.6719 0.1491 -0.7255
vn 0.6726 0.1492 -0.7248
vn 0.6723 0.1490 -0.7252
vn 0.1097 -0.9805 0.1631
vn 0.1096 -0.9806 0.1626
vn 0.1099 -0.9805 0.1632
vn 0.1095 -0.9804 0.1638
vn 0.1096 -0.9805 0.1630
vn 0.0048 0.9617 -0.2742
vn 0.0049 0.9615 -0.2748
vn 0.0053 0.9616 -0.2742
vn 0.0054 0.9617 -0.2740
vn 0.6712 0.1541 -0.7251
vn 0.6721 0.1493 -0.7253
vn 0.6683 0.1527 -0.7280
vn 0.6728 0.1495 -0.7246
vn 0.6742 0.1544 -0.7222
vn 0.6696 0.1589 -0.7255
vn 0.6697 0.1590 -0.7254
vn 0.6698 0.1587 -0.7254
vn 0.7090 -0.0645 -0.7023
vn 0.7086 -0.0646 -0.7026
vn 0.7087 -0.0646 -0.7025
vn 0.7088 -0.0646 -0.7025
vn 0.7093 -0.0644 -0.7020
vn 0.7147 -0.1750 -0.6771
vn 0.7144 -0.1752 -0.6775
vn 0.7151 -0.1750 -0.6768
vn 0.7144 -0.1751 -0.6775
vn 0.7147 -0.1751 -0.6771
vn -0.2228 -0.8560 0.4666
vn -0.2230 -0.8561 0.4662
vn -0.2230 -0.8560 0.4664
vn -0.2230 -0.8560 0.4663
vn -0.2221 -0.8557 0.4673
vn 0.3669 0.7292 -0.5776
vn 0.3676 0.7293 -0.5771
vn 0.3671 0.7294 -0.5773
vn 0.3672 0.7295 -0.5770
vn 0.3670 0.7291 -0.5777
vn -0.2209 -0.8570 0.4656
vn -0.2212 -0.8572 0.4650
vn -0.2211 -0.8572 0.4652
vn -0.2212 -0.8572 0.4651
vn 0.4881 0.5749 -0.6567
vn 0.4876 0.5745 -0.6574
vn 0.4883 0.5749 -0.6566
vn 0.4879 0.5746 -0.6571
vn 0.4880 0.5748 -0.6569
vn 0.6711 0.1550 -0.7250
vn 0.6713 0.1549 -0.7248
vn 0.6706 0.1548 -0.7254
vn 0.6705 0.1547 -0.7256
vn 0.6715 0.1551 -0.7246
vn 0.7107 -0.0839 -0.6985
vn 0.7104 -0.0839 -0.6988
vn 0.7111 -0.0838 -0.6981
vn 0.7103 -0.0840 -0.6989
vn 0.1385 -0.9812 0.1344
vn 0.1382 -0.9814 0.1334
vn 0.1383 -0.9812 0.1345
vn 0.1385 -0.9813 0.1337
vn 0.1385 -0.9812 0.1343
vn 0.0020 0.9623 -0.2721
vn 0.0023 0.9623 -0.2721
vn 0.0023 0.9622 -0.2722
vn 0.0026 0.9623 -0.2720
vn 0.0016 0.9622 -0.2725
vn 0.7142 -0.2281 -0.6617
vn 0.7139 -0.2282 -0.6620
vn 0.7145 -0.2280 -0.6614
vn 0.7147 -0.2279 -0.6612
vn 0.7139 -0.2282 -0.6621
vn 0.6051 -0.6719 -0.4272
vn 0.6053 -0.6720 -0.4267
vn 0.6053 -0.6719 -0.4267
vn 0.6053 -0.6719 -0.4268
vn 0.6920 0.0586 -0.7196
vn 0.6917 0.0585 -0.7198
vn 0.6901 -0.4323 -0.5804
vn 0.6901 -0.4323 -0.5805
vn 0.6905 -0.4322 -0.5800
vn 0.6903 -0.4321 -0.5803
vn 0.2281 -0.9728 0.0407
vn 0.2285 -0.9727 0.0412
vn 0.2279 -0.9729 0.0400
vn 0.2281 -0.9728 0.0400
vn 0.2283 -0.9727 0.0410
vn -0.1298 0.9811 -0.1432
vn -0.1290 0.9812 -0.1433
vn -0.1298 0.9811 -0.1433
vn -0.1295 0.9812 -0.1430
vn -0.1294 0.9812 -0.1434
vn 0.2547 -0.9670 0.0110
vn 0.2548 -0.9669 0.0116
vn 0.2548 -0.9669 0.0113
vn 0.2556 -0.9667 0.0130
vn 0.2546 -0.9670 0.0109
vn 0.2164 0.8605 -0.4612
vn 0.2166 0.8605 -0.4611
vn 0.2161 0.8608 -0.4608
vn 0.2167 0.8607 -0.4606
vn 0.2164 0.8604 -0.4614
vn 0.6782 -0.4836 -0.5533
vn 0.6781 -0.4835 -0.5535
vn 0.6775 -0.4836 -0.5541
vn 0.5522 -0.7569 -0.3494
vn 0.5523 -0.7568 -0.3496
vn 0.5523 -0.7569 -0.3495
vn 0.5525 -0.7568 -0.3493
vn 0.5519 -0.7570 -0.3498
vn -0.0396 -0.9510 0.3068
vn -0.0399 -0.9512 0.3061
vn -0.0397 -0.9509 0.3068
vn -0.0400 -0.9511 0.3061
vn -0.0395 -0.9510 0.3068
vn 0.1317 0.9116 -0.3893
vn 0.1311 0.9115 -0.3898
vn 0.1317 0.9116 -0.3894
vn 0.1324 0.9117 -0.3890
vn 0.5526 -0.7568 -0.3492
vn 0.5528 -0.7568 -0.3489
vn 0.5522 -0.7568 -0.3497
vn -0.0854 -0.9335 0.3482
vn -0.0853 -0.9336 0.3480
vn -0.0855 -0.9335 0.3482
vn -0.0856 -0.9335 0.3482
vn 0.7093 -0.3023 -0.6368
vn 0.7096 -0.3023 -0.6364
vn 0.7098 -0.3022 -0.6363
vn 0.7099 -0.3021 -0.6362
vn 0.7094 -0.3023 -0.6367
vn -0.0852 -0.9335 0.3482
vn -0.0851 -0.9336 0.3481
vn -0.0853 -0.9334 0.3484
vn -0.0856 -0.9334 0.3484
vn -0.0852 -0.9336 0.3481
vn -0.0855 -0.9336 0.3479
vn -0.0855 -0.9336 0.3480
vn -0.0852 -0.9335 0.3484
vn -0.7093 0.3023 0.6368
vn -0.7097 0.3022 0.6364
vn -0.7100 0.3021 0.6361
vn -0.7102 0.3020 0.6359
vn -0.7098 0.3022 0.6363
vn -0.7355 -0.2839 -0.6152
vn -0.7421 -0.2783 -0.6098
vn -0.7046 -0.3089 -0.6388
vn -0.8613 -0.3321 -0.3846
vn -0.8626 -0.3308 -0.3828
vn -0.8606 -0.3328 -0.3854
vn -0.8668 -0.1028 -0.4879
vn -0.8004 -0.4967 -0.3357
vn -0.8692 -0.1370 -0.4752
vn -0.8688 -0.1014 -0.4847
vn -0.7158 0.5390 -0.4439
vn -0.8521 -0.2709 -0.4477
vn -0.6519 0.6334 -0.4169
vn -0.4815 -0.4931 -0.7245
vn -0.4836 -0.4930 -0.7233
vn -0.4847 -0.4929 -0.7226
vn -0.4816 -0.3022 -0.8226
vn -0.5105 -0.6204 -0.5954
vn -0.4750 -0.2693 -0.8378
vn -0.6390 -0.3120 -0.7030
vn -0.6653 -0.3111 -0.6787
vn -0.6299 -0.4999 -0.5944
vn -0.5638 -0.6443 -0.5167
vn -0.5440 -0.6782 -0.4942
vn -0.5286 -0.2769 -0.8024
vn -0.5493 -0.5637 -0.6168
vn -0.5247 -0.2548 -0.8122
vn -0.5926 -0.3072 -0.7446
vn -0.6550 -0.2436 -0.7153
vn -0.6997 -0.1924 -0.6880
vn -0.5956 -0.2882 -0.7498
vn -0.5824 -0.2859 -0.7609
vn -0.5478 -0.2795 -0.7885
vn -0.5694 -0.2540 -0.7818
vn -0.5700 -0.2545 -0.7812
vn -0.5569 -0.2452 -0.7936
vn -0.8108 -0.1519 -0.5652
vn -0.8112 -0.1510 -0.5650
vn -0.8181 -0.1339 -0.5593
vn -0.7952 -0.4588 -0.3964
vn -0.8399 -0.1442 -0.5232
vn -0.8393 -0.1208 -0.5301
vn -0.7996 -0.1865 -0.5708
vn -0.7906 -0.1957 -0.5803
vn -0.8228 -0.1617 -0.5448
vn -0.5899 -0.6121 -0.5267
vn -0.7230 -0.5251 -0.4490
vn -0.7910 -0.4659 -0.3965
vn -0.7724 -0.1793 -0.6093
vn -0.7744 -0.1682 -0.6099
vn -0.7756 -0.1620 -0.6101
vn -0.8015 -0.1483 -0.5793
vn -0.8014 -0.1442 -0.5805
vn -0.8023 -0.1429 -0.5795
vn -0.7932 -0.0503 -0.6069
vn -0.8060 -0.0556 -0.5893
vn -0.7438 -0.0309 -0.6677
vn -0.8005 -0.1496 -0.5804
vn -0.7997 -0.1452 -0.5826
vn -0.5806 -0.2382 -0.7785
vn -0.5813 -0.2421 -0.7768
vn -0.5791 -0.2379 -0.7798
vn -0.5829 -0.2375 -0.7771
vn -0.5828 -0.2423 -0.7756
vn -0.6185 -0.2367 -0.7493
vn -0.6205 -0.2408 -0.7463
vn -0.6152 -0.2304 -0.7540
vn -0.6146 -0.2001 -0.7630
vn -0.6666 -0.1247 -0.7349
vn -0.6758 -0.1102 -0.7288
vn -0.5843 -0.2378 -0.7759
vn -0.5850 -0.2415 -0.7743
vn -0.5777 -0.2679 -0.7710
vn -0.4403 -0.6806 -0.5856
vn -0.5815 -0.2436 -0.7762
vn -0.5890 -0.2368 -0.7727
vn -0.5976 -0.3643 -0.7143
vn -0.5859 -0.2357 -0.7754
vn -0.4739 -0.3578 -0.8046
vn -0.4691 0.7387 -0.4840
vn -0.4611 0.7540 -0.4678
vn -0.7970 -0.2800 -0.5352
vn -0.7953 -0.1489 -0.5876
vn -0.7973 -0.1454 -0.5858
vn -0.7989 -0.1504 -0.5824
vn -0.7988 -0.1465 -0.5835
vn -0.8239 0.0897 -0.5596
vn -0.7976 -0.2233 -0.5604
vn -0.8232 0.1039 -0.5582
vn -0.5489 -0.6603 -0.5125
vn -0.8393 -0.2572 -0.4790
vn -0.8935 -0.0972 -0.4385
vn -0.7964 -0.2785 -0.5368
vn -0.7933 -0.1519 -0.5896
vn -0.4415 -0.7468 -0.4974
vn -0.7700 -0.3090 -0.5582
vn -0.7858 -0.2712 -0.5559
vn -0.7881 -0.1523 -0.5965
vn -0.7875 -0.1517 -0.5973
vn -0.7889 -0.1502 -0.5959
vn -0.7679 -0.1655 -0.6188
vn -0.7682 -0.1659 -0.6183
vn -0.7693 -0.1669 -0.6167
vn -0.5990 -0.2320 -0.7664
vn -0.5985 -0.2330 -0.7665
vn -0.5971 -0.2319 -0.7679
vn -0.5921 -0.2375 -0.7701
vn -0.5987 -0.3626 -0.7142
vn -0.6234 -0.2285 -0.7478
vn -0.6236 -0.2311 -0.7468
vn -0.6199 -0.2264 -0.7513
vn -0.3093 -0.6985 -0.6453
vn -0.1027 -0.9563 -0.2737
vn -0.3249 -0.6652 -0.6722
vn -0.6234 -0.1893 -0.7587
vn -0.6258 -0.2068 -0.7521
vn -0.5999 -0.2328 -0.7654
vn -0.6003 -0.2387 -0.7633
vn -0.6187 -0.1963 -0.7607
vn -0.6284 -0.2637 -0.7319
vn -0.6178 -0.1913 -0.7627
vn -0.6007 -0.2296 -0.7658
vn -0.5979 -0.1917 -0.7783
vn -0.5978 -0.1907 -0.7786
vn -0.5995 -0.2301 -0.7666
vn -0.5996 -0.2297 -0.7666
vn -0.6002 -0.2285 -0.7665
vn -0.6236 -0.2177 -0.7508
vn -0.6235 -0.2175 -0.7509
vn -0.6259 -0.2200 -0.7482
vn -0.7811 -0.1145 -0.6138
vn -0.7862 -0.1505 -0.5994
vn -0.7809 -0.1136 -0.6142
vn -0.7868 -0.1500 -0.5988
vn -0.7870 -0.1502 -0.5984
vn -0.7861 -0.1493 -0.5997
vn -0.7698 -0.3661 -0.5228
vn -0.7937 -0.1420 -0.5915
vn -0.7933 -0.0997 -0.6006
vn -0.7659 -0.1581 -0.6232
vn -0.7659 -0.1582 -0.6232
vn -0.7650 -0.1608 -0.6237
vn -0.7815 -0.0808 -0.6187
vn -0.7898 -0.1474 -0.5954
vn -0.7793 -0.0821 -0.6213
vn -0.6031 0.1428 -0.7848
vn -0.7592 -0.0977 -0.6435
vn -0.5978 0.1493 -0.7876
vn -0.7818 -0.0808 -0.6183
vn -0.7912 -0.1475 -0.5934
vn -0.8100 -0.3244 -0.4886
vn -0.7678 -0.1196 -0.6294
vn -0.7634 -0.1062 -0.6371
vn -0.5940 -0.2336 -0.7698
vn -0.5878 -0.1632 -0.7923
vn -0.5881 -0.1634 -0.7921
vn -0.5954 -0.2302 -0.7697
vn -0.5909 -0.1620 -0.7903
vn -0.5064 -0.2496 -0.8254
vn -0.3844 -0.8326 -0.3988
vn -0.5006 -0.1367 -0.8548
vn -0.5154 -0.0547 -0.8552
vn -0.5191 0.4778 -0.7087
vn -0.5136 0.5092 -0.6906
vn -0.6125 -0.2137 -0.7611
vn -0.6134 -0.2123 -0.7607
vn -0.6209 -0.2006 -0.7578
vn -0.5899 -0.2321 -0.7734
vn -0.5857 -0.2261 -0.7783
vn -0.5916 -0.2290 -0.7730
vn -0.5941 -0.2123 -0.7758
vn -0.5974 -0.1841 -0.7805
vn -0.5989 -0.1692 -0.7828
vn -0.5859 -0.2334 -0.7761
vn -0.5852 -0.2270 -0.7784
vn -0.5735 -0.2339 -0.7851
vn -0.5466 -0.0476 -0.8361
vn -0.5538 -0.0489 -0.8312
vn -0.3264 0.1326 -0.9359
vn -0.3099 0.1593 -0.9373
vn -0.3096 0.1597 -0.9373
vn -0.7964 -0.1371 -0.5890
vn -0.7970 -0.1435 -0.5867
vn -0.7958 -0.1364 -0.5900
vn -0.7721 0.0489 -0.6336
vn -0.8053 -0.1355 -0.5772
vn -0.7682 0.0433 -0.6387
vn -0.7731 -0.1341 -0.6199
vn -0.7749 -0.1350 -0.6175
vn -0.7670 -0.1308 -0.6282
vn -0.2833 0.4573 -0.8430
vn -0.6498 0.3929 -0.6507
vn -0.2009 0.4607 -0.8645
vn -0.7719 0.0533 -0.6335
vn -0.8088 -0.1361 -0.5722
vn -0.8216 -0.5648 0.0776
vn -0.9251 0.0510 -0.3764
vn -0.7856 0.3377 -0.5185
vn -0.8122 -0.1334 -0.5680
vn -0.8127 -0.1366 -0.5664
vn -0.8120 -0.1321 -0.5686
vn -0.7832 -0.1421 -0.6053
vn -0.7856 -0.1477 -0.6009
vn -0.7857 -0.1480 -0.6007
vn -0.5625 -0.2411 -0.7908
vn -0.5635 -0.2369 -0.7914
vn -0.5642 -0.2340 -0.7918
vn -0.5669 -0.2337 -0.7899
vn -0.5438 -0.0435 -0.8381
vn -0.5214 -0.1919 -0.8315
vn -0.3650 0.2181 -0.9051
vn -0.3228 0.2993 -0.8979
vn -0.4861 -0.1016 -0.8680
vn -0.6756 -0.7009 -0.2287
vn -0.3273 0.1326 -0.9356
vn -0.5584 -0.2425 -0.7933
vn -0.5417 -0.1629 -0.8246
vn -0.5413 -0.1611 -0.8253
vn -0.5325 -0.2340 -0.8134
vn -0.7321 -0.4311 -0.5274
vn -0.4165 -0.1343 -0.8991
vn -0.6024 -0.2192 -0.7675
vn -0.6022 -0.2196 -0.7676
vn -0.6056 -0.2130 -0.7667
vn -0.5562 -0.2432 -0.7946
vn -0.5536 -0.2425 -0.7967
vn -0.5576 -0.2402 -0.7946
vn -0.8178 -0.1265 -0.5614
vn -0.8176 -0.1308 -0.5607
vn -0.8161 -0.1286 -0.5635
vn -0.8239 -0.0267 -0.5661
vn -0.8152 -0.1340 -0.5635
vn -0.8239 -0.0248 -0.5661
vn -0.7892 -0.1333 -0.5995
vn -0.7884 -0.1367 -0.5998
vn -0.7859 -0.1472 -0.6005
vn -0.7760 -0.1302 -0.6171
vn -0.7672 -0.1115 -0.6316
vn -0.7666 -0.1101 -0.6326
vn -0.7965 -0.1208 -0.5924
vn -0.8000 -0.1271 -0.5864
vn -0.7931 -0.1147 -0.5983
vn -0.8199 -0.1252 -0.5586
vn -0.8202 -0.1301 -0.5571
vn -0.6424 0.5734 -0.5084
vn -0.9206 0.3097 -0.2377
vn -0.5655 0.6132 -0.5515
vn -0.8224 -0.1619 -0.5454
vn -0.8206 -0.1835 -0.5412
vn -0.8205 -0.1842 -0.5411
vn -0.5514 -0.2435 -0.7979
vn -0.5552 -0.2466 -0.7943
vn -0.5434 -0.1901 -0.8177
vn -0.5482 -0.1116 -0.8289
vn -0.5483 -0.1087 -0.8292
vn -0.5848 -0.2151 -0.7821
vn -0.5848 -0.2152 -0.7821
vn -0.5947 -0.1999 -0.7787
vn -0.5621 -0.1192 -0.8185
vn -0.5629 -0.1580 -0.8113
vn -0.5630 -0.1600 -0.8109
vn -0.5389 -0.2666 -0.7991
vn -0.5385 -0.2520 -0.8041
vn -0.5389 -0.2675 -0.7988
vn -0.5570 -0.2328 -0.7973
vn -0.5659 -0.1684 -0.8071
vn -0.5666 -0.1629 -0.8077
vn -0.5190 -0.2402 -0.8203
vn -0.5289 0.0157 -0.8485
vn -0.5287 0.0235 -0.8485
vn -0.6676 -0.2647 -0.6959
vn -0.5579 -0.4544 -0.6944
vn -0.5123 -0.5169 -0.6858
vn -0.7526 0.2799 -0.5961
vn -0.8329 -0.1132 -0.5417
vn -0.7492 0.2887 -0.5962
vn -0.8231 -0.1407 -0.5502
vn -0.8215 -0.1176 -0.5579
vn -0.8232 -0.1427 -0.5495
vn -0.4268 0.8139 -0.3943
vn -0.6650 0.5940 -0.4526
vn -0.4144 0.8221 -0.3905
vn -0.5889 -0.7985 -0.1245
vn -0.9144 -0.4023 -0.0452
vn -0.9978 0.0541 0.0379
vn -0.7465 0.3399 -0.5721
vn -0.8467 -0.1017 -0.5223
vn -0.7417 0.3507 -0.5718
vn -0.6612 -0.6563 -0.3634
vn -0.8273 0.2112 -0.5206
vn -0.6833 0.5708 -0.4553
vn -0.8445 0.0039 -0.5355
vn -0.8576 -0.0841 -0.5074
vn -0.8429 0.0122 -0.5380
vn -0.6316 0.6524 -0.4189
vn -0.7798 0.5530 -0.2933
vn -0.4744 0.7147 -0.5139
vn -0.4883 -0.2688 -0.8303
vn -0.4813 -0.1919 -0.8553
vn -0.4888 -0.2772 -0.8272
vn -0.4934 -0.2436 -0.8350
vn -0.5105 0.0330 -0.8593
vn -0.5103 0.0427 -0.8589
vn -0.5776 -0.1851 -0.7950
vn -0.5800 -0.1676 -0.7972
vn -0.5802 -0.1660 -0.7974
vn -0.6251 0.0140 -0.7804
vn -0.5480 0.1646 -0.8201
vn -0.7001 -0.1933 -0.6874
vn -0.4670 -0.2252 -0.8551
vn -0.4794 -0.1356 -0.8671
vn -0.4803 -0.1274 -0.8678
vn -0.5771 -0.1555 -0.8017
vn -0.5777 -0.1525 -0.8018
vn -0.5778 -0.1523 -0.8019
vn -0.5463 -0.2169 -0.8090
vn -0.5567 -0.1998 -0.8063
vn -0.5760 -0.1673 -0.8002
vn -0.4587 -0.2709 -0.8463
vn -0.4589 -0.2711 -0.8461
vn -0.4639 -0.2749 -0.8422
vn -0.8750 -0.0859 -0.4765
vn -0.8738 -0.0849 -0.4788
vn -0.8692 -0.0811 -0.4878
vn -0.8567 -0.0199 -0.5154
vn -0.8686 -0.1256 -0.4793
vn -0.8553 -0.0111 -0.5181
vn -0.8199 -0.0991 -0.5639
vn -0.8136 -0.0961 -0.5734
vn -0.8006 -0.0902 -0.5923
vn -0.6881 -0.6105 -0.3922
vn -0.9272 -0.2115 -0.3090
vn -0.9466 0.2941 -0.1324
vn -0.8017 0.0315 -0.5969
vn -0.8099 0.0394 -0.5852
vn -0.8111 0.0405 -0.5835
vn -0.8423 0.0999 -0.5296
vn -0.8438 0.1001 -0.5272
vn -0.8442 0.1002 -0.5266
vn -0.4273 -0.0773 -0.9008
vn -0.4297 -0.0759 -0.8998
vn -0.4267 -0.0776 -0.9010
vn -0.5061 -0.0901 -0.8578
vn -0.5200 -0.0885 -0.8496
vn -0.5041 -0.0903 -0.8589
vn -0.7674 -0.1522 -0.6229
vn -0.7668 -0.1548 -0.6230
vn -0.7659 -0.1587 -0.6231
vn -0.7940 -0.1451 -0.5903
vn -0.7923 -0.1435 -0.5930
vn -0.7226 0.1083 -0.6827
vn -0.7920 -0.1436 -0.5933
vn -0.7150 0.1274 -0.6874
vn -0.7879 -0.1589 -0.5950
vn -0.7870 -0.1531 -0.5977
vn -0.4786 -0.2681 -0.8361
vn -0.4788 -0.2681 -0.8360
vn 0.4786 0.2681 0.8361
vn 0.4788 0.2681 0.8360
vn 0.8669 0.1027 0.4877
vn 0.8668 0.1028 0.4879
vn 0.4391 0.0280 0.8980
vn 0.4411 0.0270 0.8971
vn 0.4420 0.0265 0.8966
vn 0.8188 -0.1339 0.5582
vn 0.8201 -0.1343 0.5562
vn 0.8181 -0.1337 0.5592
vn 0.4754 0.2337 0.8481
vn 0.4398 -0.1550 0.8846
vn 0.4750 0.2691 0.8378
vn 0.7295 -0.2784 0.6248
vn 0.8631 0.0687 0.5004
vn 0.8690 0.1014 0.4844
vn 0.7230 0.0716 0.6872
vn 0.7472 0.0701 0.6609
vn 0.6591 -0.3071 0.6865
vn 0.6934 -0.1354 0.7077
vn 0.6470 -0.3496 0.6776
vn 0.7342 -0.2098 0.6458
vn 0.8356 0.0989 0.5403
vn 0.8392 0.1208 0.5302
vn 0.7407 0.1402 0.6571
vn 0.7871 0.0724 0.6126
vn 0.6998 0.1923 0.6879
vn 0.7971 0.0944 0.5965
vn 0.7867 0.0929 0.6103
vn 0.8227 0.0983 0.5599
vn 0.8084 0.1255 0.5750
vn 0.8089 0.1259 0.5743
vn 0.8181 0.1339 0.5593
vn 0.5671 0.2289 0.7912
vn 0.5676 0.2281 0.7911
vn 0.5568 0.2451 0.7936
vn 0.5246 0.2315 0.8192
vn 0.4884 -0.1049 0.8663
vn 0.5249 0.2549 0.8121
vn 0.5944 0.1860 0.7824
vn 0.5826 0.1945 0.7892
vn 0.5504 0.2168 0.8063
vn 0.5582 -0.1718 0.8117
vn 0.6593 -0.2676 0.7027
vn 0.4903 -0.1125 0.8643
vn 0.6158 0.2150 0.7580
vn 0.6183 0.2041 0.7590
vn 0.6143 0.2211 0.7574
vn 0.5805 0.2367 0.7791
vn 0.5804 0.2326 0.7804
vn 0.5792 0.2380 0.7797
vn 0.5649 0.3223 0.7596
vn 0.5807 0.3285 0.7449
vn 0.6351 0.3493 0.6890
vn 0.5827 0.2360 0.7776
vn 0.5818 0.2314 0.7797
vn 0.8006 0.1388 0.5829
vn 0.8012 0.1427 0.5811
vn 0.8024 0.1429 0.5795
vn 0.7995 0.1387 0.5844
vn 0.7995 0.1436 0.5832
vn 0.7700 0.1425 0.6219
vn 0.7719 0.1466 0.6187
vn 0.7747 0.1528 0.6136
vn 0.7268 0.2593 0.6360
vn 0.7753 0.1829 0.6046
vn 0.7168 0.2736 0.6413
vn 0.7979 0.1397 0.5864
vn 0.7985 0.1435 0.5847
vn 0.7381 -0.3551 0.5736
vn 0.8020 0.1125 0.5866
vn 0.8004 0.1374 0.5836
vn 0.7728 0.0130 0.6345
vn 0.7954 0.1481 0.5877
vn 0.7974 0.1454 0.5856
vn 0.2562 0.9389 0.2299
vn 0.8608 0.0097 0.5088
vn 0.2366 0.9466 0.2190
vn 0.5887 0.2324 0.7742
vn 0.5735 0.0976 0.8133
vn 0.5858 0.2356 0.7755
vn 0.5840 0.2348 0.7770
vn 0.5840 0.2308 0.7783
vn 0.5825 0.1571 0.7975
vn 0.4965 0.4539 0.7399
vn 0.4914 0.4665 0.7355
vn 0.5125 0.1155 0.8509
vn 0.6598 -0.3270 0.6765
vn 0.4291 0.2674 0.8628
vn 0.5916 0.2296 0.7728
vn 0.5746 0.0997 0.8123
vn 0.6040 0.0697 0.7940
vn 0.6707 -0.4402 0.5970
vn 0.5911 0.1084 0.7992
vn 0.5989 0.2306 0.7669
vn 0.5982 0.2299 0.7676
vn 0.5971 0.2319 0.7679
vn 0.6234 0.2178 0.7509
vn 0.6238 0.2181 0.7505
vn 0.6221 0.2166 0.7524
vn 0.7878 0.1492 0.5976
vn 0.7874 0.1503 0.5978
vn 0.7889 0.1502 0.5959
vn 0.7726 0.0156 0.6347
vn 0.7924 0.1439 0.5927
vn 0.7678 0.1525 0.6223
vn 0.7678 0.1552 0.6216
vn 0.7710 0.1570 0.6172
vn 0.5196 -0.7846 0.3382
vn 0.8031 -0.3917 0.4491
vn 0.8197 -0.3494 0.4539
vn 0.7680 0.1946 0.6102
vn 0.7659 0.1772 0.6181
vn 0.7862 0.1436 0.6010
vn 0.7867 0.1496 0.5990
vn 0.7620 0.1195 0.6364
vn 0.7721 0.1868 0.6074
vn 0.7727 0.1917 0.6051
vn 0.7880 0.1901 0.5856
vn 0.7863 0.1526 0.5987
vn 0.7880 0.1911 0.5852
vn 0.7870 0.1526 0.5978
vn 0.7871 0.1522 0.5977
vn 0.7866 0.1539 0.5980
vn 0.7682 0.1661 0.6183
vn 0.7680 0.1660 0.6185
vn 0.7661 0.1638 0.6214
vn 0.6005 0.2317 0.7653
vn 0.6051 0.2681 0.7496
vn 0.6052 0.2690 0.7492
vn 0.5997 0.2321 0.7659
vn 0.5999 0.2323 0.7656
vn 0.6007 0.2331 0.7648
vn 0.5903 0.2400 0.7706
vn 0.5854 0.0076 0.8107
vn 0.5877 0.2815 0.7585
vn 0.6261 0.2256 0.7464
vn 0.6260 0.2257 0.7464
vn 0.6272 0.2230 0.7462
vn 0.5960 0.2350 0.7678
vn 0.6007 0.3003 0.7409
vn 0.6035 0.2989 0.7392
vn 0.6296 0.2853 0.7226
vn 0.7039 0.5031 0.5014
vn 0.7050 0.5085 0.4944
vn 0.5946 0.2359 0.7686
vn 0.6002 0.3003 0.7413
vn 0.6217 0.2634 0.7377
vn 0.5400 0.0475 0.8403
vn 0.6256 0.2766 0.7295
vn 0.7942 0.2176 0.5674
vn 0.7915 0.1502 0.5925
vn 0.7939 0.2178 0.5677
vn 0.7902 0.1522 0.5937
vn 0.7917 0.2189 0.5703
vn 0.6002 -0.5609 0.5701
vn 0.8510 0.1246 0.5102
vn 0.8491 0.2352 0.4730
vn 0.5421 0.7704 0.3357
vn 0.8270 0.3151 0.4656
vn 0.5164 0.7931 0.3230
vn 0.7764 0.1709 0.6067
vn 0.7771 0.1694 0.6061
vn 0.7702 0.1829 0.6110
vn 0.7976 0.1553 0.5829
vn 0.7944 0.1496 0.5887
vn 0.7932 0.1528 0.5895
vn 0.7882 0.1977 0.5828
vn 0.7913 0.1696 0.5874
vn 0.7863 0.2124 0.5801
vn 0.7980 0.1542 0.5826
vn 0.7974 0.1480 0.5850
vn 0.8060 0.3257 0.4943
vn 0.8066 0.1458 0.5728
vn 0.8015 0.3254 0.5017
vn 0.8528 0.4796 0.2068
vn 0.8577 0.4604 0.2287
vn 0.8527 0.4799 0.2064
vn 0.5863 0.2379 0.7744
vn 0.5868 0.2441 0.7721
vn 0.5876 0.2451 0.7711
vn 0.5745 0.2447 0.7810
vn 0.5803 0.4219 0.6966
vn 0.5867 0.4171 0.6941
vn 0.6141 0.2479 0.7493
vn 0.6163 0.2489 0.7472
vn 0.6236 0.2525 0.7399
vn 0.5065 0.7119 0.4865
vn 0.6821 0.7235 0.1067
vn 0.7036 0.7101 0.0255
vn 0.5737 0.2399 0.7832
vn 0.5789 0.4259 0.6954
vn 0.3288 0.3970 0.8569
vn 0.0597 -0.3219 0.9449
vn 0.3912 0.6623 0.6391
vn 0.5646 0.2432 0.7887
vn 0.5652 0.2463 0.7873
vn 0.5655 0.2476 0.7867
vn 0.6014 0.2345 0.7637
vn 0.6039 0.2401 0.7600
vn 0.6013 0.2343 0.7639
vn 0.8136 0.1428 0.5636
vn 0.8142 0.1385 0.5638
vn 0.8132 0.1457 0.5635
vn 0.8068 0.3286 0.4909
vn 0.8095 0.1419 0.5697
vn 0.8046 0.5407 0.2455
vn 0.8410 0.1837 0.5089
vn 0.7766 0.6026 0.1836
vn 0.3946 -0.4060 0.8243
vn 0.8521 0.2666 0.4504
vn 0.8578 0.4584 0.2324
vn 0.8262 0.2152 0.5206
vn 0.8169 0.1362 0.5604
vn 0.8264 0.2170 0.5197
vn 0.6083 -0.0616 0.7913
vn 0.8351 0.1435 0.5310
vn 0.8931 0.2274 0.3881
vn 0.7851 0.1629 0.5975
vn 0.7850 0.1632 0.5976
vn 0.7825 0.1697 0.5991
vn 0.8204 0.1363 0.5552
vn 0.8186 0.1357 0.5581
vn 0.8177 0.1389 0.5586
vn 0.5574 0.2482 0.7923
vn 0.5569 0.2524 0.7913
vn 0.5595 0.2506 0.7900
vn 0.5611 0.2448 0.7907
vn 0.5344 0.3477 0.7704
vn 0.5339 0.3495 0.7699
vn 0.5972 0.2453 0.7636
vn 0.5961 0.2486 0.7635
vn 0.6009 0.2351 0.7640
vn 0.6217 0.2711 0.7348
vn 0.6125 0.2525 0.7490
vn 0.6224 0.2725 0.7338
vn 0.5816 0.2538 0.7729
vn 0.5857 0.2603 0.7676
vn 0.5898 0.2666 0.7623
vn 0.5537 0.2487 0.7947
vn 0.5538 0.2535 0.7931
vn 0.1255 0.5977 0.7918
vn 0.3211 0.8389 0.4395
vn 0.3535 0.8664 0.3526
vn 0.5530 0.1952 0.8100
vn 0.5509 0.2163 0.8061
vn 0.5531 0.1945 0.8101
vn 0.8219 0.1351 0.5533
vn 0.8193 0.1323 0.5580
vn 0.8163 0.2648 0.5134
vn 0.8267 0.1876 0.5304
vn 0.8158 0.2676 0.5127
vn 0.7984 0.1661 0.5788
vn 0.7983 0.1662 0.5788
vn 0.7907 0.1820 0.5845
vn 0.8114 0.2207 0.5412
vn 0.8080 0.2579 0.5298
vn 0.8116 0.2188 0.5417
vn 0.8304 0.1255 0.5428
vn 0.8296 0.1110 0.5472
vn 0.8295 0.1101 0.5475
vn 0.8102 0.2111 0.5469
vn 0.8183 0.1467 0.5557
vn 0.8093 0.2165 0.5460
vn 0.8013 0.3822 0.4603
vn 0.8432 0.1355 0.5202
vn 0.7992 0.3894 0.4580
vn 0.7791 -0.0857 0.6210
vn 0.7271 0.1197 0.6760
vn 0.7886 -0.1580 0.5942
vn 0.5343 0.2634 0.8032
vn 0.4821 0.6196 0.6194
vn 0.4799 0.6269 0.6138
vn 0.5512 0.2602 0.7928
vn 0.5500 0.2372 0.8008
vn 0.5498 0.2353 0.8014
vn 0.2613 0.8491 0.4592
vn 0.1510 0.9731 0.1742
vn 0.1454 0.9763 0.1602
vn 0.1323 -0.1134 0.9847
vn 0.3228 -0.5476 0.7719
vn -0.0726 0.3096 0.9481
vn 0.5118 0.2729 0.8146
vn 0.4429 0.6677 0.5983
vn 0.4398 0.6763 0.5909
vn 0.4265 0.5565 0.7130
vn 0.5126 -0.3325 0.7916
vn 0.2698 0.8333 0.4825
vn 0.4925 0.2880 0.8213
vn 0.4965 0.3736 0.7835
vn 0.4967 0.3816 0.7796
vn 0.1162 0.8000 0.5886
vn 0.2136 0.8855 0.4128
vn 0.2916 0.9260 0.2398
vn 0.8648 0.1792 0.4690
vn 0.8612 0.1030 0.4976
vn 0.8605 0.0945 0.5006
vn 0.8072 0.3963 0.4375
vn 0.8591 0.1289 0.4953
vn 0.8042 0.4052 0.4348
vn 0.8002 0.2130 0.5606
vn 0.8028 0.1955 0.5633
vn 0.8000 0.2145 0.5604
vn 0.7333 0.5178 0.4407
vn 0.7341 0.3892 0.5564
vn 0.6994 0.1936 0.6880
vn 0.8610 0.2334 0.4518
vn 0.8737 0.1445 0.4645
vn 0.8595 0.2414 0.4505
vn 0.8005 0.2275 0.5545
vn 0.8015 0.2240 0.5545
vn 0.8004 0.2277 0.5545
vn 0.8181 0.1791 0.5464
vn 0.8256 0.1614 0.5407
vn 0.8031 0.2127 0.5566
vn 0.8778 0.0974 0.4691
vn 0.8779 0.0976 0.4688
vn 0.8748 0.0941 0.4752
vn 0.4649 0.2841 0.8385
vn 0.4630 0.2830 0.8400
vn 0.4727 0.2888 0.8326
vn 0.4766 0.2453 0.8442
vn 0.4831 0.3495 0.8028
vn 0.4833 0.3580 0.7989
vn 0.5604 0.2826 0.7785
vn 0.5520 0.2791 0.7858
vn 0.5773 0.2896 0.7634
vn 0.3347 0.1365 0.9324
vn 0.5276 -0.2753 0.8037
vn 0.0277 0.5629 0.8260
vn 0.5353 0.4102 0.7384
vn 0.5488 0.4038 0.7319
vn 0.5333 0.4111 0.7393
vn 0.4622 0.4603 0.7579
vn 0.4646 0.4602 0.7565
vn 0.4617 0.4603 0.7583
vn 0.8774 0.2844 0.3863
vn 0.8788 0.2828 0.3843
vn 0.8792 0.2824 0.3838
vn 0.8305 0.2838 0.4793
vn 0.8391 0.2808 0.4658
vn 0.8403 0.2803 0.4639
vn 0.6249 0.2289 0.7464
vn 0.6241 0.2314 0.7462
vn 0.6262 0.2251 0.7465
vn 0.5903 0.2365 0.7717
vn 0.5925 0.2383 0.7695
vn 0.5929 0.2379 0.7693
vn 0.6125 0.4760 0.6311
vn 0.6121 0.4929 0.6184
vn 0.5997 0.2293 0.7667
vn 0.5988 0.2232 0.7692
vn -0.1459 0.9755 -0.1644
vn -0.4939 -0.8538 -0.1644
vn -0.0344 0.8512 0.5238
vn 0.7659 -0.5176 -0.3816
vn 0.6440 -0.5807 -0.4981
vn 0.6696 -0.5710 -0.4750
vn 0.7628 -0.5391 -0.3570
vn 0.7440 -0.5450 -0.3866
vn 0.7663 -0.5647 -0.3064
vn 0.6044 -0.6213 -0.4986
vn 0.4230 0.3349 0.8420
vn 0.4813 0.3091 0.8202
vn 0.9170 -0.2283 0.3272
vn 0.9491 -0.2467 0.1958
vn 0.4718 0.2866 0.8338
vn 0.8939 -0.3707 0.2521
vn 0.4275 0.3917 0.8148
vn 0.7335 -0.0364 0.6787
vn 0.7294 0.5024 0.4643
vn 0.5464 -0.0378 0.8367
vn 0.7772 0.3513 0.5220
vn 0.1017 -0.3766 0.9208
vn 0.7241 0.3091 0.6165
vn 0.0359 -0.2532 0.9667
vn 0.7340 0.3002 0.6091
vn 0.0281 -0.2981 0.9541
vn 0.7521 0.3421 0.5633
vn 0.1716 -0.2295 0.9580
vn 0.8191 0.3039 0.4865
vn 0.2620 -0.1102 0.9588
vn 0.9096 0.1156 0.3991
vn 0.2600 0.1876 0.9472
vn 0.8757 -0.0901 0.4745
vn 0.1381 0.3684 0.9194
vn 0.8341 -0.1249 0.5373
vn 0.1592 0.5818 0.7976
vn 0.6799 -0.1911 0.7079
vn 0.1855 0.8444 0.5026
vn 0.4602 -0.1157 0.8803
vn 0.5671 0.8233 -0.0245
vn 0.5175 -0.1037 0.8494
vn 0.3853 0.9207 -0.0619
vn 0.7561 -0.1307 0.6413
vn -0.1334 0.9170 0.3760
vn 0.7831 -0.0801 0.6167
vn -0.1262 0.8183 0.5608
vn 0.5902 -0.1588 0.7915
vn 0.4572 0.8465 0.2729
vn 0.4108 -0.1007 0.9061
vn 0.7546 0.5861 0.2950
vn 0.3513 -0.0755 0.9332
vn 0.8800 0.3737 0.2930
vn 0.2613 0.1139 0.9585
vn 0.8992 0.2237 0.3759
vn 0.2746 0.3299 0.9032
vn 0.9144 -0.1034 0.3913
vn 0.3799 0.3723 0.8468
vn 0.8943 -0.1955 0.4026
vn 0.7230 0.0457 0.6893
vn 0.7129 0.0756 0.6971
vn 0.6603 0.0609 0.7486
vn 0.6516 0.1223 0.7487
vn 0.7300 0.0610 0.6808
vn 0.6673 0.0922 0.7390
vn 0.6179 0.1198 0.7771
vn 0.5933 0.1001 0.7987
vn 0.5749 0.0715 0.8151
vn 0.5517 0.0809 0.8301
vn 0.6275 0.0589 0.7764
vn 0.5629 0.0377 0.8257
vn 0.5664 0.1391 0.8123
vn 0.6269 0.1205 0.7697
vn 0.5995 0.0118 0.8003
vn 0.5050 0.1133 0.8556
vn 0.5484 0.3012 0.7801
vn 0.6223 0.2572 0.7393
vn 0.6314 0.5365 0.5599
vn 0.6355 0.4752 0.6085
vn 0.4415 0.5351 0.7202
vn 0.4893 0.4741 0.7320
vn 0.6745 0.3021 0.6737
vn 0.7578 0.1151 0.6422
vn 0.6883 0.0124 0.7253
vn 0.7089 0.1676 0.6851
vn 0.6545 0.1348 0.7439
vn 0.8381 -0.4157 -0.3532
vn 0.7647 -0.5857 -0.2687
vn 0.6222 -0.4912 -0.6096
vn 0.5745 -0.6522 -0.4945
vn -0.8472 -0.1149 -0.5187
vn -0.7904 -0.0856 -0.6066
vn -0.1461 -0.4743 -0.8682
vn -0.1355 -0.5556 -0.8204
vn -0.7593 -0.1327 -0.6370
vn -0.0511 -0.5667 -0.8223
vn -0.7512 -0.1249 -0.6481
vn 0.0843 -0.5492 -0.8314
vn -0.8194 -0.0710 -0.5688
vn 0.0535 -0.6643 -0.7456
vn -0.8193 0.0973 -0.5651
vn -0.4723 -0.4580 -0.7531
vn -0.4818 -0.0292 -0.8758
vn -0.7292 -0.4183 -0.5416
vn -0.4933 -0.1429 -0.8580
vn -0.8091 -0.5149 -0.2832
vn -0.6298 -0.3437 -0.6966
vn -0.6836 -0.3709 -0.6285
vn -0.5782 -0.3433 -0.7402
vn -0.5018 -0.3696 -0.7820
vn -0.5989 -0.3149 -0.7363
vn -0.5247 -0.3571 -0.7727
vn -0.5800 -0.3727 -0.7243
vn -0.5071 -0.3844 -0.7714
vn -0.5973 -0.3029 -0.7426
vn -0.5398 -0.2689 -0.7977
vn -0.5390 -0.4167 -0.7320
vn -0.4747 -0.3159 -0.8215
vn -0.1930 -0.0014 -0.9812
vn -0.2253 -0.1695 -0.9594
vn -0.7898 -0.4826 -0.3786
vn -0.8845 -0.2824 -0.3715
vn -0.7372 -0.5228 -0.4281
vn -0.2798 0.2244 -0.9335
vn -0.5628 -0.5930 -0.5758
vn -0.3938 0.5489 -0.7373
vn -0.3654 -0.5179 -0.7734
vn -0.7784 0.5903 -0.2137
vn -0.4258 -0.5132 -0.7452
vn -0.6339 0.7419 -0.2183
vn -0.6559 -0.5390 -0.5285
vn -0.1647 0.6427 -0.7482
vn -0.6973 -0.4932 -0.5201
vn -0.0935 0.5786 -0.8103
vn -0.5826 0.0671 -0.8100
vn -0.6190 0.0241 -0.7851
vn -0.6913 -0.1296 -0.7108
vn -0.6367 -0.1848 -0.7486
vn -0.7303 0.1254 -0.6715
vn -0.7145 0.0533 -0.6976
vn -0.5734 -0.1342 -0.8082
vn -0.6198 -0.3758 -0.6889
vn -0.6269 0.4880 -0.6074
vn -0.8587 0.2126 -0.4663
vn -0.3211 -0.4986 -0.8051
vn -0.4820 -0.5653 -0.6694
vn -0.2706 -0.4675 -0.8416
vn -0.8921 -0.0094 -0.4518
vn -0.2365 -0.2789 -0.9307
vn -0.9066 -0.1744 -0.3843
vn -0.6938 -0.2775 -0.6646
vn -0.6936 -0.2700 -0.6679
vn -0.6293 -0.3031 -0.7156
vn -0.6136 -0.3730 -0.6959
vn -0.6722 -0.3856 -0.6320
vn -0.6707 -0.3582 -0.6495
vn -0.6227 -0.3151 -0.7162
vn -0.8273 -0.4792 -0.2931
vn -0.7813 -0.5603 -0.2751
vn -0.4291 -0.0434 -0.9022
vn -0.3132 -0.0696 -0.9471
vn -0.4596 -0.0877 -0.8838
vn -0.7973 -0.5722 -0.1922
vn -0.5094 -0.1207 -0.8520
vn -0.7667 -0.6116 0.1952
vn -0.5724 -0.5868 0.5727
vn -0.5877 -0.6299 0.5077
vn -0.4548 -0.5801 0.6758
vn -0.4750 -0.5480 0.6885
vn -0.6211 -0.5802 0.5269
vn -0.5014 -0.5540 0.6646
vn -0.6089 -0.7265 0.3185
vn -0.2353 -0.6715 0.7027
vn 0.7378 -0.6645 -0.1187
vn 0.4499 -0.7651 -0.4606
vn -0.5783 -0.6606 0.4788
vn -0.4111 -0.5986 0.6875
vn -0.7012 -0.5008 0.5075
vn -0.4719 -0.4249 0.7725
vn -0.6146 0.1515 0.7742
vn -0.8873 0.0674 0.4563
vn -0.6091 0.5463 0.5749
vn -0.8314 0.4733 0.2910
vn -0.6997 0.6928 0.1745
vn -0.5169 0.7554 0.4027
vn -0.3156 0.9353 -0.1603
vn -0.1786 0.9839 0.0061
vn 0.3282 0.8371 -0.4376
vn 0.2442 0.8022 -0.5448
vn 0.1623 0.8635 -0.4776
vn 0.2223 0.8927 -0.3921
vn -0.4313 0.8880 0.1598
vn -0.4857 0.8689 0.0951
vn -0.5734 0.8032 0.1612
vn -0.4935 0.8312 0.2560
vn 0.0276 0.9854 -0.1680
vn -0.1088 0.9377 -0.3300
vn 0.2993 0.7004 -0.6480
vn 0.4773 0.7626 -0.4366
vn 0.6643 0.5555 -0.5001
vn 0.4553 0.4825 -0.7483
vn 0.8522 0.1669 -0.4958
vn 0.5980 0.0781 -0.7977
vn 0.0482 -0.8706 -0.4895
vn -0.1428 -0.8706 -0.4707
vn -0.6145 0.2488 -0.7487
vn 0.6145 0.2488 -0.7487
vn 0.1299 0.8943 -0.4282
vn 0.0439 0.8943 -0.4453
vn -0.1299 0.8943 -0.4283
vn 0.3947 0.8943 0.2109
vn 0.5497 0.4991 -0.6699
vn -0.0000 1.0000 0.0001
vn -0.0000 1.0000 -0.0001
vn 0.6335 -0.0524 -0.7719
vn -0.9823 -0.1601 0.0967
vn -0.9823 -0.1601 -0.0967
vn 0.2319 0.8706 0.4338
vn 0.7936 -0.5587 0.2408
vn 0.7936 -0.5587 -0.2408
vn -0.5589 0.5533 0.6177
vn -0.5464 0.5523 0.6296
vn 0.7740 -0.4820 0.4106
vn 0.7240 -0.4599 0.5141
vn -0.1057 0.4188 0.9019
vn -0.2569 0.3616 0.8963
vn 0.7330 -0.4989 0.4623
vn -0.1327 0.3355 0.9326
vn 0.2850 0.0323 0.9580
vn 0.3630 -0.0310 0.9313
vn -0.0504 0.3043 0.9512
vn 0.3968 -0.0654 0.9156
vn 0.5046 -0.1426 0.8515
vn 0.4983 -0.1192 0.8588
vn 0.5663 -0.1259 0.8145
vn 0.5514 -0.1487 0.8209
vn 0.5037 -0.1170 0.8559
vn 0.5505 -0.1150 0.8269
vn 0.5173 -0.3070 0.7989
vn 0.5497 -0.1564 0.8206
vn 0.3953 -0.0862 0.9145
vn 0.3829 -0.2174 0.8978
vn -0.0592 0.1451 0.9877
vn -0.1161 -0.2809 0.9527
vn 0.8899 -0.1409 0.4338
vn 0.8227 -0.4615 0.3321
vn 0.8337 0.0179 0.5520
vn -0.1089 -0.5687 0.8153
vn 0.7528 0.0778 0.6536
vn -0.0983 -0.7170 0.6901
vn 0.3882 -0.3595 0.8486
vn 0.3908 -0.4158 0.8212
vn 0.5285 -0.0968 0.8434
vn 0.4987 -0.3553 0.7906
vn 0.5991 -0.3571 0.7167
vn 0.5743 -0.4137 0.7064
vn 0.7902 -0.5582 0.2530
vn 0.6755 -0.7080 0.2062
vn 0.0950 0.0326 0.9949
vn 0.2202 0.1103 0.9692
vn 0.4527 0.2040 0.8680
vn 0.3091 -0.9436 0.1188
vn 0.7275 0.1349 0.6727
vn -0.3157 -0.8807 0.3532
vn 0.3144 -0.6300 0.7101
vn 0.2491 -0.6962 0.6733
vn -0.2781 -0.9458 0.1675
vn 0.5080 -0.6930 0.5116
vn 0.2882 -0.9392 -0.1867
vn 0.5116 -0.6276 0.5869
vn 0.4704 -0.8715 -0.1384
vn -0.0124 -0.9474 0.3198
vn 0.3448 -0.0025 0.9387
vn 0.5668 0.0916 0.8188
vn -0.2193 -0.9669 -0.1304
vn 0.3254 -0.8260 -0.4603
vn -0.3006 -0.9178 -0.2594
vn 0.2771 -0.7967 -0.5371
vn -0.2997 0.7367 -0.6061
vn -0.5977 0.6629 -0.4509
vn -0.5623 -0.6149 -0.5530
vn 0.0703 -0.6297 -0.7737
vn -0.4264 -0.0607 -0.9025
vn -0.3870 -0.1521 -0.9094
vn 0.0002 -0.7651 -0.6439
vn -0.6402 -0.6861 -0.3455
vn -0.6071 -0.0780 -0.7908
vn -0.5091 0.2595 -0.8207
vn -0.5431 0.3261 -0.7737
vn -0.4217 0.2395 -0.8746
vn -0.4426 0.1842 -0.8776
vn -0.0310 -0.0834 -0.9960
vn -0.1078 -0.2549 -0.9609
vn -0.6406 0.6145 -0.4604
vn -0.7434 0.5383 -0.3970
vn -0.4458 0.6539 -0.6113
vn -0.3538 -0.5587 -0.7502
vn -0.2520 0.5734 -0.7795
vn -0.7258 -0.6232 -0.2914
vn -0.5629 -0.0235 -0.8262
vn -0.3003 0.5974 -0.7436
vn -0.5993 -0.8005 0.0012
vn -0.5153 -0.8549 -0.0609
vn 0.1847 -0.8561 -0.4826
vn -0.5482 0.5836 -0.5990
vn 0.2176 -0.8760 -0.4305
vn -0.4674 -0.8841 -0.0021
vn 0.4006 0.0209 0.9160
vn 0.6451 0.0108 0.7640
vn -0.5422 -0.8362 0.0824
vn -0.0897 -0.9144 -0.3948
vn -0.0051 -0.9644 -0.2645
vn 0.4672 -0.7609 -0.4504
vn 0.3457 -0.6947 -0.6308
vn 0.5313 -0.4904 -0.6908
vn 0.6692 -0.5689 -0.4781
vn 0.8855 -0.1476 -0.4406
vn 0.7305 -0.0656 -0.6798
vn -0.8531 0.3664 -0.3714
vn -0.8918 0.0352 -0.4511
vn 0.7455 0.5196 -0.4174
vn 0.1059 0.2186 -0.9701
vn 0.1801 0.5986 -0.7805
vn -0.3550 0.3891 -0.8501
vn -0.3268 0.5077 -0.7971
vn -0.5022 0.4487 -0.7393
vn -0.4440 0.4851 -0.7534
vn -0.4524 0.4494 -0.7703
vn -0.4913 0.4845 -0.7238
vn -0.4952 0.4617 -0.7359
vn -0.4527 0.4622 -0.7625
vn -0.4969 0.4825 -0.7213
vn -0.4393 0.4831 -0.7574
vn -0.2784 0.5515 -0.7863
vn -0.3221 0.5256 -0.7874
vn 0.3016 0.7038 -0.6432
vn 0.2155 0.7121 -0.6682
vn -0.8313 -0.0241 -0.5553
vn -0.8068 0.0441 -0.5891
vn -0.7829 0.0987 -0.6143
vn 0.5085 0.6713 -0.5392
vn -0.8452 0.0436 -0.5326
vn 0.1171 0.6384 -0.7608
vn -0.1835 0.5933 -0.7838
vn -0.3913 0.5563 -0.7331
vn -0.2050 0.5660 -0.7985
vn -0.4973 0.5551 -0.6668
vn -0.5436 0.6164 -0.5697
vn -0.0809 -0.2930 -0.9527
vn -0.8273 -0.2196 -0.5171
vn 0.0726 -0.1556 -0.9851
vn -0.6580 0.7526 0.0252
vn -0.1443 0.0350 -0.9889
vn -0.7445 0.6564 0.1221
vn -0.2200 0.0990 -0.9705
vn -0.7221 0.6918 -0.0030
vn -0.1908 0.0349 -0.9810
vn -0.7070 0.7012 -0.0913
vn -0.0850 0.0878 -0.9925
vn -0.7906 0.5873 -0.1736
vn 0.0368 0.3769 -0.9255
vn -0.9222 0.2064 -0.3271
vn 0.0006 0.5563 -0.8310
vn -0.8960 -0.0929 -0.4343
vn -0.0978 0.6433 -0.7593
vn -0.8346 -0.2719 -0.4790
vn -0.6107 0.1895 -0.7688
vn -0.6168 0.2480 -0.7470
vn -0.8438 -0.5060 0.1787
vn -0.7057 -0.7073 0.0415
vn -0.7129 -0.5851 0.3865
vn -0.5965 -0.7733 0.2149
vn -0.9227 -0.0816 0.3768
vn -0.7811 -0.1672 0.6016
vn -0.7102 0.5027 0.4929
vn -0.5911 0.4307 0.6820
vn -0.4732 0.6003 0.6448
vn -0.5697 0.6586 0.4916
vn -0.5063 0.5784 0.6396
vn -0.5883 0.6280 0.5094
vn -0.6078 0.5894 0.5322
vn 0.7387 -0.5443 0.3976
vn -0.6155 0.3861 -0.6871
vn -0.5822 0.5048 -0.6374
vn -0.5759 0.5225 -0.6287
vn -0.5944 0.5478 -0.5887
vn -0.6343 0.5880 -0.5018
vn -0.6041 0.5805 0.5460
vn -0.4938 0.7765 0.3913
vn -0.3174 0.6701 0.6710
vn 0.5546 0.7541 -0.3519
vn 0.7306 0.6826 0.0148
vn -0.0872 -0.7425 0.6641
vn 0.6810 -0.6821 0.2665
vn 0.6522 0.0531 0.7562
vn 0.3934 0.0501 0.9180
vn 0.6215 -0.0479 0.7819
vn 0.4763 -0.0334 0.8787
vn 0.7029 0.0322 0.7106
vn 0.8500 0.4299 0.3043
vn 0.9121 0.3753 0.1652
vn -0.1955 -0.6019 0.7743
vn 0.0666 -0.5128 0.8559
vn 0.1596 -0.4739 0.8660
vn 0.9036 0.3960 0.1634
vn 0.1115 -0.5226 0.8453
vn 0.8934 0.3401 0.2935
vn 0.7218 -0.0244 0.6916
vn 0.6707 -0.0725 0.7381
vn 0.9080 0.1574 0.3883
vn 0.6481 -0.0787 0.7575
vn 0.9012 -0.2249 0.3704
vn 0.6351 -0.1670 0.7542
vn -0.0000 -0.1502 0.9887
vn 0.0250 -0.4547 0.8903
vn 0.8652 0.4478 -0.2255
vn 0.7711 0.6175 -0.1549
vn 0.6800 0.6734 -0.2902
vn 0.7048 0.6432 -0.2993
vn 0.7786 0.5979 -0.1907
vn 0.7958 0.5681 -0.2098
vn 0.7415 0.6028 -0.2946
vn 0.7908 0.5689 -0.2259
vn 0.7224 0.5992 -0.3451
vn -0.0852 -0.9332 0.3492
vn -0.5648 -0.4407 0.6977
vn 0.6139 0.1295 0.7787
vn 0.4903 -0.1127 0.8642
vn -0.2779 0.9605 0.0123
vn -0.5648 -0.4406 0.6977
vn 0.1690 -0.9802 0.1037
vn 0.1680 -0.9804 0.1030
vn -0.6773 -0.1292 0.7243
vn -0.7089 0.0691 0.7020
vn 0.2363 -0.9712 0.0306
vn 0.2371 -0.9710 0.0317
vn -0.4853 0.8348 0.2601
vn 0.1963 -0.9776 0.0762
vn -0.7133 0.2411 0.6581
vn -0.1632 0.9805 -0.1097
vn -0.3625 -0.7346 0.5735
vn -0.7038 0.3570 0.6141
vn 0.1474 0.9034 -0.4027
vn -0.5101 -0.5393 0.6700
vn -0.6913 0.4278 0.5823
vn -0.6905 0.4280 0.5831
vn -0.6555 0.5561 0.5109
vn -0.6556 0.5562 0.5107
vn 0.3289 0.7674 -0.5503
vn -0.4534 -0.6242 0.6362
vn -0.6988 0.3876 0.6013
vn -0.6726 0.5032 0.5426
vn -0.1409 0.9812 -0.1319
vn 0.0170 -0.9672 0.2534
vn 0.0168 -0.9674 0.2527
vn -0.1466 0.9812 -0.1256
vn -0.1225 -0.9164 0.3812
vn -0.1225 -0.9161 0.3817
vn -0.1098 0.9804 -0.1635
vn -0.1092 0.9804 -0.1639
vn -0.0424 -0.9503 0.3084
vn -0.6474 0.5782 0.4965
vn -0.5024 0.8174 0.2819
vn 0.0852 0.9336 -0.3480
vn 0.6083 0.3439 -0.7153
vn 0.6761 0.1349 -0.7244
vn 0.6525 0.2210 -0.7249
vn 0.6723 0.1492 -0.7250
vn 0.1095 -0.9805 0.1632
vn 0.0047 0.9616 -0.2744
vn 0.0047 0.9616 -0.2743
vn 0.6724 0.1495 -0.7249
vn 0.7087 -0.0646 -0.7026
vn -0.2233 -0.8562 0.4660
vn 0.3673 0.7294 -0.5771
vn -0.2208 -0.8571 0.4654
vn -0.2211 -0.8570 0.4656
vn 0.4877 0.5746 -0.6573
vn 0.6709 0.1548 -0.7252
vn 0.7110 -0.0838 -0.6982
vn 0.1385 -0.9813 0.1336
vn 0.0026 0.9623 -0.2718
vn 0.7143 -0.2281 -0.6616
vn 0.6049 -0.6719 -0.4274
vn 0.6052 -0.6718 -0.4271
vn 0.6916 0.0584 -0.7199
vn 0.6916 0.0585 -0.7199
vn 0.6899 -0.4323 -0.5806
vn 0.2283 -0.9727 0.0408
vn -0.1295 0.9812 -0.1434
vn 0.2552 -0.9668 0.0122
vn 0.2165 0.8607 -0.4608
vn 0.6776 -0.4837 -0.5540
vn 0.6788 -0.4835 -0.5526
vn 0.5518 -0.7571 -0.3498
vn -0.0400 -0.9512 0.3060
vn 0.1318 0.9116 -0.3893
vn 0.1316 0.9116 -0.3894
vn 0.5528 -0.7567 -0.3490
vn 0.5523 -0.7569 -0.3493
vn -0.0860 -0.9337 0.3477
vn -0.0845 -0.9336 0.3482
vn 0.7092 -0.3023 -0.6369
vn -0.0854 -0.9335 0.3483
vn -0.7094 0.3023 0.6367
vn -0.0849 -0.9335 0.3485
vn -0.7713 -0.2523 -0.5843
vn -0.8628 -0.3306 -0.3825
vn -0.7935 -0.5132 -0.3271
vn -0.7910 -0.4659 -0.3966
vn -0.4812 -0.4932 -0.7247
vn -0.5099 -0.6342 -0.5812
vn -0.6009 -0.3127 -0.7356
vn -0.6995 -0.1924 -0.6882
vn -0.5488 -0.5738 -0.6080
vn -0.5544 -0.3426 -0.7585
vn -0.6193 -0.2923 -0.7288
vn -0.5812 -0.2624 -0.7703
vn -0.8043 -0.1673 -0.5702
vn -0.7915 -0.4702 -0.3904
vn -0.7786 -0.2074 -0.5922
vn -0.5314 -0.6416 -0.5532
vn -0.7714 -0.1843 -0.6091
vn -0.8935 -0.0971 -0.4385
vn -0.6221 -0.2439 -0.7439
vn -0.5863 -0.2418 -0.7732
vn -0.4108 -0.7302 -0.5460
vn -0.3253 -0.6651 -0.6721
vn -0.7980 -0.1517 -0.5833
vn -0.7860 -0.2716 -0.5554
vn -0.3503 -0.8033 -0.4817
vn -0.7932 -0.2786 -0.5415
vn -0.4248 -0.7602 -0.4916
vn -0.7665 -0.1642 -0.6209
vn -0.6034 -0.3601 -0.7115
vn -0.0948 -0.9612 -0.2589
vn -0.6234 -0.2417 -0.7436
vn -0.6039 -0.2531 -0.7558
vn -0.6286 -0.2655 -0.7310
vn -0.6007 -0.2308 -0.7654
vn -0.5989 -0.2313 -0.7667
vn -0.6214 -0.2155 -0.7533
vn -0.7863 -0.1516 -0.5989
vn -0.7876 -0.1509 -0.5975
vn -0.7684 -0.3728 -0.5202
vn -0.7667 -0.1559 -0.6228
vn -0.7636 -0.1066 -0.6369
vn -0.7928 -0.1480 -0.5913
vn -0.8104 -0.3301 -0.4840
vn -0.5918 -0.2332 -0.7716
vn -0.3702 -0.8539 -0.3657
vn -0.5007 -0.1366 -0.8548
vn -0.6051 -0.2249 -0.7637
vn -0.5931 -0.2207 -0.7743
vn -0.5815 -0.2371 -0.7782
vn -0.3274 0.1310 -0.9358
vn -0.8006 -0.1438 -0.5817
vn -0.7849 -0.1403 -0.6035
vn -0.7854 0.3380 -0.5186
vn -0.8123 -0.1372 -0.5669
vn -0.7689 -0.6244 0.1374
vn -0.8128 -0.1370 -0.5662
vn -0.7830 -0.1417 -0.6056
vn -0.5619 -0.2436 -0.7905
vn -0.5651 -0.2433 -0.7883
vn -0.5340 -0.2416 -0.8103
vn -0.6743 -0.7056 -0.2178
vn -0.5588 -0.2447 -0.7924
vn -0.7341 -0.4334 -0.5227
vn -0.5976 -0.2282 -0.7686
vn -0.8150 -0.1357 -0.5634
vn -0.7931 -0.1156 -0.5980
vn -0.7763 -0.1308 -0.6167
vn -0.8031 -0.1328 -0.5809
vn -0.8224 -0.1294 -0.5540
vn -0.9971 -0.0119 0.0757
vn -0.8225 -0.1610 -0.5456
vn -0.5469 -0.2389 -0.8024
vn -0.5431 -0.1940 -0.8170
vn -0.5736 -0.2319 -0.7856
vn -0.5619 -0.1156 -0.8191
vn -0.5384 -0.2507 -0.8045
vn -0.5548 -0.2458 -0.7948
vn -0.5171 -0.2571 -0.8164
vn -0.6994 -0.1928 -0.6882
vn -0.8332 -0.1247 -0.5387
vn -0.8213 -0.1157 -0.5586
vn -0.6825 0.5716 -0.4554
vn -0.3589 -0.9208 -0.1527
vn -0.8470 -0.1159 -0.5188
vn -0.6463 -0.6766 -0.3529
vn -0.8588 -0.0955 -0.5034
vn -0.9092 0.3978 -0.1229
vn -0.4799 -0.1802 -0.8586
vn -0.4904 -0.2651 -0.8302
vn -0.5773 -0.1873 -0.7947
vn -0.5318 0.1921 -0.8248
vn -0.4656 -0.2340 -0.8535
vn -0.5770 -0.1559 -0.8017
vn -0.5260 -0.2486 -0.8133
vn -0.4531 -0.2666 -0.8507
vn -0.8801 -0.0902 -0.4662
vn -0.8693 -0.1384 -0.4745
vn -0.8368 -0.1072 -0.5370
vn -0.6045 -0.6893 -0.3995
vn -0.7990 0.0289 -0.6006
vn -0.8415 0.0997 -0.5310
vn -0.4310 -0.0751 -0.8992
vn -0.5244 -0.0880 -0.8469
vn -0.7687 -0.1465 -0.6226
vn -0.7963 -0.1727 -0.5798
vn -0.7870 -0.1749 -0.5916
vn -0.4785 -0.2681 -0.8361
vn 0.4388 0.0282 0.8982
vn 0.8203 -0.1343 0.5559
vn 0.4361 -0.1744 0.8828
vn 0.7195 -0.2952 0.6286
vn 0.7796 0.0679 0.6226
vn 0.6993 0.1923 0.6885
vn 0.7284 -0.2215 0.6484
vn 0.8107 0.0331 0.5845
vn 0.7670 0.0899 0.6353
vn 0.7998 0.1183 0.5885
vn 0.5767 0.2133 0.7886
vn 0.4858 -0.1180 0.8661
vn 0.6093 0.1751 0.7734
vn 0.6940 -0.3037 0.6528
vn 0.6194 0.1992 0.7594
vn 0.7685 0.1395 0.6244
vn 0.8004 0.1373 0.5835
vn 0.7968 0.1395 0.5878
vn 0.7141 -0.4194 0.5605
vn 0.8193 -0.3499 0.4542
vn 0.5852 0.2297 0.7777
vn 0.5910 0.1079 0.7994
vn 0.6730 -0.5211 0.5248
vn 0.5794 0.0999 0.8089
vn 0.6691 -0.4587 0.5848
vn 0.6255 0.2195 0.7487
vn 0.7692 0.0187 0.6387
vn 0.5069 -0.7952 0.3326
vn 0.7677 0.1419 0.6249
vn 0.7829 0.1293 0.6085
vn 0.7617 0.1176 0.6372
vn 0.7862 0.1515 0.5991
vn 0.7876 0.1509 0.5975
vn 0.7699 0.1681 0.6157
vn 0.6003 0.2306 0.7658
vn 0.5989 0.2313 0.7667
vn 0.5848 0.0004 0.8112
vn 0.6250 0.2278 0.7466
vn 0.6256 0.2765 0.7295
vn 0.5916 0.2331 0.7718
vn 0.5371 0.0411 0.8425
vn 0.7927 0.1480 0.5914
vn 0.5744 -0.5933 0.5639
vn 0.8490 0.2352 0.4732
vn 0.7829 0.1577 0.6019
vn 0.7921 0.1612 0.5887
vn 0.8006 0.1438 0.5817
vn 0.8580 0.4592 0.2300
vn 0.5815 0.2372 0.7782
vn 0.6018 0.2419 0.7611
vn 0.3914 0.6626 0.6385
vn 0.5648 0.2425 0.7888
vn 0.0194 -0.4072 0.9131
vn 0.5645 0.2428 0.7889
vn 0.6041 0.2404 0.7598
vn 0.8146 0.1360 0.5639
vn 0.8124 0.1372 0.5667
vn 0.8337 0.1354 0.5354
vn 0.3854 -0.4135 0.8249
vn 0.8166 0.1340 0.5614
vn 0.6043 -0.0644 0.7941
vn 0.7886 0.1539 0.5954
vn 0.5615 0.2430 0.7910
vn 0.5898 0.2656 0.7626
vn 0.6122 0.2520 0.7494
vn 0.5777 0.2479 0.7777
vn 0.5505 0.2491 0.7968
vn -0.0911 0.2373 0.9672
vn 0.5508 0.2172 0.8059
vn 0.8251 0.1393 0.5475
vn 0.8271 0.1836 0.5312
vn 0.8064 0.1486 0.5724
vn 0.8076 0.2613 0.5287
vn 0.8305 0.1267 0.5425
vn 0.8196 0.1334 0.5572
vn 0.8440 0.1183 0.5231
vn 0.6997 0.1927 0.6879
vn 0.5345 0.2520 0.8067
vn 0.5512 0.2622 0.7921
vn 0.2697 0.8337 0.4819
vn 0.3877 -0.7153 0.5814
vn 0.5123 0.2588 0.8189
vn 0.5084 -0.3581 0.7832
vn 0.4916 0.2766 0.8257
vn -0.0087 0.6459 0.7634
vn 0.8649 0.1906 0.4644
vn 0.8604 0.1069 0.4983
vn 0.8031 0.1933 0.5636
vn 0.7307 0.5400 0.4177
vn 0.8746 0.1357 0.4655
vn 0.8016 0.2235 0.5545
vn 0.8387 0.1277 0.5294
vn 0.8811 0.1012 0.4620
vn 0.4541 0.2776 0.8466
vn 0.4754 0.2323 0.8485
vn 0.5278 0.2690 0.8057
vn 0.5576 -0.3689 0.7436
vn 0.5531 0.4017 0.7298
vn 0.4659 0.4602 0.7557
vn 0.8767 0.2854 0.3874
vn 0.8276 0.2848 0.4837
vn 0.6224 0.2370 0.7460
vn 0.5876 0.2085 0.7818
vn 0.5996 0.2070 0.7730
vt 0.426444 0.036096
vt 0.429572 0.039807
vt 0.428163 0.040834
vt 0.430673 0.046078
vt 0.429174 0.047044
vt 0.425208 0.037150
vt 0.426830 0.041778
vt 0.427791 0.047887
vt 0.430796 0.052562
vt 0.429212 0.053479
vt 0.427790 0.054229
vt 0.426677 0.048384
vt 0.426673 0.054611
vt 0.425731 0.042399
vt 0.425703 0.048409
vt 0.425705 0.054521
vt 0.424765 0.042543
vt 0.424160 0.037896
vt 0.423227 0.038163
vt 0.421956 0.037922
vt 0.423525 0.042195
vt 0.424507 0.047959
vt 0.420096 0.037284
vt 0.421844 0.041469
vt 0.422980 0.047164
vt 0.424561 0.053978
vt 0.423169 0.053129
vt 0.437702 0.185032
vt 0.436077 0.190499
vt 0.435989 0.184049
vt 0.437702 0.191533
vt 0.435250 0.196687
vt 0.435586 0.051511
vt 0.436948 0.046098
vt 0.436948 0.052299
vt 0.477473 0.441240
vt 0.479030 0.447183
vt 0.421646 0.434336
vt 0.435398 0.045256
vt 0.436223 0.040089
vt 0.436778 0.197772
vt 0.433840 0.201270
vt 0.434409 0.039186
vt 0.435045 0.035467
vt 0.432956 0.038616
vt 0.432800 0.034517
vt 0.434167 0.044768
vt 0.431893 0.038532
vt 0.430987 0.033886
vt 0.433171 0.044763
vt 0.434487 0.051107
vt 0.433497 0.051188
vt 0.432287 0.051722
vt 0.432053 0.045242
vt 0.430845 0.038966
vt 0.429788 0.033740
vt 0.428822 0.034139
vt 0.425467 0.029750
vt 0.424619 0.030634
vt 0.427707 0.034999
vt 0.420575 0.026025
vt 0.426313 0.029369
vt 0.420131 0.026906
vt 0.414544 0.023244
vt 0.421233 0.025657
vt 0.414545 0.024059
vt 0.408531 0.021538
vt 0.414971 0.022904
vt 0.403791 0.020471
vt 0.408751 0.021249
vt 0.408823 0.022218
vt 0.403695 0.020696
vt 0.400319 0.020150
vt 0.404016 0.021227
vt 0.400278 0.020325
vt 0.397792 0.019965
vt 0.400438 0.020750
vt 0.397737 0.020139
vt 0.395448 0.019974
vt 0.397665 0.020531
vt 0.395368 0.020130
vt 0.392449 0.020010
vt 0.395041 0.020503
vt 0.392365 0.020208
vt 0.387763 0.020283
vt 0.391756 0.020643
vt 0.387702 0.020564
vt 0.380684 0.021732
vt 0.380033 0.022512
vt 0.386899 0.021153
vt 0.374073 0.023492
vt 0.380550 0.021358
vt 0.373773 0.024391
vt 0.367899 0.025214
vt 0.373704 0.023071
vt 0.368437 0.025652
vt 0.363124 0.027657
vt 0.368484 0.026594
vt 0.363775 0.028126
vt 0.359258 0.030386
vt 0.364128 0.029085
vt 0.360003 0.030915
vt 0.356223 0.033426
vt 0.360630 0.031883
vt 0.357074 0.034037
vt 0.354945 0.037487
vt 0.356043 0.038457
vt 0.357950 0.035009
vt 0.353529 0.041281
vt 0.353959 0.036793
vt 0.354820 0.042245
vt 0.352735 0.045499
vt 0.352387 0.040523
vt 0.354192 0.046455
vt 0.352523 0.050257
vt 0.351437 0.044701
vt 0.354115 0.051201
vt 0.352881 0.055670
vt 0.351085 0.049438
vt 0.354575 0.056602
vt 0.353805 0.061843
vt 0.351333 0.054843
vt 0.355573 0.062761
vt 0.355328 0.068870
vt 0.352177 0.061016
vt 0.357155 0.069774
vt 0.356478 0.073001
vt 0.353639 0.068049
vt 0.358361 0.073891
vt 0.356066 0.076301
vt 0.354739 0.072190
vt 0.357861 0.077104
vt 0.357613 0.080324
vt 0.359804 0.077977
vt 0.359516 0.081120
vt 0.359571 0.084212
vt 0.361578 0.081967
vt 0.361696 0.084990
vt 0.362344 0.087886
vt 0.363981 0.085782
vt 0.364830 0.088598
vt 0.366359 0.091154
vt 0.367423 0.089267
vt 0.369277 0.091700
vt 0.371647 0.093710
vt 0.372119 0.092139
vt 0.374821 0.093946
vt 0.377446 0.095273
vt 0.377536 0.094055
vt 0.380236 0.095109
vt 0.382278 0.095857
vt 0.382215 0.094927
vt 0.383999 0.095430
vt 0.385289 0.095930
vt 0.385063 0.095143
vt 0.386062 0.095447
vt 0.387399 0.095445
vt 0.387395 0.095157
vt 0.386501 0.095161
vt 0.388927 0.095498
vt 0.387325 0.095937
vt 0.388446 0.095165
vt 0.394364 0.095746
vt 0.389507 0.096010
vt 0.392769 0.095420
vt 0.397549 0.094444
vt 0.395005 0.094461
vt 0.392061 0.095139
vt 0.405800 0.091975
vt 0.400525 0.094400
vt 0.403040 0.092255
vt 0.413388 0.088089
vt 0.408823 0.091612
vt 0.410708 0.088642
vt 0.419358 0.083090
vt 0.416051 0.087482
vt 0.416966 0.083812
vt 0.423876 0.077417
vt 0.421578 0.082387
vt 0.421757 0.078213
vt 0.427350 0.071308
vt 0.425760 0.076708
vt 0.425433 0.072133
vt 0.429933 0.064895
vt 0.429002 0.070629
vt 0.428174 0.065734
vt 0.431586 0.058317
vt 0.431408 0.064258
vt 0.429968 0.059160
vt 0.432915 0.057729
vt 0.426414 0.066541
vt 0.428295 0.060026
vt 0.424944 0.067098
vt 0.426842 0.060681
vt 0.423870 0.067246
vt 0.425737 0.060947
vt 0.422972 0.066928
vt 0.424793 0.060743
vt 0.421977 0.066207
vt 0.423714 0.060110
vt 0.420849 0.065268
vt 0.422450 0.059214
vt 0.436811 0.178409
vt 0.433191 0.170930
vt 0.435067 0.171804
vt 0.435015 0.177479
vt 0.434960 0.057882
vt 0.434566 0.064910
vt 0.433483 0.064239
vt 0.436170 0.058613
vt 0.433945 0.057564
vt 0.432514 0.064009
vt 0.431186 0.070439
vt 0.430226 0.070299
vt 0.428153 0.076356
vt 0.427157 0.076304
vt 0.429053 0.076897
vt 0.432167 0.071045
vt 0.432510 0.165357
vt 0.427155 0.158467
vt 0.429196 0.159211
vt 0.430553 0.164544
vt 0.415117 0.076662
vt 0.419366 0.072117
vt 0.415941 0.077666
vt 0.418378 0.071142
vt 0.420257 0.072921
vt 0.416690 0.078552
vt 0.421087 0.073354
vt 0.417410 0.079101
vt 0.422109 0.073326
vt 0.418344 0.079201
vt 0.423583 0.072874
vt 0.419803 0.078868
vt 0.414898 0.084342
vt 0.413506 0.084533
vt 0.408616 0.088987
vt 0.407441 0.089028
vt 0.407006 0.088686
vt 0.412742 0.084300
vt 0.406857 0.087944
vt 0.412224 0.083637
vt 0.406702 0.086941
vt 0.411701 0.082675
vt 0.406411 0.085917
vt 0.411095 0.081648
vt 0.425182 0.153500
vt 0.418267 0.147792
vt 0.420514 0.148354
vt 0.423046 0.152837
vt 0.424333 0.081902
vt 0.420090 0.087398
vt 0.419370 0.086960
vt 0.425158 0.082386
vt 0.423246 0.081929
vt 0.418118 0.087034
vt 0.412793 0.091251
vt 0.411330 0.091304
vt 0.404757 0.094379
vt 0.403180 0.094341
vt 0.405179 0.094728
vt 0.413357 0.091651
vt 0.415250 0.143883
vt 0.406902 0.139946
vt 0.409431 0.140177
vt 0.412870 0.143455
vt 0.396394 0.091687
vt 0.401215 0.090258
vt 0.395885 0.092510
vt 0.401341 0.089294
vt 0.595932 0.472021
vt 0.595945 0.476413
vt 0.595932 0.476416
vt 0.400868 0.091217
vt 0.395145 0.093319
vt 0.400495 0.091945
vt 0.394400 0.093938
vt 0.400433 0.092323
vt 0.393949 0.094300
vt 0.401154 0.092389
vt 0.394074 0.094477
vt 0.390953 0.094823
vt 0.391344 0.094931
vt 0.389033 0.095964
vt 0.388072 0.096284
vt 0.387726 0.097075
vt 0.387222 0.097508
vt 0.388884 0.095794
vt 0.387041 0.098644
vt 0.386870 0.098944
vt 0.387469 0.096982
vt 0.386974 0.098588
vt 0.387036 0.098868
vt 0.387507 0.097450
vt 0.388448 0.096239
vt 0.388139 0.095016
vt 0.388073 0.094973
vt 0.390941 0.094618
vt 0.388203 0.094854
vt 0.391224 0.094229
vt 0.388387 0.094580
vt 0.391694 0.093675
vt 0.388555 0.094168
vt 0.392146 0.093077
vt 0.388733 0.093734
vt 0.395187 0.135480
vt 0.400432 0.137407
vt 0.393786 0.136043
vt 0.402924 0.137289
vt 0.391035 0.097050
vt 0.397904 0.096553
vt 0.391102 0.097375
vt 0.397653 0.096247
vt 0.390313 0.096601
vt 0.396317 0.096036
vt 0.387146 0.097144
vt 0.387215 0.096584
vt 0.383285 0.097056
vt 0.384223 0.096547
vt 0.383186 0.097450
vt 0.387123 0.097513
vt 0.390452 0.135308
vt 0.388099 0.136267
vt 0.386331 0.135818
vt 0.390681 0.135992
vt 0.385583 0.093711
vt 0.387200 0.094259
vt 0.385924 0.094195
vt 0.387140 0.093814
vt 0.387289 0.094650
vt 0.386298 0.094615
vt 0.387336 0.094890
vt 0.386577 0.094870
vt 0.387355 0.094991
vt 0.386715 0.094979
vt 0.387372 0.095030
vt 0.386698 0.095029
vt 0.385587 0.094996
vt 0.385673 0.094920
vt 0.383276 0.094800
vt 0.383546 0.094694
vt 0.385401 0.094774
vt 0.383213 0.094470
vt 0.384872 0.094454
vt 0.382524 0.094017
vt 0.384232 0.093946
vt 0.381776 0.093346
vt 0.383675 0.093360
vt 0.381280 0.092616
vt 0.379991 0.139052
vt 0.385195 0.137076
vt 0.382387 0.138648
vt 0.382638 0.137111
vt 0.372928 0.095424
vt 0.378267 0.097002
vt 0.372558 0.095853
vt 0.378479 0.096590
vt 0.374638 0.095337
vt 0.380095 0.096290
vt 0.368965 0.093453
vt 0.367430 0.093417
vt 0.364084 0.090716
vt 0.362754 0.090631
vt 0.366883 0.093860
vt 0.362030 0.091080
vt 0.376059 0.144381
vt 0.379997 0.140910
vt 0.378024 0.143730
vt 0.377873 0.141471
vt 0.378556 0.091334
vt 0.375367 0.090361
vt 0.375610 0.089396
vt 0.378709 0.092200
vt 0.375352 0.091308
vt 0.379177 0.093039
vt 0.375419 0.092009
vt 0.379695 0.093650
vt 0.375201 0.092348
vt 0.379852 0.093961
vt 0.374188 0.092367
vt 0.379228 0.094059
vt 0.369524 0.089706
vt 0.370773 0.089808
vt 0.365947 0.086361
vt 0.367263 0.086575
vt 0.371343 0.089509
vt 0.368047 0.086344
vt 0.371727 0.088802
vt 0.368741 0.085679
vt 0.372209 0.087830
vt 0.369561 0.084728
vt 0.372851 0.086833
vt 0.370491 0.083732
vt 0.373249 0.151497
vt 0.376389 0.147035
vt 0.375038 0.150743
vt 0.374529 0.147747
vt 0.356893 0.083608
vt 0.358430 0.087727
vt 0.355957 0.084045
vt 0.359289 0.087283
vt 0.357965 0.083689
vt 0.360463 0.087376
vt 0.356162 0.079810
vt 0.355143 0.079745
vt 0.354689 0.075796
vt 0.353691 0.075744
vt 0.354173 0.080182
vt 0.352701 0.076187
vt 0.371239 0.159819
vt 0.373916 0.154766
vt 0.372955 0.159017
vt 0.372172 0.155549
vt 0.368575 0.080217
vt 0.365806 0.077393
vt 0.367029 0.076408
vt 0.367463 0.081205
vt 0.364677 0.078297
vt 0.366445 0.082127
vt 0.363729 0.078885
vt 0.365582 0.082746
vt 0.362811 0.079016
vt 0.364702 0.082917
vt 0.361536 0.078679
vt 0.363401 0.082626
vt 0.360047 0.074617
vt 0.361303 0.074979
vt 0.358795 0.070515
vt 0.360028 0.070891
vt 0.360967 0.070789
vt 0.362236 0.074867
vt 0.361991 0.070220
vt 0.363228 0.074292
vt 0.363230 0.069323
vt 0.364418 0.073392
vt 0.364564 0.068334
vt 0.365701 0.072403
vt 0.370401 0.164216
vt 0.371311 0.167825
vt 0.369620 0.168644
vt 0.372105 0.163405
vt 0.352407 0.071637
vt 0.350298 0.067939
vt 0.351340 0.067493
vt 0.351392 0.072083
vt 0.353399 0.071684
vt 0.352330 0.067540
vt 0.349921 0.060468
vt 0.350908 0.060509
vt 0.349132 0.054327
vt 0.350121 0.054348
vt 0.348002 0.054796
vt 0.348844 0.060920
vt 0.368468 0.176143
vt 0.369354 0.181789
vt 0.367719 0.182641
vt 0.370139 0.175312
vt 0.362172 0.055436
vt 0.361703 0.062413
vt 0.360721 0.056403
vt 0.363106 0.061435
vt 0.360404 0.063292
vt 0.359385 0.057259
vt 0.359344 0.063841
vt 0.358302 0.057775
vt 0.358391 0.063921
vt 0.357337 0.057819
vt 0.357171 0.063523
vt 0.356128 0.057388
vt 0.355603 0.052020
vt 0.356794 0.052497
vt 0.355590 0.047316
vt 0.356750 0.047860
vt 0.357723 0.047949
vt 0.357766 0.052506
vt 0.358835 0.047564
vt 0.358866 0.052041
vt 0.360248 0.046811
vt 0.360239 0.051226
vt 0.361836 0.045899
vt 0.361750 0.050280
vt 0.367400 0.188232
vt 0.369027 0.192082
vt 0.367534 0.193004
vt 0.368978 0.187351
vt 0.348948 0.048980
vt 0.348032 0.044885
vt 0.349348 0.044346
vt 0.347743 0.049476
vt 0.349945 0.048968
vt 0.350377 0.044278
vt 0.350281 0.040331
vt 0.351393 0.040176
vt 0.351691 0.036833
vt 0.352978 0.036557
vt 0.349950 0.037534
vt 0.348798 0.040939
vt 0.368134 0.197045
vt 0.370408 0.199403
vt 0.369202 0.200450
vt 0.369506 0.196067
vt 0.363494 0.039147
vt 0.360737 0.043077
vt 0.361673 0.039934
vt 0.362431 0.042215
vt 0.359282 0.043738
vt 0.360189 0.040470
vt 0.358172 0.044009
vt 0.359110 0.040585
vt 0.357211 0.043804
vt 0.358191 0.040222
vt 0.356101 0.043164
vt 0.357168 0.039451
vt 0.358867 0.036092
vt 0.359745 0.037019
vt 0.361280 0.033050
vt 0.361945 0.034130
vt 0.360572 0.037572
vt 0.362617 0.034870
vt 0.361572 0.037642
vt 0.363488 0.035122
vt 0.363061 0.037257
vt 0.364944 0.034891
vt 0.365038 0.036568
vt 0.367082 0.034317
vt 0.372717 0.205896
vt 0.371728 0.202225
vt 0.373503 0.204709
vt 0.370726 0.203346
vt 0.355947 0.030907
vt 0.351436 0.034539
vt 0.353294 0.031782
vt 0.353559 0.033735
vt 0.358013 0.030398
vt 0.355162 0.033324
vt 0.361640 0.027719
vt 0.359029 0.028235
vt 0.366212 0.025248
vt 0.363101 0.025657
vt 0.355729 0.029093
vt 0.359134 0.026375
vt 0.378322 0.210573
vt 0.375821 0.207029
vt 0.378777 0.209310
vt 0.375225 0.208263
vt 0.369672 0.032260
vt 0.370543 0.030602
vt 0.372899 0.030288
vt 0.367400 0.032704
vt 0.369251 0.030593
vt 0.366015 0.032799
vt 0.368722 0.030099
vt 0.365310 0.032401
vt 0.368497 0.029120
vt 0.364843 0.031514
vt 0.368441 0.027852
vt 0.364455 0.030315
vt 0.373307 0.025625
vt 0.372981 0.026905
vt 0.379127 0.023630
vt 0.378365 0.024846
vt 0.377964 0.025856
vt 0.372923 0.027924
vt 0.378054 0.026435
vt 0.373261 0.028471
vt 0.379024 0.026598
vt 0.374431 0.028562
vt 0.381197 0.026552
vt 0.376769 0.028376
vt 0.382062 0.212921
vt 0.386731 0.214059
vt 0.386473 0.215359
vt 0.382426 0.211639
vt 0.368543 0.023204
vt 0.370986 0.021121
vt 0.375635 0.021082
vt 0.364055 0.023647
vt 0.371952 0.023011
vt 0.378974 0.021183
vt 0.383966 0.019584
vt 0.386627 0.020012
vt 0.391791 0.019690
vt 0.390184 0.019046
vt 0.379767 0.019108
vt 0.387334 0.018091
vt 0.397465 0.219397
vt 0.392064 0.216484
vt 0.397348 0.218057
vt 0.391979 0.217806
vt 0.386172 0.024978
vt 0.389136 0.023873
vt 0.390382 0.024208
vt 0.384378 0.024840
vt 0.388817 0.023637
vt 0.383746 0.024621
vt 0.389192 0.023111
vt 0.383975 0.024051
vt 0.389937 0.022274
vt 0.384714 0.023116
vt 0.390863 0.021371
vt 0.385777 0.022060
vt 0.394527 0.021155
vt 0.393945 0.021984
vt 0.397530 0.021191
vt 0.397337 0.022021
vt 0.393446 0.022772
vt 0.397151 0.022807
vt 0.393164 0.023268
vt 0.397041 0.023305
vt 0.393260 0.023508
vt 0.396952 0.023543
vt 0.393761 0.023966
vt 0.396648 0.024019
vt 0.408193 0.220244
vt 0.402594 0.218849
vt 0.407730 0.218893
vt 0.402883 0.220197
vt 0.398329 0.018999
vt 0.393439 0.017768
vt 0.398956 0.017796
vt 0.394639 0.018948
vt 0.397957 0.019683
vt 0.395229 0.019652
vt 0.400896 0.019845
vt 0.402224 0.019197
vt 0.404821 0.020205
vt 0.407148 0.019712
vt 0.404561 0.018157
vt 0.410956 0.019053
vt 0.418131 0.218166
vt 0.412681 0.218214
vt 0.417355 0.216854
vt 0.413306 0.219548
vt 0.399607 0.024283
vt 0.404527 0.024720
vt 0.402959 0.024929
vt 0.400610 0.023906
vt 0.405018 0.024513
vt 0.400882 0.023683
vt 0.404977 0.023969
vt 0.400849 0.023175
vt 0.404775 0.023073
vt 0.400772 0.022354
vt 0.404438 0.022072
vt 0.400632 0.021467
vt 0.409213 0.023238
vt 0.409469 0.024380
vt 0.414563 0.025221
vt 0.414426 0.026457
vt 0.414145 0.027463
vt 0.409534 0.025356
vt 0.409394 0.025926
vt 0.413730 0.028016
vt 0.412732 0.028111
vt 0.408643 0.026096
vt 0.410646 0.027932
vt 0.406729 0.026112
vt 0.422591 0.216138
vt 0.425550 0.212251
vt 0.426604 0.213506
vt 0.421670 0.214852
vt 0.413307 0.020904
vt 0.424292 0.023539
vt 0.419911 0.023090
vt 0.417884 0.020822
vt 0.410199 0.021084
vt 0.416627 0.022887
vt 0.425727 0.026255
vt 0.422828 0.025765
vt 0.430031 0.030153
vt 0.427710 0.029531
vt 0.432904 0.031087
vt 0.429389 0.027043
vt 0.430099 0.210312
vt 0.431707 0.205416
vt 0.433006 0.206597
vt 0.428920 0.209091
vt 0.417571 0.033574
vt 0.416473 0.030791
vt 0.419590 0.034092
vt 0.414363 0.030428
vt 0.417649 0.030800
vt 0.420853 0.034218
vt 0.418322 0.030314
vt 0.421699 0.033833
vt 0.418973 0.029350
vt 0.422614 0.032965
vt 0.419608 0.028115
vt 0.423636 0.031805
vt 0.435255 0.202406
vt 0.351186 0.378320
vt 0.350281 0.372166
vt 0.416066 0.356974
vt 0.104525 0.072656
vt 0.172959 0.031335
vt 0.174063 0.033295
vt 0.103386 0.074592
vt 0.100469 0.072374
vt 0.103420 0.070700
vt 0.172790 0.118047
vt 0.173393 0.113190
vt 0.174063 0.033291
vt 0.104529 0.072656
vt 0.173389 0.113190
vt 0.177314 0.113223
vt 0.178967 0.117001
vt 0.177154 0.119970
vt 0.177985 0.033321
vt 0.247688 0.074356
vt 0.249627 0.077767
vt 0.177989 0.033325
vt 0.247688 0.074347
vt 0.250011 0.073036
vt 0.253578 0.075136
vt 0.253553 0.077801
vt 0.178014 0.030656
vt 0.250597 0.428508
vt 0.245992 0.508381
vt 0.246667 0.428478
vt 0.177133 0.467843
vt 0.247177 0.421736
vt 0.250917 0.423296
vt 0.244732 0.425058
vt 0.176749 0.380283
vt 0.175033 0.384040
vt 0.174919 0.463939
vt 0.244732 0.425063
vt 0.175033 0.384032
vt 0.174982 0.377290
vt 0.170429 0.463901
vt 0.171108 0.384002
vt 0.100464 0.421415
vt 0.101573 0.423363
vt 0.171103 0.383998
vt 0.175910 0.029665
vt 0.171306 0.293403
vt 0.175678 0.295317
vt 0.170585 0.379141
vt 0.100464 0.421411
vt 0.170585 0.379137
vt 0.102311 0.335690
vt 0.101911 0.249947
vt 0.101911 0.249943
vt 0.171913 0.288549
vt 0.175834 0.288583
vt 0.103049 0.248012
vt 0.172052 0.205733
vt 0.176416 0.207643
vt 0.171913 0.288541
vt 0.172048 0.205725
vt 0.102653 0.162265
vt 0.176581 0.200901
vt 0.178229 0.204679
vt 0.172655 0.200872
vt 0.103787 0.160334
vt 0.172651 0.200872
vt 0.246958 0.161059
vt 0.249349 0.164416
vt 0.177154 0.119966
vt 0.246958 0.161051
vt 0.248952 0.157669
vt 0.252878 0.157703
vt 0.253114 0.162923
vt 0.249627 0.077771
vt 0.178971 0.117001
vt 0.322973 0.118346
vt 0.324082 0.120294
vt 0.322977 0.118338
vt 0.253553 0.077805
vt 0.324116 0.116407
vt 0.327034 0.118625
vt 0.252380 0.250605
vt 0.322239 0.206020
vt 0.323340 0.207972
vt 0.253114 0.162927
vt 0.252140 0.245381
vt 0.252140 0.245385
vt 0.248210 0.245347
vt 0.251664 0.335610
vt 0.248611 0.252098
vt 0.251659 0.335614
vt 0.252376 0.250605
vt 0.321497 0.293698
vt 0.321898 0.379436
vt 0.321898 0.379432
vt 0.247919 0.334062
vt 0.251335 0.340838
vt 0.247405 0.340809
vt 0.250922 0.423296
vt 0.320755 0.381371
vt 0.251339 0.340834
vt 0.321156 0.467114
vt 0.320017 0.469053
vt 0.245474 0.337381
vt 0.247409 0.340796
vt 0.177491 0.292361
vt 0.245470 0.337381
vt 0.175674 0.295321
vt 0.174987 0.377286
vt 0.248611 0.252094
vt 0.177491 0.292357
vt 0.246220 0.248729
vt 0.175838 0.288579
vt 0.249349 0.164412
vt 0.250597 0.428512
vt 0.250483 0.508423
vt 0.250483 0.508419
vt 0.018645 0.848710
vt 0.018331 0.827745
vt 0.018568 0.847445
vt 0.019894 0.848743
vt 0.027228 0.839808
vt 0.017420 0.846122
vt 0.028713 0.839314
vt 0.395337 0.988667
vt 0.368056 0.988667
vt 0.381697 0.965041
vt 0.017994 0.829562
vt 0.020736 0.826606
vt 0.025268 0.840824
vt 0.017452 0.824530
vt 0.039163 0.844254
vt 0.040685 0.845487
vt 0.017420 0.824297
vt 0.040941 0.845473
vt 0.342951 0.958729
vt 0.366577 0.972369
vt 0.342951 0.986010
vt 0.018421 0.848958
vt 0.040043 0.847258
vt 0.026312 0.838874
vt 0.026815 0.837386
vt 0.021223 0.849868
vt 0.038210 0.847621
vt 0.334559 0.957893
vt 0.334559 0.985174
vt 0.310933 0.971533
vt 0.023284 0.842791
vt 0.038216 0.841333
vt 0.298345 0.986896
vt 0.274719 0.973256
vt 0.298345 0.959615
vt 0.023667 0.827560
vt 0.876387 0.018309
vt 0.872579 0.016619
vt 0.876617 0.016642
vt 0.878019 0.018215
vt 0.878564 0.017051
vt 0.847000 0.104165
vt 0.843333 0.106179
vt 0.842960 0.104525
vt 0.841673 0.106231
vt 0.841033 0.105093
vt 0.852022 0.106576
vt 0.847104 0.106228
vt 0.867767 0.019463
vt 0.872653 0.018689
vt 0.847096 0.106520
vt 0.843359 0.106352
vt 0.016967 0.622216
vt 0.019665 0.617939
vt 0.018465 0.622647
vt 0.017971 0.625771
vt 0.016967 0.626438
vt 0.841724 0.106343
vt 0.017944 0.627136
vt 0.016983 0.628592
vt 0.841431 0.106406
vt 0.841371 0.106349
vt 0.018344 0.627975
vt 0.017130 0.629176
vt 0.841260 0.106643
vt 0.841356 0.106686
vt 0.017712 0.629330
vt 0.841355 0.108276
vt 0.841531 0.108287
vt 0.019179 0.628386
vt 0.019867 0.629371
vt 0.841735 0.112009
vt 0.842032 0.111974
vt 0.020544 0.628374
vt 0.024088 0.629419
vt 0.842508 0.116896
vt 0.842852 0.116741
vt 0.028395 0.626771
vt 0.029345 0.628868
vt 0.843483 0.121053
vt 0.843726 0.120727
vt 0.032524 0.625559
vt 0.034046 0.628007
vt 0.845187 0.123233
vt 0.845116 0.123033
vt 0.035116 0.623713
vt 0.037320 0.626256
vt 0.847023 0.124065
vt 0.846993 0.123860
vt 0.036291 0.621776
vt 0.039135 0.623784
vt 0.849288 0.123908
vt 0.849274 0.123822
vt 0.039747 0.620661
vt 0.851290 0.123428
vt 0.851267 0.123529
vt 0.036407 0.619446
vt 0.040016 0.617844
vt 0.852713 0.122420
vt 0.852700 0.122576
vt 0.036631 0.617691
vt 0.039401 0.615450
vt 0.854114 0.120647
vt 0.853877 0.120399
vt 0.036778 0.616488
vt 0.037612 0.613128
vt 0.855641 0.118527
vt 0.855220 0.118112
vt 0.034986 0.615476
vt 0.035492 0.611024
vt 0.857279 0.116596
vt 0.857520 0.116840
vt 0.031033 0.611479
vt 0.033412 0.608879
vt 0.858969 0.115441
vt 0.859105 0.115382
vt 0.030043 0.609674
vt 0.031111 0.607064
vt 0.859715 0.113953
vt 0.859580 0.113967
vt 0.028838 0.609808
vt 0.028723 0.606422
vt 0.859786 0.112134
vt 0.859678 0.112141
vt 0.027080 0.610012
vt 0.025904 0.606659
vt 0.859419 0.110098
vt 0.859622 0.110067
vt 0.024749 0.610102
vt 0.022774 0.607234
vt 0.858389 0.108475
vt 0.858583 0.108484
vt 0.020281 0.609020
vt 0.022799 0.611254
vt 0.855989 0.107407
vt 0.856248 0.107121
vt 0.018493 0.612274
vt 0.020923 0.613824
vt 0.851905 0.106921
vt 0.017578 0.616966
vt 0.024867 0.614438
vt 0.022959 0.616835
vt 0.021274 0.620199
vt 0.028012 0.618418
vt 0.025885 0.620521
vt 0.023427 0.622951
vt 0.019440 0.624062
vt 0.020639 0.625708
vt 0.022270 0.626925
vt 0.026154 0.625135
vt 0.023674 0.627916
vt 0.029536 0.623489
vt 0.031956 0.621609
vt 0.033144 0.619973
vt 0.029393 0.617053
vt 0.033748 0.618109
vt 0.030710 0.615751
vt 0.034180 0.616804
vt 0.031577 0.614894
vt 0.029696 0.612270
vt 0.028387 0.612686
vt 0.026516 0.613269
vt 0.857109 0.103913
vt 0.852139 0.103736
vt 0.861430 0.022141
vt 0.862342 0.017305
vt 0.863610 0.020438
vt 0.867375 0.016619
vt 0.863936 0.020681
vt 0.861630 0.022070
vt 0.867922 0.019806
vt 0.702451 0.892036
vt 0.701430 0.896342
vt 0.699881 0.893911
vt 0.696739 0.897257
vt 0.695765 0.895170
vt 0.872689 0.018987
vt 0.691489 0.897868
vt 0.691058 0.896369
vt 0.876375 0.018485
vt 0.687934 0.896863
vt 0.687268 0.897868
vt 0.877977 0.018311
vt 0.686568 0.896891
vt 0.685113 0.897852
vt 0.878257 0.018385
vt 0.685729 0.896490
vt 0.684529 0.897704
vt 0.878431 0.018628
vt 0.878313 0.018326
vt 0.684375 0.897122
vt 0.685319 0.895656
vt 0.878484 0.020287
vt 0.878321 0.018678
vt 0.684334 0.894968
vt 0.685331 0.894290
vt 0.686780 0.892564
vt 0.687998 0.894196
vt 0.685789 0.891161
vt 0.688570 0.888680
vt 0.690754 0.891408
vt 0.689643 0.895395
vt 0.693506 0.893561
vt 0.693184 0.888950
vt 0.696869 0.891876
vt 0.695287 0.886822
vt 0.699267 0.889968
vt 0.696652 0.885441
vt 0.700436 0.888318
vt 0.701019 0.886448
vt 0.703693 0.887754
vt 0.703603 0.890085
vt 0.707046 0.888930
vt 0.706471 0.892060
vt 0.704684 0.894553
vt 0.860755 0.026243
vt 0.860803 0.023947
vt 0.860841 0.026228
vt 0.860598 0.023977
vt 0.861235 0.028245
vt 0.861134 0.028222
vt 0.707283 0.886111
vt 0.862243 0.029668
vt 0.862087 0.029654
vt 0.703897 0.885996
vt 0.706641 0.883724
vt 0.864016 0.031069
vt 0.864264 0.030831
vt 0.704030 0.884792
vt 0.704826 0.881423
vt 0.866135 0.032595
vt 0.866551 0.032175
vt 0.702227 0.883801
vt 0.702681 0.879343
vt 0.868067 0.034233
vt 0.867823 0.034475
vt 0.698228 0.879849
vt 0.700005 0.882050
vt 0.869222 0.035923
vt 0.869281 0.036060
vt 0.697217 0.878056
vt 0.700577 0.877222
vt 0.698811 0.883258
vt 0.696900 0.880655
vt 0.695596 0.881086
vt 0.696014 0.878203
vt 0.697954 0.884125
vt 0.701435 0.885138
vt 0.698255 0.875434
vt 0.694259 0.878427
vt 0.695860 0.874819
vt 0.872529 0.036740
vt 0.870695 0.036534
vt 0.872522 0.036633
vt 0.870709 0.036670
vt 0.874565 0.036374
vt 0.874596 0.036577
vt 0.691929 0.878544
vt 0.693044 0.875088
vt 0.876188 0.035343
vt 0.876179 0.035538
vt 0.687449 0.877514
vt 0.689992 0.879718
vt 0.693732 0.881691
vt 0.692096 0.882878
vt 0.690216 0.885298
vt 0.688146 0.882310
vt 0.686934 0.886440
vt 0.685698 0.880788
vt 0.684836 0.885490
vt 0.877542 0.033203
vt 0.877742 0.028860
vt 0.878087 0.028977
vt 0.877256 0.032943
vt 0.878143 0.024051
vt 0.878434 0.024059
vt 0.684286 0.890746
vt 0.878311 0.020313
vt 0.880498 0.023955
vt 0.839664 0.112084
vt 0.839664 0.117288
vt 0.839688 0.108046
vt 0.880138 0.019914
vt 0.840096 0.106099
vt 0.879570 0.017987
vt 0.840474 0.105512
vt 0.879151 0.017428
vt 0.880927 0.029094
vt 0.840351 0.122321
vt 0.880750 0.034063
vt 0.842302 0.126106
vt 0.845498 0.127906
vt 0.879333 0.037894
vt 0.849144 0.128468
vt 0.873310 0.040941
vt 0.870196 0.040937
vt 0.852492 0.127939
vt 0.867553 0.040187
vt 0.855177 0.126657
vt 0.857751 0.124547
vt 0.864834 0.038650
vt 0.862425 0.036798
vt 0.859843 0.122238
vt 0.861695 0.119828
vt 0.860116 0.034706
vt 0.858006 0.032132
vt 0.863233 0.117110
vt 0.863982 0.114467
vt 0.856724 0.029447
vt 0.856194 0.026098
vt 0.863986 0.111353
vt 0.862996 0.108090
vt 0.856757 0.022452
vt 0.860939 0.105329
vt 0.858557 0.019257
vt 0.752926 0.581424
vt 0.754712 0.596463
vt 0.750395 0.595451
vt 0.694573 0.654775
vt 0.614465 0.605972
vt 0.675809 0.519791
vt 0.753226 0.568205
vt 0.757282 0.581529
vt 0.757522 0.566666
vt 0.768370 0.582092
vt 0.802808 0.562285
vt 0.768642 0.564717
vt 0.798567 0.608450
vt 0.765455 0.599078
vt 0.809379 0.586329
vt 0.802666 0.585708
vt 0.804994 0.610196
vt 0.852974 0.770078
vt 0.873670 0.771258
vt 0.853476 0.772957
vt 0.873707 0.768321
vt 0.893980 0.773470
vt 0.872936 0.804733
vt 0.900041 0.810698
vt 0.913774 0.779451
vt 0.894569 0.770558
vt 0.932324 0.789387
vt 0.934049 0.786831
vt 0.914923 0.776666
vt 0.798555 0.538915
vt 0.809623 0.561683
vt 0.795476 0.513420
vt 0.789439 0.516847
vt 0.780055 0.492742
vt 0.775085 0.497581
vt 0.951236 0.801072
vt 0.759861 0.476906
vt 0.756326 0.482856
vt 0.963514 0.819719
vt 0.948948 0.803131
vt 0.930654 0.838251
vt 0.960789 0.821164
vt 0.922614 0.826888
vt 0.971509 0.839844
vt 0.968618 0.840704
vt 0.972559 0.861000
vt 0.936139 0.851040
vt 0.975514 0.860707
vt 0.972589 0.881420
vt 0.939043 0.864655
vt 0.971552 0.902120
vt 0.975514 0.881691
vt 0.936686 0.892264
vt 0.968748 0.901309
vt 0.963932 0.921358
vt 0.931629 0.905214
vt 0.961332 0.920053
vt 0.950701 0.937103
vt 0.924329 0.917043
vt 0.953008 0.938858
vt 0.937075 0.951826
vt 0.914896 0.927248
vt 0.939016 0.953979
vt 0.920970 0.963793
vt 0.922481 0.966269
vt 0.902903 0.972594
vt 0.891243 0.941542
vt 0.883961 0.980797
vt 0.903929 0.975315
vt 0.877827 0.945109
vt 0.883455 0.977918
vt 0.863221 0.982572
vt 0.863967 0.946170
vt 0.863261 0.979634
vt 0.842347 0.980344
vt 0.850139 0.944478
vt 0.842951 0.977436
vt 0.823180 0.971364
vt 0.822023 0.974151
vt 0.804574 0.961512
vt 0.836899 0.940134
vt 0.785678 0.949816
vt 0.802855 0.964070
vt 0.814329 0.924037
vt 0.787964 0.947750
vt 0.806196 0.912704
vt 0.776035 0.929780
vt 0.773313 0.931225
vt 0.592056 0.679134
vt 0.571076 0.663152
vt 0.577267 0.659660
vt 0.607877 0.700111
vt 0.611492 0.694032
vt 0.631657 0.710363
vt 0.633709 0.703629
vt 0.765310 0.911084
vt 0.657075 0.714940
vt 0.657661 0.707914
vt 0.761402 0.890194
vt 0.768206 0.910242
vt 0.797896 0.886261
vt 0.764362 0.889915
vt 0.800703 0.899894
vt 0.764340 0.869477
vt 0.768200 0.849574
vt 0.797693 0.872339
vt 0.761414 0.869198
vt 0.682673 0.714424
vt 0.681992 0.707453
vt 0.705464 0.703194
vt 0.727210 0.694501
vt 0.707355 0.709755
vt 0.765394 0.848754
vt 0.775568 0.830794
vt 0.750931 0.687670
vt 0.746947 0.682283
vt 0.783937 0.812001
vt 0.772970 0.829485
vt 0.812555 0.833903
vt 0.786246 0.813759
vt 0.800239 0.858670
vt 0.799857 0.799010
vt 0.797917 0.796855
vt 0.815943 0.787015
vt 0.821958 0.823674
vt 0.769038 0.671656
vt 0.764271 0.666964
vt 0.779176 0.649466
vt 0.790815 0.629913
vt 0.784563 0.653311
vt 0.833004 0.775531
vt 0.814437 0.784537
vt 0.796773 0.632733
vt 0.834024 0.778253
vt 0.845636 0.809348
vt 0.834218 0.817203
vt 0.846378 0.811357
vt 0.859067 0.805787
vt 0.859421 0.807892
vt 0.593608 0.141581
vt 0.609803 0.136560
vt 0.609288 0.143832
vt 0.596376 0.132237
vt 0.610749 0.129931
vt 0.592451 0.151738
vt 0.609495 0.151529
vt 0.872884 0.806918
vt 0.886765 0.806437
vt 0.886289 0.808564
vt 0.592975 0.162324
vt 0.610675 0.159406
vt 0.563709 0.165362
vt 0.567129 0.134636
vt 0.564053 0.149660
vt 0.540398 0.126046
vt 0.534451 0.166963
vt 0.535618 0.146056
vt 0.532205 0.123241
vt 0.525473 0.167260
vt 0.537105 0.188127
vt 0.566173 0.181221
vt 0.543539 0.208838
vt 0.571441 0.196703
vt 0.528195 0.190059
vt 0.553724 0.228450
vt 0.579495 0.211237
vt 0.534971 0.212370
vt 0.567437 0.246337
vt 0.590065 0.224331
vt 0.545731 0.233552
vt 0.584550 0.261711
vt 0.603029 0.235408
vt 0.560353 0.252936
vt 0.617962 0.243976
vt 0.600307 0.283133
vt 0.604666 0.273932
vt 0.634386 0.249621
vt 0.624736 0.292494
vt 0.627252 0.282358
vt 0.651640 0.286287
vt 0.651776 0.251976
vt 0.676947 0.285032
vt 0.669369 0.250609
vt 0.651293 0.297043
vt 0.686183 0.245491
vt 0.707029 0.289030
vt 0.702027 0.278503
vt 0.701222 0.236540
vt 0.734227 0.277888
vt 0.725130 0.266472
vt 0.742004 0.246588
vt 0.713294 0.223899
vt 0.754011 0.223637
vt 0.722078 0.208608
vt 0.751197 0.253844
vt 0.760698 0.199164
vt 0.727222 0.191778
vt 0.764176 0.228143
vt 0.762327 0.174510
vt 0.728859 0.174320
vt 0.771291 0.201206
vt 0.727027 0.157009
vt 0.769146 0.148414
vt 0.759198 0.150623
vt 0.751723 0.128322
vt 0.721974 0.140517
vt 0.760791 0.124386
vt 0.740553 0.108205
vt 0.714057 0.125396
vt 0.726140 0.090872
vt 0.703655 0.112174
vt 0.748583 0.102747
vt 0.691290 0.101107
vt 0.714610 0.069013
vt 0.709275 0.076600
vt 0.677395 0.092554
vt 0.694353 0.057565
vt 0.690506 0.065785
vt 0.670510 0.058442
vt 0.662531 0.086569
vt 0.649900 0.054877
vt 0.647169 0.083357
vt 0.650578 0.046132
vt 0.629367 0.055136
vt 0.631863 0.083045
vt 0.628452 0.046552
vt 0.609527 0.059038
vt 0.617097 0.085470
vt 0.591001 0.066524
vt 0.603404 0.090681
vt 0.587086 0.059022
vt 0.574340 0.077336
vt 0.591186 0.098418
vt 0.580872 0.108557
vt 0.560065 0.091111
vt 0.569130 0.070787
vt 0.572812 0.120800
vt 0.541278 0.103366
vt 0.548679 0.107559
vt 0.531427 0.097770
vt 0.553639 0.085634
vt 0.526949 0.144773
vt 0.521274 0.119470
vt 0.504121 0.113349
vt 0.515439 0.143022
vt 0.494808 0.167812
vt 0.513537 0.167556
vt 0.497613 0.195990
vt 0.516337 0.192497
vt 0.505354 0.223770
vt 0.523531 0.216965
vt 0.535072 0.240259
vt 0.518012 0.250336
vt 0.550846 0.261605
vt 0.570694 0.280206
vt 0.578681 0.269697
vt 0.535495 0.274855
vt 0.594275 0.295301
vt 0.557640 0.296466
vt 0.614640 0.327370
vt 0.621137 0.306030
vt 0.650609 0.311503
vt 0.681748 0.310710
vt 0.679116 0.295971
vt 0.684887 0.334583
vt 0.713107 0.302917
vt 0.722130 0.325844
vt 0.757056 0.306696
vt 0.742142 0.287837
vt 0.763523 0.262857
vt 0.777997 0.233818
vt 0.800465 0.242718
vt 0.785555 0.203607
vt 0.808512 0.207209
vt 0.786662 0.173797
vt 0.772747 0.174320
vt 0.808928 0.172542
vt 0.782391 0.145223
vt 0.772763 0.118971
vt 0.803261 0.139855
vt 0.759196 0.095368
vt 0.791642 0.110103
vt 0.732879 0.084212
vt 0.755672 0.061117
vt 0.741743 0.075263
vt 0.732576 0.042885
vt 0.721594 0.058878
vt 0.699375 0.046621
vt 0.672818 0.049771
vt 0.680352 0.020052
vt 0.675806 0.038220
vt 0.651430 0.034481
vt 0.652751 0.016086
vt 0.627201 0.035120
vt 0.607101 0.050917
vt 0.603859 0.040087
vt 0.625222 0.017036
vt 0.581861 0.048972
vt 0.598577 0.022891
vt 0.562158 0.062025
vt 0.573512 0.033132
vt 0.545019 0.078298
vt 0.551040 0.048057
vt 0.531455 0.066607
vt 0.863264 0.316564
vt 0.848860 0.269078
vt 0.919738 0.210911
vt 0.600693 0.124100
vt 0.606556 0.117643
vt 0.611719 0.124192
vt 0.617610 0.124568
vt 0.614184 0.113410
vt 0.624355 0.125093
vt 0.623070 0.110998
vt 0.631570 0.126115
vt 0.632790 0.110354
vt 0.639003 0.127974
vt 0.642942 0.111460
vt 0.653120 0.114352
vt 0.646393 0.130769
vt 0.662934 0.118942
vt 0.653488 0.134553
vt 0.672062 0.125090
vt 0.660058 0.139273
vt 0.680161 0.132710
vt 0.665872 0.144863
vt 0.686884 0.141620
vt 0.670730 0.151176
vt 0.691968 0.151509
vt 0.674471 0.158015
vt 0.695172 0.162050
vt 0.676950 0.165200
vt 0.696325 0.172848
vt 0.678074 0.172327
vt 0.695318 0.183476
vt 0.677755 0.179172
vt 0.692145 0.193473
vt 0.676002 0.185459
vt 0.686871 0.202351
vt 0.672859 0.191020
vt 0.679712 0.209641
vt 0.668505 0.195509
vt 0.663133 0.198722
vt 0.670990 0.214954
vt 0.661141 0.218123
vt 0.656987 0.200530
vt 0.650664 0.218976
vt 0.650354 0.200851
vt 0.643533 0.199675
vt 0.640081 0.217573
vt 0.629804 0.214077
vt 0.636807 0.197062
vt 0.630444 0.193116
vt 0.620279 0.208601
vt 0.624675 0.187989
vt 0.611827 0.201442
vt 0.604715 0.192895
vt 0.619688 0.181871
vt 0.599135 0.183283
vt 0.615715 0.174870
vt 0.595205 0.172967
vt 0.612711 0.167298
vt 0.899122 0.812755
vt 0.910832 0.819460
vt 0.912184 0.817612
vt 0.920862 0.828443
vt 0.928676 0.839381
vt 0.934042 0.851725
vt 0.936866 0.864908
vt 0.939239 0.878582
vt 0.937064 0.878403
vt 0.934606 0.891675
vt 0.929721 0.904261
vt 0.922614 0.915736
vt 0.913471 0.925656
vt 0.902647 0.933695
vt 0.903745 0.935517
vt 0.890501 0.939537
vt 0.877472 0.943004
vt 0.864018 0.943983
vt 0.850622 0.942336
vt 0.837806 0.938114
vt 0.826095 0.931451
vt 0.824743 0.933319
vt 0.816058 0.922482
vt 0.808196 0.911559
vt 0.802819 0.899215
vt 0.800060 0.886016
vt 0.799872 0.872522
vt 0.802297 0.859249
vt 0.805225 0.845703
vt 0.807143 0.846657
vt 0.814256 0.835193
vt 0.823389 0.825260
vt 0.833102 0.815362
vt 0.759831 0.615448
vt 0.751035 0.630169
vt 0.749652 0.610834
vt 0.742389 0.623968
vt 0.732530 0.635234
vt 0.740003 0.642737
vt 0.721074 0.645088
vt 0.727519 0.653897
vt 0.708359 0.653065
vt 0.713067 0.662926
vt 0.694852 0.658803
vt 0.697051 0.669545
vt 0.679337 0.672171
vt 0.678639 0.660931
vt 0.662407 0.661863
vt 0.661307 0.673125
vt 0.645923 0.660223
vt 0.643099 0.671237
vt 0.630448 0.656723
vt 0.626407 0.665935
vt 0.614243 0.656707
vt 0.612473 0.658578
vt 0.604936 0.644837
vt 0.613976 0.641284
vt 0.601057 0.627493
vt 0.611892 0.624893
vt 0.598385 0.609300
vt 0.610008 0.607562
vt 0.568074 0.636703
vt 0.599350 0.591603
vt 0.610365 0.592350
vt 0.564282 0.588684
vt 0.612959 0.577284
vt 0.602110 0.574374
vt 0.618370 0.562987
vt 0.568558 0.565404
vt 0.608604 0.558407
vt 0.625430 0.549690
vt 0.588909 0.523557
vt 0.616775 0.543371
vt 0.635758 0.538638
vt 0.628379 0.530862
vt 0.647816 0.529006
vt 0.604230 0.506207
vt 0.641485 0.519619
vt 0.656764 0.511229
vt 0.661198 0.521282
vt 0.642002 0.480030
vt 0.673013 0.505592
vt 0.675275 0.516053
vt 0.690113 0.503031
vt 0.690698 0.513897
vt 0.687339 0.468520
vt 0.707548 0.502258
vt 0.706293 0.513356
vt 0.711069 0.468480
vt 0.724549 0.505294
vt 0.721624 0.515549
vt 0.734255 0.473459
vt 0.736324 0.518900
vt 0.740823 0.509680
vt 0.754561 0.517267
vt 0.752777 0.518715
vt 0.761656 0.530629
vt 0.752912 0.533992
vt 0.766260 0.547015
vt 0.755595 0.549762
vt 0.749409 0.536242
vt 0.751349 0.551051
vt 0.746407 0.525133
vt 0.732970 0.523089
vt 0.720278 0.519635
vt 0.705727 0.517606
vt 0.690902 0.518199
vt 0.662955 0.525295
vt 0.650264 0.532682
vt 0.638681 0.541716
vt 0.628550 0.551891
vt 0.622269 0.564730
vt 0.617207 0.578286
vt 0.614759 0.592482
vt 0.616182 0.623676
vt 0.617673 0.639001
vt 0.620499 0.650382
vt 0.633379 0.652731
vt 0.647237 0.655850
vt 0.663070 0.657657
vt 0.678485 0.656545
vt 0.706606 0.649196
vt 0.718604 0.641553
vt 0.729566 0.632242
vt 0.739146 0.621719
vt 0.745685 0.609068
vt 0.736388 0.466845
vt 0.711788 0.461662
vt 0.686785 0.461662
vt 0.664014 0.472314
vt 0.662335 0.465735
vt 0.621859 0.491299
vt 0.639233 0.473897
vt 0.618077 0.485808
vt 0.599535 0.501395
vt 0.577232 0.543643
vt 0.583488 0.519643
vt 0.562025 0.563534
vt 0.557371 0.587974
vt 0.556648 0.613318
vt 0.563629 0.612767
vt 0.561221 0.638700
vt 0.310540 0.021475
vt 0.309862 0.018540
vt 0.310583 0.018169
vt 0.309953 0.027985
vt 0.309567 0.021594
vt 0.309524 0.018757
vt 0.308676 0.027826
vt 0.309114 0.021717
vt 0.017452 0.693316
vt 0.017911 0.694611
vt 0.016862 0.696349
vt 0.018533 0.687205
vt 0.018103 0.692566
vt 0.307873 0.035753
vt 0.308222 0.027852
vt 0.021203 0.681094
vt 0.019390 0.688050
vt 0.020240 0.690377
vt 0.023100 0.684811
vt 0.019829 0.679481
vt 0.022769 0.674629
vt 0.025664 0.679654
vt 0.030211 0.685990
vt 0.026186 0.689381
vt 0.021827 0.693058
vt 0.024203 0.695072
vt 0.030167 0.693192
vt 0.035679 0.691543
vt 0.033523 0.683201
vt 0.039874 0.689690
vt 0.035985 0.681129
vt 0.042417 0.687230
vt 0.028212 0.675838
vt 0.024919 0.670099
vt 0.031073 0.673763
vt 0.020959 0.672396
vt 0.023069 0.667355
vt 0.028288 0.667924
vt 0.305379 0.047707
vt 0.301919 0.049705
vt 0.305210 0.047395
vt 0.307295 0.043020
vt 0.306788 0.042711
vt 0.297670 0.050901
vt 0.302058 0.050038
vt 0.031763 0.664122
vt 0.026896 0.664843
vt 0.293643 0.050332
vt 0.297627 0.050463
vt 0.036312 0.664788
vt 0.032389 0.667261
vt 0.036129 0.667586
vt 0.034137 0.672820
vt 0.037027 0.672344
vt 0.038042 0.679396
vt 0.043878 0.684368
vt 0.044843 0.681591
vt 0.049086 0.687070
vt 0.047697 0.691008
vt 0.049415 0.683299
vt 0.052101 0.688256
vt 0.050488 0.692944
vt 0.052234 0.683602
vt 0.275606 0.029467
vt 0.277080 0.024967
vt 0.276155 0.029532
vt 0.276299 0.033941
vt 0.276669 0.033873
vt 0.278418 0.036763
vt 0.278774 0.036717
vt 0.050530 0.680207
vt 0.282513 0.038654
vt 0.282894 0.038329
vt 0.048861 0.681099
vt 0.046650 0.677802
vt 0.039861 0.677862
vt 0.045497 0.679576
vt 0.042980 0.675223
vt 0.039112 0.672040
vt 0.041041 0.671202
vt 0.038184 0.668497
vt 0.039333 0.667017
vt 0.289096 0.044873
vt 0.291045 0.048247
vt 0.291019 0.048555
vt 0.293702 0.049997
vt 0.289312 0.050353
vt 0.292790 0.052781
vt 0.286867 0.046420
vt 0.050371 0.517258
vt 0.050446 0.512912
vt 0.052839 0.516432
vt 0.048621 0.514602
vt 0.046531 0.510412
vt 0.050033 0.517313
vt 0.048312 0.514624
vt 0.044953 0.512626
vt 0.044587 0.512896
vt 0.574142 0.842585
vt 0.570985 0.842039
vt 0.573949 0.839830
vt 0.572122 0.843491
vt 0.569318 0.846162
vt 0.573278 0.847280
vt 0.570485 0.852742
vt 0.571219 0.846985
vt 0.567407 0.850120
vt 0.564881 0.854408
vt 0.569030 0.851507
vt 0.572290 0.854267
vt 0.576135 0.847739
vt 0.565512 0.856416
vt 0.574339 0.855991
vt 0.579172 0.848654
vt 0.566452 0.859192
vt 0.567894 0.862065
vt 0.561218 0.861830
vt 0.560939 0.858063
vt 0.562561 0.865797
vt 0.558183 0.862965
vt 0.558127 0.858322
vt 0.034230 0.499704
vt 0.029887 0.499436
vt 0.029829 0.498881
vt 0.025357 0.500259
vt 0.025207 0.499894
vt 0.037000 0.501853
vt 0.034170 0.500054
vt 0.559873 0.854970
vt 0.561520 0.855880
vt 0.038821 0.505960
vt 0.036957 0.502201
vt 0.563756 0.852636
vt 0.041119 0.510097
vt 0.038495 0.506338
vt 0.041310 0.504500
vt 0.043283 0.508136
vt 0.040571 0.510612
vt 0.284633 0.043152
vt 0.281016 0.041132
vt 0.286621 0.041013
vt 0.289371 0.044512
vt 0.287143 0.040473
vt 0.276522 0.038744
vt 0.038986 0.500001
vt 0.273585 0.034971
vt 0.272477 0.029215
vt 0.035285 0.497064
vt 0.029708 0.495936
vt 0.276714 0.024787
vt 0.274136 0.023384
vt 0.279376 0.021409
vt 0.277852 0.019323
vt 0.021770 0.502461
vt 0.023908 0.497311
vt 0.021947 0.502787
vt 0.019938 0.507456
vt 0.020356 0.507739
vt 0.017751 0.506754
vt 0.562884 0.871077
vt 0.565291 0.868773
vt 0.568240 0.872298
vt 0.570145 0.870142
vt 0.570429 0.864548
vt 0.574641 0.866429
vt 0.576801 0.858053
vt 0.580132 0.860827
vt 0.582022 0.850685
vt 0.584599 0.854442
vt 0.587246 0.859552
vt 0.584216 0.864205
vt 0.580210 0.868092
vt 0.590250 0.865106
vt 0.588694 0.867876
vt 0.586287 0.869967
vt 0.584096 0.871237
vt 0.576828 0.870618
vt 0.583395 0.872247
vt 0.575450 0.872256
vt 0.019267 0.514729
vt 0.019744 0.514815
vt 0.018911 0.522633
vt 0.018456 0.522659
vt 0.018034 0.528787
vt 0.017579 0.528911
vt 0.588892 0.871729
vt 0.017621 0.531751
vt 0.017282 0.531967
vt 0.591011 0.871546
vt 0.589770 0.872257
vt 0.592341 0.870829
vt 0.593002 0.872298
vt 0.592760 0.869380
vt 0.593931 0.871168
vt 0.593933 0.872114
vt 0.018210 0.532932
vt 0.017711 0.532486
vt 0.018433 0.532608
vt 0.017484 0.532707
vt 0.021249 0.532670
vt 0.021378 0.532217
vt 0.593189 0.868021
vt 0.027499 0.531920
vt 0.027538 0.531467
vt 0.592497 0.867279
vt 0.591891 0.861847
vt 0.035445 0.531315
vt 0.035377 0.530821
vt 0.589062 0.855795
vt 0.591050 0.862725
vt 0.042485 0.530350
vt 0.042787 0.530863
vt 0.587385 0.849423
vt 0.590390 0.854158
vt 0.047256 0.528843
vt 0.047585 0.529021
vt 0.585210 0.844985
vt 0.589122 0.847201
vt 0.049632 0.525562
vt 0.049971 0.525704
vt 0.581873 0.842870
vt 0.587005 0.842269
vt 0.050891 0.521307
vt 0.050452 0.521259
vt 0.578424 0.839148
vt 0.583222 0.839826
vt 0.577826 0.842245
vt 0.053646 0.521500
vt 0.052427 0.526906
vt 0.297830 0.053646
vt 0.303227 0.052489
vt 0.049159 0.530955
vt 0.307272 0.049268
vt 0.043508 0.533142
vt 0.309405 0.043719
vt 0.309700 0.036042
vt 0.035677 0.533167
vt 0.027625 0.533198
vt 0.021114 0.533638
vt 0.307393 0.035660
vt 0.017827 0.533638
vt 0.016942 0.533235
vt 0.309660 0.017801
vt 0.310202 0.017273
vt 0.016561 0.532339
vt 0.309317 0.016870
vt 0.308934 0.017576
vt 0.309434 0.018022
vt 0.308711 0.017900
vt 0.018353 0.695991
vt 0.017750 0.697400
vt 0.016872 0.697241
vt 0.019639 0.696657
vt 0.021687 0.696811
vt 0.026354 0.696300
vt 0.020839 0.697328
vt 0.027042 0.697286
vt 0.305897 0.017839
vt 0.305768 0.018293
vt 0.299636 0.018576
vt 0.299599 0.019029
vt 0.291696 0.019202
vt 0.291770 0.019680
vt 0.033505 0.695684
vt 0.034858 0.697305
vt 0.284687 0.020127
vt 0.284416 0.019701
vt 0.040119 0.695248
vt 0.041987 0.697400
vt 0.044948 0.693935
vt 0.047310 0.696251
vt 0.279695 0.021603
vt 0.283770 0.017498
vt 0.291450 0.017373
vt 0.017442 0.514439
vt 0.017178 0.522501
vt 0.299506 0.017297
vt 0.306032 0.016870
vt 0.016604 0.529030
vt 0.026423 0.333014
vt 0.022912 0.333391
vt 0.022846 0.333265
vt 0.020157 0.336504
vt 0.024616 0.338112
vt 0.026568 0.333083
vt 0.022456 0.337709
vt 0.020250 0.336487
vt 0.022432 0.337700
vt 0.074520 0.196368
vt 0.077631 0.193574
vt 0.077758 0.193640
vt 0.073288 0.194064
vt 0.074537 0.196274
vt 0.073991 0.196531
vt 0.073297 0.194089
vt 0.019990 0.337011
vt 0.066636 0.199301
vt 0.073890 0.196480
vt 0.017245 0.344364
vt 0.020040 0.337112
vt 0.066678 0.199454
vt 0.063978 0.199779
vt 0.016659 0.347075
vt 0.017092 0.344322
vt 0.063923 0.199894
vt 0.061528 0.195658
vt 0.020894 0.349457
vt 0.016774 0.347020
vt 0.062708 0.198919
vt 0.061534 0.195676
vt 0.017634 0.348276
vt 0.020877 0.349450
vt 0.061179 0.197400
vt 0.062693 0.198899
vt 0.017654 0.348292
vt 0.019115 0.349775
vt 0.062154 0.200467
vt 0.061207 0.197438
vt 0.016140 0.348901
vt 0.019153 0.349804
vt 0.052911 0.200295
vt 0.062081 0.200413
vt 0.016257 0.358071
vt 0.016085 0.348828
vt 0.052836 0.200393
vt 0.052337 0.198400
vt 0.018153 0.358644
vt 0.016160 0.358146
vt 0.052330 0.198467
vt 0.051274 0.200354
vt 0.016198 0.359706
vt 0.018086 0.358651
vt 0.044056 0.199488
vt 0.051332 0.200467
vt 0.017061 0.366924
vt 0.016085 0.359648
vt 0.044288 0.198251
vt 0.044137 0.199425
vt 0.017124 0.366843
vt 0.018243 0.366717
vt 0.043488 0.199254
vt 0.044263 0.198306
vt 0.017418 0.367534
vt 0.018298 0.366692
vt 0.039970 0.198567
vt 0.043445 0.199130
vt 0.017979 0.371009
vt 0.017295 0.367491
vt 0.034334 0.196413
vt 0.040014 0.198412
vt 0.018134 0.370965
vt 0.020128 0.376645
vt 0.035972 0.192524
vt 0.034434 0.196369
vt 0.020172 0.376546
vt 0.023993 0.375030
vt 0.035953 0.192549
vt 0.033359 0.195373
vt 0.021171 0.377616
vt 0.024017 0.375011
vt 0.033409 0.195492
vt 0.032981 0.195322
vt 0.021221 0.377992
vt 0.021051 0.377565
vt 0.032409 0.195311
vt 0.032958 0.195473
vt 0.021379 0.378518
vt 0.021070 0.378016
vt 0.029903 0.194299
vt 0.032456 0.195164
vt 0.022239 0.381067
vt 0.021231 0.378564
vt 0.029851 0.194446
vt 0.027910 0.193604
vt 0.022931 0.383058
vt 0.022092 0.381119
vt 0.027811 0.193693
vt 0.027066 0.190430
vt 0.026098 0.383904
vt 0.022841 0.383157
vt 0.026695 0.192198
vt 0.027038 0.190463
vt 0.024333 0.384281
vt 0.026065 0.383933
vt 0.026548 0.190928
vt 0.026698 0.192189
vt 0.025603 0.384425
vt 0.024342 0.384278
vt 0.026247 0.191887
vt 0.026547 0.190959
vt 0.024647 0.384727
vt 0.025572 0.384425
vt 0.025894 0.189479
vt 0.026250 0.191871
vt 0.024663 0.384725
vt 0.027053 0.385074
vt 0.025522 0.192358
vt 0.025871 0.189457
vt 0.027075 0.385097
vt 0.024124 0.385402
vt 0.025562 0.192431
vt 0.021133 0.190179
vt 0.026358 0.389800
vt 0.024197 0.385442
vt 0.021045 0.190300
vt 0.017258 0.186164
vt 0.030337 0.393642
vt 0.026237 0.389887
vt 0.017033 0.185290
vt 0.017386 0.185275
vt 0.031203 0.393859
vt 0.031215 0.393514
vt 0.032170 0.393876
vt 0.032094 0.393301
vt 0.016996 0.184294
vt 0.017611 0.184376
vt 0.032996 0.393276
vt 0.033098 0.393605
vt 0.017636 0.183452
vt 0.017300 0.183343
vt 0.033874 0.393170
vt 0.033963 0.393281
vt 0.017752 0.182565
vt 0.017641 0.182474
vt 0.036721 0.388555
vt 0.036851 0.388616
vt 0.022369 0.179599
vt 0.022430 0.179730
vt 0.037398 0.386943
vt 0.037268 0.386899
vt 0.024059 0.179062
vt 0.024103 0.179193
vt 0.037629 0.386273
vt 0.037506 0.386242
vt 0.024737 0.178836
vt 0.024766 0.178960
vt 0.037718 0.385682
vt 0.037647 0.385720
vt 0.025332 0.178752
vt 0.025293 0.178824
vt 0.035863 0.385120
vt 0.035640 0.385070
vt 0.025881 0.180629
vt 0.025927 0.180852
vt 0.038011 0.384974
vt 0.038070 0.385069
vt 0.026034 0.178485
vt 0.025939 0.178426
vt 0.038539 0.384394
vt 0.038412 0.384312
vt 0.026616 0.177960
vt 0.026697 0.178087
vt 0.038918 0.383784
vt 0.038780 0.383728
vt 0.027227 0.177583
vt 0.027283 0.177721
vt 0.039746 0.379888
vt 0.039595 0.379866
vt 0.031129 0.176770
vt 0.031150 0.176921
vt 0.040340 0.372880
vt 0.040284 0.372943
vt 0.038077 0.176257
vt 0.038141 0.176202
vt 0.038147 0.373405
vt 0.038121 0.373413
vt 0.037607 0.178394
vt 0.037598 0.178420
vt 0.041431 0.371689
vt 0.041417 0.371692
vt 0.039330 0.175118
vt 0.039327 0.175131
vt 0.038623 0.372268
vt 0.038664 0.372254
vt 0.038742 0.177923
vt 0.038757 0.177881
vt 0.040441 0.370899
vt 0.040320 0.370803
vt 0.040113 0.176110
vt 0.040209 0.176231
vt 0.041035 0.369624
vt 0.040881 0.369576
vt 0.041387 0.175519
vt 0.041435 0.175673
vt 0.041754 0.365201
vt 0.041655 0.365263
vt 0.045745 0.174908
vt 0.045807 0.174809
vt 0.038450 0.364255
vt 0.038423 0.364250
vt 0.046745 0.178112
vt 0.046750 0.178139
vt 0.042286 0.364350
vt 0.042209 0.364271
vt 0.046653 0.174283
vt 0.046732 0.174360
vt 0.042352 0.357695
vt 0.042207 0.357727
vt 0.053296 0.174224
vt 0.053265 0.174369
vt 0.041943 0.357217
vt 0.042100 0.357198
vt 0.053773 0.174633
vt 0.053791 0.174476
vt 0.042069 0.356721
vt 0.042217 0.356719
vt 0.054267 0.174507
vt 0.054268 0.174360
vt 0.041336 0.352715
vt 0.041227 0.352806
vt 0.058264 0.175242
vt 0.058173 0.175350
vt 0.037187 0.351011
vt 0.037157 0.351009
vt 0.059963 0.179384
vt 0.059965 0.179415
vt 0.040846 0.351316
vt 0.040835 0.351313
vt 0.059658 0.175750
vt 0.059655 0.175739
vt 0.038693 0.350555
vt 0.038636 0.350552
vt 0.060414 0.177886
vt 0.060416 0.177943
vt 0.041231 0.349762
vt 0.041137 0.349715
vt 0.061199 0.175357
vt 0.061247 0.175450
vt 0.038745 0.342575
vt 0.038880 0.342502
vt 0.068365 0.177824
vt 0.068438 0.177690
vt 0.035228 0.337993
vt 0.035171 0.338108
vt 0.072822 0.181376
vt 0.072937 0.181319
vt 0.032427 0.338063
vt 0.032240 0.338085
vt 0.072871 0.184114
vt 0.072848 0.184297
vt 0.035000 0.337647
vt 0.035070 0.337670
vt 0.073259 0.181566
vt 0.073236 0.181498
vt 0.031912 0.333021
vt 0.031974 0.332907
vt 0.077858 0.184591
vt 0.077971 0.184529
vt 0.077893 0.188135
vt 0.077968 0.187996
vt 0.028329 0.333012
vt 0.028469 0.332925
vt 0.027492 0.318170
vt 0.027643 0.317992
vt 0.092635 0.187803
vt 0.026383 0.317766
vt 0.026436 0.318319
vt 0.093175 0.188842
vt 0.092620 0.188862
vt 0.025377 0.318366
vt 0.025200 0.318239
vt 0.092707 0.189924
vt 0.092875 0.190085
vt 0.077913 0.189894
vt 0.077994 0.190040
vt 0.072872 0.191898
vt 0.072936 0.188793
vt 0.077905 0.189011
vt 0.072567 0.188781
vt 0.073213 0.185770
vt 0.072191 0.188767
vt 0.072845 0.184947
vt 0.072468 0.184169
vt 0.067805 0.183045
vt 0.067378 0.188444
vt 0.071885 0.193451
vt 0.072369 0.192671
vt 0.066996 0.193912
vt 0.064676 0.193865
vt 0.065064 0.188273
vt 0.062737 0.188094
vt 0.065534 0.182724
vt 0.060391 0.187915
vt 0.063244 0.182385
vt 0.060915 0.182024
vt 0.060095 0.187897
vt 0.059998 0.193795
vt 0.062345 0.193806
vt 0.059651 0.194075
vt 0.059798 0.187879
vt 0.059306 0.194358
vt 0.053554 0.187426
vt 0.060269 0.181393
vt 0.060620 0.181688
vt 0.054036 0.180813
vt 0.052736 0.187367
vt 0.052903 0.180674
vt 0.053228 0.180600
vt 0.052418 0.187344
vt 0.047595 0.180365
vt 0.051935 0.194010
vt 0.052246 0.194130
vt 0.046665 0.193536
vt 0.046311 0.193310
vt 0.047117 0.186962
vt 0.045958 0.193085
vt 0.046749 0.186936
vt 0.046761 0.180720
vt 0.047179 0.180545
vt 0.046382 0.186910
vt 0.041167 0.180610
vt 0.040790 0.186547
vt 0.037697 0.180714
vt 0.037313 0.186309
vt 0.037409 0.181004
vt 0.036932 0.191965
vt 0.040394 0.192510
vt 0.036648 0.191587
vt 0.036347 0.191225
vt 0.037055 0.186282
vt 0.035706 0.191110
vt 0.036800 0.186257
vt 0.035096 0.181300
vt 0.037121 0.181295
vt 0.034113 0.186038
vt 0.034854 0.181392
vt 0.033895 0.186015
vt 0.030930 0.181275
vt 0.030187 0.190225
vt 0.035470 0.190958
vt 0.027597 0.189819
vt 0.030603 0.185742
vt 0.026993 0.185474
vt 0.027272 0.185418
vt 0.026608 0.181311
vt 0.026926 0.181167
vt 0.026467 0.185384
vt 0.025882 0.181624
vt 0.026185 0.181221
vt 0.026512 0.189411
vt 0.026747 0.189824
vt 0.027322 0.189821
vt 0.026300 0.188999
vt 0.026214 0.185362
vt 0.025623 0.188566
vt 0.025960 0.185337
vt 0.025404 0.185259
vt 0.025588 0.182023
vt 0.024761 0.182403
vt 0.025112 0.182196
vt 0.021938 0.184911
vt 0.024973 0.185277
vt 0.021521 0.187556
vt 0.025049 0.188322
vt 0.022162 0.182273
vt 0.053075 0.194039
vt 0.027448 0.333046
vt 0.027712 0.338024
vt 0.027730 0.338393
vt 0.030755 0.337723
vt 0.031585 0.338090
vt 0.027750 0.338770
vt 0.032367 0.338469
vt 0.033507 0.343147
vt 0.028095 0.343590
vt 0.023070 0.339103
vt 0.023847 0.338618
vt 0.022627 0.343989
vt 0.022680 0.346308
vt 0.028273 0.345906
vt 0.028456 0.348236
vt 0.033833 0.345424
vt 0.034176 0.347720
vt 0.028639 0.350585
vt 0.034540 0.350055
vt 0.028658 0.350881
vt 0.022758 0.350985
vt 0.022744 0.348638
vt 0.028677 0.351179
vt 0.022477 0.351330
vt 0.022195 0.351675
vt 0.029131 0.357429
vt 0.035173 0.350704
vt 0.034877 0.350352
vt 0.035752 0.356948
vt 0.029190 0.358248
vt 0.035891 0.358084
vt 0.035965 0.357758
vt 0.036195 0.363399
vt 0.029212 0.358566
vt 0.022543 0.359047
vt 0.022423 0.358737
vt 0.023015 0.364319
vt 0.029592 0.363872
vt 0.023240 0.364672
vt 0.029617 0.364240
vt 0.023466 0.365026
vt 0.035839 0.364235
vt 0.036014 0.363817
vt 0.035939 0.369835
vt 0.029643 0.364607
vt 0.035827 0.373307
vt 0.029998 0.370201
vt 0.035535 0.373594
vt 0.030231 0.373678
vt 0.024577 0.374052
vt 0.024036 0.370590
vt 0.024954 0.374336
vt 0.030257 0.373936
vt 0.025316 0.374636
vt 0.030281 0.374192
vt 0.025430 0.375277
vt 0.035232 0.375907
vt 0.035244 0.373882
vt 0.035140 0.376148
vt 0.030494 0.376876
vt 0.035243 0.380070
vt 0.030517 0.377094
vt 0.026306 0.380790
vt 0.025582 0.375513
vt 0.030782 0.380382
vt 0.026708 0.383375
vt 0.031039 0.383985
vt 0.031096 0.383707
vt 0.035188 0.384387
vt 0.035335 0.384069
vt 0.031127 0.384509
vt 0.034870 0.385109
vt 0.035274 0.384809
vt 0.027117 0.384457
vt 0.026704 0.384223
vt 0.026707 0.383649
vt 0.031149 0.384760
vt 0.027530 0.384668
vt 0.031173 0.385013
vt 0.027961 0.385343
vt 0.034470 0.385399
vt 0.031248 0.385567
vt 0.034085 0.386220
vt 0.034294 0.385872
vt 0.031581 0.389009
vt 0.031229 0.385995
vt 0.028959 0.389417
vt 0.028203 0.385913
vt 0.034196 0.388802
vt 0.022514 0.357908
vt 0.479823 0.453131
vt 0.479823 0.458959
vt 0.420997 0.438339
vt 0.479002 0.464542
vt 0.419976 0.445106
vt 0.477669 0.468676
vt 0.475690 0.472409
vt 0.473130 0.475710
vt 0.470056 0.478543
vt 0.466534 0.480871
vt 0.462635 0.482658
vt 0.419297 0.450951
vt 0.458428 0.483869
vt 0.453985 0.484471
vt 0.449374 0.484433
vt 0.444662 0.483722
vt 0.439910 0.482309
vt 0.435128 0.480131
vt 0.418979 0.455967
vt 0.431269 0.477961
vt 0.427981 0.475871
vt 0.419039 0.460236
vt 0.425298 0.473813
vt 0.419487 0.463839
vt 0.423175 0.471706
vt 0.420320 0.466868
vt 0.421539 0.469440
vt 0.422327 0.430350
vt 0.475186 0.435429
vt 0.423093 0.426471
vt 0.472203 0.429874
vt 0.423994 0.422776
vt 0.464298 0.420020
vt 0.468561 0.424698
vt 0.425080 0.419345
vt 0.454030 0.412603
vt 0.426396 0.416256
vt 0.448067 0.410078
vt 0.427982 0.413585
vt 0.441568 0.408492
vt 0.429874 0.411398
vt 0.432108 0.409749
vt 0.437860 0.408233
vt 0.434741 0.408678
vt 0.459445 0.415952
vt 0.595945 0.472019
vt 0.350281 0.365738
vt 0.351156 0.359177
vt 0.414934 0.349478
vt 0.352873 0.352623
vt 0.414215 0.345042
vt 0.355395 0.346215
vt 0.358683 0.340091
vt 0.413460 0.340628
vt 0.362695 0.334389
vt 0.412614 0.336335
vt 0.367388 0.329239
vt 0.411617 0.332251
vt 0.372727 0.324764
vt 0.378682 0.321080
vt 0.385240 0.318304
vt 0.410419 0.328463
vt 0.392391 0.316559
vt 0.408969 0.325059
vt 0.396445 0.316275
vt 0.405154 0.319728
vt 0.399846 0.316760
vt 0.402715 0.317927
vt 0.407225 0.322123
vt 0.416818 0.363443
vt 0.364913 0.396296
vt 0.417169 0.368988
vt 0.394197 0.397882
vt 0.417103 0.373698
vt 0.403716 0.393092
vt 0.407338 0.390789
vt 0.416611 0.377660
vt 0.415700 0.380973
vt 0.410280 0.388533
vt 0.414374 0.383773
vt 0.412595 0.386236
vt 0.399461 0.395484
vt 0.388975 0.399435
vt 0.383794 0.400216
vt 0.378724 0.400258
vt 0.373835 0.399596
vt 0.369206 0.398263
vt 0.361035 0.393733
vt 0.357650 0.390613
vt 0.354832 0.386979
vt 0.352654 0.382870
vt 0.100464 0.072871
vt 0.327038 0.118127
vt 0.032785 0.613700
vt 0.689921 0.875699
vt 0.876572 0.039950
vt 0.805185 0.536970
vt 0.587013 0.684125
vt 0.730253 0.700541
vt 0.515850 0.088736
vt 0.497256 0.140031
vt 0.584153 0.314295
vt 0.648520 0.334583
vt 0.783702 0.277137
vt 0.775734 0.083559
vt 0.707153 0.029253
vt 0.932203 0.213390
vt 0.943946 0.218254
vt 0.954514 0.225315
vt 0.963501 0.234303
vt 0.970562 0.244870
vt 0.975426 0.256613
vt 0.977906 0.269079
vt 0.977906 0.281788
vt 0.975426 0.294254
vt 0.970562 0.305997
vt 0.963501 0.316564
vt 0.954514 0.325552
vt 0.943946 0.332613
vt 0.932203 0.337477
vt 0.919738 0.339956
vt 0.907028 0.339956
vt 0.894562 0.337477
vt 0.882820 0.332613
vt 0.872252 0.325552
vt 0.856203 0.305997
vt 0.851339 0.294254
vt 0.848860 0.281788
vt 0.851339 0.256613
vt 0.872252 0.225315
vt 0.856203 0.244870
vt 0.863264 0.234302
vt 0.882820 0.218254
vt 0.894562 0.213390
vt 0.907028 0.210911
vt 0.571126 0.540682
vt 0.041331 0.676620
vt 0.559728 0.867703
vt 0.019736 0.500883
vt 0.017126 0.186223
vt 0.030278 0.393772
vt 0.092772 0.187634
s 1
usemtl Player
f 1025/1319/1236 1024/1320/1237 1023/1321/1238
f 1023/1321/1238 1029/1322/1239 1027/1323/1240
f 1611/1324/1241 1023/1321/1238 1026/1325/1242
f 1026/1325/1242 1027/1323/1240 1030/1326/1243
f 1027/1323/1240 1199/1327/1244 1028/1328/1245
f 1030/1326/1243 1028/1328/1245 1031/1329/1246
f 1032/1330/1247 1031/1329/1246 1033/1331/1248
f 1035/1332/1249 1030/1326/1243 1032/1330/1247
f 1034/1333/1250 1033/1331/1248 1208/1334/1251
f 1037/1335/1252 1032/1330/1247 1034/1333/1250
f 1036/1336/1253 1026/1325/1242 1035/1332/1249
f 1038/1337/1254 1035/1332/1249 1037/1335/1252
f 1040/1338/1255 1037/1335/1252 1039/1339/1256
f 1039/1339/1256 1034/1333/1250 1042/1340/1257
f 1612/1341/1258 1039/1339/1256 1041/1342/1259
f 1041/1342/1259 1042/1340/1257 1044/1343/1260
f 1042/1340/1257 1208/1334/1251 1043/1344/1261
f 1044/1343/1260 1043/1344/1261 1045/1345/1262
f 1047/1346/1263 1044/1347/1264 1045/1348/1265
f 1046/1349/1266 1041/1350/1267 1044/1347/1264
f 1217/1351/1268 1046/1352/1269 1047/1353/1270
f 1213/1354/1271 1212/1355/1271 1407/1356/1271
f 1048/1357/1272 1049/1358/1273 1046/1352/1269
f 1049/1359/1274 1612/1360/1275 1041/1350/1267
f 1051/1361/1276 1050/1362/1277 1049/1358/1273
f 1053/1363/1278 1052/1364/1279 1051/1361/1276
f 1056/1365/1280 1051/1361/1276 1048/1357/1272
f 1055/1366/1281 1054/1367/1282 1053/1363/1278
f 1058/1368/1283 1053/1363/1278 1056/1365/1280
f 1057/1369/1284 1048/1357/1272 1217/1351/1268
f 1059/1370/1285 1056/1365/1280 1057/1369/1284
f 1061/1371/1286 1058/1368/1283 1059/1370/1285
f 1060/1372/1287 1055/1366/1281 1058/1368/1283
f 1199/1327/1244 1060/1372/1287 1061/1371/1286
f 1029/1322/1239 1062/1373/1288 1060/1372/1287
f 1062/1373/1288 1064/1374/1289 1055/1366/1281
f 1024/1320/1237 1063/1375/1290 1062/1373/1288
f 1066/1376/1291 1064/1374/1289 1063/1375/1290
f 1068/1377/1292 1063/1375/1290 1065/1378/1293
f 1069/1379/1294 1067/1380/1295 1066/1376/1291
f 1071/1381/1296 1066/1376/1291 1068/1377/1292
f 1072/1382/1297 1070/1383/1298 1069/1379/1294
f 1074/1384/1299 1069/1379/1294 1071/1381/1296
f 1075/1385/1300 1073/1386/1301 1072/1382/1297
f 1074/1384/1299 1075/1385/1300 1072/1382/1297
f 1075/1385/1300 1079/1387/1302 1076/1388/1303
f 1077/1389/1304 1078/1390/1305 1075/1385/1300
f 1078/1390/1305 1082/1391/1306 1079/1387/1302
f 1080/1392/1307 1081/1393/1308 1078/1390/1305
f 1081/1393/1308 1085/1394/1309 1082/1391/1306
f 1083/1395/1310 1084/1396/1311 1081/1393/1308
f 1084/1396/1311 1088/1397/1312 1085/1394/1309
f 1086/1398/1313 1087/1399/1314 1084/1396/1311
f 1087/1399/1314 1091/1400/1315 1088/1397/1312
f 1089/1401/1316 1090/1402/1317 1087/1399/1314
f 1090/1402/1317 1094/1403/1318 1091/1400/1315
f 1092/1404/1319 1093/1405/1320 1090/1402/1317
f 1096/1406/1321 1094/1403/1318 1093/1405/1320
f 1098/1407/1322 1093/1405/1320 1095/1408/1323
f 1099/1409/1324 1097/1410/1325 1096/1406/1321
f 1101/1411/1326 1096/1406/1321 1098/1407/1322
f 1099/1409/1324 1103/1412/1327 1100/1413/1328
f 1101/1411/1326 1102/1414/1329 1099/1409/1324
f 1102/1414/1329 1106/1415/1330 1103/1412/1327
f 1104/1416/1331 1105/1417/1332 1102/1414/1329
f 1105/1417/1332 1109/1418/1333 1106/1415/1330
f 1107/1419/1334 1108/1420/1335 1105/1417/1332
f 1108/1420/1335 1112/1421/1336 1109/1418/1333
f 1110/1422/1337 1111/1423/1338 1108/1420/1335
f 1114/1424/1339 1112/1421/1336 1111/1423/1338
f 1116/1425/1340 1111/1423/1338 1113/1426/1341
f 1117/1427/1342 1115/1428/1343 1114/1424/1339
f 1119/1429/1344 1114/1424/1339 1116/1425/1340
f 1120/1430/1345 1118/1431/1346 1117/1427/1342
f 1122/1432/1347 1117/1427/1342 1119/1429/1344
f 1123/1433/1348 1121/1434/1349 1120/1430/1345
f 1125/1435/1350 1120/1430/1345 1122/1432/1347
f 1126/1436/1351 1124/1437/1352 1123/1433/1348
f 1128/1438/1353 1123/1433/1348 1125/1435/1350
f 1129/1439/1354 1127/1440/1355 1126/1436/1351
f 1131/1441/1356 1126/1436/1351 1128/1438/1353
f 1132/1442/1357 1130/1443/1358 1129/1439/1354
f 1134/1444/1359 1129/1439/1354 1131/1441/1356
f 1135/1445/1360 1133/1446/1361 1132/1442/1357
f 1137/1447/1362 1132/1442/1357 1134/1444/1359
f 1135/1445/1360 1139/1448/1363 1136/1449/1364
f 1137/1447/1362 1138/1450/1365 1135/1445/1360
f 1138/1450/1365 1142/1451/1366 1139/1448/1363
f 1140/1452/1367 1141/1453/1368 1138/1450/1365
f 1141/1453/1368 1145/1454/1369 1142/1451/1366
f 1143/1455/1370 1144/1456/1371 1141/1453/1368
f 1144/1456/1371 1148/1457/1372 1145/1454/1369
f 1146/1458/1373 1147/1459/1374 1144/1456/1371
f 1147/1459/1374 1151/1460/1375 1148/1457/1372
f 1149/1461/1376 1150/1462/1377 1147/1459/1374
f 1150/1462/1377 1154/1463/1378 1151/1460/1375
f 1152/1464/1379 1153/1465/1380 1150/1462/1377
f 1153/1465/1380 1157/1466/1381 1154/1463/1378
f 1155/1467/1382 1156/1468/1383 1153/1465/1380
f 1156/1468/1383 1160/1469/1384 1157/1466/1381
f 1158/1470/1385 1159/1471/1386 1156/1468/1383
f 1159/1471/1386 1163/1472/1387 1160/1469/1384
f 1161/1473/1388 1162/1474/1389 1159/1471/1386
f 1165/1475/1390 1163/1472/1387 1162/1474/1389
f 1167/1476/1391 1162/1474/1389 1164/1477/1392
f 1168/1478/1393 1166/1479/1394 1165/1475/1390
f 1170/1480/1395 1165/1475/1390 1167/1476/1391
f 1168/1478/1393 1172/1481/1396 1169/1482/1397
f 1170/1480/1395 1171/1483/1398 1168/1478/1393
f 1174/1484/1399 1172/1481/1396 1171/1483/1398
f 1176/1485/1400 1171/1483/1398 1173/1486/1401
f 1177/1487/1402 1175/1488/1403 1174/1484/1399
f 1179/1489/1404 1174/1484/1399 1176/1485/1400
f 1180/1490/1405 1178/1491/1406 1177/1487/1402
f 1182/1492/1407 1177/1487/1402 1179/1489/1404
f 1183/1493/1408 1181/1494/1409 1180/1490/1405
f 1185/1495/1410 1180/1490/1405 1182/1492/1407
f 1186/1496/1411 1184/1497/1412 1183/1493/1408
f 1188/1498/1413 1183/1493/1408 1185/1495/1410
f 1189/1499/1414 1187/1500/1415 1186/1496/1411
f 1191/1501/1416 1186/1496/1411 1188/1498/1413
f 1192/1502/1417 1190/1503/1418 1189/1499/1414
f 1194/1504/1419 1189/1499/1414 1191/1501/1416
f 1195/1505/1420 1193/1506/1421 1192/1502/1417
f 1197/1507/1422 1192/1502/1417 1194/1504/1419
f 1195/1505/1420 1059/1370/1285 1196/1508/1423
f 1197/1507/1422 1061/1371/1286 1195/1505/1420
f 1200/1509/1424 1197/1507/1422 1194/1504/1419
f 1028/1328/1245 1197/1507/1422 1198/1510/1425
f 1202/1511/1426 1198/1510/1425 1200/1509/1424
f 1031/1329/1246 1198/1510/1425 1201/1512/1427
f 1204/1513/1428 1201/1512/1427 1202/1511/1426
f 1033/1331/1248 1201/1512/1427 1203/1514/1429
f 1206/1515/1430 1203/1514/1429 1204/1513/1428
f 1208/1334/1251 1203/1514/1429 1205/1516/1431
f 1209/1517/1432 1205/1516/1431 1206/1515/1430
f 1043/1344/1261 1205/1516/1431 1207/1518/1433
f 1211/1519/1434 1207/1518/1433 1209/1517/1432
f 1045/1345/1262 1207/1518/1433 1210/1520/1435
f 1212/1521/1436 1211/1522/1437 1213/1523/1438
f 1212/1521/1436 1045/1348/1265 1210/1524/1439
f 1214/1525/1440 1213/1526/1441 1215/1527/1442
f 1214/1525/1440 1047/1353/1270 1212/1528/1443
f 1216/1529/1444 1215/1527/1442 1218/1530/1445
f 1216/1529/1444 1217/1351/1268 1214/1525/1440
f 1196/1508/1423 1218/1530/1445 1193/1506/1421
f 1196/1508/1423 1057/1369/1284 1216/1529/1444
f 1218/1530/1445 1221/1531/1446 1219/1532/1447
f 1193/1506/1421 1219/1532/1447 1190/1503/1418
f 1219/1532/1447 1222/1533/1448 1220/1534/1449
f 1190/1503/1418 1220/1534/1449 1187/1500/1415
f 1221/1531/1446 1224/1535/1450 1222/1533/1448
f 1215/1527/1442 1223/1536/1451 1221/1531/1446
f 1223/1537/1452 1226/1538/1453 1224/1539/1454
f 1213/1523/1438 1225/1540/1455 1223/1537/1452
f 1226/1541/1456 1227/1542/1457 1228/1543/1458
f 1225/1544/1459 1209/1517/1432 1227/1542/1457
f 1228/1543/1458 1229/1545/1460 1230/1546/1461
f 1227/1542/1457 1206/1515/1430 1229/1545/1460
f 1230/1546/1461 1231/1547/1462 1232/1548/1463
f 1229/1545/1460 1204/1513/1428 1231/1547/1462
f 1232/1548/1463 1233/1549/1464 1234/1550/1465
f 1231/1547/1462 1202/1511/1426 1233/1549/1464
f 1234/1550/1465 1235/1551/1466 1236/1552/1467
f 1233/1549/1464 1200/1509/1424 1235/1551/1466
f 1236/1552/1467 1191/1501/1416 1188/1498/1413
f 1235/1551/1466 1194/1504/1419 1191/1501/1416
f 1237/1553/1468 1188/1498/1413 1185/1495/1410
f 1239/1554/1469 1236/1552/1467 1237/1553/1468
f 1238/1555/1470 1185/1495/1410 1182/1492/1407
f 1240/1556/1471 1237/1553/1468 1238/1555/1470
f 1242/1557/1472 1239/1554/1469 1240/1556/1471
f 1241/1558/1473 1234/1550/1465 1239/1554/1469
f 1244/1559/1474 1241/1558/1473 1242/1557/1472
f 1243/1560/1475 1232/1548/1463 1241/1558/1473
f 1246/1561/1476 1243/1560/1475 1244/1559/1474
f 1245/1562/1477 1230/1546/1461 1243/1560/1475
f 1248/1563/1478 1245/1562/1477 1246/1561/1476
f 1247/1564/1479 1228/1543/1458 1245/1562/1477
f 1249/1565/1480 1248/1566/1481 1250/1567/1482
f 1224/1539/1454 1247/1568/1483 1249/1565/1480
f 1251/1569/1484 1250/1570/1485 1252/1571/1486
f 1222/1533/1448 1249/1572/1487 1251/1569/1484
f 1253/1573/1488 1252/1571/1486 1254/1574/1489
f 1220/1534/1449 1251/1569/1484 1253/1573/1488
f 1184/1497/1412 1254/1574/1489 1181/1494/1409
f 1187/1500/1415 1253/1573/1488 1184/1497/1412
f 1254/1574/1489 1257/1575/1490 1255/1576/1491
f 1181/1494/1409 1255/1576/1491 1178/1491/1406
f 1255/1576/1491 1258/1577/1492 1256/1578/1493
f 1178/1491/1406 1256/1578/1493 1175/1488/1403
f 1257/1575/1490 1260/1579/1494 1258/1577/1492
f 1252/1571/1486 1259/1580/1495 1257/1575/1490
f 1259/1581/1496 1262/1582/1497 1260/1583/1498
f 1250/1567/1482 1261/1584/1499 1259/1581/1496
f 1262/1585/1500 1263/1586/1501 1266/1587/1502
f 1261/1588/1503 1246/1561/1476 1263/1586/1501
s 0
f 1248/1589/1504 1264/1590/1271 1261/1591/1505
s 1
f 1266/1587/1502 1267/1592/1506 1268/1593/1507
f 1263/1586/1501 1244/1559/1474 1267/1592/1506
f 1268/1593/1507 1269/1594/1508 1270/1595/1509
f 1267/1592/1506 1242/1557/1472 1269/1594/1508
f 1270/1595/1509 1271/1596/1510 1272/1597/1511
f 1269/1594/1508 1240/1556/1471 1271/1596/1510
f 1272/1597/1511 1273/1598/1512 1274/1599/1513
f 1271/1596/1510 1238/1555/1470 1273/1598/1512
f 1274/1599/1513 1179/1489/1404 1176/1485/1400
f 1273/1598/1512 1182/1492/1407 1179/1489/1404
f 1289/1600/1514 1274/1599/1513 1275/1601/1515
f 1275/1601/1515 1276/1602/1516 1277/1603/1517
f 1176/1485/1400 1276/1602/1516 1274/1599/1513
f 1277/1603/1517 1279/1604/1518 1280/1605/1519
f 1278/1606/1520 1279/1604/1518 1276/1602/1516
f 1280/1605/1519 1282/1607/1521 1283/1608/1522
f 1281/1609/1523 1282/1607/1521 1279/1604/1518
f 1283/1608/1522 1284/1610/1524 1285/1611/1525
f 1286/1612/1526 1284/1610/1524 1281/1609/1523
f 1286/1612/1526 1283/1608/1522 1285/1611/1525
f 1287/1613/1527 1280/1605/1519 1286/1612/1526
f 1287/1613/1527 1281/1609/1523 1278/1606/1520
f 1173/1486/1401 1277/1603/1517 1287/1613/1527
f 1173/1486/1401 1278/1606/1520 1176/1485/1400
f 1275/1601/1515 1170/1480/1395 1288/1614/1528
f 1289/1600/1514 1288/1614/1528 1290/1615/1529
f 1291/1616/1530 1290/1615/1529 1292/1617/1531
f 1291/1616/1530 1272/1597/1511 1289/1600/1514
f 1293/1618/1532 1292/1617/1531 1294/1619/1533
f 1293/1618/1532 1270/1595/1509 1291/1616/1530
f 1295/1620/1534 1294/1619/1533 1296/1621/1535
f 1295/1620/1534 1268/1593/1507 1293/1618/1532
f 1297/1622/1536 1296/1621/1535 1298/1623/1537
f 1297/1622/1536 1266/1587/1502 1295/1620/1534
f 1300/1624/1538 1297/1625/1539 1298/1626/1540
f 1260/1583/1498 1297/1625/1539 1299/1627/1541
f 1302/1628/1542 1299/1629/1543 1300/1630/1544
f 1258/1577/1492 1299/1629/1543 1301/1631/1545
f 1304/1632/1546 1301/1631/1545 1302/1628/1542
f 1256/1578/1493 1301/1631/1545 1303/1633/1547
f 1169/1482/1397 1303/1633/1547 1304/1632/1546
f 1175/1488/1403 1303/1633/1547 1172/1481/1396
f 1304/1632/1546 1307/1634/1548 1305/1635/1549
f 1169/1482/1397 1305/1635/1549 1166/1479/1394
f 1305/1635/1549 1308/1636/1550 1306/1637/1551
f 1166/1479/1394 1306/1637/1551 1163/1472/1387
f 1307/1634/1548 1310/1638/1552 1308/1636/1550
f 1302/1628/1542 1309/1639/1553 1307/1634/1548
f 1309/1640/1554 1312/1641/1555 1310/1642/1556
f 1300/1624/1538 1311/1643/1557 1309/1640/1554
f 1312/1644/1558 1313/1645/1559 1314/1646/1560
f 1311/1647/1561 1296/1621/1535 1313/1645/1559
f 1314/1646/1560 1315/1648/1562 1316/1649/1563
f 1313/1645/1559 1294/1619/1533 1315/1648/1562
f 1316/1649/1563 1317/1650/1564 1318/1651/1565
f 1315/1648/1562 1292/1617/1531 1317/1650/1564
f 1318/1651/1565 1319/1652/1566 1320/1653/1567
f 1317/1650/1564 1290/1615/1529 1319/1652/1566
f 1320/1653/1567 1321/1654/1568 1322/1655/1569
f 1319/1652/1566 1288/1614/1528 1321/1654/1568
f 1322/1655/1569 1167/1476/1391 1164/1477/1392
f 1321/1654/1568 1170/1480/1395 1167/1476/1391
f 1322/1655/1569 1161/1473/1388 1323/1656/1570
f 1320/1653/1567 1323/1656/1570 1325/1657/1571
f 1323/1656/1570 1158/1470/1385 1324/1658/1572
f 1325/1657/1571 1324/1658/1572 1326/1659/1573
f 1327/1660/1574 1326/1659/1573 1328/1661/1575
f 1318/1651/1565 1325/1657/1571 1327/1660/1574
f 1329/1662/1576 1328/1661/1575 1330/1663/1577
f 1316/1649/1563 1327/1660/1574 1329/1662/1576
f 1331/1664/1578 1330/1663/1577 1332/1665/1579
f 1314/1646/1560 1329/1662/1576 1331/1664/1578
f 1333/1666/1580 1332/1665/1579 1334/1667/1581
f 1312/1644/1558 1331/1664/1578 1333/1666/1580
f 1336/1668/1582 1333/1669/1583 1334/1670/1584
f 1335/1671/1585 1312/1641/1555 1333/1669/1583
f 1338/1672/1586 1335/1673/1587 1336/1674/1588
f 1337/1675/1589 1310/1638/1552 1335/1673/1587
f 1340/1676/1590 1337/1675/1589 1338/1672/1586
f 1339/1677/1591 1308/1636/1550 1337/1675/1589
f 1157/1466/1381 1339/1677/1591 1340/1676/1590
f 1160/1469/1384 1306/1637/1551 1339/1677/1591
f 1341/1678/1592 1338/1672/1586 1343/1679/1593
f 1154/1463/1378 1340/1676/1590 1341/1678/1592
f 1342/1680/1594 1343/1679/1593 1344/1681/1595
f 1151/1460/1375 1341/1678/1592 1342/1680/1594
f 1344/1681/1595 1345/1682/1596 1346/1683/1597
f 1343/1679/1593 1336/1674/1588 1345/1682/1596
f 1346/1684/1598 1347/1685/1599 1348/1686/1600
f 1345/1687/1601 1334/1670/1584 1347/1685/1599
f 1347/1688/1602 1350/1689/1603 1348/1690/1604
f 1334/1667/1581 1349/1691/1605 1347/1688/1602
f 1349/1691/1605 1352/1692/1606 1350/1689/1603
f 1332/1665/1579 1351/1693/1607 1349/1691/1605
f 1351/1693/1607 1354/1694/1608 1352/1692/1606
f 1330/1663/1577 1353/1695/1609 1351/1693/1607
f 1353/1695/1609 1356/1696/1610 1354/1694/1608
f 1328/1661/1575 1355/1697/1611 1353/1695/1609
f 1355/1697/1611 1358/1698/1612 1356/1696/1610
f 1326/1659/1573 1357/1699/1613 1355/1697/1611
f 1357/1699/1613 1152/1464/1379 1358/1698/1612
f 1324/1658/1572 1155/1467/1382 1357/1699/1613
f 1358/1698/1612 1149/1461/1376 1359/1700/1614
f 1356/1696/1610 1359/1700/1614 1361/1701/1615
f 1359/1700/1614 1146/1458/1373 1360/1702/1616
f 1361/1701/1615 1360/1702/1616 1362/1703/1617
f 1363/1704/1618 1362/1703/1617 1364/1705/1619
f 1354/1694/1608 1361/1701/1615 1363/1704/1618
f 1365/1706/1620 1364/1705/1619 1366/1707/1621
f 1352/1692/1606 1363/1704/1618 1365/1706/1620
f 1367/1708/1622 1366/1707/1621 1368/1709/1623
f 1350/1689/1603 1365/1706/1620 1367/1708/1622
f 1369/1710/1624 1368/1709/1623 1370/1711/1625
f 1348/1690/1604 1367/1708/1622 1369/1710/1624
f 1372/1712/1626 1369/1713/1627 1370/1714/1628
f 1371/1715/1629 1348/1686/1600 1369/1713/1627
f 1374/1716/1630 1371/1717/1631 1372/1718/1632
f 1373/1719/1633 1346/1683/1597 1371/1717/1631
f 1376/1720/1634 1373/1719/1633 1374/1716/1630
f 1375/1721/1635 1344/1681/1595 1373/1719/1633
f 1145/1454/1369 1375/1721/1635 1376/1720/1634
f 1148/1457/1372 1342/1680/1594 1375/1721/1635
f 1377/1722/1636 1374/1716/1630 1379/1723/1637
f 1142/1451/1366 1376/1720/1634 1377/1722/1636
f 1378/1724/1638 1379/1723/1637 1380/1725/1639
f 1139/1448/1363 1377/1722/1636 1378/1724/1638
f 1380/1725/1639 1381/1726/1640 1382/1727/1641
f 1379/1723/1637 1372/1718/1632 1381/1726/1640
f 1382/1728/1642 1383/1729/1643 1384/1730/1644
f 1381/1731/1645 1370/1714/1628 1383/1729/1643
f 1383/1732/1646 1386/1733/1647 1384/1734/1648
f 1370/1711/1625 1385/1735/1649 1383/1732/1646
f 1385/1735/1649 1388/1736/1650 1386/1733/1647
f 1368/1709/1623 1387/1737/1651 1385/1735/1649
f 1387/1737/1651 1390/1738/1652 1388/1736/1650
f 1366/1707/1621 1389/1739/1653 1387/1737/1651
f 1389/1739/1653 1392/1740/1654 1390/1738/1652
f 1364/1705/1619 1391/1741/1655 1389/1739/1653
f 1391/1741/1655 1394/1742/1656 1392/1740/1654
f 1362/1703/1617 1393/1743/1657 1391/1741/1655
f 1393/1743/1657 1140/1452/1367 1394/1742/1656
f 1360/1702/1616 1143/1455/1370 1393/1743/1657
f 1394/1742/1656 1137/1447/1362 1395/1744/1658
f 1392/1740/1654 1395/1744/1658 1397/1745/1659
f 1396/1746/1660 1137/1447/1362 1134/1444/1359
f 1398/1747/1661 1395/1744/1658 1396/1746/1660
f 1400/1748/1662 1397/1745/1659 1398/1747/1661
f 1390/1738/1652 1397/1745/1659 1399/1749/1663
f 1402/1750/1664 1399/1749/1663 1400/1748/1662
f 1388/1736/1650 1399/1749/1663 1401/1751/1665
f 1404/1752/1666 1401/1751/1665 1402/1750/1664
f 1386/1733/1647 1401/1751/1665 1403/1753/1667
f 1406/1754/1668 1403/1753/1667 1404/1752/1666
f 1384/1734/1648 1403/1753/1667 1405/1755/1669
f 1407/1756/1670 1406/1757/1671 1408/1758/1672
f 1407/1756/1670 1384/1730/1644 1405/1759/1673
f 1409/1760/1674 1408/1761/1675 1410/1762/1676
f 1409/1760/1674 1382/1727/1641 1407/1763/1677
f 1411/1764/1678 1410/1762/1676 1412/1765/1679
f 1411/1764/1678 1380/1725/1639 1409/1760/1674
f 1136/1449/1364 1412/1765/1679 1133/1446/1361
f 1136/1449/1364 1378/1724/1638 1411/1764/1678
f 1412/1765/1679 1415/1766/1680 1413/1767/1681
f 1133/1446/1361 1413/1767/1681 1130/1443/1358
f 1413/1767/1681 1416/1768/1682 1414/1769/1683
f 1130/1443/1358 1414/1769/1683 1127/1440/1355
f 1415/1766/1680 1418/1770/1684 1416/1768/1682
f 1410/1762/1676 1417/1771/1685 1415/1766/1680
f 1417/1772/1686 1420/1773/1687 1418/1774/1688
f 1408/1758/1672 1419/1775/1689 1417/1772/1686
f 1420/1776/1690 1421/1777/1691 1422/1778/1692
f 1419/1779/1693 1404/1752/1666 1421/1777/1691
f 1422/1778/1692 1423/1780/1694 1424/1781/1695
f 1421/1777/1691 1402/1750/1664 1423/1780/1694
f 1424/1781/1695 1425/1782/1696 1426/1783/1697
f 1423/1780/1694 1400/1748/1662 1425/1782/1696
f 1426/1783/1697 1427/1784/1698 1428/1785/1699
f 1425/1782/1696 1398/1747/1661 1427/1784/1698
f 1428/1785/1699 1429/1786/1700 1430/1787/1701
f 1427/1784/1698 1396/1746/1660 1429/1786/1700
f 1430/1787/1701 1131/1441/1356 1128/1438/1353
f 1429/1786/1700 1134/1444/1359 1131/1441/1356
f 1431/1788/1702 1128/1438/1353 1125/1435/1350
f 1433/1789/1703 1430/1787/1701 1431/1788/1702
f 1432/1790/1704 1125/1435/1350 1122/1432/1347
f 1434/1791/1705 1431/1788/1702 1432/1790/1704
f 1436/1792/1706 1433/1789/1703 1434/1791/1705
f 1435/1793/1707 1428/1785/1699 1433/1789/1703
f 1438/1794/1708 1435/1793/1707 1436/1792/1706
f 1437/1795/1709 1426/1783/1697 1435/1793/1707
f 1440/1796/1710 1437/1795/1709 1438/1794/1708
f 1439/1797/1711 1424/1781/1695 1437/1795/1709
f 1442/1798/1712 1439/1797/1711 1440/1796/1710
f 1441/1799/1713 1422/1778/1692 1439/1797/1711
f 1443/1800/1714 1442/1801/1715 1444/1802/1716
f 1418/1774/1688 1441/1803/1717 1443/1800/1714
f 1445/1804/1718 1444/1805/1719 1446/1806/1720
f 1416/1768/1682 1443/1807/1721 1445/1804/1718
f 1447/1808/1722 1446/1806/1720 1448/1809/1723
f 1414/1769/1683 1445/1804/1718 1447/1808/1722
f 1124/1437/1352 1448/1809/1723 1121/1434/1349
f 1127/1440/1355 1447/1808/1722 1124/1437/1352
f 1448/1809/1723 1451/1810/1724 1449/1811/1725
f 1121/1434/1349 1449/1811/1725 1118/1431/1346
f 1449/1811/1725 1452/1812/1726 1450/1813/1727
f 1118/1431/1346 1450/1813/1727 1115/1428/1343
f 1451/1810/1724 1454/1814/1728 1452/1812/1726
f 1446/1806/1720 1453/1815/1729 1451/1810/1724
f 1453/1816/1730 1456/1817/1731 1454/1818/1732
f 1444/1802/1716 1455/1819/1733 1453/1816/1730
f 1456/1820/1734 1457/1821/1735 1458/1822/1736
f 1455/1823/1737 1440/1796/1710 1457/1821/1735
f 1458/1822/1736 1459/1824/1738 1460/1825/1739
f 1457/1821/1735 1438/1794/1708 1459/1824/1738
f 1460/1825/1739 1461/1826/1740 1462/1827/1741
f 1459/1824/1738 1436/1792/1706 1461/1826/1740
f 1462/1827/1741 1463/1828/1742 1464/1829/1743
f 1461/1826/1740 1434/1791/1705 1463/1828/1742
f 1464/1829/1743 1465/1830/1744 1466/1831/1745
f 1463/1828/1742 1432/1790/1704 1465/1830/1744
f 1466/1831/1745 1119/1429/1344 1116/1425/1340
f 1465/1830/1744 1122/1432/1347 1119/1429/1344
f 1467/1832/1746 1116/1425/1340 1113/1426/1341
f 1469/1833/1747 1466/1831/1745 1467/1832/1746
f 1467/1832/1746 1110/1422/1337 1468/1834/1748
f 1469/1833/1747 1468/1834/1748 1470/1835/1749
f 1471/1836/1750 1470/1835/1749 1472/1837/1751
f 1471/1836/1750 1464/1829/1743 1469/1833/1747
f 1473/1838/1752 1472/1837/1751 1474/1839/1753
f 1473/1838/1752 1462/1827/1741 1471/1836/1750
f 1475/1840/1754 1474/1839/1753 1476/1841/1755
f 1475/1840/1754 1460/1825/1739 1473/1838/1752
f 1477/1842/1756 1476/1841/1755 1478/1843/1757
f 1477/1842/1756 1458/1822/1736 1475/1840/1754
f 1480/1844/1758 1477/1845/1759 1478/1846/1760
f 1454/1818/1732 1477/1845/1759 1479/1847/1761
f 1482/1848/1762 1479/1849/1763 1480/1850/1764
f 1452/1812/1726 1479/1849/1763 1481/1851/1765
f 1484/1852/1766 1481/1851/1765 1482/1848/1762
f 1450/1813/1727 1481/1851/1765 1483/1853/1767
f 1109/1418/1333 1483/1853/1767 1484/1852/1766
f 1115/1428/1343 1483/1853/1767 1112/1421/1336
f 1485/1854/1768 1482/1848/1762 1487/1855/1769
f 1106/1415/1330 1484/1852/1766 1485/1854/1768
f 1486/1856/1770 1487/1855/1769 1488/1857/1771
f 1103/1412/1327 1485/1854/1768 1486/1856/1770
f 1488/1857/1771 1489/1858/1772 1490/1859/1773
f 1487/1855/1769 1480/1850/1764 1489/1858/1772
f 1490/1860/1774 1491/1861/1775 1492/1862/1776
f 1489/1863/1777 1478/1846/1760 1491/1861/1775
f 1491/1864/1778 1494/1865/1779 1492/1866/1780
f 1478/1843/1757 1493/1867/1781 1491/1864/1778
f 1493/1867/1781 1496/1868/1782 1494/1865/1779
f 1476/1841/1755 1495/1869/1783 1493/1867/1781
f 1495/1869/1783 1498/1870/1784 1496/1868/1782
f 1474/1839/1753 1497/1871/1785 1495/1869/1783
f 1497/1871/1785 1500/1872/1786 1498/1870/1784
f 1472/1837/1751 1499/1873/1787 1497/1871/1785
f 1499/1873/1787 1502/1874/1788 1500/1872/1786
f 1470/1835/1749 1501/1875/1789 1499/1873/1787
f 1501/1875/1789 1104/1416/1331 1502/1874/1788
f 1468/1834/1748 1107/1419/1334 1501/1875/1789
f 1502/1874/1788 1101/1411/1326 1503/1876/1790
f 1500/1872/1786 1503/1876/1790 1505/1877/1791
f 1504/1878/1792 1101/1411/1326 1098/1407/1322
f 1506/1879/1793 1503/1876/1790 1504/1878/1792
f 1508/1880/1794 1505/1877/1791 1506/1879/1793
f 1498/1870/1784 1505/1877/1791 1507/1881/1795
f 1510/1882/1796 1507/1881/1795 1508/1880/1794
f 1496/1868/1782 1507/1881/1795 1509/1883/1797
f 1512/1884/1798 1509/1883/1797 1510/1882/1796
f 1494/1865/1779 1509/1883/1797 1511/1885/1799
f 1514/1886/1800 1511/1885/1799 1512/1884/1798
f 1492/1866/1780 1511/1885/1799 1513/1887/1801
f 1515/1888/1802 1514/1889/1803 1516/1890/1804
f 1515/1888/1802 1492/1862/1776 1513/1891/1805
f 1517/1892/1806 1516/1893/1807 1518/1894/1808
f 1517/1892/1806 1490/1859/1773 1515/1895/1809
f 1519/1896/1810 1518/1894/1808 1520/1897/1811
f 1519/1896/1810 1488/1857/1771 1517/1892/1806
f 1100/1413/1328 1520/1897/1811 1097/1410/1325
f 1100/1413/1328 1486/1856/1770 1519/1896/1810
f 1520/1897/1811 1523/1898/1812 1521/1899/1813
f 1097/1410/1325 1521/1899/1813 1094/1403/1318
f 1522/1900/1814 1523/1898/1812 1524/1901/1815
f 1091/1400/1315 1521/1899/1813 1522/1900/1814
f 1524/1901/1815 1525/1902/1816 1526/1903/1817
f 1518/1894/1808 1525/1902/1816 1523/1898/1812
f 1526/1904/1818 1527/1905/1819 1528/1906/1820
f 1516/1890/1804 1527/1905/1819 1525/1907/1821
f 1527/1908/1822 1530/1909/1823 1528/1910/1824
f 1527/1908/1822 1512/1884/1798 1529/1911/1825
f 1529/1911/1825 1532/1912/1826 1530/1909/1823
f 1529/1911/1825 1510/1882/1796 1531/1913/1827
f 1531/1913/1827 1534/1914/1828 1532/1912/1826
f 1531/1913/1827 1508/1880/1794 1533/1915/1829
f 1533/1915/1829 1536/1916/1830 1534/1914/1828
f 1533/1915/1829 1506/1879/1793 1535/1917/1831
f 1535/1917/1831 1538/1918/1832 1536/1916/1830
f 1535/1917/1831 1504/1878/1792 1537/1919/1833
f 1537/1919/1833 1092/1404/1319 1538/1918/1832
f 1537/1919/1833 1098/1407/1322 1095/1408/1323
f 1538/1918/1832 1089/1401/1316 1539/1920/1834
f 1536/1916/1830 1539/1920/1834 1541/1921/1835
f 1539/1920/1834 1086/1398/1313 1540/1922/1836
f 1541/1921/1835 1540/1922/1836 1542/1923/1837
f 1543/1924/1838 1542/1923/1837 1544/1925/1839
f 1534/1914/1828 1541/1921/1835 1543/1924/1838
f 1545/1926/1840 1544/1925/1839 1546/1927/1841
f 1532/1912/1826 1543/1924/1838 1545/1926/1840
f 1547/1928/1842 1546/1927/1841 1548/1929/1843
f 1530/1909/1823 1545/1926/1840 1547/1928/1842
f 1549/1930/1844 1548/1929/1843 1550/1931/1845
f 1528/1910/1824 1547/1928/1842 1549/1930/1844
f 1552/1932/1846 1549/1933/1847 1550/1934/1848
f 1551/1935/1849 1528/1906/1820 1549/1933/1847
f 1554/1936/1850 1551/1937/1851 1552/1938/1852
f 1553/1939/1853 1526/1903/1817 1551/1937/1851
f 1556/1940/1854 1553/1939/1853 1554/1936/1850
f 1555/1941/1855 1524/1901/1815 1553/1939/1853
f 1085/1394/1309 1555/1941/1855 1556/1940/1854
f 1088/1397/1312 1522/1900/1814 1555/1941/1855
f 1557/1942/1856 1554/1936/1850 1559/1943/1857
f 1082/1391/1306 1556/1940/1854 1557/1942/1856
f 1558/1944/1858 1559/1943/1857 1560/1945/1859
f 1079/1387/1302 1557/1942/1856 1558/1944/1858
f 1560/1945/1859 1561/1946/1860 1562/1947/1861
f 1559/1943/1857 1552/1938/1852 1561/1946/1860
f 1562/1948/1862 1563/1949/1863 1564/1950/1864
f 1561/1951/1865 1550/1934/1848 1563/1949/1863
f 1563/1952/1866 1566/1953/1867 1564/1954/1868
f 1550/1931/1845 1565/1955/1869 1563/1952/1866
f 1565/1955/1869 1568/1956/1870 1566/1953/1867
f 1548/1929/1843 1567/1957/1871 1565/1955/1869
f 1567/1957/1871 1570/1958/1872 1568/1956/1870
f 1546/1927/1841 1569/1959/1873 1567/1957/1871
f 1569/1959/1873 1572/1960/1874 1570/1958/1872
f 1544/1925/1839 1571/1961/1875 1569/1959/1873
f 1571/1961/1875 1574/1962/1876 1572/1960/1874
f 1542/1923/1837 1573/1963/1877 1571/1961/1875
f 1573/1963/1877 1080/1392/1307 1574/1962/1876
f 1540/1922/1836 1083/1395/1310 1573/1963/1877
f 1574/1962/1876 1077/1389/1304 1575/1964/1878
f 1572/1960/1874 1575/1964/1878 1577/1965/1879
f 1575/1964/1878 1074/1384/1299 1576/1966/1880
f 1577/1965/1879 1576/1966/1880 1578/1967/1881
f 1580/1968/1882 1577/1965/1879 1578/1967/1881
f 1570/1958/1872 1577/1965/1879 1579/1969/1883
f 1581/1970/1884 1580/1968/1882 1582/1971/1885
f 1568/1956/1870 1579/1969/1883 1581/1970/1884
f 1584/1972/1886 1581/1970/1884 1582/1971/1885
f 1566/1953/1867 1581/1970/1884 1583/1973/1887
f 1586/1974/1888 1583/1973/1887 1584/1972/1886
f 1564/1954/1868 1583/1973/1887 1585/1975/1889
f 1587/1976/1890 1586/1977/1891 1588/1978/1892
f 1587/1976/1890 1564/1950/1864 1585/1979/1893
f 1589/1980/1894 1588/1981/1895 1590/1982/1896
f 1589/1980/1894 1562/1947/1861 1587/1983/1897
f 1591/1984/1898 1590/1982/1896 1592/1985/1899
f 1591/1984/1898 1560/1945/1859 1589/1980/1894
f 1073/1386/1301 1591/1984/1898 1592/1985/1899
f 1076/1388/1303 1558/1944/1858 1591/1984/1898
f 1592/1985/1899 1595/1986/1900 1593/1987/1901
f 1073/1386/1301 1593/1987/1901 1070/1383/1298
f 1593/1987/1901 1596/1988/1902 1594/1989/1903
f 1070/1383/1298 1594/1989/1903 1067/1380/1295
f 1595/1986/1900 1598/1990/1904 1596/1988/1902
f 1590/1982/1896 1597/1991/1905 1595/1986/1900
f 1597/1992/1906 1600/1993/1907 1598/1994/1908
f 1588/1978/1892 1599/1995/1909 1597/1992/1906
f 1600/1996/1910 1601/1997/1911 1602/1998/1912
f 1599/1999/1913 1584/1972/1886 1601/1997/1911
f 1602/1998/1912 1603/2000/1914 1604/2001/1915
f 1601/1997/1911 1582/1971/1885 1603/2000/1914
f 1604/2001/1915 1605/2002/1916 1606/2003/1917
f 1603/2000/1914 1580/1968/1882 1605/2002/1916
f 1606/2003/1917 1607/2004/1918 1608/2005/1919
f 1605/2002/1916 1578/1967/1881 1607/2004/1918
f 1608/2005/1919 1609/2006/1920 1610/2007/1921
f 1607/2004/1918 1576/1966/1880 1609/2006/1920
f 1610/2007/1921 1071/1381/1296 1068/1377/1292
f 1609/2006/1920 1074/1384/1299 1071/1381/1296
f 1025/1319/1236 1068/1377/1292 1065/1378/1293
f 1611/1324/1241 1610/2007/1921 1025/1319/1236
f 1036/1336/1253 1608/2005/1919 1611/1324/1241
f 1038/1337/1254 1606/2003/1917 1036/1336/1253
f 1040/1338/1255 1604/2001/1915 1038/1337/1254
f 1612/1341/1258 1602/1998/1912 1040/1338/1255
f 1598/1994/1908 1612/1360/1275 1050/2008/1922
f 1596/1988/1902 1050/1362/1277 1052/1364/1279
f 1594/1989/1903 1052/1364/1279 1054/1367/1282
f 1067/1380/1295 1054/1367/1282 1064/1374/1289
f 1041/2009/1923 1044/2010/1923 1419/2011/1923
f 1613/2012/1924 1648/2013/1924 1616/2014/1924
f 1615/2015/1925 1653/2016/1925 1614/2017/1925
f 1621/2018/1926 1613/2012/1926 1617/2019/1926
f 1613/2012/1927 1619/2020/1927 1618/2021/1927
f 1613/2012/1928 1620/2022/1929 1617/2019/1929
f 1618/2021/1930 1619/2020/1930 1620/2022/1930
f 1617/2019/1931 1619/2020/1932 1616/2014/1932
f 1622/2023/1933 1623/2024/1933 1673/2025/1933
f 1624/2026/1934 1617/2019/1934 1616/2014/1934
f 1623/2024/1935 1625/2027/1935 1629/2028/1935
f 1622/2023/1936 1627/2029/1937 1626/2023/1936
f 1622/2023/1938 1628/2030/1939 1625/2027/1939
f 1626/2023/1940 1627/2029/1940 1628/2030/1940
f 1625/2027/1941 1627/2029/1941 1624/2026/1941
f 1630/2031/1942 1631/2032/1942 1685/2033/1942
f 1632/2034/1943 1625/2027/1943 1624/2026/1943
f 1637/2035/1944 1630/2036/1944 1633/2037/1944
f 1632/2034/1945 1634/2031/1945 1630/2031/1945
f 1633/2037/1946 1634/2036/1946 1636/2037/1946
f 1635/2038/1947 1636/2037/1947 1634/2036/1947
f 1632/2038/1948 1636/2037/1949 1635/2038/1948
f 1639/2039/1950 1707/2040/1951 1637/2035/1950
f 1632/2038/1952 1638/2041/1952 1633/2037/1952
f 1645/2042/1953 1638/2041/1953 1641/2043/1953
f 1640/2044/1954 1642/2045/1955 1638/2041/1955
f 1638/2041/1956 1644/2046/1956 1641/2043/1956
f 1643/2044/1957 1644/2046/1957 1642/2045/1957
f 1640/2044/1958 1644/2046/1958 1643/2044/1958
f 1652/2047/1959 1645/2042/1959 1641/2043/1959
f 1641/2043/1960 1648/2048/1960 1646/2049/1960
f 1653/2050/1961 1646/2049/1962 1614/2051/1961
f 1646/2049/1963 1650/2051/1964 1614/2051/1964
f 1646/2049/1965 1651/2048/1966 1649/2052/1965
f 1650/2051/1967 1649/2052/1967 1651/2048/1967
f 1648/2013/1968 1650/2017/1968 1651/2013/1968
f 1640/2053/1969 1632/2034/1970 1624/2026/1970
f 1652/2047/1971 1654/2054/1971 1658/2055/1971
f 1647/2056/1972 1656/2057/1972 1655/2058/1972
f 1647/2056/1973 1657/2054/1973 1654/2054/1973
f 1655/2058/1974 1656/2059/1974 1657/2054/1974
f 1654/2054/1975 1656/2060/1975 1653/2061/1975
f 1654/2054/1976 1659/2062/1976 1660/2063/1976
f 1659/2062/1977 1653/2061/1977 1661/2064/1977
f 1660/2063/1978 1662/2065/1978 1666/2066/1978
f 1659/2062/1979 1664/2064/1980 1663/2067/1979
f 1659/2062/1981 1665/2068/1981 1662/2065/1981
f 1664/2064/1982 1665/2068/1982 1663/2067/1982
f 1661/2069/1983 1665/2068/1983 1664/2069/1983
f 1668/2070/1984 1672/2071/1984 1666/2066/1984
f 1661/2069/1985 1667/2072/1985 1662/2065/1985
f 1668/2070/1986 1621/2018/1986 1673/2025/1986
f 1615/2073/1987 1669/2074/1987 1667/2072/1987
f 1621/2018/1988 1669/2074/1988 1671/2018/1988
f 1670/2073/1989 1671/2018/1989 1669/2074/1989
f 1621/2018/1990 1670/2015/1990 1615/2015/1990
f 1672/2071/1991 1674/2075/1991 1678/2076/1991
f 1668/2070/1992 1676/2077/1992 1675/2070/1992
f 1674/2075/1993 1675/2070/1994 1677/2078/1993
f 1675/2070/1995 1676/2077/1995 1677/2078/1995
f 1674/2075/1996 1676/2077/1996 1673/2025/1996
f 1679/2079/1997 1680/2080/1997 1684/2081/1997
f 1623/2024/1998 1674/2075/1998 1673/2025/1998
f 1680/2080/1999 1629/2028/2000 1685/2033/2000
f 1623/2024/2001 1681/2079/2001 1679/2079/2001
f 1679/2079/2002 1683/2082/2003 1629/2028/2003
f 1682/2083/2004 1683/2082/2004 1681/2079/2004
f 1623/2024/2005 1683/2082/2005 1682/2083/2005
f 1684/2081/2006 1686/2084/2006 1691/2085/2006
f 1685/2033/2007 1687/2080/2007 1680/2080/2007
f 1680/2080/2008 1689/2086/2008 1686/2084/2008
f 1687/2080/2009 1688/2087/2009 1689/2086/2009
f 1685/2033/2010 1689/2086/2010 1688/2087/2010
f 1686/2084/2011 1631/2032/2011 1690/2088/2011
f 1692/2089/2012 1691/2085/2012 1686/2084/2012
f 1698/2090/2013 1691/2091/2013 1692/2092/2013
f 1691/2085/2014 1695/2093/2015 1684/2081/2015
f 1691/2091/2016 1696/2094/2017 1694/2091/2016
f 1696/2094/2018 1695/2093/2018 1694/2091/2018
f 1693/2095/2019 1695/2093/2020 1696/2094/2019
f 1693/2095/2021 1678/2076/2021 1684/2081/2021
f 1697/2096/2022 1693/2095/2022 1698/2090/2022
f 1700/2097/2023 1699/2098/2024 1698/2090/2024
f 1698/2090/2025 1702/2099/2026 1700/2097/2026
f 1698/2090/2027 1703/2092/2027 1701/2100/2027
f 1702/2099/2028 1701/2100/2028 1703/2101/2028
f 1700/2097/2029 1703/2102/2029 1692/2103/2029
f 1704/2104/2030 1700/2097/2030 1705/2105/2030
f 1692/2103/2031 1705/2105/2031 1700/2097/2031
f 1705/2105/2032 1639/2039/2032 1706/2106/2032
f 1705/2105/2033 1710/2107/2034 1707/2040/2034
f 1708/2108/2035 1709/2109/2036 1705/2105/2036
f 1710/2107/2037 1709/2109/2037 1711/2108/2037
f 1708/2110/2038 1710/2107/2038 1711/2110/2038
f 1690/2111/2039 1707/2040/2039 1708/2110/2039
f 1645/2042/2040 1712/2112/2040 1706/2106/2040
f 1645/2042/2041 1713/2113/2041 1714/2042/2041
f 1706/2106/2042 1715/2039/2042 1713/2113/2042
f 1714/2042/2043 1713/2113/2043 1715/2039/2043
f 1645/2042/2044 1715/2039/2044 1639/2039/2044
f 1719/2114/2045 1712/2112/2045 1658/2055/2045
f 1652/2047/2046 1716/2115/2046 1712/2112/2046
f 1658/2055/2047 1716/2115/2047 1718/2116/2047
f 1717/2117/2048 1718/2116/2048 1716/2115/2048
f 1658/2055/2049 1717/2117/2049 1652/2047/2049
f 1719/2114/2050 1720/2104/2050 1704/2104/2050
f 1699/2098/2051 1720/2104/2051 1722/2118/2051
f 1721/2119/2052 1722/2118/2052 1720/2104/2052
f 1719/2114/2053 1722/2118/2054 1721/2119/2053
f 1719/2114/2055 1723/2120/2055 1699/2098/2055
f 1672/2071/2056 1723/2120/2056 1666/2066/2056
f 1660/2063/2057 1724/2120/2057 1723/2120/2057
f 1723/2120/2058 1726/2066/2058 1666/2066/2058
f 1725/2121/2059 1726/2066/2059 1724/2120/2059
f 1660/2063/2060 1726/2066/2060 1725/2121/2060
f 1672/2071/2061 1727/2096/2062 1697/2096/2062
f 1697/2096/2063 1729/2122/2064 1678/2076/2064
f 1728/2071/2065 1729/2122/2065 1727/2096/2065
f 1672/2071/2066 1729/2122/2066 1728/2071/2066
f 1690/2111/2067 1731/2123/2067 1637/2035/2067
f 1631/2032/2068 1730/2088/2069 1690/2088/2069
f 1732/2124/2070 1731/2123/2070 1730/2111/2070
f 1631/2125/2071 1731/2123/2072 1732/2124/2071
f 1734/2126/2073 1737/2127/2074 1733/2128/2073
f 1733/2128/2075 1735/2129/2075 1734/2126/2075
f 1736/2130/2076 1735/2129/2077 1733/2128/2077
f 1736/2130/2078 1738/2131/2079 1739/2132/2078
f 1737/2127/2080 1738/2131/2081 1733/2128/2081
f 1739/2133/2082 1738/2134/2082 1740/2135/2082
f 1736/2130/2083 1740/2136/2083 1737/2127/2083
f 1736/2130/2084 1741/2137/2085 1753/2138/2084
f 1737/2127/2086 1742/2139/2086 1741/2137/2086
f 1747/2140/2087 1742/2139/2088 1743/2141/2087
f 1743/2141/2089 1744/2142/2090 1745/2143/2089
f 1734/2126/2091 1744/2142/2092 1742/2139/2092
f 1745/2144/2093 1744/2145/2093 1746/2146/2093
f 1743/2141/2094 1746/2147/2095 1734/2126/2096
f 1747/2140/2097 1743/2141/2097 1748/2148/2097
f 1748/2148/2098 1734/2126/2099 1735/2129/2099
f 1753/2138/2100 1748/2148/2100 1749/2149/2100
f 1748/2148/2101 1751/2150/2101 1749/2149/2101
f 1748/2148/2102 1752/2151/2102 1750/2152/2102
f 1751/2153/2103 1750/2154/2103 1752/2155/2103
f 1735/2129/2104 1751/2150/2104 1752/2151/2104
f 1736/2130/2105 1753/2138/2105 1749/2149/2105
f 1747/2140/2106 1754/2156/2107 1755/2157/2106
f 1741/2137/2108 1754/2156/2109 1753/2138/2109
f 1755/2158/2110 1754/2159/2110 1756/2160/2110
f 1747/2140/2111 1756/2161/2111 1741/2137/2111
f 1758/2162/2112 1761/2163/2113 1757/2164/2114
f 1871/2165/2115 1757/2164/2116 1760/2166/2117
f 1761/2167/2118 1759/2168/2119 1757/2169/2120
f 1757/2169/2121 1772/2170/2122 1760/2171/2123
f 1761/2167/2124 1765/2172/2125 1764/2173/2126
f 1860/2174/2127 1761/2163/2128 1763/2175/2129
f 1765/2172/2130 1766/2176/2131 1764/2173/2132
f 1764/2173/2133 1769/2177/2134 1759/2168/2135
f 1766/2178/2136 1834/2179/2137 1768/2180/2138
f 1766/2178/2139 1770/2181/2140 1769/2182/2141
f 1759/2168/2142 1771/2183/2143 1772/2170/2144
f 1769/2182/2145 1773/2184/2146 1771/2185/2147
f 1772/2170/2148 1774/2186/2149 1775/2187/2150
f 1771/2185/2151 1776/2188/2152 1774/2189/2153
f 1778/2190/2154 1774/2186/2155 1777/2191/2156
f 1776/2188/2157 1777/2192/2158 1774/2189/2159
f 1781/2193/2160 1777/2191/2161 1780/2194/2162
f 1779/2195/2163 1780/2196/2164 1777/2192/2165
f 1784/2197/2166 1780/2194/2167 1783/2198/2168
f 1782/2199/2169 1783/2200/2170 1780/2196/2171
f 1787/2201/2172 1783/2198/2173 1786/2202/2174
f 1783/2200/2175 1788/2203/2176 1786/2204/2177
f 1790/2205/2178 1786/2202/2179 1789/2206/2180
f 1786/2204/2181 1791/2207/2182 1789/2208/2183
f 1793/2209/2184 1789/2206/2185 1792/2210/2186
f 1789/2208/2187 1794/2211/2188 1792/2212/2189
f 1796/2213/2190 1792/2210/2191 1795/2214/2192
f 1792/2212/2193 1797/2215/2194 1795/2216/2195
f 1799/2217/2196 1795/2214/2197 1798/2218/2198
f 1797/2215/2199 1798/2219/2200 1795/2216/2201
f 1799/2217/2202 1801/2220/2203 1802/2221/2204
f 1800/2222/2205 1801/2223/2206 1798/2219/2207
f 1802/2221/2208 1804/2224/2209 1805/2225/2210
f 1803/2226/2211 1804/2227/2212 1801/2223/2213
f 1808/2228/2214 1804/2224/2215 1807/2229/2216
f 1806/2230/2217 1807/2231/2218 1804/2227/2219
f 1811/2232/2220 1807/2229/2221 1810/2233/2222
f 1809/2234/2223 1810/2235/2224 1807/2231/2225
f 1811/2232/2226 1813/2236/2227 1814/2237/2228
f 1810/2235/2229 1815/2238/2230 1813/2239/2231
f 1814/2237/2232 1816/2240/2233 1817/2241/2234
f 1813/2239/2235 1818/2242/2236 1816/2243/2237
f 1820/2244/2238 1816/2240/2239 1819/2245/2240
f 1816/2243/2241 1821/2246/2242 1819/2247/2243
f 1823/2248/2244 1819/2245/2245 1822/2249/2246
f 1819/2247/2247 1824/2250/2248 1822/2251/2249
f 1823/2248/2250 1825/2252/2251 1826/2253/2252
f 1822/2251/2253 1827/2254/2254 1825/2255/2255
f 1826/2253/2256 1828/2256/2257 1829/2257/2258
f 1828/2258/2259 1827/2254/2260 1830/2259/2261
f 1829/2257/2262 1831/2260/2263 1832/2261/2264
f 1831/2262/2265 1830/2259/2266 1833/2263/2267
f 1832/2261/2268 1767/2264/2269 1765/2172/2270
f 1767/2265/2271 1833/2263/2272 1834/2179/2273
f 1833/2263/2274 1836/2266/2275 1835/2267/2276
f 1834/2179/2277 1835/2267/2278 1838/2268/2279
f 1835/2267/2280 1846/2269/2281 1837/2270/2282
f 1838/2268/2283 1837/2270/2284 1839/2271/2285
f 1768/2180/2286 1838/2268/2287 1840/2272/2288
f 1840/2272/2289 1839/2271/2285 1841/2273/2290
f 1770/2181/2291 1840/2272/2288 1773/2184/2292
f 1773/2184/2293 1841/2273/2294 1776/2188/2295
f 1842/2274/2296 1839/2271/2297 1843/2275/2298
f 1779/2195/2299 1841/2273/2300 1842/2274/2301
f 1782/2199/2302 1842/2274/2303 1785/2276/2304
f 1785/2276/2304 1843/2275/2305 1788/2203/2306
f 1788/2203/2307 1844/2277/2308 1791/2207/2309
f 1843/2275/2298 1837/2270/2310 1844/2277/2311
f 1844/2277/2312 1846/2269/2313 1845/2278/2314
f 1791/2207/2315 1845/2278/2316 1794/2211/2317
f 1794/2211/2318 1847/2279/2319 1797/2215/2320
f 1845/2278/2321 1848/2280/2322 1847/2279/2323
f 1848/2280/2324 1849/2281/2325 1847/2279/2326
f 1847/2279/2327 1800/2222/2328 1797/2215/2329
f 1849/2281/2330 1803/2226/2331 1800/2222/2332
f 1850/2282/2333 1851/2283/2334 1849/2281/2335
f 1852/2284/2336 1809/2234/2337 1851/2283/2338
f 1851/2283/2339 1806/2230/2340 1803/2226/2341
f 1815/2238/2342 1852/2284/2343 1853/2285/2344
f 1853/2285/2345 1850/2282/2333 1854/2286/2346
f 1818/2242/2347 1853/2285/2348 1821/2246/2349
f 1821/2246/2350 1854/2286/2351 1824/2250/2352
f 1824/2250/2353 1855/2287/2354 1827/2254/2355
f 1854/2286/2356 1848/2280/2357 1855/2287/2358
f 1830/2259/2359 1855/2287/2360 1836/2266/2361
f 1836/2266/2362 1848/2280/2363 1846/2269/2364
f 1856/2288/2365 1829/2257/2366 1832/2261/2367
f 1762/2289/2368 1832/2261/2369 1765/2172/2370
f 1859/2290/2371 1856/2291/2372 1858/2292/2373
f 1858/2292/2374 1762/2293/2375 1860/2174/2376
f 1859/2290/2377 1861/2294/2378 1863/2295/2379
f 1858/2292/2380 1864/2296/2381 1861/2294/2382
f 1892/2297/2383 1861/2298/2384 1862/2299/2385
f 1862/2299/2386 1864/2300/2387 1865/2301/2388
f 1860/2174/2389 1866/2302/2390 1864/2296/2391
f 1865/2301/2392 1866/2303/2393 1867/2304/2394
f 1763/2175/2395 1868/2305/2396 1866/2302/2397
f 1869/2306/2398 1866/2303/2399 1868/2307/2400
f 1758/2162/2401 1870/2308/2402 1868/2305/2403
f 1872/2309/2404 1868/2307/2405 1870/2310/2406
f 1871/2165/2407 1873/2311/2408 1870/2308/2409
f 1875/2312/2410 1870/2310/2411 1873/2313/2412
f 1877/2314/2413 1873/2311/2414 1874/2315/2415
f 1875/2312/2416 1876/2316/2417 1879/2317/2418
f 1946/2318/2419 1876/2319/2420 1877/2314/2421
f 1879/2317/2422 1878/2320/2423 1880/2321/2424
f 1880/2321/2425 1881/2322/2426 1879/2317/2427
f 1879/2317/2428 1884/2323/2429 1875/2312/2430
f 1882/2324/2431 1883/2325/2432 1881/2322/2426
f 1881/2322/2433 1885/2326/2434 1884/2323/2435
f 1885/2326/2436 1886/2327/2437 1884/2323/2438
f 1884/2323/2439 1872/2309/2440 1875/2312/2441
f 1887/2328/2442 1867/2304/2443 1886/2327/2444
f 1886/2327/2444 1869/2306/2445 1872/2309/2446
f 1889/2329/2447 1887/2328/2448 1885/2326/2436
f 1888/2330/2449 1865/2301/2450 1887/2328/2451
f 1891/2331/2452 1888/2330/2453 1889/2329/2454
f 1890/2332/2455 1862/2299/2456 1888/2330/2457
f 1894/2333/2458 1890/2332/2459 1891/2331/2460
f 1893/2334/2461 1892/2297/2462 1890/2332/2463
f 1894/2333/2464 1895/2335/2465 1893/2334/2466
f 1893/2334/2467 1897/2336/2468 1896/2337/2469
f 1896/2337/2470 1900/2338/2471 1898/2339/2472
f 1896/2337/2473 1863/2340/2474 1892/2297/2475
f 1901/2341/2476 1898/2342/2477 1900/2343/2478
f 1899/2344/2479 1863/2295/2480 1898/2342/2481
f 1901/2341/2482 1902/2345/2483 1903/2346/2484
f 1897/2336/2485 1902/2347/2486 1900/2338/2487
f 1903/2346/2488 1905/2348/2489 1906/2349/2490
f 1904/2350/2491 1905/2351/2492 1902/2347/2493
f 1909/2352/2494 1905/2348/2495 1908/2353/2496
f 1907/2354/2497 1908/2355/2498 1905/2351/2499
f 1912/2356/2500 1908/2353/2501 1911/2357/2502
f 1910/2358/2503 1911/2359/2504 1908/2355/2505
f 1912/2356/2506 1914/2360/2507 1915/2361/2508
f 1917/2362/2509 1911/2359/2510 1913/2363/2511
f 1915/2361/2512 1916/2364/2513 1959/2365/2514
f 1918/2366/2515 1914/2367/2516 1917/2362/2517
f 1922/2368/2518 1917/2362/2519 1913/2363/2520
f 1919/2369/2521 1918/2366/2522 1917/2362/2523
f 1920/2370/2524 1921/2371/2525 1919/2369/2526
f 1923/2372/2527 1919/2369/2528 1922/2368/2529
f 1922/2368/2530 1910/2358/2531 1924/2373/2532
f 1923/2372/2527 1924/2373/2533 1895/2335/2534
f 1924/2373/2535 1907/2354/2536 1904/2350/2537
f 1895/2335/2538 1904/2350/2539 1897/2336/2540
f 1894/2333/2541 1920/2370/2542 1923/2372/2543
f 1921/2371/2544 1916/2374/2545 1918/2366/2546
f 1925/2375/2547 1926/2376/2548 1921/2371/2549
f 1929/2377/2550 1926/2378/2551 1928/2379/2552
f 1927/2380/2553 1916/2364/2554 1926/2378/2555
f 1929/2377/2556 1930/2381/2557 1931/2382/2558
f 1933/2383/2559 1928/2384/2560 1925/2375/2561
f 1931/2382/2562 1932/2385/2563 1954/2386/2564
f 1932/2387/2565 1933/2383/2566 1934/2388/2567
f 1935/2389/2568 1925/2375/2569 1920/2370/2570
f 1934/2388/2571 1935/2389/2572 1936/2390/2573
f 1936/2390/2574 1894/2333/2575 1891/2331/2576
f 1937/2391/2577 1891/2331/2578 1889/2329/2579
f 1938/2392/2580 1936/2390/2581 1937/2391/2582
f 1939/2393/2583 1937/2391/2584 1883/2325/2585
f 1883/2325/2586 1889/2329/2587 1885/2326/2434
f 1940/2394/2588 1934/2388/2589 1938/2392/2590
f 1942/2395/2591 1938/2392/2592 1939/2393/2593
f 1941/2396/2594 1942/2397/2595 1943/2398/2596
f 1954/2386/2597 1940/2399/2598 1941/2396/2599
f 1943/2398/2600 1944/2400/2601 1945/2401/2602
f 1944/2402/2603 1939/2393/2604 1882/2324/2605
f 1945/2401/2606 1878/2403/2607 1946/2318/2608
f 1880/2321/2609 1944/2402/2610 1882/2324/2611
f 1946/2318/2612 1947/2404/2613 1945/2401/2614
f 1947/2404/2615 1943/2398/2616 1945/2401/2617
f 1947/2405/2618 1787/2201/2619 1948/2406/2620
f 1781/2193/2621 1947/2405/2622 1949/2407/2623
f 1877/2314/2624 1949/2408/2625 1946/2318/2626
f 1778/2190/2627 1949/2407/2628 1950/2409/2629
f 1874/2315/2630 1950/2410/2631 1877/2314/2632
f 1775/2187/2633 1950/2409/2634 1951/2411/2635
f 1760/2171/2636 1775/2187/2637 1951/2411/2638
f 1874/2315/2639 1760/2166/2640 1951/2412/2641
f 1948/2413/2642 1941/2396/2643 1943/2398/2644
f 1948/2406/2645 1790/2205/2646 1952/2414/2647
f 1952/2415/2648 1954/2386/2649 1941/2396/2650
f 1952/2414/2651 1793/2209/2652 1953/2416/2653
f 1953/2416/2654 1796/2213/2655 1955/2417/2656
f 1953/2418/2657 1931/2382/2658 1954/2386/2659
f 1796/2213/2660 1956/2419/2661 1955/2417/2662
f 1931/2382/2663 1956/2420/2664 1929/2377/2665
f 1929/2377/2666 1957/2421/2667 1927/2380/2668
f 1799/2217/2669 1957/2422/2670 1956/2419/2671
f 1927/2380/2672 1958/2423/2673 1959/2365/2674
f 1802/2221/2675 1958/2424/2676 1957/2422/2677
f 1805/2225/2678 1960/2425/2679 1958/2424/2680
f 1959/2365/2681 1960/2426/2682 1915/2361/2683
f 1915/2361/2684 1961/2427/2685 1912/2356/2686
f 1808/2228/2687 1961/2428/2688 1960/2425/2689
f 1961/2428/2690 1814/2237/2691 1962/2429/2692
f 1909/2352/2693 1961/2427/2694 1962/2430/2695
f 1906/2349/2696 1962/2430/2697 1963/2431/2698
f 1962/2429/2699 1817/2241/2700 1963/2432/2701
f 1963/2432/2702 1820/2244/2703 1964/2433/2704
f 1903/2346/2705 1963/2431/2706 1964/2434/2707
f 1901/2341/2708 1964/2434/2709 1965/2435/2710
f 1964/2433/2711 1823/2248/2712 1965/2436/2713
f 1965/2436/2714 1826/2253/2715 1966/2437/2716
f 1899/2344/2717 1965/2435/2718 1966/2438/2719
f 1857/2439/2720 1826/2253/2721 1829/2257/2722
f 1899/2344/2723 1857/2440/2724 1859/2290/2725
f 1967/2441/2726 1972/2442/2726 1968/2443/2726
f 2409/2444/1925 2401/2445/1925 2393/2446/1925
f 1969/2447/2727 1970/2448/2727 1967/2441/2727
f 1971/2449/2728 1973/2450/2728 1970/2448/2728
f 1973/2450/2729 1972/2442/2729 1970/2448/2729
f 1977/2451/2730 1973/2450/2730 1974/2452/2730
f 1973/2450/2731 1978/2453/2731 1975/2454/2731
f 1977/2451/2732 1979/2455/2732 1976/2456/2732
f 1976/2456/2733 1980/2457/2733 1978/2453/2733
f 1980/2458/2734 1982/2459/2734 1984/2460/2734
f 1979/2461/2735 1985/2462/2735 1982/2459/2735
f 1983/2463/2736 1984/2460/2736 1982/2459/2736
f 1985/2462/2737 1983/2463/2737 1982/2459/2737
f 1988/2464/2738 1985/2462/2738 1987/2465/2738
f 1981/2466/2739 1987/2465/2739 1985/2462/2739
f 1989/2467/2740 1988/2464/2740 1987/2465/2740
f 1992/2468/2741 1987/2465/2741 1990/2469/2741
f 1991/2470/2742 1981/2471/2742 1977/2451/2742
f 1992/2472/2743 1991/2470/2743 1993/2473/2743
f 1994/2474/2744 1993/2473/2744 1995/2475/2744
f 1994/2476/2745 1989/2467/2745 1992/2468/2745
f 1996/2477/2746 1995/2475/2746 2379/2478/2746
f 1996/2479/2747 1997/2480/2747 1994/2476/2747
f 2000/2481/2748 1997/2480/2748 1999/2482/2748
f 1998/2483/2749 1989/2467/2749 1997/2480/2749
f 2002/2484/2750 1999/2482/2750 1996/2479/2750
f 2001/2485/2751 2000/2481/2751 1999/2482/2751
f 2002/2484/2752 2004/2486/2752 2001/2485/2752
f 2004/2486/2753 2003/2487/2753 2001/2485/2753
f 2005/2488/2754 2007/2489/2754 2004/2486/2754
f 2007/2489/2755 2006/2490/2755 2004/2486/2755
f 2011/2491/2756 2007/2489/2756 2008/2492/2756
f 2012/2493/2757 2007/2489/2757 2010/2494/2757
f 2014/2495/2758 2010/2494/2758 2011/2491/2758
f 2015/2496/2759 2010/2494/2759 2013/2497/2759
f 2014/2495/2760 2016/2498/2760 2013/2497/2760
f 2018/2499/2761 2013/2497/2761 2016/2498/2761
f 2017/2500/2762 2019/2501/2762 2016/2498/2762
f 2021/2502/2763 2016/2498/2764 2019/2501/2764
f 2020/2503/2765 2022/2504/2765 2019/2501/2765
f 2022/2504/2766 2021/2502/2767 2019/2501/2766
f 2023/2505/2768 2025/2506/2768 2022/2504/2768
f 2027/2507/2769 2022/2504/2769 2025/2506/2769
f 2029/2508/2770 2025/2506/2770 2026/2509/2770
f 2030/2510/2771 2025/2506/2771 2028/2511/2771
f 2032/2512/2772 2028/2511/2772 2029/2508/2772
f 2033/2513/2773 2028/2511/2773 2031/2514/2773
f 2035/2515/2774 2031/2514/2775 2032/2512/2775
f 2036/2516/2776 2031/2514/2776 2034/2517/2776
f 2035/2515/2777 2037/2518/2777 2034/2517/2777
f 2037/2518/2778 2036/2516/2778 2034/2517/2778
f 2038/2519/2779 2040/2520/2779 2037/2518/2779
f 2040/2520/2780 2039/2521/2780 2037/2518/2780
f 2046/2522/2781 2040/2520/2781 2041/2523/2781
f 2044/2524/2782 2040/2520/2783 2043/2525/2783
f 2309/2526/2784 2043/2525/2784 2045/2527/2784
f 2048/2528/2785 2043/2525/2785 2046/2522/2785
f 2047/2529/2786 2041/2530/2787 2337/2531/2787
f 2048/2532/2788 2047/2529/2789 2049/2533/2788
f 2050/2534/2790 2049/2533/2790 2051/2535/2790
f 2050/2536/2791 2045/2527/2791 2048/2528/2791
f 2052/2537/2792 2051/2535/2792 2328/2538/2792
f 2052/2539/2793 2053/2540/2793 2050/2536/2793
f 2056/2541/2794 2053/2540/2794 2055/2542/2794
f 2054/2543/2795 2045/2527/2795 2053/2540/2795
f 2057/2544/2796 2056/2541/2796 2055/2542/2796
f 2052/2539/2797 2057/2544/2797 2055/2542/2797
f 2059/2545/2798 2058/2546/2798 2057/2544/2798
f 2060/2547/2799 2059/2545/2799 2057/2544/2799
f 2060/2548/2800 2328/2538/2800 2061/2549/2801
f 2063/2550/2802 2060/2548/2802 2061/2549/2802
f 2065/2551/2803 2062/2552/2803 2063/2550/2803
f 2062/2553/2804 2067/2554/2804 2059/2545/2804
f 2066/2555/2805 2065/2551/2806 2319/2556/2805
f 2066/2557/2807 2067/2554/2808 2064/2558/2808
f 2070/2559/2809 2067/2554/2809 2069/2560/2809
f 2067/2554/2810 2310/2561/2810 2059/2545/2810
f 2071/2562/2811 2070/2559/2811 2069/2560/2811
f 2074/2563/2812 2069/2560/2812 2066/2557/2812
f 2073/2564/2813 2072/2565/2813 2071/2562/2813
f 2074/2563/2814 2073/2564/2814 2071/2562/2814
f 2074/2566/2815 2319/2556/2815 2075/2567/2815
f 2077/2568/2816 2074/2566/2816 2075/2567/2816
f 2079/2569/2817 2076/2570/2818 2077/2568/2818
f 2078/2571/2819 2073/2564/2819 2076/2572/2819
f 1978/2453/2820 2078/2573/2820 2079/2569/2820
f 1980/2458/2821 2080/2574/2821 2078/2571/2821
f 1984/2460/2822 2081/2575/2822 2080/2574/2822
f 2081/2575/2823 2073/2564/2823 2080/2574/2823
f 2086/2576/2824 2081/2575/2824 2084/2577/2824
f 2084/2577/2825 2083/2578/2825 2087/2579/2825
f 2088/2580/2826 2084/2581/2826 2087/2582/2826
f 2085/2583/2827 2086/2584/2828 2084/2581/2828
f 2091/2585/2829 2087/2582/2829 2089/2586/2829
f 2087/2579/2830 1983/2463/2830 2089/2587/2830
f 2089/2587/2831 1986/2588/2831 2090/2589/2831
f 2092/2590/2832 2089/2586/2832 2090/2591/2832
f 2095/2592/2833 2091/2585/2833 2092/2590/2834
f 2091/2585/2835 2094/2593/2835 2088/2580/2836
f 2093/2594/2837 2098/2595/2837 2094/2593/2837
f 2099/2596/2838 2093/2594/2838 2095/2592/2838
f 2096/2597/2839 2189/2598/2839 2098/2595/2839
f 2100/2599/2840 2096/2597/2840 2099/2596/2840
f 2101/2600/2841 2095/2592/2841 2102/2601/2841
f 2101/2600/2842 2100/2599/2842 2099/2596/2842
f 2104/2602/2843 2102/2601/2843 2105/2603/2843
f 2104/2602/2844 2103/2604/2844 2101/2600/2844
f 2107/2605/2845 2105/2603/2845 2108/2606/2845
f 2107/2605/2846 2106/2607/2846 2104/2602/2846
f 2110/2608/2847 2108/2606/2847 2111/2609/2847
f 2110/2608/2848 2109/2610/2848 2107/2605/2848
f 2113/2611/2849 2111/2609/2849 2114/2612/2849
f 2113/2611/2850 2112/2613/2850 2110/2608/2850
f 2117/2614/2851 2113/2611/2851 2114/2612/2851
f 2118/2615/2852 2113/2611/2852 2116/2616/2853
f 2120/2617/2854 2116/2616/2854 2117/2614/2854
f 2121/2618/2855 2116/2616/2855 2119/2619/2855
f 2122/2620/2856 2120/2617/2856 2123/2621/2856
f 2122/2620/2857 2121/2618/2857 2119/2619/2857
f 2125/2622/2858 2123/2621/2858 2126/2623/2858
f 2125/2622/2859 2124/2624/2859 2122/2620/2860
f 2129/2625/2861 2125/2622/2861 2126/2623/2861
f 2130/2626/2862 2125/2622/2862 2128/2627/2862
f 2132/2628/2863 2128/2627/2863 2129/2625/2863
f 2133/2629/2864 2128/2627/2864 2131/2630/2864
f 2134/2631/2865 2132/2628/2865 2135/2632/2865
f 2134/2631/2866 2133/2629/2866 2131/2630/2866
f 2137/2633/2867 2135/2632/2867 2138/2634/2867
f 2137/2633/2868 2136/2635/2868 2134/2631/2868
f 2140/2636/2869 2138/2634/2869 2141/2637/2869
f 2140/2636/2870 2139/2638/2870 2137/2633/2870
f 2143/2639/2871 2141/2637/2871 2144/2640/2871
f 2143/2639/2872 2142/2641/2872 2140/2636/2872
f 2147/2642/2873 2143/2639/2873 2144/2640/2873
f 2148/2643/2874 2143/2639/2874 2146/2644/2874
f 2149/2645/2875 2147/2642/2875 2150/2646/2875
f 2151/2647/2876 2146/2644/2876 2149/2645/2876
f 2152/2648/2877 2150/2646/2877 2153/2649/2877
f 2152/2648/2878 2151/2647/2878 2149/2645/2878
f 2155/2650/2879 2153/2649/2879 2156/2651/2879
f 2155/2650/2880 2154/2652/2880 2152/2648/2880
f 2159/2653/2881 2155/2650/2881 2156/2651/2881
f 2160/2654/2882 2155/2650/2882 2158/2655/2882
f 2162/2656/2883 2158/2655/2883 2159/2653/2883
f 2163/2657/2884 2158/2655/2884 2161/2658/2884
f 2164/2659/2885 2162/2656/2885 2165/2660/2885
f 2164/2659/2886 2163/2657/2886 2161/2658/2886
f 2167/2661/2887 2165/2660/2887 2168/2662/2887
f 2169/2663/2888 2164/2659/2888 2167/2661/2888
f 2170/2664/2889 2168/2662/2889 2171/2665/2889
f 2172/2666/2890 2167/2661/2890 2170/2664/2890
f 2173/2667/2891 2171/2665/2891 2174/2668/2891
f 2173/2667/2892 2172/2666/2892 2170/2664/2892
f 2176/2669/2893 2174/2668/2893 2177/2670/2893
f 2178/2671/2894 2173/2667/2894 2176/2669/2894
f 2179/2672/2895 2177/2670/2895 2180/2673/2895
f 2179/2672/2896 2178/2671/2896 2176/2669/2896
f 2183/2674/2897 2179/2672/2897 2180/2673/2897
f 2182/2675/2898 2181/2676/2898 2179/2672/2898
f 2186/2677/2899 2182/2675/2899 2183/2674/2899
f 2187/2678/2900 2182/2675/2900 2185/2679/2900
f 2094/2593/2901 2185/2679/2901 2186/2677/2901
f 2189/2598/2902 2185/2679/2902 2098/2595/2902
f 2189/2598/2903 2188/2680/2903 2187/2678/2903
f 2188/2680/2904 2184/2681/2904 2187/2678/2904
f 2097/2682/2905 2190/2683/2905 2189/2598/2905
f 2191/2684/2906 2188/2680/2906 2190/2683/2906
f 2192/2685/2907 2191/2684/2907 2190/2683/2907
f 2195/2686/2908 2192/2685/2908 2194/2687/2908
f 2100/2599/2909 2192/2685/2909 2097/2682/2909
f 2103/2604/2910 2194/2687/2910 2100/2599/2910
f 2197/2688/2911 2194/2687/2911 2196/2689/2911
f 2106/2607/2912 2196/2689/2912 2103/2604/2912
f 2199/2690/2913 2196/2689/2913 2198/2691/2913
f 2200/2692/2914 2106/2607/2914 2109/2610/2915
f 2201/2693/2916 2198/2691/2916 2200/2692/2916
f 2202/2694/2917 2109/2610/2918 2112/2613/2917
f 2202/2694/2919 2201/2693/2919 2200/2692/2919
f 2204/2695/2920 2112/2613/2920 2115/2696/2920
f 2204/2695/2921 2203/2697/2921 2202/2694/2921
f 2206/2698/2922 2115/2696/2922 2118/2615/2922
f 2206/2698/2923 2205/2699/2923 2204/2695/2923
f 2121/2618/2924 2206/2698/2924 2118/2615/2924
f 2209/2700/2925 2206/2698/2925 2208/2701/2925
f 2210/2702/2926 2121/2618/2926 2124/2624/2926
f 2210/2702/2927 2209/2700/2927 2208/2701/2927
f 2212/2703/2928 2124/2624/2929 2127/2704/2928
f 2213/2705/2930 2210/2702/2930 2212/2703/2930
f 2214/2706/2931 2127/2704/2931 2130/2626/2931
f 2215/2707/2932 2212/2703/2932 2214/2706/2932
f 2133/2629/2933 2214/2706/2933 2130/2626/2933
f 2217/2708/2934 2214/2706/2934 2216/2709/2934
f 2136/2635/2935 2216/2709/2935 2133/2629/2935
f 2218/2710/2936 2217/2708/2936 2216/2709/2936
f 2220/2711/2937 2136/2635/2937 2139/2638/2937
f 2221/2712/2938 2218/2710/2938 2220/2711/2938
f 2222/2713/2939 2139/2638/2939 2142/2641/2939
f 2223/2714/2940 2220/2711/2940 2222/2713/2941
f 2224/2715/2942 2142/2641/2942 2145/2716/2942
f 2225/2717/2943 2222/2713/2943 2224/2715/2943
f 2226/2718/2944 2145/2716/2944 2148/2643/2944
f 2226/2718/2945 2225/2717/2945 2224/2715/2945
f 2228/2719/2946 2148/2643/2946 2151/2647/2946
f 2228/2719/2947 2227/2720/2947 2226/2718/2948
f 2154/2652/2949 2228/2719/2949 2151/2647/2949
f 2230/2721/2950 2229/2722/2950 2228/2719/2950
f 2157/2723/2951 2230/2721/2952 2154/2652/2952
f 2233/2724/2953 2230/2721/2953 2232/2725/2953
f 2160/2654/2954 2232/2725/2954 2157/2723/2955
f 2235/2726/2956 2232/2725/2956 2234/2727/2956
f 2163/2657/2957 2234/2727/2957 2160/2654/2957
f 2236/2728/2958 2235/2726/2958 2234/2727/2958
f 2166/2729/2959 2236/2728/2959 2163/2657/2960
f 2239/2730/2961 2236/2728/2961 2238/2731/2962
f 2240/2732/2963 2166/2729/2963 2169/2663/2963
f 2241/2733/2964 2238/2731/2964 2240/2732/2964
f 2172/2666/2965 2240/2732/2965 2169/2663/2965
f 2242/2734/2966 2241/2733/2966 2240/2732/2966
f 2175/2735/2967 2242/2734/2967 2172/2666/2967
f 2244/2736/2968 2243/2737/2968 2242/2734/2969
f 2246/2738/2970 2175/2735/2970 2178/2671/2970
f 2246/2738/2971 2245/2739/2971 2244/2736/2971
f 2248/2740/2972 2178/2671/2972 2181/2676/2972
f 2248/2740/2973 2247/2741/2973 2246/2738/2973
f 2250/2742/2974 2181/2676/2974 2184/2681/2974
f 2250/2742/2975 2249/2743/2975 2248/2740/2975
f 2188/2680/2976 2251/2744/2976 2250/2742/2976
f 2229/2745/2012 2237/2746/2012 2252/2747/2012
f 2186/2677/2977 2253/2748/2977 2085/2583/2977
f 2094/2593/2978 2085/2583/2978 2088/2580/2978
f 2253/2748/2979 2180/2673/2979 2254/2749/2979
f 2086/2584/2980 2254/2749/2980 2255/2750/2980
f 2254/2749/2981 2257/2751/2981 2255/2750/2981
f 2254/2749/2982 2177/2670/2982 2256/2752/2982
f 2256/2752/2983 2259/2753/2983 2257/2751/2983
f 2177/2670/2984 2258/2754/2984 2256/2752/2984
f 2258/2754/2985 2261/2755/2985 2259/2753/2985
f 2258/2754/2986 2171/2665/2986 2260/2756/2986
f 2260/2756/2987 2263/2757/2987 2261/2755/2987
f 2260/2756/2988 2168/2662/2988 2262/2758/2988
f 2263/2757/2989 2264/2759/2989 2265/2760/2989
f 2168/2662/2990 2264/2759/2990 2262/2758/2990
f 2265/2760/2991 2266/2761/2991 2267/2762/2991
f 2165/2660/2992 2266/2761/2992 2264/2759/2992
f 2267/2762/2993 2268/2763/2993 2269/2764/2993
f 2162/2656/2994 2268/2763/2994 2266/2761/2994
f 2269/2764/2995 2270/2765/2995 2271/2766/2995
f 2159/2653/2996 2270/2765/2996 2268/2763/2996
f 2271/2766/2997 2272/2767/2998 2273/2768/2997
f 2156/2651/2999 2272/2767/2999 2270/2765/2999
f 2273/2768/3000 2274/2769/3001 2275/2770/3000
f 2272/2767/3002 2150/2646/3002 2274/2769/3002
f 2275/2770/3003 2276/2771/3003 2277/2772/3003
f 2150/2646/3004 2276/2771/3004 2274/2769/3004
f 2277/2772/3005 2278/2773/3005 2279/2774/3005
f 2276/2771/3006 2144/2640/3006 2278/2773/3006
f 2279/2774/3007 2280/2775/3007 2281/2776/3007
f 2144/2640/3008 2280/2775/3008 2278/2773/3008
f 2281/2776/3009 2282/2777/3009 2283/2778/3009
f 2280/2775/3010 2138/2634/3010 2282/2777/3010
f 2283/2778/3011 2284/2779/3011 2285/2780/3011
f 2282/2777/3012 2135/2632/3012 2284/2779/3012
f 2285/2780/3013 2286/2781/3014 2287/2782/3013
f 2284/2779/3015 2132/2628/3015 2286/2781/3015
f 2286/2781/3016 2289/2783/3017 2287/2782/3017
f 2132/2628/3018 2288/2784/3018 2286/2781/3018
f 2289/2783/3019 2290/2785/3020 2291/2786/3019
f 2288/2784/3021 2126/2623/3021 2290/2785/3021
f 2291/2786/3022 2292/2787/3022 2293/2788/3022
f 2290/2785/3023 2123/2621/3023 2292/2787/3023
f 2292/2787/3024 2295/2789/3024 2293/2788/3024
f 2123/2621/3025 2294/2790/3025 2292/2787/3025
f 2295/2789/3026 2296/2791/3026 2297/2792/3026
f 2294/2790/3027 2117/2614/3027 2296/2791/3027
f 2296/2791/3028 2299/2793/3028 2297/2792/3028
f 2117/2614/3029 2298/2794/3029 2296/2791/3029
f 2298/2794/3030 2301/2795/3031 2299/2793/3031
f 2114/2612/3032 2300/2796/3032 2298/2794/3032
f 2301/2795/3033 2302/2797/3033 2303/2798/3033
f 2300/2796/3034 2108/2606/3034 2302/2797/3034
f 2303/2798/3035 2304/2799/3035 2305/2800/3035
f 2108/2606/3036 2304/2799/3036 2302/2797/3036
f 2305/2800/3037 2306/2801/3038 2307/2802/3037
f 2105/2603/3039 2306/2801/3039 2304/2799/3039
f 2307/2802/3040 2092/2590/3040 2090/2591/3040
f 2102/2601/3041 2092/2590/3041 2306/2801/3041
f 2090/2589/3042 1988/2464/3043 2307/2803/3043
f 2305/2804/3044 1988/2464/3044 2308/2805/3044
f 2303/2806/3045 2308/2805/3045 1998/2483/3045
f 2303/2806/3046 2000/2481/3046 2301/2807/3046
f 2299/2808/3047 2000/2481/3047 2003/2487/3047
f 2297/2809/3048 2003/2487/3048 2006/2490/3048
f 2297/2809/3049 2009/2810/3049 2295/2811/3049
f 2293/2812/3050 2009/2810/3050 2012/2493/3050
f 2293/2812/3051 2015/2496/3051 2291/2813/3051
f 2291/2813/3052 2018/2499/3052 2289/2814/3052
f 2287/2815/3053 2018/2499/3053 2021/2502/3053
f 2285/2816/3054 2021/2502/3054 2024/2817/3054
f 2283/2818/3055 2024/2817/3055 2027/2507/3055
f 2281/2819/3056 2027/2507/3056 2030/2510/3056
f 2281/2819/3057 2033/2513/3057 2279/2820/3057
f 2277/2821/3058 2033/2513/3058 2036/2516/3058
f 2275/2822/3059 2036/2516/3059 2039/2521/3059
f 2273/2823/3060 2039/2521/3061 2042/2824/3060
f 2271/2825/3062 2042/2824/3062 2044/2524/3062
f 2269/2826/3063 2044/2524/3063 2309/2526/3063
f 2267/2827/3064 2309/2526/3064 2054/2543/3064
f 2267/2827/3065 2056/2541/3065 2265/2828/3065
f 2265/2828/3066 2058/2546/3066 2263/2829/3066
f 2261/2830/3067 2058/2546/3067 2310/2561/3067
f 2261/2830/3068 2068/2831/3068 2259/2832/3068
f 2259/2832/3069 2070/2559/3069 2257/2833/3069
f 2257/2833/3070 2072/2565/3070 2255/2834/3070
f 2255/2834/3071 2082/2835/3071 2086/2576/3071
f 1978/2453/3072 2311/2836/3072 1975/2454/3072
f 2079/2569/3073 2313/2837/3073 2311/2836/3073
f 1975/2454/3074 2312/2838/3074 1972/2442/3074
f 2311/2836/3075 2314/2839/3075 2312/2838/3075
f 2313/2837/3076 2316/2840/3077 2314/2839/3076
f 2077/2568/3078 2315/2841/3078 2313/2837/3078
f 2315/2841/3079 2318/2842/3079 2316/2840/3079
f 2315/2841/3080 2319/2556/3080 2317/2843/3080
f 2317/2843/3081 2321/2844/3081 2318/2842/3081
f 2319/2556/3082 2320/2845/3082 2317/2843/3082
f 2320/2845/3083 2323/2846/3083 2321/2844/3083
f 2065/2551/3084 2322/2847/3084 2320/2845/3084
f 2323/2846/3085 2324/2848/3085 2325/2849/3085
f 2322/2847/3086 2061/2549/3086 2324/2848/3086
f 2324/2848/3087 2327/2850/3087 2325/2849/3087
f 2324/2848/3088 2328/2538/3088 2326/2851/3088
f 2326/2851/3089 2330/2852/3089 2327/2850/3089
f 2326/2851/3090 2051/2535/3090 2329/2853/3090
f 2329/2853/3091 2332/2854/3091 2330/2852/3091
f 2329/2853/3092 2049/2533/3092 2331/2855/3092
f 2331/2855/3093 2334/2856/3093 2332/2854/3093
f 2331/2855/3094 2047/2529/3094 2333/2857/3094
f 2334/2856/3095 2335/2858/3095 2336/2859/3095
f 2047/2529/3096 2335/2858/3096 2333/2857/3096
f 2336/2859/3097 2338/2860/3097 2339/2861/3097
f 2337/2531/3098 2338/2860/3098 2335/2858/3098
f 2339/2861/3099 2341/2862/3099 2342/2863/3099
f 2340/2864/3100 2341/2862/3100 2338/2860/3100
f 2342/2863/3101 2344/2865/3101 2345/2866/3101
f 2341/2862/3102 2346/2867/3102 2344/2865/3102
f 2344/2865/3103 2348/2868/3103 2345/2866/3103
f 2346/2867/3104 2347/2869/3104 2344/2865/3104
f 2347/2869/3105 2351/2870/3105 2348/2868/3105
f 2349/2871/3106 2350/2872/3106 2347/2869/3106
f 2350/2872/3107 2354/2873/3107 2351/2870/3107
f 2350/2872/3108 2355/2874/3108 2353/2875/3108
f 2353/2875/3109 2357/2876/3109 2354/2873/3109
f 2355/2874/3110 2356/2877/3110 2353/2875/3110
f 2356/2877/3111 2360/2878/3111 2357/2876/3111
f 2358/2879/3112 2359/2880/3112 2356/2877/3112
f 2360/2878/3113 2362/2881/3113 2363/2882/3113
f 2359/2880/3114 2364/2883/3114 2362/2881/3114
f 2363/2882/3115 2365/2884/3115 2366/2885/3115
f 2364/2883/3116 2365/2884/3116 2362/2881/3116
f 2366/2885/3117 2368/2886/3117 2369/2887/3117
f 2365/2884/3118 2370/2888/3118 2368/2886/3118
f 2369/2887/3119 2371/2889/3119 2372/2890/3119
f 2368/2886/3120 2373/2891/3120 2371/2889/3120
f 2372/2890/3121 2374/2892/3121 2375/2893/3121
f 2371/2889/3122 2376/2894/3122 2374/2892/3122
f 2374/2892/3123 2378/2895/3123 2375/2893/3123
f 2376/2894/3124 2377/2896/3124 2374/2892/3124
f 2378/2895/3125 2380/2897/3125 2381/2898/3125
f 2377/2896/3126 1995/2475/3126 2380/2897/3126
f 2381/2898/3127 2382/2899/3127 2383/2900/3127
f 2380/2897/3128 1993/2473/3128 2382/2899/3128
f 2383/2900/3129 2384/2901/3129 2385/2902/3129
f 1993/2473/3130 2384/2901/3130 2382/2899/3130
f 2385/2902/3131 1974/2452/3131 1971/2449/3131
f 2384/2901/3132 1977/2451/3132 1974/2452/3132
f 2387/2903/3133 2385/2902/3133 2386/2904/3133
f 2385/2902/3134 1969/2447/3134 2386/2904/3135
f 2381/2898/3136 2387/2903/3136 2388/2905/3136
f 2378/2895/3137 2388/2905/3137 2389/2906/3137
f 2390/2907/3138 2378/2895/3138 2389/2906/3138
f 2372/2890/3139 2390/2907/3139 2391/2908/3139
f 2369/2887/3140 2391/2908/3140 2392/2909/3140
f 2366/2885/3141 2392/2909/3141 2393/2446/3141
f 2363/2882/3142 2393/2446/3142 2394/2910/3142
f 2360/2878/3143 2394/2910/3143 2395/2911/3143
f 2396/2912/3144 2360/2878/3144 2395/2911/3144
f 2397/2913/3145 2357/2876/3145 2396/2912/3145
f 2351/2870/3146 2397/2913/3147 2398/2914/3146
f 2348/2868/3148 2398/2914/3148 2399/2915/3148
f 2400/2916/3149 2348/2868/3149 2399/2915/3149
f 2342/2863/3150 2400/2916/3150 2401/2445/3150
f 2339/2861/3151 2401/2445/3151 2402/2917/3151
f 2336/2859/3152 2402/2917/3152 2403/2918/3152
f 2334/2856/3153 2403/2918/3153 2404/2919/3153
f 2332/2854/3154 2404/2919/3154 2405/2920/3154
f 2406/2921/3155 2332/2854/3155 2405/2920/3155
f 2327/2850/3156 2406/2921/3156 2407/2922/3156
f 2325/2849/3157 2407/2922/3157 2408/2923/3157
f 2323/2846/3158 2408/2923/3158 2409/2444/3158
f 2410/2924/3159 2323/2846/3159 2409/2444/3159
f 2411/2925/3160 2321/2844/3160 2410/2924/3161
f 2412/2926/3162 2318/2842/3162 2411/2925/3162
f 2413/2927/3163 2316/2840/3163 2412/2926/3163
f 2414/2928/3164 2314/2839/3165 2413/2927/3165
f 1968/2443/3166 2312/2838/3166 2414/2928/3166
f 2002/2929/3167 2379/2478/3167 2376/2894/3167
f 2005/2930/3168 2376/2894/3168 2373/2891/3168
f 2008/2931/3169 2373/2891/3169 2370/2888/3169
f 2367/2932/3170 2008/2931/3170 2370/2888/3170
f 2364/2883/3171 2011/2933/3171 2367/2932/3171
f 2361/2934/3172 2014/2935/3172 2364/2883/3172
f 2358/2879/3173 2017/2936/3173 2361/2934/3173
f 2355/2874/3174 2020/2937/3174 2358/2879/3174
f 2352/2938/3175 2023/2939/3175 2355/2874/3175
f 2029/2940/3176 2352/2938/3176 2349/2871/3176
f 2032/2941/3177 2349/2871/3177 2346/2867/3178
f 2035/2942/3179 2346/2867/3179 2343/2943/3179
f 2038/2944/3180 2343/2943/3180 2340/2864/3180
f 2337/2531/3181 2038/2944/3182 2340/2864/3182
f 2416/2945/3183 2417/2946/3184 2594/2947/3185
f 2591/2948/3186 2415/2949/3187 2416/2945/3188
f 2415/2949/3189 2421/2950/3190 2417/2946/3191
f 2418/2951/3192 2419/2952/3193 2415/2949/3194
f 2419/2953/3195 2603/2954/3196 2421/2955/3197
f 2422/2956/3198 2420/2957/3199 2419/2953/3200
f 2590/2958/3201 2422/2959/3202 2418/2951/3203
f 2422/2956/3204 2426/2960/3205 2424/2961/3206
f 2420/2957/3207 2425/2962/3208 2603/2954/3209
f 2424/2961/3210 2428/2963/3211 2425/2962/3212
f 2423/2964/3213 2427/2965/3214 2426/2960/3215
f 2426/2960/3216 2429/2966/3217 2428/2963/3218
f 2428/2963/3219 2433/2967/3220 2430/2968/3221
f 2425/2962/3222 2430/2968/3223 2431/2969/3224
f 2604/2970/3225 2430/2968/3226 2432/2971/3227
f 2432/2971/3228 2433/2967/3229 2434/2972/3230
f 2429/2966/3231 2435/2973/3232 2433/2967/3233
f 2434/2972/3234 2435/2973/3235 2437/2974/3236
f 2437/2974/3237 2436/2975/3238 2457/2976/3239
f 2438/2977/3240 2436/2975/3241 2435/2973/3242
f 2427/2965/3243 2438/2977/3244 2429/2966/3245
f 2440/2978/3246 2439/2979/3247 2438/2977/3248
f 2444/2980/3249 2440/2978/3250 2427/2965/3251
f 2442/2981/3252 2441/2982/3253 2440/2978/3254
f 2443/2983/3255 2445/2984/3256 2442/2985/3257
f 2588/2986/3258 2442/2985/3259 2444/2987/3260
f 2448/2988/3261 2445/2984/3262 2446/2989/3263
f 2447/2990/3264 2441/2982/3265 2445/2991/3266
f 2479/2992/3267 2447/2993/3268 2448/2988/3269
f 2449/2994/3270 2450/2995/3271 2447/2990/3272
f 2450/2995/3273 2439/2979/3274 2441/2982/3275
f 2451/2996/3276 2452/2997/3277 2450/2995/3278
f 2452/2997/3279 2436/2975/3280 2439/2979/3281
f 2453/2998/3282 2454/2999/3283 2452/2997/3284
f 2436/2975/3280 2456/3000/3285 2457/2976/3286
f 2454/2999/3283 2458/3001/3287 2456/3000/3288
f 2457/2976/3289 2459/3002/3290 2460/3003/3291
f 2456/3000/3292 2461/3004/3293 2459/3002/3294
f 2460/3003/3295 2462/3005/3296 2464/3006/3297
f 2459/3002/3298 2465/3007/3299 2462/3005/3300
f 2463/3008/3301 2464/3009/3302 2462/3010/3303
f 2466/3011/3304 2462/3010/3305 2465/3012/3306
f 2468/3013/3307 2465/3012/3308 2467/3014/3309
f 2461/3004/3310 2467/3015/3311 2465/3007/3312
f 2521/3016/3313 2467/3014/3314 2469/3017/3315
f 2470/3018/3316 2469/3019/3317 2467/3015/3318
f 2458/3001/3319 2470/3018/3320 2461/3004/3321
f 2455/3020/3322 2471/3021/3323 2458/3001/3324
f 2471/3021/3325 2473/3022/3326 2469/3019/3327
f 2474/3023/3328 2455/3020/3329 2453/2998/3330
f 2473/3022/3331 2474/3023/3332 2475/3024/3333
f 2476/3025/3334 2453/2998/3335 2451/2996/3336
f 2475/3024/3337 2476/3025/3338 2477/3026/3339
f 2477/3026/3340 2451/2996/3341 2449/2994/3342
f 2480/3027/3343 2477/3028/3344 2478/3029/3345
f 2478/3029/3346 2449/3030/3347 2479/2992/3348
f 2481/3031/3349 2479/2992/3350 2482/3032/3351
f 2483/3033/3352 2478/3029/3353 2481/3031/3354
f 2485/3034/3355 2481/3035/3356 2482/3036/3357
f 2484/3037/3358 2483/3038/3359 2481/3035/3360
f 2484/3037/3361 2488/3039/3362 2487/3040/3363
f 2486/3041/3364 2487/3040/3365 2489/3042/3366
f 2491/3043/3367 2487/3044/3368 2488/3045/3369
f 2490/3046/3370 2489/3047/3371 2487/3044/3372
f 2493/3048/3373 2490/3046/3374 2491/3043/3375
f 2497/3049/3376 2492/3050/3377 2493/3048/3378
f 2492/3050/3379 2496/3051/3380 2489/3047/3381
f 2495/3052/3382 2496/3051/3383 2494/3053/3384
f 2497/3049/3385 2495/3052/3386 2494/3053/3387
f 2499/3054/3388 2493/3048/3389 2501/3055/3390
f 2499/3054/3388 2498/3056/3391 2497/3049/3392
f 2500/3057/3393 2501/3055/3394 2592/3058/3395
f 2500/3057/3393 2502/3059/3396 2499/3054/3397
f 2503/3060/3398 2504/3061/3399 2502/3059/3400
f 2502/3059/3401 2506/3062/3402 2498/3056/3403
f 2505/3063/3404 2507/3064/3405 2504/3061/3406
f 2504/3061/3407 2510/3065/3408 2506/3062/3409
f 2511/3066/3410 2507/3067/3411 2508/3068/3412
f 2508/3068/3413 2509/3069/3414 2528/3070/3415
f 2513/3071/3416 2510/3072/3417 2511/3066/3418
f 2506/3062/3419 2512/3073/3420 2515/3074/3421
f 2516/3075/3422 2512/3076/3423 2513/3071/3424
f 2515/3074/3425 2514/3077/3426 2495/3052/3427
f 2498/3056/3428 2515/3074/3429 2495/3052/3430
f 2518/3078/3431 2514/3079/3432 2516/3075/3433
f 2513/3071/3434 2517/3080/3435 2516/3075/3436
f 2516/3075/3437 2519/3081/3438 2518/3078/3439
f 2486/3041/3440 2519/3081/3441 2483/3038/3442
f 2518/3078/3443 2489/3042/3444 2496/3082/3445
f 2519/3083/3446 2480/3027/3447 2483/3033/3448
f 2521/3016/3449 2519/3083/3450 2517/3084/3451
f 2520/3085/3452 2475/3086/3453 2480/3027/3454
f 2520/3085/3455 2469/3017/3456 2473/3087/3457
f 2468/3013/3458 2517/3084/3459 2522/3088/3460
f 2511/3066/3461 2522/3089/3462 2513/3071/3463
f 2466/3011/3464 2522/3088/3465 2523/3090/3466
f 2463/3008/3467 2523/3090/3468 2524/3091/3469
f 2508/3068/3470 2523/3092/3471 2511/3066/3472
f 2528/3070/3473 2524/3093/3474 2508/3068/3475
f 2526/3094/3476 2524/3091/3477 2525/3095/3478
f 2618/3096/3479 2525/3095/3480 2527/3097/3481
f 2529/3098/3482 2525/3099/3483 2528/3070/3484
f 2529/3098/3485 2509/3069/3486 2531/3100/3487
f 2530/3101/3488 2531/3100/3489 2532/3102/3490
f 2620/3103/3491 2529/3098/3492 2530/3101/3493
f 2531/3104/3494 2505/3063/3495 2533/3105/3496
f 2532/3106/3497 2533/3105/3498 2534/3107/3499
f 2533/3105/3500 2503/3060/3501 2535/3108/3502
f 2534/3107/3503 2535/3108/3504 2536/3109/3505
f 2535/3108/3506 2500/3057/3507 2537/3110/3508
f 2536/3109/3509 2537/3110/3510 2539/3111/3511
f 2500/3057/3512 2538/3112/3513 2537/3110/3514
f 2537/3110/3515 2540/3113/3516 2539/3111/3517
f 2539/3111/3518 2543/3114/3519 2541/3115/3520
f 2544/3116/3521 2539/3111/3522 2541/3115/3523
f 2541/3115/3524 2593/3117/3525 2542/3118/3526
f 2545/3119/3527 2541/3115/3528 2542/3118/3529
f 2547/3120/3530 2544/3116/3531 2545/3119/3532
f 2546/3121/3533 2536/3109/3534 2544/3116/3535
f 2550/3122/3536 2546/3121/3537 2547/3120/3538
f 2548/3123/3539 2534/3107/3540 2546/3121/3541
f 2549/3124/3542 2532/3102/3543 2548/3125/3544
f 2549/3124/3545 2550/3126/3546 2551/3127/3547
f 2551/3127/3548 2552/3128/3549 2553/3129/3550
f 2555/3130/3551 2550/3122/3552 2547/3120/3553
f 2553/3129/3554 2554/3131/3555 2624/3132/3556
f 2556/3133/3557 2552/3134/3558 2555/3130/3559
f 2555/3130/3560 2545/3119/3561 2556/3133/3562
f 2556/3133/3563 2542/3118/3564 2557/3135/3565
f 2557/3135/3566 2554/3136/3567 2556/3133/3568
f 2542/3118/3569 2558/3137/3570 2557/3135/3571
f 2557/3135/3572 2561/3138/3573 2559/3139/3574
f 2562/3140/3575 2559/3141/3576 2561/3142/3577
f 2624/3132/3578 2559/3141/3579 2560/3143/3580
f 2564/3144/3581 2561/3142/3582 2563/3145/3583
f 2558/3137/3584 2563/3146/3585 2561/3138/3586
f 2567/3147/3587 2563/3145/3588 2566/3148/3589
f 2565/3149/3590 2566/3150/3591 2563/3146/3592
f 2570/3151/3593 2566/3148/3594 2569/3152/3595
f 2571/3153/3596 2566/3150/3597 2568/3154/3598
f 2570/3151/3599 2572/3155/3600 2573/3156/3601
f 2574/3157/3602 2569/3158/3603 2571/3153/3604
f 2573/3156/3605 2575/3159/3606 2576/3160/3607
f 2577/3161/3608 2572/3162/3609 2574/3157/3610
f 2576/3160/3611 2578/3163/3612 2579/3164/3613
f 2580/3165/3614 2575/3166/3615 2577/3161/3616
f 2582/3167/3617 2578/3163/3618 2581/3168/3619
f 2580/3165/3620 2581/3169/3621 2578/3170/3622
f 2485/3034/3623 2581/3168/3624 2488/3039/3625
f 2583/3171/3626 2488/3045/3627 2581/3169/3628
f 2501/3055/3629 2491/3043/3630 2583/3171/3631
f 2592/3058/3632 2583/3171/3633 2580/3165/3634
f 2579/3164/3635 2584/3172/3636 2585/3173/3637
f 2582/3167/3638 2482/3036/3639 2584/3172/3640
f 2584/3174/3641 2446/2989/3642 2585/3175/3643
f 2482/3032/3644 2448/2988/3645 2584/3174/3646
f 2576/3160/3647 2585/3173/3648 2586/3176/3649
f 2585/3175/3650 2443/2983/3651 2586/3177/3652
f 2576/3160/3653 2587/3178/3654 2573/3156/3655
f 2587/3179/3656 2443/2983/3657 2588/2986/3658
f 2589/3180/3659 2588/2986/3660 2590/2958/3661
f 2573/3156/3662 2589/3181/3663 2570/3151/3664
f 2591/2948/3665 2590/2958/3666 2418/2951/3667
f 2570/3151/3668 2591/3182/3669 2567/3147/3670
f 2564/3144/3671 2591/3182/3672 2416/3183/3673
f 2590/2958/3674 2444/2987/3675 2423/3184/3676
f 2592/3058/3677 2577/3161/3678 2538/3112/3679
f 2538/3112/3680 2574/3157/3681 2540/3113/3682
f 2540/3113/3683 2571/3153/3684 2543/3114/3685
f 2543/3114/3686 2568/3154/3687 2593/3117/3688
f 2593/3117/3689 2565/3149/3690 2558/3137/3691
f 2562/3140/3692 2416/3183/3693 2594/3185/3694
f 2560/3143/3695 2594/3185/3696 2595/3186/3697
f 2594/2947/3698 2597/3187/3699 2595/3188/3700
f 2560/3143/3701 2596/3189/3702 2624/3132/3703
f 2597/3187/3704 2596/3190/3705 2595/3188/3706
f 2598/3191/3707 2599/3192/3708 2600/3193/3709
f 2417/2946/3710 2599/3192/3711 2597/3187/3712
f 2601/3194/3713 2600/3195/3714 2599/3196/3715
f 2421/2955/3716 2601/3194/3717 2599/3196/3718
f 2602/3197/3719 2431/2969/3720 2604/2970/3721
f 2603/2954/3722 2431/2969/3723 2601/3194/3724
f 2605/3198/3725 2604/2970/3726 2606/3199/3727
f 2602/3197/3728 2607/3200/3729 2600/3195/3730
f 2605/3198/3731 2609/3201/3732 2607/3200/3733
f 2608/3202/3734 2600/3193/3735 2607/3203/3736
f 2610/3204/3737 2607/3203/3738 2609/3205/3739
f 2612/3206/3740 2609/3205/3741 2611/3207/3742
f 2609/3201/3743 2614/3208/3744 2611/3209/3745
f 2612/3206/3746 2613/3210/3747 2619/3211/3748
f 2611/3209/3749 2615/3212/3750 2613/3213/3751
f 2606/3199/3752 2432/2971/3753 2614/3208/3754
f 2614/3208/3755 2434/2972/3756 2615/3212/3757
f 2613/3213/3758 2616/3214/3759 2617/3215/3760
f 2615/3212/3761 2437/2974/3762 2616/3214/3763
f 2617/3215/3764 2460/3003/3765 2464/3006/3766
f 2616/3214/3767 2457/2976/3768 2460/3003/3769
f 2618/3096/3770 2464/3009/3771 2526/3094/3772
f 2619/3211/3773 2617/3216/3774 2618/3096/3775
f 2620/3217/3776 2618/3096/3777 2527/3097/3778
f 2621/3218/3779 2619/3211/3780 2620/3217/3781
f 2621/3219/3782 2530/3101/3783 2549/3124/3784
f 2622/3220/3785 2549/3124/3786 2551/3127/3787
f 2622/3221/3788 2612/3206/3789 2621/3218/3790
f 2608/3202/3791 2622/3221/3792 2623/3222/3793
f 2553/3129/3794 2622/3220/3795 2551/3127/3796
f 2598/3191/3797 2623/3222/3798 2596/3190/3799
f 2624/3132/3800 2623/3223/3801 2553/3129/3802
f 2839/3224/3803 2625/3225/3804 2626/3226/3805
f 2625/3225/3806 2631/3227/3807 2626/3226/3807
f 2630/3228/3808 2625/3225/3809 2627/3229/3810
f 2630/3228/3811 2629/3230/3812 2628/3231/3813
f 2628/3231/3814 2633/3232/3815 2631/3227/3816
f 2631/3233/3807 2841/3234/3817 2626/3235/3807
f 2631/3233/3816 2634/3236/3818 2632/3237/3819
f 2635/3238/3820 2634/3236/3821 2633/3239/3822
f 2629/3230/3823 2635/3240/3820 2633/3232/3822
f 2635/3238/3824 2639/3241/3824 2636/3242/3825
f 2640/3243/3826 2635/3240/3824 2637/3244/3827
f 2638/3245/3828 2642/3246/3829 2639/3241/3830
f 2640/3243/3830 2641/3247/3831 2638/3248/3828
f 2641/3249/3832 2645/3250/3833 2642/3246/3834
f 2646/3251/3835 2641/3247/3832 2643/3252/3836
f 2647/3253/3837 2645/3250/3838 2644/3254/3838
f 2646/3251/3839 2647/3255/3837 2644/3256/3838
f 2647/3253/3840 2651/3257/3841 2648/3258/3842
f 2649/3259/3843 2650/3260/3841 2647/3255/3840
f 2653/3261/3844 2651/3257/3845 2650/3262/3846
f 2655/3263/3847 2650/3260/3846 2652/3264/3848
f 2653/3261/3849 2657/3265/3850 2654/3266/3851
f 2658/3267/3852 2653/3268/3849 2655/3263/3853
f 2656/3269/3854 2660/3270/3855 2657/3265/3856
f 2661/3271/3857 2656/3272/3854 2658/3267/3858
f 2659/3273/3859 2663/3274/3860 2660/3270/3861
f 2664/3275/3862 2659/3276/3859 2661/3271/3863
f 2665/3277/3864 2663/3274/3865 2662/3278/3866
f 2664/3275/3867 2665/3279/3864 2662/3280/3866
f 2665/3277/3868 2669/3281/3869 2666/3282/3870
f 2667/3283/3871 2668/3284/3872 2665/3279/3868
f 2671/3285/3873 2669/3281/3874 2668/3286/3874
f 2673/3287/3875 2668/3284/3874 2670/3288/3876
f 2674/3289/3877 2672/3290/3878 2671/3285/3879
f 2673/3287/3880 2674/3291/3877 2671/3292/3879
f 2677/3293/3881 2675/3294/3882 2674/3289/3883
f 2676/3295/3883 2677/3296/3881 2674/3291/3883
f 2677/3293/3884 2681/3297/3885 2678/3298/3886
f 2679/3299/3887 2680/3300/3888 2677/3296/3884
f 2680/3301/3889 2684/3302/3890 2681/3297/3891
f 2685/3303/3892 2680/3300/3889 2682/3304/3893
f 2683/3305/3894 2687/3306/3895 2684/3302/3896
f 2688/3307/3897 2683/3308/3894 2685/3303/3898
f 2689/3309/3899 2687/3306/3900 2686/3310/3901
f 2691/3311/3902 2686/3312/3901 2688/3307/3903
f 2689/3309/3899 2693/3313/3904 2690/3314/3905
f 2694/3315/3906 2689/3316/3899 2691/3311/3902
f 2692/3317/3907 2696/3318/3908 2693/3313/3904
f 2697/3319/3909 2692/3320/3907 2694/3315/3906
f 2695/3321/3910 2699/3322/3911 2696/3318/3912
f 2700/3323/3913 2695/3324/3910 2697/3319/3914
f 2701/3325/3915 2699/3322/3916 2698/3326/3917
f 2700/3323/3918 2701/3327/3915 2698/3328/3917
f 2701/3325/3919 2705/3329/3920 2702/3330/3921
f 2706/3331/3922 2701/3327/3919 2703/3332/3923
f 2707/3333/3924 2705/3329/3925 2704/3334/3926
f 2706/3331/3927 2707/3335/3924 2704/3336/3926
f 2710/3337/3928 2708/3338/3929 2707/3333/3930
f 2709/3339/3931 2710/3340/3928 2707/3335/3930
f 2710/3337/3932 2714/3341/3933 2711/3342/3934
f 2712/3343/3935 2713/3344/3936 2710/3340/3932
f 2713/3345/3937 2717/3346/3938 2714/3341/3937
f 2718/3347/3939 2713/3344/3937 2715/3348/3940
f 2716/3349/3941 2720/3350/3941 2717/3346/3941
f 2721/3351/3942 2716/3352/3941 2718/3347/3943
f 2720/3350/3944 2722/3353/3945 2724/3354/3946
f 2722/3355/3945 2721/3351/3947 2723/3356/3948
f 2725/3357/3945 2723/3356/3948 2726/3358/3949
f 2724/3354/3946 2725/3359/3945 2727/3360/3950
f 2725/3357/3945 2729/3361/3950 2728/3362/3951
f 2730/3363/3948 2725/3359/3945 2728/3364/3951
f 2728/3362/3951 2732/3365/3952 2731/3366/3944
f 2733/3367/3950 2728/3364/3951 2731/3368/3944
f 2731/3366/3953 2735/3369/3954 2734/3370/3955
f 2733/3367/3956 2734/3371/3955 2736/3372/3957
f 2737/3373/3958 2735/3369/3959 2738/3374/3960
f 2736/3372/3961 2737/3375/3958 2739/3376/3962
f 2740/3377/3963 2738/3374/3964 2741/3378/3965
f 2739/3376/3966 2740/3379/3963 2742/3380/3967
f 2743/3381/3968 2741/3378/3969 2744/3382/3970
f 2742/3380/3971 2743/3383/3968 2745/3384/3972
f 2746/3385/3973 2744/3382/3974 2747/3386/3975
f 2745/3384/3976 2746/3387/3973 2748/3388/3977
f 2746/3385/3978 2750/3389/3979 2749/3390/3980
f 2751/3391/3981 2746/3387/3978 2749/3392/3980
f 2752/3393/3982 2750/3389/3983 2753/3394/3984
f 2751/3391/3985 2752/3395/3982 2754/3396/3986
f 2755/3397/3987 2753/3394/3984 2756/3398/3988
f 2754/3396/3986 2755/3399/3987 2757/3400/3989
f 2758/3401/3990 2756/3398/3991 2759/3402/3992
f 2757/3400/3993 2758/3403/3990 2760/3404/3994
f 2761/3405/3995 2759/3402/3996 2762/3406/3997
f 2763/3407/3998 2758/3403/3999 2761/3408/3995
f 2764/3409/4000 2762/3406/4001 2765/3410/4002
f 2763/3407/4003 2764/3411/4000 2766/3412/4004
f 2767/3413/4005 2765/3410/4006 2768/3414/4007
f 2766/3412/4008 2767/3415/4005 2769/3416/4009
f 2767/3413/4010 2771/3417/4011 2770/3418/4012
f 2772/3419/4013 2767/3415/4010 2770/3420/4012
f 2773/3421/4014 2771/3417/4015 2774/3422/4016
f 2772/3419/4017 2773/3423/4014 2775/3424/4018
f 2776/3425/4019 2774/3422/4020 2777/3426/4021
f 2775/3424/4022 2776/3427/4019 2778/3428/4023
f 2779/3429/4024 2777/3426/4025 2780/3430/4026
f 2781/3431/4027 2776/3427/4024 2779/3432/4024
f 2782/3433/4028 2780/3430/4029 2783/3434/4030
f 2781/3431/4031 2782/3435/4028 2784/3436/4032
f 2785/3437/4033 2783/3434/4034 2786/3438/4035
f 2784/3436/4036 2785/3439/4033 2787/3440/4037
f 2788/3441/4038 2786/3438/4039 2789/3442/4040
f 2787/3440/4041 2788/3443/4038 2790/3444/4042
f 2788/3441/4043 2792/3445/4044 2791/3446/4045
f 2793/3447/4046 2788/3443/4043 2791/3448/4045
f 2791/3446/4047 2795/3449/4048 2794/3450/4048
f 2796/3451/4048 2791/3448/4047 2794/3452/4048
f 2797/3453/4049 2795/3449/4050 2798/3454/4051
f 2796/3451/4052 2797/3455/4049 2799/3456/4049
f 2800/3457/4053 2798/3454/4054 2801/3458/4055
f 2799/3456/4056 2800/3459/4053 2802/3460/4057
f 2803/3461/4058 2801/3458/4059 2804/3462/4060
f 2805/3463/4061 2800/3459/4062 2803/3464/4058
f 2806/3465/4063 2804/3462/4064 2807/3466/4065
f 2805/3463/4066 2806/3467/4063 2808/3468/4067
f 2809/3469/4068 2807/3466/4069 2810/3470/4070
f 2808/3468/4071 2809/3471/4068 2811/3472/4072
f 2809/3469/4073 2813/3473/4074 2812/3474/4075
f 2814/3475/4075 2809/3471/4073 2812/3476/4075
f 2815/3477/4076 2813/3473/4077 2816/3478/4078
f 2817/3479/4079 2812/3476/4080 2815/3480/4076
f 2818/3481/4081 2816/3478/4082 2819/3482/4083
f 2817/3479/4084 2818/3483/4081 2820/3484/4085
f 2818/3481/4086 2822/3485/4087 2821/3486/4088
f 2823/3487/4089 2818/3483/4086 2821/3488/4088
f 2821/3486/4090 2826/3489/4091 2824/3490/4079
f 2825/3491/4092 2821/3488/4090 2824/3492/4079
f 2829/3493/4093 2824/3492/4094 2827/3494/4095
f 2824/3490/4094 2828/3495/4096 2827/3496/4095
f 2827/3496/4097 2831/3497/4098 2830/3498/4099
f 2827/3494/4097 2832/3499/4100 2829/3493/4101
f 2833/3500/4102 2831/3497/4103 2834/3501/4104
f 2832/3499/4105 2833/3502/4102 2835/3503/4106
f 2833/3500/4102 2837/3504/4107 2836/3505/4108
f 2838/3506/4109 2833/3502/4102 2836/3507/4108
f 2627/3229/4110 2836/3505/4111 2837/3504/4112
f 2840/3508/4113 2836/3507/4111 2839/3509/4114
f 2841/3234/4096 2839/3509/3803 2626/3235/3805
f 2841/3234/4115 2843/3510/4116 2840/3508/4117
f 2840/3508/4118 2845/3511/4119 2842/3512/4120
f 2840/3508/4121 2835/3503/4121 2838/3506/4121
f 2843/3510/4122 2846/3513/4123 2845/3511/4124
f 2634/3236/4125 2843/3510/4126 2632/3237/4127
f 2845/3511/4128 2829/3493/4129 2842/3512/4130
f 2846/3513/4131 2847/3514/4132 2845/3511/4133
f 2847/3514/4134 2825/3491/4135 2829/3493/4117
f 2847/3514/4136 2820/3484/4137 2823/3487/4138
f 2851/3515/4139 2848/3516/4140 2846/3513/4141
f 2849/3517/4142 2820/3484/4143 2848/3516/4144
f 2850/3518/4145 2817/3479/4146 2849/3517/4147
f 2852/3519/4148 2849/3517/4149 2851/3515/4150
f 2853/3520/4151 2852/3519/4152 2851/3515/4153
f 2844/3521/4154 2851/3515/4155 2846/3513/4156
f 2636/3242/4157 2854/3522/4158 2853/3520/4159
f 2634/3236/4160 2853/3520/4161 2844/3521/4162
f 2639/3241/4163 2855/3523/4164 2854/3522/4165
f 2854/3522/4166 2857/3524/4167 2852/3519/4168
f 2645/3250/4169 2855/3523/4170 2642/3246/4171
f 2855/3523/4172 2858/3525/4173 2857/3524/4167
f 2857/3524/4174 2850/3518/4175 2852/3519/4176
f 2858/3525/4177 2859/3526/4178 2857/3524/4174
f 2859/3526/4179 2814/3475/4180 2850/3518/4181
f 2859/3526/4182 2808/3468/4183 2811/3472/4184
f 2863/3527/4185 2860/3528/4186 2858/3525/4177
f 2861/3529/4187 2808/3468/4188 2860/3528/4189
f 2864/3530/4190 2861/3529/4191 2863/3527/4192
f 2861/3529/4193 2802/3460/4194 2805/3463/4195
f 2865/3531/4196 2864/3530/4197 2863/3527/4198
f 2856/3532/4199 2863/3527/4200 2858/3525/4173
f 2651/3257/4201 2865/3531/4202 2648/3258/4203
f 2645/3250/4204 2865/3531/4205 2856/3532/4206
f 2866/3533/4207 2869/3534/4208 2864/3530/4197
f 2651/3257/4209 2867/3535/4210 2866/3533/4211
f 2867/3535/4212 2870/3536/4213 2869/3534/4214
f 2657/3265/4215 2867/3535/4216 2654/3266/4217
f 2870/3536/4218 2871/3537/4219 2869/3534/4220
f 2869/3534/4221 2862/3538/4222 2864/3530/4190
f 2872/3539/4223 2799/3456/4224 2871/3537/4225
f 2871/3537/4226 2802/3460/4227 2862/3538/4228
f 2872/3539/4223 2793/3447/4229 2796/3451/4230
f 2874/3540/4231 2872/3539/4232 2870/3536/4218
f 2875/3541/4233 2793/3447/4234 2873/3542/4235
f 2874/3540/4236 2875/3541/4237 2873/3542/4238
f 2877/3543/4239 2876/3544/4240 2875/3541/4241
f 2876/3544/4242 2790/3444/4243 2875/3541/4244
f 2879/3545/4245 2874/3540/4246 2880/3546/4247
f 2881/3547/4248 2877/3543/4249 2879/3545/4250
f 2660/3270/4251 2879/3545/4252 2880/3546/4253
f 2663/3274/4254 2881/3547/4255 2879/3545/4256
f 2882/3548/4257 2878/3549/4258 2881/3547/4259
f 2669/3281/4260 2881/3547/4261 2666/3282/4262
f 2883/3550/4263 2884/3551/4264 2882/3548/4257
f 2669/3281/4265 2883/3550/4266 2882/3548/4267
f 2884/3551/4268 2887/3552/4269 2886/3553/4270
f 2878/3549/4271 2886/3553/4270 2876/3544/4272
f 2887/3552/4273 2784/3436/4274 2886/3553/4275
f 2876/3544/4276 2784/3436/4277 2787/3440/4278
f 2887/3552/4279 2778/3428/4280 2781/3431/4281
f 2885/3554/4282 2888/3555/4283 2887/3552/4284
f 2888/3555/4285 2775/3424/4286 2778/3428/4287
f 2889/3556/4288 2890/3557/4289 2888/3555/4283
f 2892/3558/4290 2891/3559/4291 2890/3557/4292
f 2890/3557/4293 2772/3419/4294 2775/3424/4295
f 2894/3560/4296 2889/3556/4297 2895/3561/4298
f 2896/3562/4299 2892/3558/4300 2894/3560/4301
f 2678/3298/4302 2895/3561/4303 2675/3294/4304
f 2681/3297/4305 2894/3560/4306 2678/3298/4307
f 2897/3563/4308 2893/3564/4309 2896/3562/4299
f 2681/3297/4310 2897/3563/4311 2896/3562/4312
f 2898/3565/4313 2899/3566/4314 2897/3563/4315
f 2684/3302/4316 2898/3565/4317 2897/3563/4318
f 2899/3566/4319 2902/3567/4320 2901/3568/4321
f 2893/3564/4322 2901/3568/4323 2891/3559/4291
f 2901/3568/4324 2766/3412/4325 2769/3416/4326
f 2901/3568/4327 2772/3419/4328 2891/3559/4329
f 2900/3569/4330 2903/3570/4331 2902/3567/4332
f 2903/3570/4333 2766/3412/4334 2902/3567/4335
f 2903/3570/4336 2760/3404/4337 2763/3407/4338
f 2905/3571/4339 2904/3572/4340 2903/3570/4341
f 2908/3573/4342 2905/3571/4343 2907/3574/4344
f 2907/3574/4345 2900/3569/4346 2898/3565/4347
f 2690/3314/4348 2908/3573/4349 2907/3574/4350
f 2687/3306/4351 2907/3574/4352 2898/3565/4353
f 2696/3318/4354 2908/3573/4355 2693/3313/4356
f 2909/3575/4357 2906/3576/4358 2908/3573/4342
f 2699/3322/4359 2909/3575/4360 2696/3318/4361
f 2909/3575/4362 2912/3577/4363 2911/3578/4364
f 2911/3578/4365 2904/3572/4340 2906/3576/4366
f 2911/3578/4367 2914/3579/4368 2913/3580/4369
f 2904/3572/4370 2757/3400/4371 2760/3404/4372
f 2913/3580/4373 2754/3396/4374 2757/3400/4375
f 2917/3581/4376 2914/3579/4377 2912/3577/4378
f 2914/3579/4379 2751/3391/4380 2754/3396/4381
f 2917/3581/4382 2916/3582/4383 2915/3583/4384
f 2915/3583/4385 2748/3388/4386 2751/3391/4387
f 2920/3584/4388 2917/3581/4389 2919/3585/4390
f 2919/3585/4391 2912/3577/4392 2910/3586/4393
f 2705/3329/4394 2919/3585/4395 2702/3330/4396
f 2699/3322/4397 2919/3585/4398 2910/3586/4399
f 2921/3587/4400 2918/3588/4401 2920/3584/4402
f 2705/3329/4403 2921/3587/4404 2920/3584/4405
f 2922/3589/4406 2923/3590/4407 2921/3587/4408
f 2711/3342/4409 2921/3587/4410 2708/3338/4411
f 2924/3591/4412 2925/3592/4413 2923/3590/4414
f 2918/3588/4415 2925/3592/4416 2916/3582/4417
f 2925/3592/4418 2742/3380/4419 2745/3384/4420
f 2925/3592/4421 2748/3388/4422 2916/3582/4423
f 2924/3591/4424 2927/3593/4425 2926/3594/4426
f 2926/3594/4427 2739/3376/4428 2742/3380/4429
f 2927/3593/4430 2736/3372/4431 2739/3376/4432
f 2930/3595/4433 2927/3593/4434 2929/3596/4435
f 2932/3597/4436 2929/3596/4437 2931/3598/4438
f 2931/3598/4439 2924/3591/4440 2922/3589/4441
f 2717/3346/4442 2931/3598/4443 2714/3341/4444
f 2711/3342/4445 2931/3598/4446 2922/3589/4447
f 2720/3350/4448 2932/3597/4449 2717/3346/4450
f 2724/3354/4451 2930/3595/4452 2932/3597/4453
f 2930/3595/4454 2730/3363/4455 2928/3599/4456
f 2928/3599/4457 2733/3367/4458 2736/3372/4459
f 2672/3290/4460 2895/3561/4461 2883/3550/4462
f 2895/3561/4298 2885/3554/4463 2883/3550/4464
f 2660/3270/4465 2868/3600/4466 2657/3265/4467
f 2868/3600/4468 2874/3540/4469 2870/3536/4213
f 2842/3512/4470 2832/3499/4471 2835/3503/4471
f 2627/3229/4472 2834/3501/4473 2933/3601/4472
f 2933/3601/4474 2831/3497/4475 2828/3495/4474
f 2934/3602/4476 2627/3229/4477 2933/3601/4478
f 2828/3495/4479 2934/3602/4480 2933/3601/4481
f 2935/3603/4482 2630/3228/4483 2934/3602/4484
f 2936/3604/4485 2935/3603/4486 2934/3602/4487
f 2826/3489/4488 2936/3604/4489 2828/3495/3810
f 2819/3482/4490 2936/3604/4491 2822/3485/4492
f 2937/3605/4493 2940/3606/4494 2935/3603/4495
f 2819/3482/4496 2938/3607/4497 2937/3605/4498
f 2816/3478/4499 2939/3608/4500 2938/3607/4501
f 2938/3607/4502 2941/3609/4503 2940/3606/4504
f 2941/3609/4505 2942/3610/4506 2940/3606/4507
f 2940/3606/4508 2944/3611/4509 2935/3603/4510
f 2943/3612/4511 2637/3244/4512 2942/3610/4513
f 2942/3610/4514 2629/3230/4515 2944/3611/4516
f 2945/3613/4517 2640/3243/4518 2943/3612/4519
f 2947/3614/4520 2943/3612/4521 2941/3609/4522
f 2945/3613/4523 2646/3251/4524 2643/3252/4525
f 2948/3615/4526 2945/3613/4527 2947/3614/4520
f 2939/3608/4528 2947/3614/4529 2941/3609/4530
f 2949/3616/4531 2948/3615/4532 2947/3614/4529
f 2813/3473/4533 2949/3616/4534 2939/3608/4535
f 2807/3466/4536 2949/3616/4537 2810/3470/4538
f 2950/3617/4539 2953/3618/4540 2948/3615/4532
f 2807/3466/4541 2951/3619/4542 2950/3617/4543
f 2951/3619/4544 2954/3620/4545 2953/3618/4546
f 2801/3458/4547 2951/3619/4548 2804/3462/4549
f 2954/3620/4550 2955/3621/4551 2953/3618/4552
f 2953/3618/4553 2946/3622/4554 2948/3615/4526
f 2955/3621/4555 2652/3264/4556 2649/3259/4557
f 2955/3621/4558 2646/3251/4559 2946/3622/4560
f 2959/3623/4561 2956/3624/4562 2954/3620/4550
f 2957/3625/4563 2652/3264/4564 2956/3624/4565
f 2960/3626/4566 2957/3625/4567 2959/3623/4568
f 2957/3625/4569 2658/3267/4570 2655/3263/4571
f 2961/3627/4572 2960/3626/4573 2959/3623/4574
f 2952/3628/4575 2959/3623/4576 2954/3620/4545
f 2798/3454/4577 2962/3629/4578 2961/3627/4579
f 2801/3458/4580 2961/3627/4581 2952/3628/4582
f 2792/3445/4583 2962/3629/4578 2795/3449/4584
f 2962/3629/4585 2964/3630/4586 2960/3626/4573
f 2792/3445/4587 2965/3631/4588 2963/3632/4589
f 2965/3631/4590 2964/3630/4591 2963/3632/4592
f 2966/3633/4593 2967/3634/4594 2965/3631/4595
f 2789/3442/4596 2966/3633/4597 2965/3631/4598
f 2964/3630/4599 2969/3635/4600 2970/3636/4601
f 2967/3634/4602 2971/3637/4603 2969/3635/4604
f 2969/3635/4605 2661/3271/4606 2970/3636/4607
f 2971/3637/4608 2664/3275/4609 2969/3635/4610
f 2968/3638/4611 2972/3639/4612 2971/3637/4613
f 2971/3637/4614 2670/3288/4615 2667/3283/4616
f 2974/3640/4617 2973/3641/4618 2972/3639/4612
f 2973/3641/4619 2670/3288/4620 2972/3639/4621
f 2977/3642/4622 2974/3640/4623 2976/3643/4624
f 2976/3643/4624 2968/3638/4625 2966/3633/4626
f 2783/3434/4627 2977/3642/4628 2976/3643/4629
f 2783/3434/4630 2966/3633/4631 2786/3438/4632
f 2777/3426/4633 2977/3642/4634 2780/3430/4635
f 2978/3644/4636 2975/3645/4637 2977/3642/4638
f 2774/3422/4639 2978/3644/4640 2777/3426/4641
f 2980/3646/4642 2979/3647/4643 2978/3644/4636
f 2981/3648/4644 2982/3649/4645 2980/3646/4646
f 2771/3417/4647 2980/3646/4648 2774/3422/4649
f 2979/3647/4650 2984/3650/4651 2985/3651/4652
f 2982/3649/4653 2986/3652/4654 2984/3650/4655
f 2985/3651/4656 2679/3299/4657 2676/3295/4658
f 2984/3650/4659 2682/3304/4660 2679/3299/4661
f 2983/3653/4662 2987/3654/4663 2986/3652/4654
f 2987/3654/4664 2682/3304/4665 2986/3652/4666
f 2989/3655/4667 2988/3656/4668 2987/3654/4669
f 2988/3656/4670 2685/3303/4671 2987/3654/4672
f 2992/3657/4673 2989/3655/4674 2991/3658/4675
f 2991/3658/4676 2983/3653/4677 2981/3648/4644
f 2765/3410/4678 2991/3658/4679 2768/3414/4680
f 2771/3417/4681 2991/3658/4682 2981/3648/4683
f 2993/3659/4684 2990/3660/4685 2992/3657/4686
f 2765/3410/4687 2993/3659/4688 2992/3657/4689
f 2759/3402/4690 2993/3659/4691 2762/3406/4692
f 2994/3661/4693 2995/3662/4694 2993/3659/4695
f 2995/3662/4696 2998/3663/4697 2997/3664/4698
f 2990/3660/4699 2997/3664/4700 2988/3656/4701
f 2998/3663/4702 2691/3311/4703 2997/3664/4704
f 2997/3664/4705 2688/3307/4706 2988/3656/4707
f 2998/3663/4708 2697/3319/4709 2694/3315/4710
f 2996/3665/4711 2999/3666/4712 2998/3663/4697
f 2999/3666/4713 2700/3323/4714 2697/3319/4715
f 3002/3667/4716 2999/3666/4717 3001/3668/4718
f 2994/3661/4693 3001/3668/4719 2996/3665/4720
f 3004/3669/4721 3001/3668/4722 3003/3670/4723
f 2756/3398/4724 2994/3661/4725 2759/3402/4726
f 2753/3394/4727 3003/3670/4728 2756/3398/4729
f 3004/3669/4730 3007/3671/4731 3002/3667/4732
f 2750/3389/4733 3004/3669/4734 2753/3394/4735
f 3006/3672/4736 3007/3671/4737 3005/3673/4738
f 2747/3386/4739 3005/3673/4740 2750/3389/4741
f 3007/3671/4742 3010/3674/4743 3009/3675/4744
f 3002/3667/4745 3009/3675/4746 3000/3676/4747
f 3009/3675/4748 2706/3331/4749 2703/3332/4750
f 3009/3675/4751 2700/3323/4752 3000/3676/4753
f 3008/3677/4754 3011/3678/4755 3010/3674/4756
f 3011/3678/4757 2706/3331/4758 3010/3674/4759
f 3013/3679/4760 3012/3680/4761 3011/3678/4762
f 3011/3678/4763 2712/3343/4764 2709/3339/4765
f 3015/3681/4766 3014/3682/4767 3013/3679/4768
f 3015/3681/4769 3008/3677/4770 3006/3672/4771
f 2741/3378/4772 3015/3681/4773 2744/3382/4774
f 2747/3386/4775 3015/3681/4776 3006/3672/4777
f 3017/3683/4778 3014/3682/4779 3016/3684/4780
f 2738/3374/4781 3016/3684/4782 2741/3378/4783
f 2735/3369/4784 3017/3683/4785 2738/3374/4786
f 3017/3683/4787 3020/3685/4788 3019/3686/4789
f 3019/3686/4790 3022/3687/4791 3021/3688/4792
f 3014/3682/4793 3021/3688/4794 3012/3680/4795
f 3021/3688/4796 2718/3347/4797 2715/3348/4798
f 3021/3688/4799 2712/3343/4800 3012/3680/4801
f 3022/3687/4802 2721/3351/4803 2718/3347/4804
f 3020/3685/4805 2723/3356/4806 3022/3687/4807
f 2729/3361/4808 3020/3685/4809 3018/3689/4810
f 2732/3365/4811 3018/3689/4812 2735/3369/4813
f 2985/3651/4814 2673/3287/4815 2973/3641/4816
f 2975/3645/4817 2985/3651/4652 2973/3641/4818
f 2958/3690/4819 2661/3271/4820 2658/3267/4821
f 2964/3630/4822 2958/3690/4823 2960/3626/4566
f 1025/1319/1236 1065/1378/1293 1024/1320/1237
f 1023/1321/1238 1024/1320/1237 1029/1322/1239
f 1611/1324/1241 1025/1319/1236 1023/1321/1238
f 1026/1325/1242 1023/1321/1238 1027/1323/1240
f 1027/1323/1240 1029/1322/1239 1199/1327/1244
f 1030/1326/1243 1027/1323/1240 1028/1328/1245
f 1032/1330/1247 1030/1326/1243 1031/1329/1246
f 1035/1332/1249 1026/1325/1242 1030/1326/1243
f 1034/1333/1250 1032/1330/1247 1033/1331/1248
f 1037/1335/1252 1035/1332/1249 1032/1330/1247
f 1036/1336/1253 1611/1324/1241 1026/1325/1242
f 1038/1337/1254 1036/1336/1253 1035/1332/1249
f 1040/1338/1255 1038/1337/1254 1037/1335/1252
f 1039/1339/1256 1037/1335/1252 1034/1333/1250
f 1612/1341/1258 1040/1338/1255 1039/1339/1256
f 1041/1342/1259 1039/1339/1256 1042/1340/1257
f 1042/1340/1257 1034/1333/1250 1208/1334/1251
f 1044/1343/1260 1042/1340/1257 1043/1344/1261
f 1047/1346/1263 1046/1349/1266 1044/1347/1264
f 1046/1349/1266 1049/1359/1274 1041/1350/1267
f 1217/1351/1268 1048/1357/1272 1046/1352/1269
f 1047/3691/1271 1046/3692/1271 1408/3693/1271
f 1046/3692/1271 1049/3694/1271 1417/3695/1271
f 1049/3694/1271 1050/3696/1271 1417/3695/1271
f 1050/3696/1271 1598/3697/1271 1417/3695/1271
f 1598/3697/1271 1597/3698/1271 1417/3695/1271
f 1597/3698/1271 1588/3699/1271 1417/3695/1271
f 1417/3695/1271 1588/3699/1271 1587/3700/1271
f 1587/3700/1271 1562/3701/1271 1418/3702/1271
f 1562/3701/1271 1561/3703/1271 1418/3702/1271
f 1561/3703/1271 1552/3704/1271 1418/3702/1271
f 1552/3704/1271 1551/3705/1271 1418/3702/1271
f 1551/3705/1271 1526/3706/1271 1418/3702/1271
f 1526/3706/1271 1525/3707/1271 1418/3702/1271
f 1525/3707/1271 1516/3708/1271 1443/3709/1271
f 1418/3702/1271 1525/3707/1271 1443/3709/1271
f 1516/3708/1271 1515/3710/1271 1443/3709/1271
f 1515/3710/1271 1490/3711/1271 1444/3712/1271
f 1443/3709/1271 1515/3710/1271 1444/3712/1271
f 1490/3711/1271 1489/3713/1271 1453/3714/1271
f 1489/3713/1271 1480/3715/1271 1454/3716/1271
f 1480/3715/1271 1479/3717/1271 1454/3716/1271
f 1454/3716/1271 1453/3714/1271 1489/3713/1271
f 1453/3714/1271 1444/3712/1271 1490/3711/1271
f 1418/3702/1271 1417/3695/1271 1587/3700/1271
f 1417/3695/1271 1408/3693/1271 1046/3692/1271
f 1408/3693/1271 1407/1356/1271 1212/1355/1271
f 1407/1356/1271 1382/3718/1271 1223/3719/1271
f 1408/3693/1271 1212/1355/1271 1047/3691/1271
f 1382/3718/1271 1381/3720/1271 1224/3721/1271
f 1381/3720/1271 1372/3722/1271 1250/3723/1271
f 1224/3721/1271 1381/3720/1271 1249/3724/1271
f 1372/3722/1271 1371/3725/1271 1260/3726/1271
f 1371/3725/1271 1346/3727/1271 1299/3728/1271
f 1260/3726/1271 1371/3725/1271 1299/3728/1271
f 1346/3727/1271 1345/3729/1271 1300/3730/1271
f 1345/3729/1271 1336/3731/1271 1300/3730/1271
f 1336/3731/1271 1335/3732/1271 1309/3733/1271
f 1335/3732/1271 1310/3734/1271 1309/3733/1271
f 1309/3733/1271 1300/3730/1271 1336/3731/1271
f 1300/3730/1271 1299/3728/1271 1346/3727/1271
f 1260/3726/1271 1259/3735/1271 1372/3722/1271
f 1259/3735/1271 1250/3723/1271 1372/3722/1271
f 1250/3723/1271 1249/3724/1271 1381/3720/1271
f 1224/3721/1271 1223/3719/1271 1382/3718/1271
f 1223/3719/1271 1213/1354/1271 1407/1356/1271
f 1048/1357/1272 1051/1361/1276 1049/1358/1273
f 1049/1359/1274 1050/2008/1922 1612/1360/1275
f 1051/1361/1276 1052/1364/1279 1050/1362/1277
f 1053/1363/1278 1054/1367/1282 1052/1364/1279
f 1056/1365/1280 1053/1363/1278 1051/1361/1276
f 1055/1366/1281 1064/1374/1289 1054/1367/1282
f 1058/1368/1283 1055/1366/1281 1053/1363/1278
f 1057/1369/1284 1056/1365/1280 1048/1357/1272
f 1059/1370/1285 1058/1368/1283 1056/1365/1280
f 1061/1371/1286 1060/1372/1287 1058/1368/1283
f 1060/1372/1287 1062/1373/1288 1055/1366/1281
f 1199/1327/1244 1029/1322/1239 1060/1372/1287
f 1029/1322/1239 1024/1320/1237 1062/1373/1288
f 1062/1373/1288 1063/1375/1290 1064/1374/1289
f 1024/1320/1237 1065/1378/1293 1063/1375/1290
f 1066/1376/1291 1067/1380/1295 1064/1374/1289
f 1068/1377/1292 1066/1376/1291 1063/1375/1290
f 1069/1379/1294 1070/1383/1298 1067/1380/1295
f 1071/1381/1296 1069/1379/1294 1066/1376/1291
f 1072/1382/1297 1073/1386/1301 1070/1383/1298
f 1074/1384/1299 1072/1382/1297 1069/1379/1294
f 1075/1385/1300 1076/1388/1303 1073/1386/1301
f 1074/1384/1299 1077/1389/1304 1075/1385/1300
f 1075/1385/1300 1078/1390/1305 1079/1387/1302
f 1077/1389/1304 1080/1392/1307 1078/1390/1305
f 1078/1390/1305 1081/1393/1308 1082/1391/1306
f 1080/1392/1307 1083/1395/1310 1081/1393/1308
f 1081/1393/1308 1084/1396/1311 1085/1394/1309
f 1083/1395/1310 1086/1398/1313 1084/1396/1311
f 1084/1396/1311 1087/1399/1314 1088/1397/1312
f 1086/1398/1313 1089/1401/1316 1087/1399/1314
f 1087/1399/1314 1090/1402/1317 1091/1400/1315
f 1089/1401/1316 1092/1404/1319 1090/1402/1317
f 1090/1402/1317 1093/1405/1320 1094/1403/1318
f 1092/1404/1319 1095/1408/1323 1093/1405/1320
f 1096/1406/1321 1097/1410/1325 1094/1403/1318
f 1098/1407/1322 1096/1406/1321 1093/1405/1320
f 1099/1409/1324 1100/1413/1328 1097/1410/1325
f 1101/1411/1326 1099/1409/1324 1096/1406/1321
f 1099/1409/1324 1102/1414/1329 1103/1412/1327
f 1101/1411/1326 1104/1416/1331 1102/1414/1329
f 1102/1414/1329 1105/1417/1332 1106/1415/1330
f 1104/1416/1331 1107/1419/1334 1105/1417/1332
f 1105/1417/1332 1108/1420/1335 1109/1418/1333
f 1107/1419/1334 1110/1422/1337 1108/1420/1335
f 1108/1420/1335 1111/1423/1338 1112/1421/1336
f 1110/1422/1337 1113/1426/1341 1111/1423/1338
f 1114/1424/1339 1115/1428/1343 1112/1421/1336
f 1116/1425/1340 1114/1424/1339 1111/1423/1338
f 1117/1427/1342 1118/1431/1346 1115/1428/1343
f 1119/1429/1344 1117/1427/1342 1114/1424/1339
f 1120/1430/1345 1121/1434/1349 1118/1431/1346
f 1122/1432/1347 1120/1430/1345 1117/1427/1342
f 1123/1433/1348 1124/1437/1352 1121/1434/1349
f 1125/1435/1350 1123/1433/1348 1120/1430/1345
f 1126/1436/1351 1127/1440/1355 1124/1437/1352
f 1128/1438/1353 1126/1436/1351 1123/1433/1348
f 1129/1439/1354 1130/1443/1358 1127/1440/1355
f 1131/1441/1356 1129/1439/1354 1126/1436/1351
f 1132/1442/1357 1133/1446/1361 1130/1443/1358
f 1134/1444/1359 1132/1442/1357 1129/1439/1354
f 1135/1445/1360 1136/1449/1364 1133/1446/1361
f 1137/1447/1362 1135/1445/1360 1132/1442/1357
f 1135/1445/1360 1138/1450/1365 1139/1448/1363
f 1137/1447/1362 1140/1452/1367 1138/1450/1365
f 1138/1450/1365 1141/1453/1368 1142/1451/1366
f 1140/1452/1367 1143/1455/1370 1141/1453/1368
f 1141/1453/1368 1144/1456/1371 1145/1454/1369
f 1143/1455/1370 1146/1458/1373 1144/1456/1371
f 1144/1456/1371 1147/1459/1374 1148/1457/1372
f 1146/1458/1373 1149/1461/1376 1147/1459/1374
f 1147/1459/1374 1150/1462/1377 1151/1460/1375
f 1149/1461/1376 1152/1464/1379 1150/1462/1377
f 1150/1462/1377 1153/1465/1380 1154/1463/1378
f 1152/1464/1379 1155/1467/1382 1153/1465/1380
f 1153/1465/1380 1156/1468/1383 1157/1466/1381
f 1155/1467/1382 1158/1470/1385 1156/1468/1383
f 1156/1468/1383 1159/1471/1386 1160/1469/1384
f 1158/1470/1385 1161/1473/1388 1159/1471/1386
f 1159/1471/1386 1162/1474/1389 1163/1472/1387
f 1161/1473/1388 1164/1477/1392 1162/1474/1389
f 1165/1475/1390 1166/1479/1394 1163/1472/1387
f 1167/1476/1391 1165/1475/1390 1162/1474/1389
f 1168/1478/1393 1169/1482/1397 1166/1479/1394
f 1170/1480/1395 1168/1478/1393 1165/1475/1390
f 1168/1478/1393 1171/1483/1398 1172/1481/1396
f 1170/1480/1395 1173/1486/1401 1171/1483/1398
f 1174/1484/1399 1175/1488/1403 1172/1481/1396
f 1176/1485/1400 1174/1484/1399 1171/1483/1398
f 1177/1487/1402 1178/1491/1406 1175/1488/1403
f 1179/1489/1404 1177/1487/1402 1174/1484/1399
f 1180/1490/1405 1181/1494/1409 1178/1491/1406
f 1182/1492/1407 1180/1490/1405 1177/1487/1402
f 1183/1493/1408 1184/1497/1412 1181/1494/1409
f 1185/1495/1410 1183/1493/1408 1180/1490/1405
f 1186/1496/1411 1187/1500/1415 1184/1497/1412
f 1188/1498/1413 1186/1496/1411 1183/1493/1408
f 1189/1499/1414 1190/1503/1418 1187/1500/1415
f 1191/1501/1416 1189/1499/1414 1186/1496/1411
f 1192/1502/1417 1193/1506/1421 1190/1503/1418
f 1194/1504/1419 1192/1502/1417 1189/1499/1414
f 1195/1505/1420 1196/1508/1423 1193/1506/1421
f 1197/1507/1422 1195/1505/1420 1192/1502/1417
f 1195/1505/1420 1061/1371/1286 1059/1370/1285
f 1197/1507/1422 1199/1327/1244 1061/1371/1286
f 1200/1509/1424 1198/1510/1425 1197/1507/1422
f 1028/1328/1245 1199/1327/1244 1197/1507/1422
f 1202/1511/1426 1201/1512/1427 1198/1510/1425
f 1031/1329/1246 1028/1328/1245 1198/1510/1425
f 1204/1513/1428 1203/1514/1429 1201/1512/1427
f 1033/1331/1248 1031/1329/1246 1201/1512/1427
f 1206/1515/1430 1205/1516/1431 1203/1514/1429
f 1208/1334/1251 1033/1331/1248 1203/1514/1429
f 1209/1517/1432 1207/1518/1433 1205/1516/1431
f 1043/1344/1261 1208/1334/1251 1205/1516/1431
f 1211/1519/1434 1210/1520/1435 1207/1518/1433
f 1045/1345/1262 1043/1344/1261 1207/1518/1433
f 1212/1521/1436 1210/1524/1439 1211/1522/1437
f 1212/1521/1436 1047/1346/1263 1045/1348/1265
f 1214/1525/1440 1212/1528/1443 1213/1526/1441
f 1214/1525/1440 1217/1351/1268 1047/1353/1270
f 1216/1529/1444 1214/1525/1440 1215/1527/1442
f 1216/1529/1444 1057/1369/1284 1217/1351/1268
f 1196/1508/1423 1216/1529/1444 1218/1530/1445
f 1196/1508/1423 1059/1370/1285 1057/1369/1284
f 1218/1530/1445 1215/1527/1442 1221/1531/1446
f 1193/1506/1421 1218/1530/1445 1219/1532/1447
f 1219/1532/1447 1221/1531/1446 1222/1533/1448
f 1190/1503/1418 1219/1532/1447 1220/1534/1449
f 1221/1531/1446 1223/1536/1451 1224/1535/1450
f 1215/1527/1442 1213/1526/1441 1223/1536/1451
f 1223/1537/1452 1225/1540/1455 1226/1538/1453
f 1213/1523/1438 1211/1522/1437 1225/1540/1455
f 1226/1541/1456 1225/1544/1459 1227/1542/1457
f 1225/1544/1459 1211/1519/1434 1209/1517/1432
f 1228/1543/1458 1227/1542/1457 1229/1545/1460
f 1227/1542/1457 1209/1517/1432 1206/1515/1430
f 1230/1546/1461 1229/1545/1460 1231/1547/1462
f 1229/1545/1460 1206/1515/1430 1204/1513/1428
f 1232/1548/1463 1231/1547/1462 1233/1549/1464
f 1231/1547/1462 1204/1513/1428 1202/1511/1426
f 1234/1550/1465 1233/1549/1464 1235/1551/1466
f 1233/1549/1464 1202/1511/1426 1200/1509/1424
f 1236/1552/1467 1235/1551/1466 1191/1501/1416
f 1235/1551/1466 1200/1509/1424 1194/1504/1419
f 1237/1553/1468 1236/1552/1467 1188/1498/1413
f 1239/1554/1469 1234/1550/1465 1236/1552/1467
f 1238/1555/1470 1237/1553/1468 1185/1495/1410
f 1240/1556/1471 1239/1554/1469 1237/1553/1468
f 1242/1557/1472 1241/1558/1473 1239/1554/1469
f 1241/1558/1473 1232/1548/1463 1234/1550/1465
f 1244/1559/1474 1243/1560/1475 1241/1558/1473
f 1243/1560/1475 1230/1546/1461 1232/1548/1463
f 1246/1561/1476 1245/1562/1477 1243/1560/1475
f 1245/1562/1477 1228/1543/1458 1230/1546/1461
f 1248/1563/1478 1247/1564/1479 1245/1562/1477
f 1247/1564/1479 1226/1541/1456 1228/1543/1458
f 1249/1565/1480 1247/1568/1483 1248/1566/1481
f 1224/1539/1454 1226/1538/1453 1247/1568/1483
f 1251/1569/1484 1249/1572/1487 1250/1570/1485
f 1222/1533/1448 1224/1535/1450 1249/1572/1487
f 1253/1573/1488 1251/1569/1484 1252/1571/1486
f 1220/1534/1449 1222/1533/1448 1251/1569/1484
f 1184/1497/1412 1253/1573/1488 1254/1574/1489
f 1187/1500/1415 1220/1534/1449 1253/1573/1488
f 1254/1574/1489 1252/1571/1486 1257/1575/1490
f 1181/1494/1409 1254/1574/1489 1255/1576/1491
f 1255/1576/1491 1257/1575/1490 1258/1577/1492
f 1178/1491/1406 1255/1576/1491 1256/1578/1493
f 1257/1575/1490 1259/1580/1495 1260/1579/1494
f 1252/1571/1486 1250/1570/1485 1259/1580/1495
f 1259/1581/1496 1261/1584/1499 1262/1582/1497
f 1250/1567/1482 1248/1566/1481 1261/1584/1499
f 1262/1585/1500 1261/1588/1503 1263/1586/1501
f 1261/1588/1503 1248/1563/1478 1246/1561/1476
s 0
f 1248/1589/1271 1265/3736/4824 1264/1590/4825
s 1
f 1266/1587/1502 1263/1586/1501 1267/1592/1506
f 1263/1586/1501 1246/1561/1476 1244/1559/1474
f 1268/1593/1507 1267/1592/1506 1269/1594/1508
f 1267/1592/1506 1244/1559/1474 1242/1557/1472
f 1270/1595/1509 1269/1594/1508 1271/1596/1510
f 1269/1594/1508 1242/1557/1472 1240/1556/1471
f 1272/1597/1511 1271/1596/1510 1273/1598/1512
f 1271/1596/1510 1240/1556/1471 1238/1555/1470
f 1274/1599/1513 1273/1598/1512 1179/1489/1404
f 1273/1598/1512 1238/1555/1470 1182/1492/1407
f 1289/1600/1514 1272/1597/1511 1274/1599/1513
f 1275/1601/1515 1274/1599/1513 1276/1602/1516
f 1176/1485/1400 1278/1606/1520 1276/1602/1516
f 1277/1603/1517 1276/1602/1516 1279/1604/1518
f 1278/1606/1520 1281/1609/1523 1279/1604/1518
f 1280/1605/1519 1279/1604/1518 1282/1607/1521
f 1281/1609/1523 1284/1610/1524 1282/1607/1521
f 1283/1608/1522 1282/1607/1521 1284/1610/1524
f 1286/1612/1526 1285/1611/1525 1284/1610/1524
f 1286/1612/1526 1280/1605/1519 1283/1608/1522
f 1287/1613/1527 1277/1603/1517 1280/1605/1519
f 1287/1613/1527 1286/1612/1526 1281/1609/1523
f 1173/1486/1401 1275/1601/1515 1277/1603/1517
f 1173/1486/1401 1287/1613/1527 1278/1606/1520
f 1275/1601/1515 1173/1486/1401 1170/1480/1395
f 1289/1600/1514 1275/1601/1515 1288/1614/1528
f 1291/1616/1530 1289/1600/1514 1290/1615/1529
f 1291/1616/1530 1270/1595/1509 1272/1597/1511
f 1293/1618/1532 1291/1616/1530 1292/1617/1531
f 1293/1618/1532 1268/1593/1507 1270/1595/1509
f 1295/1620/1534 1293/1618/1532 1294/1619/1533
f 1295/1620/1534 1266/1587/1502 1268/1593/1507
f 1297/1622/1536 1295/1620/1534 1296/1621/1535
f 1297/1622/1536 1262/1585/1500 1266/1587/1502
f 1300/1624/1538 1299/1627/1541 1297/1625/1539
f 1260/1583/1498 1262/1582/1497 1297/1625/1539
f 1302/1628/1542 1301/1631/1545 1299/1629/1543
f 1258/1577/1492 1260/1579/1494 1299/1629/1543
f 1304/1632/1546 1303/1633/1547 1301/1631/1545
f 1256/1578/1493 1258/1577/1492 1301/1631/1545
f 1169/1482/1397 1172/1481/1396 1303/1633/1547
f 1175/1488/1403 1256/1578/1493 1303/1633/1547
f 1304/1632/1546 1302/1628/1542 1307/1634/1548
f 1169/1482/1397 1304/1632/1546 1305/1635/1549
f 1305/1635/1549 1307/1634/1548 1308/1636/1550
f 1166/1479/1394 1305/1635/1549 1306/1637/1551
f 1307/1634/1548 1309/1639/1553 1310/1638/1552
f 1302/1628/1542 1300/1630/1544 1309/1639/1553
f 1309/1640/1554 1311/1643/1557 1312/1641/1555
f 1300/1624/1538 1298/1626/1540 1311/1643/1557
f 1312/1644/1558 1311/1647/1561 1313/1645/1559
f 1311/1647/1561 1298/1623/1537 1296/1621/1535
f 1314/1646/1560 1313/1645/1559 1315/1648/1562
f 1313/1645/1559 1296/1621/1535 1294/1619/1533
f 1316/1649/1563 1315/1648/1562 1317/1650/1564
f 1315/1648/1562 1294/1619/1533 1292/1617/1531
f 1318/1651/1565 1317/1650/1564 1319/1652/1566
f 1317/1650/1564 1292/1617/1531 1290/1615/1529
f 1320/1653/1567 1319/1652/1566 1321/1654/1568
f 1319/1652/1566 1290/1615/1529 1288/1614/1528
f 1322/1655/1569 1321/1654/1568 1167/1476/1391
f 1321/1654/1568 1288/1614/1528 1170/1480/1395
f 1322/1655/1569 1164/1477/1392 1161/1473/1388
f 1320/1653/1567 1322/1655/1569 1323/1656/1570
f 1323/1656/1570 1161/1473/1388 1158/1470/1385
f 1325/1657/1571 1323/1656/1570 1324/1658/1572
f 1327/1660/1574 1325/1657/1571 1326/1659/1573
f 1318/1651/1565 1320/1653/1567 1325/1657/1571
f 1329/1662/1576 1327/1660/1574 1328/1661/1575
f 1316/1649/1563 1318/1651/1565 1327/1660/1574
f 1331/1664/1578 1329/1662/1576 1330/1663/1577
f 1314/1646/1560 1316/1649/1563 1329/1662/1576
f 1333/1666/1580 1331/1664/1578 1332/1665/1579
f 1312/1644/1558 1314/1646/1560 1331/1664/1578
f 1336/1668/1582 1335/1671/1585 1333/1669/1583
f 1335/1671/1585 1310/1642/1556 1312/1641/1555
f 1338/1672/1586 1337/1675/1589 1335/1673/1587
f 1337/1675/1589 1308/1636/1550 1310/1638/1552
f 1340/1676/1590 1339/1677/1591 1337/1675/1589
f 1339/1677/1591 1306/1637/1551 1308/1636/1550
f 1157/1466/1381 1160/1469/1384 1339/1677/1591
f 1160/1469/1384 1163/1472/1387 1306/1637/1551
f 1341/1678/1592 1340/1676/1590 1338/1672/1586
f 1154/1463/1378 1157/1466/1381 1340/1676/1590
f 1342/1680/1594 1341/1678/1592 1343/1679/1593
f 1151/1460/1375 1154/1463/1378 1341/1678/1592
f 1344/1681/1595 1343/1679/1593 1345/1682/1596
f 1343/1679/1593 1338/1672/1586 1336/1674/1588
f 1346/1684/1598 1345/1687/1601 1347/1685/1599
f 1345/1687/1601 1336/1668/1582 1334/1670/1584
f 1347/1688/1602 1349/1691/1605 1350/1689/1603
f 1334/1667/1581 1332/1665/1579 1349/1691/1605
f 1349/1691/1605 1351/1693/1607 1352/1692/1606
f 1332/1665/1579 1330/1663/1577 1351/1693/1607
f 1351/1693/1607 1353/1695/1609 1354/1694/1608
f 1330/1663/1577 1328/1661/1575 1353/1695/1609
f 1353/1695/1609 1355/1697/1611 1356/1696/1610
f 1328/1661/1575 1326/1659/1573 1355/1697/1611
f 1355/1697/1611 1357/1699/1613 1358/1698/1612
f 1326/1659/1573 1324/1658/1572 1357/1699/1613
f 1357/1699/1613 1155/1467/1382 1152/1464/1379
f 1324/1658/1572 1158/1470/1385 1155/1467/1382
f 1358/1698/1612 1152/1464/1379 1149/1461/1376
f 1356/1696/1610 1358/1698/1612 1359/1700/1614
f 1359/1700/1614 1149/1461/1376 1146/1458/1373
f 1361/1701/1615 1359/1700/1614 1360/1702/1616
f 1363/1704/1618 1361/1701/1615 1362/1703/1617
f 1354/1694/1608 1356/1696/1610 1361/1701/1615
f 1365/1706/1620 1363/1704/1618 1364/1705/1619
f 1352/1692/1606 1354/1694/1608 1363/1704/1618
f 1367/1708/1622 1365/1706/1620 1366/1707/1621
f 1350/1689/1603 1352/1692/1606 1365/1706/1620
f 1369/1710/1624 1367/1708/1622 1368/1709/1623
f 1348/1690/1604 1350/1689/1603 1367/1708/1622
f 1372/1712/1626 1371/1715/1629 1369/1713/1627
f 1371/1715/1629 1346/1684/1598 1348/1686/1600
f 1374/1716/1630 1373/1719/1633 1371/1717/1631
f 1373/1719/1633 1344/1681/1595 1346/1683/1597
f 1376/1720/1634 1375/1721/1635 1373/1719/1633
f 1375/1721/1635 1342/1680/1594 1344/1681/1595
f 1145/1454/1369 1148/1457/1372 1375/1721/1635
f 1148/1457/1372 1151/1460/1375 1342/1680/1594
f 1377/1722/1636 1376/1720/1634 1374/1716/1630
f 1142/1451/1366 1145/1454/1369 1376/1720/1634
f 1378/1724/1638 1377/1722/1636 1379/1723/1637
f 1139/1448/1363 1142/1451/1366 1377/1722/1636
f 1380/1725/1639 1379/1723/1637 1381/1726/1640
f 1379/1723/1637 1374/1716/1630 1372/1718/1632
f 1382/1728/1642 1381/1731/1645 1383/1729/1643
f 1381/1731/1645 1372/1712/1626 1370/1714/1628
f 1383/1732/1646 1385/1735/1649 1386/1733/1647
f 1370/1711/1625 1368/1709/1623 1385/1735/1649
f 1385/1735/1649 1387/1737/1651 1388/1736/1650
f 1368/1709/1623 1366/1707/1621 1387/1737/1651
f 1387/1737/1651 1389/1739/1653 1390/1738/1652
f 1366/1707/1621 1364/1705/1619 1389/1739/1653
f 1389/1739/1653 1391/1741/1655 1392/1740/1654
f 1364/1705/1619 1362/1703/1617 1391/1741/1655
f 1391/1741/1655 1393/1743/1657 1394/1742/1656
f 1362/1703/1617 1360/1702/1616 1393/1743/1657
f 1393/1743/1657 1143/1455/1370 1140/1452/1367
f 1360/1702/1616 1146/1458/1373 1143/1455/1370
f 1394/1742/1656 1140/1452/1367 1137/1447/1362
f 1392/1740/1654 1394/1742/1656 1395/1744/1658
f 1396/1746/1660 1395/1744/1658 1137/1447/1362
f 1398/1747/1661 1397/1745/1659 1395/1744/1658
f 1400/1748/1662 1399/1749/1663 1397/1745/1659
f 1390/1738/1652 1392/1740/1654 1397/1745/1659
f 1402/1750/1664 1401/1751/1665 1399/1749/1663
f 1388/1736/1650 1390/1738/1652 1399/1749/1663
f 1404/1752/1666 1403/1753/1667 1401/1751/1665
f 1386/1733/1647 1388/1736/1650 1401/1751/1665
f 1406/1754/1668 1405/1755/1669 1403/1753/1667
f 1384/1734/1648 1386/1733/1647 1403/1753/1667
f 1407/1756/1670 1405/1759/1673 1406/1757/1671
f 1407/1756/1670 1382/1728/1642 1384/1730/1644
f 1409/1760/1674 1407/1763/1677 1408/1761/1675
f 1409/1760/1674 1380/1725/1639 1382/1727/1641
f 1411/1764/1678 1409/1760/1674 1410/1762/1676
f 1411/1764/1678 1378/1724/1638 1380/1725/1639
f 1136/1449/1364 1411/1764/1678 1412/1765/1679
f 1136/1449/1364 1139/1448/1363 1378/1724/1638
f 1412/1765/1679 1410/1762/1676 1415/1766/1680
f 1133/1446/1361 1412/1765/1679 1413/1767/1681
f 1413/1767/1681 1415/1766/1680 1416/1768/1682
f 1130/1443/1358 1413/1767/1681 1414/1769/1683
f 1415/1766/1680 1417/1771/1685 1418/1770/1684
f 1410/1762/1676 1408/1761/1675 1417/1771/1685
f 1417/1772/1686 1419/1775/1689 1420/1773/1687
f 1408/1758/1672 1406/1757/1671 1419/1775/1689
f 1420/1776/1690 1419/1779/1693 1421/1777/1691
f 1419/1779/1693 1406/1754/1668 1404/1752/1666
f 1422/1778/1692 1421/1777/1691 1423/1780/1694
f 1421/1777/1691 1404/1752/1666 1402/1750/1664
f 1424/1781/1695 1423/1780/1694 1425/1782/1696
f 1423/1780/1694 1402/1750/1664 1400/1748/1662
f 1426/1783/1697 1425/1782/1696 1427/1784/1698
f 1425/1782/1696 1400/1748/1662 1398/1747/1661
f 1428/1785/1699 1427/1784/1698 1429/1786/1700
f 1427/1784/1698 1398/1747/1661 1396/1746/1660
f 1430/1787/1701 1429/1786/1700 1131/1441/1356
f 1429/1786/1700 1396/1746/1660 1134/1444/1359
f 1431/1788/1702 1430/1787/1701 1128/1438/1353
f 1433/1789/1703 1428/1785/1699 1430/1787/1701
f 1432/1790/1704 1431/1788/1702 1125/1435/1350
f 1434/1791/1705 1433/1789/1703 1431/1788/1702
f 1436/1792/1706 1435/1793/1707 1433/1789/1703
f 1435/1793/1707 1426/1783/1697 1428/1785/1699
f 1438/1794/1708 1437/1795/1709 1435/1793/1707
f 1437/1795/1709 1424/1781/1695 1426/1783/1697
f 1440/1796/1710 1439/1797/1711 1437/1795/1709
f 1439/1797/1711 1422/1778/1692 1424/1781/1695
f 1442/1798/1712 1441/1799/1713 1439/1797/1711
f 1441/1799/1713 1420/1776/1690 1422/1778/1692
f 1443/1800/1714 1441/1803/1717 1442/1801/1715
f 1418/1774/1688 1420/1773/1687 1441/1803/1717
f 1445/1804/1718 1443/1807/1721 1444/1805/1719
f 1416/1768/1682 1418/1770/1684 1443/1807/1721
f 1447/1808/1722 1445/1804/1718 1446/1806/1720
f 1414/1769/1683 1416/1768/1682 1445/1804/1718
f 1124/1437/1352 1447/1808/1722 1448/1809/1723
f 1127/1440/1355 1414/1769/1683 1447/1808/1722
f 1448/1809/1723 1446/1806/1720 1451/1810/1724
f 1121/1434/1349 1448/1809/1723 1449/1811/1725
f 1449/1811/1725 1451/1810/1724 1452/1812/1726
f 1118/1431/1346 1449/1811/1725 1450/1813/1727
f 1451/1810/1724 1453/1815/1729 1454/1814/1728
f 1446/1806/1720 1444/1805/1719 1453/1815/1729
f 1453/1816/1730 1455/1819/1733 1456/1817/1731
f 1444/1802/1716 1442/1801/1715 1455/1819/1733
f 1456/1820/1734 1455/1823/1737 1457/1821/1735
f 1455/1823/1737 1442/1798/1712 1440/1796/1710
f 1458/1822/1736 1457/1821/1735 1459/1824/1738
f 1457/1821/1735 1440/1796/1710 1438/1794/1708
f 1460/1825/1739 1459/1824/1738 1461/1826/1740
f 1459/1824/1738 1438/1794/1708 1436/1792/1706
f 1462/1827/1741 1461/1826/1740 1463/1828/1742
f 1461/1826/1740 1436/1792/1706 1434/1791/1705
f 1464/1829/1743 1463/1828/1742 1465/1830/1744
f 1463/1828/1742 1434/1791/1705 1432/1790/1704
f 1466/1831/1745 1465/1830/1744 1119/1429/1344
f 1465/1830/1744 1432/1790/1704 1122/1432/1347
f 1467/1832/1746 1466/1831/1745 1116/1425/1340
f 1469/1833/1747 1464/1829/1743 1466/1831/1745
f 1467/1832/1746 1113/1426/1341 1110/1422/1337
f 1469/1833/1747 1467/1832/1746 1468/1834/1748
f 1471/1836/1750 1469/1833/1747 1470/1835/1749
f 1471/1836/1750 1462/1827/1741 1464/1829/1743
f 1473/1838/1752 1471/1836/1750 1472/1837/1751
f 1473/1838/1752 1460/1825/1739 1462/1827/1741
f 1475/1840/1754 1473/1838/1752 1474/1839/1753
f 1475/1840/1754 1458/1822/1736 1460/1825/1739
f 1477/1842/1756 1475/1840/1754 1476/1841/1755
f 1477/1842/1756 1456/1820/1734 1458/1822/1736
f 1480/1844/1758 1479/1847/1761 1477/1845/1759
f 1454/1818/1732 1456/1817/1731 1477/1845/1759
f 1482/1848/1762 1481/1851/1765 1479/1849/1763
f 1452/1812/1726 1454/1814/1728 1479/1849/1763
f 1484/1852/1766 1483/1853/1767 1481/1851/1765
f 1450/1813/1727 1452/1812/1726 1481/1851/1765
f 1109/1418/1333 1112/1421/1336 1483/1853/1767
f 1115/1428/1343 1450/1813/1727 1483/1853/1767
f 1485/1854/1768 1484/1852/1766 1482/1848/1762
f 1106/1415/1330 1109/1418/1333 1484/1852/1766
f 1486/1856/1770 1485/1854/1768 1487/1855/1769
f 1103/1412/1327 1106/1415/1330 1485/1854/1768
f 1488/1857/1771 1487/1855/1769 1489/1858/1772
f 1487/1855/1769 1482/1848/1762 1480/1850/1764
f 1490/1860/1774 1489/1863/1777 1491/1861/1775
f 1489/1863/1777 1480/1844/1758 1478/1846/1760
f 1491/1864/1778 1493/1867/1781 1494/1865/1779
f 1478/1843/1757 1476/1841/1755 1493/1867/1781
f 1493/1867/1781 1495/1869/1783 1496/1868/1782
f 1476/1841/1755 1474/1839/1753 1495/1869/1783
f 1495/1869/1783 1497/1871/1785 1498/1870/1784
f 1474/1839/1753 1472/1837/1751 1497/1871/1785
f 1497/1871/1785 1499/1873/1787 1500/1872/1786
f 1472/1837/1751 1470/1835/1749 1499/1873/1787
f 1499/1873/1787 1501/1875/1789 1502/1874/1788
f 1470/1835/1749 1468/1834/1748 1501/1875/1789
f 1501/1875/1789 1107/1419/1334 1104/1416/1331
f 1468/1834/1748 1110/1422/1337 1107/1419/1334
f 1502/1874/1788 1104/1416/1331 1101/1411/1326
f 1500/1872/1786 1502/1874/1788 1503/1876/1790
f 1504/1878/1792 1503/1876/1790 1101/1411/1326
f 1506/1879/1793 1505/1877/1791 1503/1876/1790
f 1508/1880/1794 1507/1881/1795 1505/1877/1791
f 1498/1870/1784 1500/1872/1786 1505/1877/1791
f 1510/1882/1796 1509/1883/1797 1507/1881/1795
f 1496/1868/1782 1498/1870/1784 1507/1881/1795
f 1512/1884/1798 1511/1885/1799 1509/1883/1797
f 1494/1865/1779 1496/1868/1782 1509/1883/1797
f 1514/1886/1800 1513/1887/1801 1511/1885/1799
f 1492/1866/1780 1494/1865/1779 1511/1885/1799
f 1515/1888/1802 1513/1891/1805 1514/1889/1803
f 1515/1888/1802 1490/1860/1774 1492/1862/1776
f 1517/1892/1806 1515/1895/1809 1516/1893/1807
f 1517/1892/1806 1488/1857/1771 1490/1859/1773
f 1519/1896/1810 1517/1892/1806 1518/1894/1808
f 1519/1896/1810 1486/1856/1770 1488/1857/1771
f 1100/1413/1328 1519/1896/1810 1520/1897/1811
f 1100/1413/1328 1103/1412/1327 1486/1856/1770
f 1520/1897/1811 1518/1894/1808 1523/1898/1812
f 1097/1410/1325 1520/1897/1811 1521/1899/1813
f 1522/1900/1814 1521/1899/1813 1523/1898/1812
f 1091/1400/1315 1094/1403/1318 1521/1899/1813
f 1524/1901/1815 1523/1898/1812 1525/1902/1816
f 1518/1894/1808 1516/1893/1807 1525/1902/1816
f 1526/1904/1818 1525/1907/1821 1527/1905/1819
f 1516/1890/1804 1514/1889/1803 1527/1905/1819
f 1527/1908/1822 1529/1911/1825 1530/1909/1823
f 1527/1908/1822 1514/1886/1800 1512/1884/1798
f 1529/1911/1825 1531/1913/1827 1532/1912/1826
f 1529/1911/1825 1512/1884/1798 1510/1882/1796
f 1531/1913/1827 1533/1915/1829 1534/1914/1828
f 1531/1913/1827 1510/1882/1796 1508/1880/1794
f 1533/1915/1829 1535/1917/1831 1536/1916/1830
f 1533/1915/1829 1508/1880/1794 1506/1879/1793
f 1535/1917/1831 1537/1919/1833 1538/1918/1832
f 1535/1917/1831 1506/1879/1793 1504/1878/1792
f 1537/1919/1833 1095/1408/1323 1092/1404/1319
f 1537/1919/1833 1504/1878/1792 1098/1407/1322
f 1538/1918/1832 1092/1404/1319 1089/1401/1316
f 1536/1916/1830 1538/1918/1832 1539/1920/1834
f 1539/1920/1834 1089/1401/1316 1086/1398/1313
f 1541/1921/1835 1539/1920/1834 1540/1922/1836
f 1543/1924/1838 1541/1921/1835 1542/1923/1837
f 1534/1914/1828 1536/1916/1830 1541/1921/1835
f 1545/1926/1840 1543/1924/1838 1544/1925/1839
f 1532/1912/1826 1534/1914/1828 1543/1924/1838
f 1547/1928/1842 1545/1926/1840 1546/1927/1841
f 1530/1909/1823 1532/1912/1826 1545/1926/1840
f 1549/1930/1844 1547/1928/1842 1548/1929/1843
f 1528/1910/1824 1530/1909/1823 1547/1928/1842
f 1552/1932/1846 1551/1935/1849 1549/1933/1847
f 1551/1935/1849 1526/1904/1818 1528/1906/1820
f 1554/1936/1850 1553/1939/1853 1551/1937/1851
f 1553/1939/1853 1524/1901/1815 1526/1903/1817
f 1556/1940/1854 1555/1941/1855 1553/1939/1853
f 1555/1941/1855 1522/1900/1814 1524/1901/1815
f 1085/1394/1309 1088/1397/1312 1555/1941/1855
f 1088/1397/1312 1091/1400/1315 1522/1900/1814
f 1557/1942/1856 1556/1940/1854 1554/1936/1850
f 1082/1391/1306 1085/1394/1309 1556/1940/1854
f 1558/1944/1858 1557/1942/1856 1559/1943/1857
f 1079/1387/1302 1082/1391/1306 1557/1942/1856
f 1560/1945/1859 1559/1943/1857 1561/1946/1860
f 1559/1943/1857 1554/1936/1850 1552/1938/1852
f 1562/1948/1862 1561/1951/1865 1563/1949/1863
f 1561/1951/1865 1552/1932/1846 1550/1934/1848
f 1563/1952/1866 1565/1955/1869 1566/1953/1867
f 1550/1931/1845 1548/1929/1843 1565/1955/1869
f 1565/1955/1869 1567/1957/1871 1568/1956/1870
f 1548/1929/1843 1546/1927/1841 1567/1957/1871
f 1567/1957/1871 1569/1959/1873 1570/1958/1872
f 1546/1927/1841 1544/1925/1839 1569/1959/1873
f 1569/1959/1873 1571/1961/1875 1572/1960/1874
f 1544/1925/1839 1542/1923/1837 1571/1961/1875
f 1571/1961/1875 1573/1963/1877 1574/1962/1876
f 1542/1923/1837 1540/1922/1836 1573/1963/1877
f 1573/1963/1877 1083/1395/1310 1080/1392/1307
f 1540/1922/1836 1086/1398/1313 1083/1395/1310
f 1574/1962/1876 1080/1392/1307 1077/1389/1304
f 1572/1960/1874 1574/1962/1876 1575/1964/1878
f 1575/1964/1878 1077/1389/1304 1074/1384/1299
f 1577/1965/1879 1575/1964/1878 1576/1966/1880
f 1580/1968/1882 1579/1969/1883 1577/1965/1879
f 1570/1958/1872 1572/1960/1874 1577/1965/1879
f 1581/1970/1884 1579/1969/1883 1580/1968/1882
f 1568/1956/1870 1570/1958/1872 1579/1969/1883
f 1584/1972/1886 1583/1973/1887 1581/1970/1884
f 1566/1953/1867 1568/1956/1870 1581/1970/1884
f 1586/1974/1888 1585/1975/1889 1583/1973/1887
f 1564/1954/1868 1566/1953/1867 1583/1973/1887
f 1587/1976/1890 1585/1979/1893 1586/1977/1891
f 1587/1976/1890 1562/1948/1862 1564/1950/1864
f 1589/1980/1894 1587/1983/1897 1588/1981/1895
f 1589/1980/1894 1560/1945/1859 1562/1947/1861
f 1591/1984/1898 1589/1980/1894 1590/1982/1896
f 1591/1984/1898 1558/1944/1858 1560/1945/1859
f 1073/1386/1301 1076/1388/1303 1591/1984/1898
f 1076/1388/1303 1079/1387/1302 1558/1944/1858
f 1592/1985/1899 1590/1982/1896 1595/1986/1900
f 1073/1386/1301 1592/1985/1899 1593/1987/1901
f 1593/1987/1901 1595/1986/1900 1596/1988/1902
f 1070/1383/1298 1593/1987/1901 1594/1989/1903
f 1595/1986/1900 1597/1991/1905 1598/1990/1904
f 1590/1982/1896 1588/1981/1895 1597/1991/1905
f 1597/1992/1906 1599/1995/1909 1600/1993/1907
f 1588/1978/1892 1586/1977/1891 1599/1995/1909
f 1600/1996/1910 1599/1999/1913 1601/1997/1911
f 1599/1999/1913 1586/1974/1888 1584/1972/1886
f 1602/1998/1912 1601/1997/1911 1603/2000/1914
f 1601/1997/1911 1584/1972/1886 1582/1971/1885
f 1604/2001/1915 1603/2000/1914 1605/2002/1916
f 1603/2000/1914 1582/1971/1885 1580/1968/1882
f 1606/2003/1917 1605/2002/1916 1607/2004/1918
f 1605/2002/1916 1580/1968/1882 1578/1967/1881
f 1608/2005/1919 1607/2004/1918 1609/2006/1920
f 1607/2004/1918 1578/1967/1881 1576/1966/1880
f 1610/2007/1921 1609/2006/1920 1071/1381/1296
f 1609/2006/1920 1576/1966/1880 1074/1384/1299
f 1025/1319/1236 1610/2007/1921 1068/1377/1292
f 1611/1324/1241 1608/2005/1919 1610/2007/1921
f 1036/1336/1253 1606/2003/1917 1608/2005/1919
f 1038/1337/1254 1604/2001/1915 1606/2003/1917
f 1040/1338/1255 1602/1998/1912 1604/2001/1915
f 1612/1341/1258 1600/1996/1910 1602/1998/1912
f 1598/1994/1908 1600/1993/1907 1612/1360/1275
f 1596/1988/1902 1598/1990/1904 1050/1362/1277
f 1594/1989/1903 1596/1988/1902 1052/1364/1279
f 1067/1380/1295 1594/1989/1903 1054/1367/1282
f 1045/3737/1923 1210/3738/1923 1406/3739/1923
f 1210/3738/1923 1211/3740/1923 1405/3741/1923
f 1405/3741/1923 1211/3740/1923 1225/3742/1923
f 1225/3742/1923 1226/3743/1923 1384/3744/1923
f 1226/3743/1923 1247/3745/1923 1383/3746/1923
f 1247/3745/1923 1248/3747/1923 1383/3746/1923
f 1383/3746/1923 1248/3747/1923 1370/3748/1923
f 1248/3747/1923 1261/3749/1923 1370/3748/1923
f 1261/3749/1923 1262/3750/1923 1370/3748/1923
f 1262/3750/1923 1297/3751/1923 1369/3752/1923
f 1297/3751/1923 1298/3753/1923 1348/3754/1923
f 1298/3753/1923 1311/3755/1923 1334/3756/1923
f 1311/3755/1923 1312/3757/1923 1333/3758/1923
f 1334/3756/1923 1311/3755/1923 1333/3758/1923
f 1334/3756/1923 1347/3759/1923 1298/3753/1923
f 1347/3759/1923 1348/3754/1923 1298/3753/1923
f 1348/3754/1923 1369/3752/1923 1297/3751/1923
f 1369/3752/1923 1370/3748/1923 1262/3750/1923
f 1383/3746/1923 1384/3744/1923 1226/3743/1923
f 1384/3744/1923 1405/3741/1923 1225/3742/1923
f 1405/3741/1923 1406/3739/1923 1210/3738/1923
f 1406/3739/1923 1419/2011/1923 1044/2010/1923
f 1419/2011/1923 1420/3760/1923 1585/3761/1923
f 1406/3739/1923 1044/2010/1923 1045/3737/1923
f 1420/3760/1923 1441/3762/1923 1527/3763/1923
f 1441/3762/1923 1442/3764/1923 1513/3765/1923
f 1513/3765/1923 1442/3764/1923 1492/3766/1923
f 1442/3764/1923 1455/3767/1923 1492/3766/1923
f 1455/3767/1923 1456/3768/1923 1491/3769/1923
f 1492/3766/1923 1455/3767/1923 1491/3769/1923
f 1456/3768/1923 1477/3770/1923 1478/3771/1923
f 1478/3771/1923 1491/3769/1923 1456/3768/1923
f 1513/3765/1923 1514/3772/1923 1441/3762/1923
f 1514/3772/1923 1527/3763/1923 1441/3762/1923
f 1527/3763/1923 1528/3773/1923 1420/3760/1923
f 1528/3773/1923 1549/3774/1923 1420/3760/1923
f 1549/3774/1923 1550/3775/1923 1420/3760/1923
f 1550/3775/1923 1563/3776/1923 1420/3760/1923
f 1563/3776/1923 1564/3777/1923 1420/3760/1923
f 1564/3777/1923 1585/3761/1923 1420/3760/1923
f 1585/3761/1923 1586/3778/1923 1419/2011/1923
f 1586/3778/1923 1599/3779/1923 1419/2011/1923
f 1599/3779/1923 1600/3780/1923 1419/2011/1923
f 1600/3780/1923 1612/3781/1923 1419/2011/1923
f 1612/3781/1923 1041/2009/1923 1419/2011/1923
f 1613/2012/1924 1614/2017/1924 1648/2013/1924
f 1614/2017/1925 1613/2012/1925 1615/2015/1925
f 1615/2015/1925 1661/3782/1925 1653/2016/1925
f 1621/2018/1926 1615/2015/1926 1613/2012/1926
f 1613/2012/1927 1616/2014/1927 1619/2020/1927
f 1613/2012/1928 1618/2021/1928 1620/2022/1929
f 1617/2019/1931 1620/2022/1931 1619/2020/1932
f 1673/2025/1933 1621/2018/1933 1617/2019/1933
f 1617/2019/1933 1622/2023/1933 1673/2025/1933
f 1624/2026/1934 1622/2023/1934 1617/2019/1934
f 1623/2024/1935 1622/2023/1935 1625/2027/1935
f 1622/2023/1936 1624/2026/1937 1627/2029/1937
f 1622/2023/1938 1626/2023/1938 1628/2030/1939
f 1625/2027/1941 1628/2030/1941 1627/2029/1941
f 1685/2033/1942 1629/2028/1942 1625/2027/1942
f 1625/2027/1942 1630/2031/1942 1685/2033/1942
f 1632/2034/1943 1630/2031/1943 1625/2027/1943
f 1637/2035/1944 1631/2125/1944 1630/2036/1944
f 1632/2034/1945 1635/2034/1945 1634/2031/1945
f 1633/2037/1946 1630/2036/1946 1634/2036/1946
f 1632/2038/1948 1633/2037/1949 1636/2037/1949
f 1637/2035/1950 1633/2037/1950 1638/2041/1950
f 1638/2041/1950 1639/2039/1950 1637/2035/1950
f 1632/2038/1952 1640/2044/1952 1638/2041/1952
f 1645/2042/1953 1639/2039/1953 1638/2041/1953
f 1640/2044/1954 1643/2044/1954 1642/2045/1955
f 1638/2041/1956 1642/2045/1956 1644/2046/1956
f 1640/2044/1958 1641/2043/1958 1644/2046/1958
f 1646/2049/1959 1647/2056/1959 1641/2043/1959
f 1647/2056/1959 1652/2047/1959 1641/2043/1959
f 1641/2043/1960 1640/2044/1960 1648/2048/1960
f 1653/2050/1961 1647/2056/1962 1646/2049/1962
f 1646/2049/1963 1649/2052/1963 1650/2051/1964
f 1646/2049/1965 1648/2048/1966 1651/2048/1966
f 1648/2013/1968 1614/2017/1968 1650/2017/1968
f 1624/2026/1970 1616/2014/1970 1648/2013/1969
f 1648/2013/1969 1640/2053/1969 1624/2026/1970
f 1652/2047/1971 1647/2056/1971 1654/2054/1971
f 1647/2056/1972 1653/2050/1972 1656/2057/1972
f 1647/2056/1973 1655/2058/1973 1657/2054/1973
f 1654/2054/1975 1657/2054/1975 1656/2060/1975
f 1719/2114/1976 1658/2055/1976 1660/2063/1976
f 1658/2055/1976 1654/2054/1976 1660/2063/1976
f 1659/2062/1977 1654/2054/1977 1653/2061/1977
f 1660/2063/1978 1659/2062/1978 1662/2065/1978
f 1659/2062/1979 1661/2064/1980 1664/2064/1980
f 1659/2062/1981 1663/2067/1981 1665/2068/1981
f 1661/2069/1983 1662/2065/1983 1665/2068/1983
f 1666/2066/1984 1662/2065/1984 1667/2072/1984
f 1667/2072/1984 1668/2070/1984 1666/2066/1984
f 1661/2069/1985 1615/2073/1985 1667/2072/1985
f 1668/2070/1986 1667/2072/1986 1621/2018/1986
f 1615/2073/1987 1670/2073/1987 1669/2074/1987
f 1621/2018/1988 1667/2072/1988 1669/2074/1988
f 1621/2018/1990 1671/2018/1990 1670/2015/1990
f 1672/2071/1991 1668/2070/1991 1674/2075/1991
f 1668/2070/1992 1673/2025/1992 1676/2077/1992
f 1674/2075/1993 1668/2070/1994 1675/2070/1994
f 1674/2075/1996 1677/2078/1996 1676/2077/1996
f 1684/2081/1997 1678/2076/1997 1674/2075/1997
f 1674/2075/1997 1679/2079/1997 1684/2081/1997
f 1623/2024/1998 1679/2079/1998 1674/2075/1998
f 1680/2080/1999 1679/2079/1999 1629/2028/2000
f 1623/2024/2001 1682/2083/2001 1681/2079/2001
f 1679/2079/2002 1681/2079/2002 1683/2082/2003
f 1623/2024/2005 1629/2028/2005 1683/2082/2005
f 1684/2081/2006 1680/2080/2006 1686/2084/2006
f 1685/2033/2007 1688/2087/2007 1687/2080/2007
f 1680/2080/2008 1687/2080/2008 1689/2086/2008
f 1685/2033/2010 1686/2084/2010 1689/2086/2010
f 1686/2084/2011 1685/2033/2011 1631/2032/2011
f 1686/2084/2012 1690/2088/2012 1708/3783/2012
f 1708/3783/2012 1692/2089/2012 1686/2084/2012
f 1698/2090/2013 1693/2095/2013 1691/2091/2013
f 1691/2085/2014 1694/2085/2014 1695/2093/2015
f 1691/2091/2016 1693/2095/2017 1696/2094/2017
f 1693/2095/2019 1684/2081/2020 1695/2093/2020
f 1693/2095/2021 1697/2096/2021 1678/2076/2021
f 1698/2090/2022 1699/2098/2022 1723/2120/2022
f 1723/2120/2022 1697/2096/2022 1698/2090/2022
f 1700/2097/2023 1704/2104/2023 1699/2098/2024
f 1698/2090/2025 1701/2100/2025 1702/2099/2026
f 1698/2090/2027 1692/2092/2027 1703/2092/2027
f 1700/2097/2029 1702/2099/2029 1703/2102/2029
f 1705/2105/2030 1706/2106/2030 1712/2112/2030
f 1712/2112/2030 1704/2104/2030 1705/2105/2030
f 1692/2103/2031 1708/2108/2031 1705/2105/2031
f 1705/2105/2032 1707/2040/2032 1639/2039/2032
f 1705/2105/2033 1709/2109/2033 1710/2107/2034
f 1708/2108/2035 1711/2108/2035 1709/2109/2036
f 1708/2110/2038 1707/2040/2038 1710/2107/2038
f 1690/2111/2039 1637/2035/2039 1707/2040/2039
f 1645/2042/2040 1652/2047/2040 1712/2112/2040
f 1645/2042/2041 1706/2106/2041 1713/2113/2041
f 1706/2106/2042 1639/2039/2042 1715/2039/2042
f 1645/2042/2044 1714/2042/2044 1715/2039/2044
f 1719/2114/2045 1704/2104/2045 1712/2112/2045
f 1652/2047/2046 1717/2117/2046 1716/2115/2046
f 1658/2055/2047 1712/2112/2047 1716/2115/2047
f 1658/2055/2049 1718/2116/2049 1717/2117/2049
f 1719/2114/2050 1721/2119/2050 1720/2104/2050
f 1699/2098/2051 1704/2104/2051 1720/2104/2051
f 1719/2114/2053 1699/2098/2054 1722/2118/2054
f 1719/2114/2055 1660/2063/2055 1723/2120/2055
f 1672/2071/2056 1697/2096/2056 1723/2120/2056
f 1660/2063/2057 1725/2121/2057 1724/2120/2057
f 1723/2120/2058 1724/2120/2058 1726/2066/2058
f 1660/2063/2060 1666/2066/2060 1726/2066/2060
f 1672/2071/2061 1728/2071/2061 1727/2096/2062
f 1697/2096/2063 1727/2096/2063 1729/2122/2064
f 1672/2071/2066 1678/2076/2066 1729/2122/2066
f 1690/2111/2067 1730/2111/2067 1731/2123/2067
f 1631/2032/2068 1732/2032/2068 1730/2088/2069
f 1631/2125/2071 1637/2035/2072 1731/2123/2072
f 1734/2126/2073 1742/2139/2074 1737/2127/2074
f 1736/2130/2076 1749/2149/2076 1735/2129/2077
f 1736/2130/2078 1733/2128/2079 1738/2131/2079
f 1737/2127/2080 1740/2136/2080 1738/2131/2081
f 1736/2130/2083 1739/2132/2083 1740/2136/2083
f 1736/2130/2084 1737/2127/2085 1741/2137/2085
f 1747/2140/2087 1741/2137/2088 1742/2139/2088
f 1743/2141/2089 1742/2139/2090 1744/2142/2090
f 1734/2126/2091 1746/2147/2091 1744/2142/2092
f 1743/2141/2094 1745/2143/2094 1746/2147/2095
f 1748/2148/2098 1743/2141/2098 1734/2126/2099
f 1753/2138/2100 1747/2140/2100 1748/2148/2100
f 1748/2148/2101 1750/2152/2101 1751/2150/2101
f 1748/2148/2102 1735/2129/4826 1752/2151/2102
f 1735/2129/2104 1749/2149/2104 1751/2150/2104
f 1747/2140/2106 1753/2138/2107 1754/2156/2107
f 1741/2137/2108 1756/2161/4827 1754/2156/2109
f 1747/2140/2111 1755/2157/2111 1756/2161/2111
f 1758/2162/2112 1763/2175/4828 1761/2163/2113
f 1871/2165/2115 1758/2162/4829 1757/2164/2116
f 1761/2167/2118 1764/2173/4830 1759/2168/2119
f 1757/2169/2121 1759/2168/4831 1772/2170/2122
f 1761/2167/2124 1762/2289/4832 1765/2172/2125
f 1860/2174/2127 1762/2293/4833 1761/2163/2128
f 1765/2172/2130 1767/2264/4834 1766/2176/2131
f 1764/2173/2133 1766/2176/4835 1769/2177/2134
f 1766/2178/2136 1767/2265/4836 1834/2179/2137
f 1766/2178/2139 1768/2180/4837 1770/2181/2140
f 1759/2168/2142 1769/2177/4838 1771/2183/2143
f 1769/2182/2145 1770/2181/4839 1773/2184/2146
f 1772/2170/2148 1771/2183/4840 1774/2186/2149
f 1771/2185/2151 1773/2184/4841 1776/2188/2152
f 1778/2190/2154 1775/2187/4842 1774/2186/2155
f 1776/2188/2157 1779/2195/4843 1777/2192/2158
f 1781/2193/2160 1778/2190/4844 1777/2191/2161
f 1779/2195/2163 1782/2199/4845 1780/2196/2164
f 1784/2197/2166 1781/2193/4846 1780/2194/2167
f 1782/2199/2169 1785/2276/4847 1783/2200/2170
f 1787/2201/2172 1784/2197/4848 1783/2198/2173
f 1783/2200/2175 1785/2276/4849 1788/2203/2176
f 1790/2205/2178 1787/2201/4850 1786/2202/2179
f 1786/2204/2181 1788/2203/4851 1791/2207/2182
f 1793/2209/2184 1790/2205/4852 1789/2206/2185
f 1789/2208/2187 1791/2207/4853 1794/2211/2188
f 1796/2213/2190 1793/2209/4854 1792/2210/2191
f 1792/2212/2193 1794/2211/4855 1797/2215/2194
f 1799/2217/2196 1796/2213/4856 1795/2214/2197
f 1797/2215/2199 1800/2222/4857 1798/2219/2200
f 1799/2217/2202 1798/2218/4858 1801/2220/2203
f 1800/2222/2205 1803/2226/4859 1801/2223/2206
f 1802/2221/2208 1801/2220/4860 1804/2224/2209
f 1803/2226/2211 1806/2230/4861 1804/2227/2212
f 1808/2228/2214 1805/2225/4862 1804/2224/2215
f 1806/2230/2217 1809/2234/4863 1807/2231/2218
f 1811/2232/2220 1808/2228/4864 1807/2229/2221
f 1809/2234/2223 1812/3784/4865 1810/2235/2224
f 1811/2232/2226 1810/2233/4866 1813/2236/2227
f 1810/2235/2229 1812/3784/4867 1815/2238/2230
f 1814/2237/2232 1813/2236/4868 1816/2240/2233
f 1813/2239/2235 1815/2238/4869 1818/2242/2236
f 1820/2244/2238 1817/2241/4870 1816/2240/2239
f 1816/2243/2241 1818/2242/4871 1821/2246/2242
f 1823/2248/2244 1820/2244/4872 1819/2245/2245
f 1819/2247/2247 1821/2246/4873 1824/2250/2248
f 1823/2248/2250 1822/2249/4874 1825/2252/2251
f 1822/2251/2253 1824/2250/4875 1827/2254/2254
f 1826/2253/2256 1825/2252/4876 1828/2256/2257
f 1828/2258/2259 1825/2255/4877 1827/2254/2260
f 1829/2257/2262 1828/2256/4878 1831/2260/2263
f 1831/2262/2265 1828/2258/4879 1830/2259/2266
f 1832/2261/2268 1831/2260/4880 1767/2264/2269
f 1767/2265/2271 1831/2262/4881 1833/2263/2272
f 1833/2263/2274 1830/2259/4882 1836/2266/2275
f 1834/2179/2277 1833/2263/4883 1835/2267/2278
f 1835/2267/2280 1836/2266/4884 1846/2269/2281
f 1838/2268/2283 1835/2267/4885 1837/2270/2284
f 1768/2180/2286 1834/2179/4886 1838/2268/2287
f 1840/2272/2289 1838/2268/2283 1839/2271/2285
f 1770/2181/2291 1768/2180/2286 1840/2272/2288
f 1773/2184/2293 1840/2272/4887 1841/2273/2294
f 1842/2274/2296 1841/2273/4888 1839/2271/2297
f 1779/2195/2299 1776/2188/4889 1841/2273/2300
f 1782/2199/2302 1779/2195/4890 1842/2274/2303
f 1785/2276/2304 1842/2274/2303 1843/2275/2305
f 1788/2203/2307 1843/2275/4891 1844/2277/2308
f 1843/2275/2298 1839/2271/2297 1837/2270/2310
f 1844/2277/2312 1837/2270/4892 1846/2269/2313
f 1791/2207/2315 1844/2277/4893 1845/2278/2316
f 1794/2211/2318 1845/2278/4894 1847/2279/2319
f 1845/2278/2321 1846/2269/4895 1848/2280/2322
f 1848/2280/2324 1850/2282/4896 1849/2281/2325
f 1847/2279/2327 1849/2281/4897 1800/2222/2328
f 1849/2281/2330 1851/2283/4898 1803/2226/2331
f 1850/2282/2333 1852/2284/4899 1851/2283/2334
f 1852/2284/2336 1812/3784/4900 1809/2234/2337
f 1851/2283/2339 1809/2234/4901 1806/2230/2340
f 1815/2238/2342 1812/3784/4902 1852/2284/2343
f 1853/2285/2345 1852/2284/4899 1850/2282/2333
f 1818/2242/2347 1815/2238/4903 1853/2285/2348
f 1821/2246/2350 1853/2285/4904 1854/2286/2351
f 1824/2250/2353 1854/2286/4905 1855/2287/2354
f 1854/2286/2356 1850/2282/4906 1848/2280/2357
f 1830/2259/2359 1827/2254/4907 1855/2287/2360
f 1836/2266/2362 1855/2287/4908 1848/2280/2363
f 1856/2288/2365 1857/2439/4909 1829/2257/2366
f 1762/2289/2368 1856/2288/4910 1832/2261/2369
f 1859/2290/2371 1857/2440/4911 1856/2291/2372
f 1858/2292/2374 1856/2291/4912 1762/2293/2375
f 1859/2290/2377 1858/2292/4913 1861/2294/2378
f 1858/2292/2380 1860/2174/4914 1864/2296/2381
f 1892/2297/2383 1863/2340/4915 1861/2298/2384
f 1862/2299/2386 1861/2298/4916 1864/2300/2387
f 1860/2174/2389 1763/2175/4917 1866/2302/2390
f 1865/2301/2392 1864/2300/4918 1866/2303/2393
f 1763/2175/2395 1758/2162/4919 1868/2305/2396
f 1869/2306/2398 1867/2304/4920 1866/2303/2399
f 1758/2162/2401 1871/2165/4921 1870/2308/2402
f 1872/2309/2404 1869/2306/4922 1868/2307/2405
f 1871/2165/2407 1874/2315/4923 1873/2311/2408
f 1875/2312/2410 1872/2309/4924 1870/2310/2411
f 1877/2314/2413 1876/2319/4925 1873/2311/2414
f 1875/2312/2416 1873/2313/4926 1876/2316/2417
f 1946/2318/2419 1878/2403/4927 1876/2319/2420
f 1879/2317/2422 1876/2316/4928 1878/2320/2423
f 1880/2321/2425 1882/2324/2431 1881/2322/2426
f 1879/2317/2428 1881/2322/4929 1884/2323/2429
f 1882/2324/2431 1939/2393/4930 1883/2325/2432
f 1881/2322/2433 1883/2325/2586 1885/2326/2434
f 1885/2326/2436 1887/2328/2448 1886/2327/2437
f 1884/2323/2439 1886/2327/4931 1872/2309/2440
f 1887/2328/2442 1865/2301/4932 1867/2304/2443
f 1886/2327/2444 1867/2304/2443 1869/2306/2445
f 1889/2329/2447 1888/2330/4933 1887/2328/2448
f 1888/2330/2449 1862/2299/4934 1865/2301/2450
f 1891/2331/2452 1890/2332/4935 1888/2330/2453
f 1890/2332/2455 1892/2297/4936 1862/2299/2456
f 1894/2333/2458 1893/2334/4937 1890/2332/2459
f 1893/2334/2461 1896/2337/4938 1892/2297/2462
f 1894/2333/2464 1923/2372/4939 1895/2335/2465
f 1893/2334/2467 1895/2335/4940 1897/2336/2468
f 1896/2337/2470 1897/2336/4941 1900/2338/2471
f 1896/2337/2473 1898/2339/4942 1863/2340/2474
f 1901/2341/2476 1899/2344/4943 1898/2342/2477
f 1899/2344/2479 1859/2290/4944 1863/2295/2480
f 1901/2341/2482 1900/2343/4945 1902/2345/2483
f 1897/2336/2485 1904/2350/4946 1902/2347/2486
f 1903/2346/2488 1902/2345/4947 1905/2348/2489
f 1904/2350/2491 1907/2354/4948 1905/2351/2492
f 1909/2352/2494 1906/2349/4949 1905/2348/2495
f 1907/2354/2497 1910/2358/4950 1908/2355/2498
f 1912/2356/2500 1909/2352/4951 1908/2353/2501
f 1910/2358/2503 1913/2363/4952 1911/2359/2504
f 1912/2356/2506 1911/2357/4953 1914/2360/2507
f 1917/2362/2509 1914/2367/4954 1911/2359/2510
f 1915/2361/2512 1914/2360/4955 1916/2364/2513
f 1918/2366/2515 1916/2374/4956 1914/2367/2516
f 1922/2368/2518 1919/2369/4957 1917/2362/2519
f 1919/2369/2521 1921/2371/4958 1918/2366/2522
f 1920/2370/2524 1925/2375/4959 1921/2371/2525
f 1923/2372/2527 1920/2370/4960 1919/2369/2528
f 1922/2368/2530 1913/2363/4961 1910/2358/2531
f 1923/2372/2527 1922/2368/2529 1924/2373/2533
f 1924/2373/2535 1910/2358/4962 1907/2354/2536
f 1895/2335/2538 1924/2373/4963 1904/2350/2539
f 1894/2333/2541 1935/2389/4964 1920/2370/2542
f 1921/2371/2544 1926/2376/4965 1916/2374/2545
f 1925/2375/2547 1928/2384/4966 1926/2376/2548
f 1929/2377/2550 1927/2380/4967 1926/2378/2551
f 1927/2380/2553 1959/2365/4968 1916/2364/2554
f 1929/2377/2556 1928/2379/4969 1930/2381/2557
f 1933/2383/2559 1930/3785/4970 1928/2384/2560
f 1931/2382/2562 1930/2381/4971 1932/2385/2563
f 1932/2387/2565 1930/3785/4972 1933/2383/2566
f 1935/2389/2568 1933/2383/4973 1925/2375/2569
f 1934/2388/2571 1933/2383/4974 1935/2389/2572
f 1936/2390/2574 1935/2389/4975 1894/2333/2575
f 1937/2391/2577 1936/2390/4976 1891/2331/2578
f 1938/2392/2580 1934/2388/4977 1936/2390/2581
f 1939/2393/2583 1938/2392/4978 1937/2391/2584
f 1883/2325/2586 1937/2391/4979 1889/2329/2587
f 1940/2394/2588 1932/2387/4980 1934/2388/2589
f 1942/2395/2591 1940/2394/4981 1938/2392/2592
f 1941/2396/2594 1940/2399/4982 1942/2397/2595
f 1954/2386/2597 1932/2385/4983 1940/2399/2598
f 1943/2398/2600 1942/2397/4984 1944/2400/2601
f 1944/2402/2603 1942/2395/4985 1939/2393/2604
f 1945/2401/2606 1944/2400/4986 1878/2403/2607
f 1880/2321/2609 1878/2320/4987 1944/2402/2610
f 1946/2318/2612 1949/2408/4988 1947/2404/2613
f 1947/2404/2615 1948/2413/4989 1943/2398/2616
f 1947/2405/2618 1784/2197/4990 1787/2201/2619
f 1781/2193/2621 1784/2197/4991 1947/2405/2622
f 1877/2314/2624 1950/2410/4992 1949/2408/2625
f 1778/2190/2627 1781/2193/4993 1949/2407/2628
f 1874/2315/2630 1951/2412/4994 1950/2410/2631
f 1775/2187/2633 1778/2190/4995 1950/2409/2634
f 1760/2171/2636 1772/2170/4996 1775/2187/2637
f 1874/2315/2639 1871/2165/4997 1760/2166/2640
f 1948/2413/2642 1952/2415/4998 1941/2396/2643
f 1948/2406/2645 1787/2201/4999 1790/2205/2646
f 1952/2415/2648 1953/2418/5000 1954/2386/2649
f 1952/2414/2651 1790/2205/5001 1793/2209/2652
f 1953/2416/2654 1793/2209/5002 1796/2213/2655
f 1953/2418/2657 1955/3786/5003 1931/2382/2658
f 1796/2213/2660 1799/2217/5004 1956/2419/2661
f 1931/2382/2663 1955/3786/5005 1956/2420/2664
f 1929/2377/2666 1956/2420/5006 1957/2421/2667
f 1799/2217/2669 1802/2221/5007 1957/2422/2670
f 1927/2380/2672 1957/2421/5008 1958/2423/2673
f 1802/2221/2675 1805/2225/5009 1958/2424/2676
f 1805/2225/2678 1808/2228/5010 1960/2425/2679
f 1959/2365/2681 1958/2423/5011 1960/2426/2682
f 1915/2361/2684 1960/2426/5012 1961/2427/2685
f 1808/2228/2687 1811/2232/5013 1961/2428/2688
f 1961/2428/2690 1811/2232/5014 1814/2237/2691
f 1909/2352/2693 1912/2356/5015 1961/2427/2694
f 1906/2349/2696 1909/2352/5016 1962/2430/2697
f 1962/2429/2699 1814/2237/5017 1817/2241/2700
f 1963/2432/2702 1817/2241/5018 1820/2244/2703
f 1903/2346/2705 1906/2349/5019 1963/2431/2706
f 1901/2341/2708 1903/2346/5020 1964/2434/2709
f 1964/2433/2711 1820/2244/5021 1823/2248/2712
f 1965/2436/2714 1823/2248/5022 1826/2253/2715
f 1899/2344/2717 1901/2341/5023 1965/2435/2718
f 1857/2439/2720 1966/2437/5024 1826/2253/2721
f 1899/2344/2723 1966/2438/5025 1857/2440/2724
f 1967/2441/2726 1970/2448/2726 1972/2442/2726
f 1969/2447/1925 1967/2441/1925 1968/2443/1925
f 1968/2443/1925 2414/2928/1925 1969/2447/1925
f 2414/2928/1925 2413/2927/1925 1969/2447/1925
f 2413/2927/1925 2412/2926/1925 2409/2444/1925
f 2412/2926/1925 2411/2925/1925 2409/2444/1925
f 2411/2925/1925 2410/2924/1925 2409/2444/1925
f 2409/2444/1925 2408/2923/1925 2407/2922/1925
f 2407/2922/1925 2406/2921/1925 2405/2920/1925
f 2405/2920/1925 2404/2919/1925 2403/2918/1925
f 2403/2918/1925 2402/2917/1925 2401/2445/1925
f 2401/2445/1925 2400/2916/1925 2397/2913/1925
f 2400/2916/1925 2399/2915/1925 2397/2913/1925
f 2399/2915/1925 2398/2914/1925 2397/2913/1925
f 2397/2913/1925 2396/2912/1925 2395/2911/1925
f 2395/2911/1925 2394/2910/1925 2393/2446/1925
f 2393/2446/1925 2392/2909/1925 2391/2908/1925
f 2391/2908/1925 2390/2907/1925 2393/2446/1925
f 2390/2907/1925 2389/2906/1925 2393/2446/1925
f 2389/2906/1925 2388/2905/1925 2387/2903/1925
f 2387/2903/1925 2386/2904/1925 1969/2447/1925
f 2409/2444/1925 2407/2922/1925 2405/2920/1925
f 2405/2920/1925 2403/2918/1925 2409/2444/1925
f 2403/2918/1925 2401/2445/1925 2409/2444/1925
f 2397/2913/1925 2395/2911/1925 2393/2446/1925
f 2389/2906/1925 2387/2903/1925 2393/2446/1925
f 2387/2903/1925 1969/2447/1925 2393/2446/1925
f 1969/2447/1925 2413/2927/1925 2409/2444/1925
f 2401/2445/1925 2397/2913/1925 2393/2446/1925
f 1969/2447/1925 2409/2444/1925 2393/2446/1925
f 1969/2447/2727 1971/2449/2727 1970/2448/2727
f 1971/2449/2728 1974/2452/2728 1973/2450/2728
f 1973/2450/2729 1975/2454/2729 1972/2442/2729
f 1977/2451/2730 1976/2456/2730 1973/2450/2730
f 1973/2450/2731 1976/2456/2731 1978/2453/2731
f 1977/2451/2732 1981/2471/2732 1979/2455/2732
f 1976/2456/2733 1979/2455/2733 1980/2457/2733
f 1980/2458/2734 1979/2461/5026 1982/2459/2734
f 1979/2461/2735 1981/2466/2735 1985/2462/2735
f 1983/2463/2736 2083/2578/2736 1984/2460/2736
f 1985/2462/2737 1986/2588/2737 1983/2463/2737
f 1988/2464/2738 1986/2588/2738 1985/2462/2738
f 1981/2466/2739 1990/2469/5027 1987/2465/2739
f 1989/2467/2740 2308/2805/2740 1988/2464/2740
f 1992/2468/2741 1989/2467/2741 1987/2465/2741
f 1991/2470/2742 1990/3787/2742 1981/2471/2742
f 1992/2472/2743 1990/3787/2743 1991/2470/2743
f 1994/2474/2744 1992/2472/2744 1993/2473/2744
f 1994/2476/2745 1997/2480/2745 1989/2467/2745
f 1996/2477/2746 1994/2474/2746 1995/2475/2746
f 1996/2479/2747 1999/2482/2747 1997/2480/2747
f 2000/2481/2748 1998/2483/2748 1997/2480/2748
f 1998/2483/2749 2308/2805/5028 1989/2467/2749
f 2002/2484/2750 2001/2485/2750 1999/2482/2750
f 2001/2485/2751 2003/2487/2751 2000/2481/2751
f 2002/2484/2752 2005/2488/2752 2004/2486/2752
f 2004/2486/2753 2006/2490/2753 2003/2487/2753
f 2005/2488/2754 2008/2492/2754 2007/2489/2754
f 2007/2489/2755 2009/2810/2755 2006/2490/2755
f 2011/2491/2756 2010/2494/2756 2007/2489/2756
f 2012/2493/2757 2009/2810/2757 2007/2489/2757
f 2014/2495/2758 2013/2497/2758 2010/2494/2758
f 2015/2496/2759 2012/2493/2759 2010/2494/2759
f 2014/2495/2760 2017/2500/2760 2016/2498/2760
f 2018/2499/2761 2015/2496/2761 2013/2497/2761
f 2017/2500/2762 2020/2503/2762 2019/2501/2762
f 2021/2502/2763 2018/2499/2763 2016/2498/2764
f 2020/2503/2765 2023/2505/2765 2022/2504/2765
f 2022/2504/2766 2024/2817/2767 2021/2502/2767
f 2023/2505/2768 2026/2509/2768 2025/2506/2768
f 2027/2507/2769 2024/2817/2769 2022/2504/2769
f 2029/2508/2770 2028/2511/2770 2025/2506/2770
f 2030/2510/2771 2027/2507/2771 2025/2506/2771
f 2032/2512/2772 2031/2514/2772 2028/2511/2772
f 2033/2513/2773 2030/2510/2773 2028/2511/2773
f 2035/2515/2774 2034/2517/2774 2031/2514/2775
f 2036/2516/2776 2033/2513/2776 2031/2514/2776
f 2035/2515/2777 2038/2519/2777 2037/2518/2777
f 2037/2518/2778 2039/2521/2778 2036/2516/2778
f 2038/2519/2779 2041/2523/2779 2040/2520/2779
f 2040/2520/2780 2042/2824/2780 2039/2521/2780
f 2046/2522/2781 2043/2525/2781 2040/2520/2781
f 2044/2524/2782 2042/2824/2782 2040/2520/2783
f 2309/2526/2784 2044/2524/2784 2043/2525/2784
f 2048/2528/2785 2045/2527/2785 2043/2525/2785
f 2047/2529/2786 2046/3788/2786 2041/2530/2787
f 2048/2532/2788 2046/3788/2789 2047/2529/2789
f 2050/2534/2790 2048/2532/2790 2049/2533/2790
f 2050/2536/2791 2053/2540/2791 2045/2527/2791
f 2052/2537/2792 2050/2534/2792 2051/2535/2792
f 2052/2539/2793 2055/2542/2793 2053/2540/2793
f 2056/2541/2794 2054/2543/2794 2053/2540/2794
f 2054/2543/2795 2309/2526/2795 2045/2527/2795
f 2057/2544/2796 2058/2546/2796 2056/2541/2796
f 2052/2539/2797 2060/2547/2797 2057/2544/2797
f 2059/2545/2798 2310/2561/2798 2058/2546/2798
f 2060/2547/2799 2062/2553/2799 2059/2545/2799
f 2060/2548/2800 2052/2537/2800 2328/2538/2800
f 2063/2550/2802 2062/2552/2802 2060/2548/2802
f 2065/2551/2803 2064/3789/2803 2062/2552/2803
f 2062/2553/2804 2064/2558/2804 2067/2554/2804
f 2066/2555/2805 2064/3789/2806 2065/2551/2806
f 2066/2557/2807 2069/2560/2807 2067/2554/2808
f 2070/2559/2809 2068/2831/2809 2067/2554/2809
f 2067/2554/2810 2068/2831/2810 2310/2561/2810
f 2071/2562/2811 2072/2565/2811 2070/2559/2811
f 2074/2563/2812 2071/2562/2812 2069/2560/2812
f 2073/2564/2813 2082/2835/5029 2072/2565/2813
f 2074/2563/2814 2076/2572/2814 2073/2564/2814
f 2074/2566/2815 2066/2555/2815 2319/2556/2815
f 2077/2568/2816 2076/2570/2816 2074/2566/2816
f 2079/2569/2817 2078/2573/2817 2076/2570/2818
f 2078/2571/2819 2080/2574/2819 2073/2564/2819
f 1978/2453/2820 1980/2457/2820 2078/2573/2820
f 1980/2458/2821 1984/2460/2821 2080/2574/2821
f 1984/2460/2822 2083/2578/2822 2081/2575/2822
f 2081/2575/2823 2082/2835/2823 2073/2564/2823
f 2086/2576/2824 2082/2835/2824 2081/2575/2824
f 2084/2577/2825 2081/2575/2825 2083/2578/2825
f 2088/2580/2826 2085/2583/2826 2084/2581/2826
f 2085/2583/2827 2253/2748/2827 2086/2584/2828
f 2091/2585/2829 2088/2580/2829 2087/2582/2829
f 2087/2579/2830 2083/2578/2830 1983/2463/2830
f 2089/2587/2831 1983/2463/2831 1986/2588/2831
f 2092/2590/2832 2091/2585/2832 2089/2586/2832
f 2095/2592/2833 2093/2594/2833 2091/2585/2833
f 2091/2585/2835 2093/2594/2835 2094/2593/2835
f 2093/2594/2837 2096/2597/2837 2098/2595/2837
f 2099/2596/2838 2096/2597/2838 2093/2594/2838
f 2096/2597/2839 2097/2682/2839 2189/2598/2839
f 2100/2599/2840 2097/2682/2840 2096/2597/2840
f 2101/2600/2841 2099/2596/2841 2095/2592/2841
f 2101/2600/2842 2103/2604/2842 2100/2599/2842
f 2104/2602/2843 2101/2600/2843 2102/2601/2843
f 2104/2602/2844 2106/2607/2844 2103/2604/2844
f 2107/2605/2845 2104/2602/2845 2105/2603/2845
f 2107/2605/2846 2109/2610/2846 2106/2607/2846
f 2110/2608/2847 2107/2605/2847 2108/2606/2847
f 2110/2608/2848 2112/2613/2848 2109/2610/2848
f 2113/2611/2849 2110/2608/2849 2111/2609/2849
f 2113/2611/2850 2115/2696/2850 2112/2613/2850
f 2117/2614/2851 2116/2616/2851 2113/2611/2851
f 2118/2615/2852 2115/2696/2852 2113/2611/2852
f 2120/2617/2854 2119/2619/2854 2116/2616/2854
f 2121/2618/2855 2118/2615/2855 2116/2616/2855
f 2122/2620/2856 2119/2619/2856 2120/2617/2856
f 2122/2620/2857 2124/2624/2857 2121/2618/2857
f 2125/2622/2858 2122/2620/2858 2123/2621/2858
f 2125/2622/2859 2127/2704/2859 2124/2624/2859
f 2129/2625/2861 2128/2627/2861 2125/2622/2861
f 2130/2626/2862 2127/2704/2862 2125/2622/2862
f 2132/2628/2863 2131/2630/2863 2128/2627/2863
f 2133/2629/2864 2130/2626/2864 2128/2627/2864
f 2134/2631/2865 2131/2630/2865 2132/2628/2865
f 2134/2631/2866 2136/2635/2866 2133/2629/2866
f 2137/2633/2867 2134/2631/2867 2135/2632/2867
f 2137/2633/2868 2139/2638/2868 2136/2635/2868
f 2140/2636/2869 2137/2633/2869 2138/2634/2869
f 2140/2636/2870 2142/2641/2870 2139/2638/2870
f 2143/2639/2871 2140/2636/2871 2141/2637/2871
f 2143/2639/2872 2145/2716/2872 2142/2641/2872
f 2147/2642/2873 2146/2644/2873 2143/2639/2873
f 2148/2643/2874 2145/2716/2874 2143/2639/2874
f 2149/2645/2875 2146/2644/2875 2147/2642/2875
f 2151/2647/2876 2148/2643/2876 2146/2644/2876
f 2152/2648/2877 2149/2645/2877 2150/2646/2877
f 2152/2648/2878 2154/2652/2878 2151/2647/2878
f 2155/2650/2879 2152/2648/2879 2153/2649/2879
f 2155/2650/2880 2157/2723/2880 2154/2652/2880
f 2159/2653/2881 2158/2655/2881 2155/2650/2881
f 2160/2654/2882 2157/2723/2882 2155/2650/2882
f 2162/2656/2883 2161/2658/2883 2158/2655/2883
f 2163/2657/2884 2160/2654/2884 2158/2655/2884
f 2164/2659/2885 2161/2658/2885 2162/2656/2885
f 2164/2659/2886 2166/2729/2886 2163/2657/2886
f 2167/2661/2887 2164/2659/2887 2165/2660/2887
f 2169/2663/2888 2166/2729/2888 2164/2659/2888
f 2170/2664/2889 2167/2661/2889 2168/2662/2889
f 2172/2666/2890 2169/2663/2890 2167/2661/2890
f 2173/2667/2891 2170/2664/2891 2171/2665/2891
f 2173/2667/2892 2175/2735/2892 2172/2666/2892
f 2176/2669/2893 2173/2667/2893 2174/2668/2893
f 2178/2671/2894 2175/2735/2894 2173/2667/2894
f 2179/2672/2895 2176/2669/2895 2177/2670/2895
f 2179/2672/2896 2181/2676/2896 2178/2671/2896
f 2183/2674/2897 2182/2675/2897 2179/2672/2897
f 2182/2675/2898 2184/2681/2898 2181/2676/2898
f 2186/2677/2899 2185/2679/2899 2182/2675/2899
f 2187/2678/2900 2184/2681/2900 2182/2675/2900
f 2094/2593/2901 2098/2595/2901 2185/2679/2901
f 2189/2598/2902 2187/2678/2902 2185/2679/2902
f 2189/2598/2903 2190/2683/2903 2188/2680/2903
f 2188/2680/2904 2250/2742/2904 2184/2681/2904
f 2097/2682/2905 2192/2685/2905 2190/2683/2905
f 2191/2684/2906 2252/3790/5030 2188/2680/2906
f 2192/2685/2907 2193/3791/5031 2191/2684/2907
f 2195/2686/2908 2193/3791/2908 2192/2685/2908
f 2100/2599/2909 2194/2687/2909 2192/2685/2909
f 2103/2604/2910 2196/2689/2910 2194/2687/2910
f 2197/2688/2911 2195/2686/5032 2194/2687/2911
f 2106/2607/2912 2198/2691/2912 2196/2689/2912
f 2199/2690/2913 2197/2688/2913 2196/2689/2913
f 2200/2692/2914 2198/2691/2914 2106/2607/2914
f 2201/2693/2916 2199/2690/2916 2198/2691/2916
f 2202/2694/2917 2200/2692/2918 2109/2610/2918
f 2202/2694/2919 2203/2697/2919 2201/2693/2919
f 2204/2695/2920 2202/2694/2920 2112/2613/2920
f 2204/2695/2921 2205/2699/2921 2203/2697/2921
f 2206/2698/2922 2204/2695/2922 2115/2696/2922
f 2206/2698/2923 2207/3792/2923 2205/2699/2923
f 2121/2618/2924 2208/2701/2924 2206/2698/2924
f 2209/2700/2925 2207/3792/2925 2206/2698/2925
f 2210/2702/2926 2208/2701/2926 2121/2618/2926
f 2210/2702/2927 2211/3793/2927 2209/2700/2927
f 2212/2703/2928 2210/2702/2929 2124/2624/2929
f 2213/2705/2930 2211/3793/2930 2210/2702/2930
f 2214/2706/2931 2212/2703/2931 2127/2704/2931
f 2215/2707/2932 2213/2705/2932 2212/2703/2932
f 2133/2629/2933 2216/2709/2933 2214/2706/2933
f 2217/2708/2934 2215/2707/2934 2214/2706/2934
f 2136/2635/2935 2218/2710/2935 2216/2709/2935
f 2218/2710/2936 2219/3794/2936 2217/2708/2936
f 2220/2711/2937 2218/2710/2937 2136/2635/2937
f 2221/2712/2938 2219/3794/2938 2218/2710/2938
f 2222/2713/2939 2220/2711/2939 2139/2638/2939
f 2223/2714/2940 2221/2712/2940 2220/2711/2940
f 2224/2715/2942 2222/2713/2942 2142/2641/2942
f 2225/2717/2943 2223/2714/2943 2222/2713/2943
f 2226/2718/2944 2224/2715/2944 2145/2716/2944
f 2226/2718/2945 2227/2720/2945 2225/2717/2945
f 2228/2719/2946 2226/2718/2946 2148/2643/2946
f 2228/2719/2947 2229/2722/2947 2227/2720/2947
f 2154/2652/2949 2230/2721/2949 2228/2719/2949
f 2230/2721/2950 2231/3795/2950 2229/2722/2950
f 2157/2723/2951 2232/2725/2951 2230/2721/2952
f 2233/2724/2953 2231/3795/2953 2230/2721/2953
f 2160/2654/2954 2234/2727/2954 2232/2725/2954
f 2235/2726/2956 2233/2724/2956 2232/2725/2956
f 2163/2657/2957 2236/2728/2957 2234/2727/2957
f 2236/2728/2958 2237/3796/5033 2235/2726/2958
f 2166/2729/2959 2238/2731/2959 2236/2728/2959
f 2239/2730/2961 2237/3796/2961 2236/2728/2961
f 2240/2732/2963 2238/2731/2963 2166/2729/2963
f 2241/2733/2964 2239/2730/2964 2238/2731/2964
f 2172/2666/2965 2242/2734/2965 2240/2732/2965
f 2242/2734/2966 2243/2737/2966 2241/2733/2966
f 2175/2735/2967 2244/2736/2967 2242/2734/2967
f 2244/2736/2968 2245/2739/2968 2243/2737/2968
f 2246/2738/2970 2244/2736/2970 2175/2735/2970
f 2246/2738/2971 2247/2741/2971 2245/2739/2971
f 2248/2740/2972 2246/2738/2972 2178/2671/2972
f 2248/2740/2973 2249/2743/2973 2247/2741/2973
f 2250/2742/2974 2248/2740/5034 2181/2676/2974
f 2250/2742/2975 2251/2744/2975 2249/2743/2975
f 2188/2680/2976 2252/3790/2976 2251/2744/2976
f 2252/2747/2012 2191/3797/5035 2193/3798/2012
f 2193/3798/2012 2195/3799/2012 2197/3800/2012
f 2197/3800/2012 2199/3801/2012 2201/3802/2012
f 2201/3802/2012 2203/3803/2012 2197/3800/2012
f 2203/3803/2012 2205/3804/2012 2197/3800/2012
f 2205/3804/2012 2207/3805/2012 2209/3806/2012
f 2209/3806/2012 2211/3807/2012 2213/3808/2012
f 2213/3808/2012 2215/3809/2012 2217/3810/2012
f 2217/3810/2012 2219/3811/2012 2213/3808/2012
f 2219/3811/2012 2221/3812/2012 2213/3808/2012
f 2221/3812/2012 2223/3813/2012 2229/2745/2012
f 2223/3813/2012 2225/3814/2012 2229/2745/2012
f 2225/3814/2012 2227/3815/5036 2229/2745/2012
f 2229/2745/2012 2231/3816/5036 2233/3817/2012
f 2233/3817/2012 2235/3818/2012 2237/2746/2012
f 2237/2746/2012 2239/3819/2012 2245/3820/2012
f 2239/3819/2012 2241/3821/2012 2245/3820/2012
f 2241/3821/2012 2243/3822/2012 2245/3820/2012
f 2245/3820/2012 2247/3823/2012 2249/3824/2012
f 2249/3824/2012 2251/3825/5035 2252/2747/2012
f 2252/2747/2012 2193/3798/2012 2197/3800/2012
f 2205/3804/2012 2209/3806/2012 2221/3812/2012
f 2209/3806/2012 2213/3808/2012 2221/3812/2012
f 2229/2745/2012 2233/3817/2012 2237/2746/2012
f 2245/3820/2012 2249/3824/2012 2237/2746/2012
f 2249/3824/2012 2252/2747/2012 2237/2746/2012
f 2252/2747/2012 2197/3800/2012 2221/3812/2012
f 2197/3800/2012 2205/3804/2012 2221/3812/2012
f 2221/3812/2012 2229/2745/2012 2252/2747/2012
f 2186/2677/2977 2183/2674/2977 2253/2748/2977
f 2094/2593/2978 2186/2677/2978 2085/2583/2978
f 2253/2748/2979 2183/2674/2979 2180/2673/2979
f 2086/2584/2980 2253/2748/5037 2254/2749/2980
f 2254/2749/2981 2256/2752/2981 2257/2751/2981
f 2254/2749/2982 2180/2673/2982 2177/2670/2982
f 2256/2752/2983 2258/2754/2983 2259/2753/2983
f 2177/2670/2984 2174/2668/2984 2258/2754/2984
f 2258/2754/2985 2260/2756/2985 2261/2755/2985
f 2258/2754/2986 2174/2668/2986 2171/2665/2986
f 2260/2756/2987 2262/2758/2987 2263/2757/2987
f 2260/2756/2988 2171/2665/2988 2168/2662/2988
f 2263/2757/2989 2262/2758/2989 2264/2759/2989
f 2168/2662/2990 2165/2660/2990 2264/2759/2990
f 2265/2760/2991 2264/2759/2991 2266/2761/2991
f 2165/2660/2992 2162/2656/2992 2266/2761/2992
f 2267/2762/2993 2266/2761/2993 2268/2763/2993
f 2162/2656/2994 2159/2653/2994 2268/2763/2994
f 2269/2764/2995 2268/2763/2995 2270/2765/2995
f 2159/2653/2996 2156/2651/2996 2270/2765/2996
f 2271/2766/2997 2270/2765/2998 2272/2767/2998
f 2156/2651/2999 2153/2649/2999 2272/2767/2999
f 2273/2768/3000 2272/2767/3001 2274/2769/3001
f 2272/2767/3002 2153/2649/3002 2150/2646/3002
f 2275/2770/3003 2274/2769/3003 2276/2771/3003
f 2150/2646/3004 2147/2642/3004 2276/2771/3004
f 2277/2772/3005 2276/2771/3005 2278/2773/3005
f 2276/2771/3006 2147/2642/3006 2144/2640/3006
f 2279/2774/3007 2278/2773/3007 2280/2775/3007
f 2144/2640/3008 2141/2637/3008 2280/2775/3008
f 2281/2776/3009 2280/2775/3009 2282/2777/3009
f 2280/2775/3010 2141/2637/3010 2138/2634/3010
f 2283/2778/3011 2282/2777/3011 2284/2779/3011
f 2282/2777/3012 2138/2634/3012 2135/2632/3012
f 2285/2780/3013 2284/2779/3014 2286/2781/3014
f 2284/2779/3015 2135/2632/3015 2132/2628/3015
f 2286/2781/3016 2288/2784/3016 2289/2783/3017
f 2132/2628/3018 2129/2625/3018 2288/2784/3018
f 2289/2783/3019 2288/2784/3020 2290/2785/3020
f 2288/2784/3021 2129/2625/3021 2126/2623/3021
f 2291/2786/3022 2290/2785/3022 2292/2787/3022
f 2290/2785/3023 2126/2623/3023 2123/2621/3023
f 2292/2787/3024 2294/2790/3024 2295/2789/3024
f 2123/2621/3025 2120/2617/5038 2294/2790/3025
f 2295/2789/3026 2294/2790/3026 2296/2791/3026
f 2294/2790/3027 2120/2617/5039 2117/2614/3027
f 2296/2791/3028 2298/2794/3028 2299/2793/3028
f 2117/2614/3029 2114/2612/3029 2298/2794/3029
f 2298/2794/3030 2300/2796/3030 2301/2795/3031
f 2114/2612/3032 2111/2609/3032 2300/2796/3032
f 2301/2795/3033 2300/2796/3033 2302/2797/3033
f 2300/2796/3034 2111/2609/3034 2108/2606/3034
f 2303/2798/3035 2302/2797/3035 2304/2799/3035
f 2108/2606/3036 2105/2603/3036 2304/2799/3036
f 2305/2800/3037 2304/2799/3038 2306/2801/3038
f 2105/2603/3039 2102/2601/3039 2306/2801/3039
f 2307/2802/3040 2306/2801/3040 2092/2590/3040
f 2102/2601/3041 2095/2592/3041 2092/2590/3041
f 2090/2589/3042 1986/2588/3042 1988/2464/3043
f 2305/2804/3044 2307/2803/5040 1988/2464/3044
f 2303/2806/3045 2305/2804/3045 2308/2805/3045
f 2303/2806/3046 1998/2483/3046 2000/2481/3046
f 2299/2808/3047 2301/2807/3047 2000/2481/3047
f 2297/2809/3048 2299/2808/3048 2003/2487/3048
f 2297/2809/3049 2006/2490/3049 2009/2810/3049
f 2293/2812/3050 2295/2811/3050 2009/2810/3050
f 2293/2812/3051 2012/2493/3051 2015/2496/3051
f 2291/2813/3052 2015/2496/3052 2018/2499/3052
f 2287/2815/3053 2289/2814/3053 2018/2499/3053
f 2285/2816/3054 2287/2815/3054 2021/2502/3054
f 2283/2818/3055 2285/2816/3055 2024/2817/3055
f 2281/2819/3056 2283/2818/3056 2027/2507/3056
f 2281/2819/3057 2030/2510/3057 2033/2513/3057
f 2277/2821/3058 2279/2820/3058 2033/2513/3058
f 2275/2822/3059 2277/2821/3059 2036/2516/3059
f 2273/2823/3060 2275/2822/3061 2039/2521/3061
f 2271/2825/3062 2273/2823/3062 2042/2824/3062
f 2269/2826/3063 2271/2825/3063 2044/2524/3063
f 2267/2827/3064 2269/2826/3064 2309/2526/3064
f 2267/2827/3065 2054/2543/3065 2056/2541/3065
f 2265/2828/3066 2056/2541/3066 2058/2546/3066
f 2261/2830/3067 2263/2829/3067 2058/2546/3067
f 2261/2830/3068 2310/2561/3068 2068/2831/3068
f 2259/2832/3069 2068/2831/3069 2070/2559/3069
f 2257/2833/3070 2070/2559/3070 2072/2565/3070
f 2255/2834/3071 2072/2565/3071 2082/2835/3071
f 1978/2453/3072 2079/2569/3072 2311/2836/3072
f 2079/2569/3073 2077/2568/3073 2313/2837/3073
f 1975/2454/3074 2311/2836/3074 2312/2838/3074
f 2311/2836/3075 2313/2837/3075 2314/2839/3075
f 2313/2837/3076 2315/2841/3077 2316/2840/3077
f 2077/2568/3078 2075/2567/3078 2315/2841/3078
f 2315/2841/3079 2317/2843/3079 2318/2842/3079
f 2315/2841/3080 2075/2567/3080 2319/2556/3080
f 2317/2843/3081 2320/2845/3081 2321/2844/3081
f 2319/2556/3082 2065/2551/3082 2320/2845/3082
f 2320/2845/3083 2322/2847/3083 2323/2846/3083
f 2065/2551/3084 2063/2550/3084 2322/2847/3084
f 2323/2846/3085 2322/2847/3085 2324/2848/3085
f 2322/2847/3086 2063/2550/3086 2061/2549/3086
f 2324/2848/3087 2326/2851/3087 2327/2850/3087
f 2324/2848/3088 2061/2549/3088 2328/2538/3088
f 2326/2851/3089 2329/2853/3089 2330/2852/3089
f 2326/2851/3090 2328/2538/3090 2051/2535/3090
f 2329/2853/3091 2331/2855/3091 2332/2854/3091
f 2329/2853/3092 2051/2535/3092 2049/2533/3092
f 2331/2855/3093 2333/2857/3093 2334/2856/3093
f 2331/2855/3094 2049/2533/3094 2047/2529/3094
f 2334/2856/3095 2333/2857/3095 2335/2858/3095
f 2047/2529/3096 2337/2531/3096 2335/2858/3096
f 2336/2859/3097 2335/2858/3097 2338/2860/3097
f 2337/2531/3098 2340/2864/3098 2338/2860/3098
f 2339/2861/3099 2338/2860/3099 2341/2862/3099
f 2340/2864/3100 2343/2943/3100 2341/2862/3100
f 2342/2863/3101 2341/2862/3101 2344/2865/3101
f 2341/2862/3102 2343/2943/3102 2346/2867/3102
f 2344/2865/3103 2347/2869/3103 2348/2868/3103
f 2346/2867/3104 2349/2871/3104 2347/2869/3104
f 2347/2869/3105 2350/2872/3105 2351/2870/3105
f 2349/2871/3106 2352/2938/3106 2350/2872/3106
f 2350/2872/3107 2353/2875/3107 2354/2873/3107
f 2350/2872/3108 2352/2938/3108 2355/2874/3108
f 2353/2875/3109 2356/2877/3109 2357/2876/3109
f 2355/2874/3110 2358/2879/3110 2356/2877/3110
f 2356/2877/3111 2359/2880/3111 2360/2878/3111
f 2358/2879/3112 2361/2934/3112 2359/2880/3112
f 2360/2878/3113 2359/2880/3113 2362/2881/3113
f 2359/2880/3114 2361/2934/3114 2364/2883/3114
f 2363/2882/3115 2362/2881/3115 2365/2884/3115
f 2364/2883/3116 2367/2932/3116 2365/2884/3116
f 2366/2885/3117 2365/2884/3117 2368/2886/3117
f 2365/2884/3118 2367/2932/3118 2370/2888/3118
f 2369/2887/3119 2368/2886/3119 2371/2889/3119
f 2368/2886/3120 2370/2888/3120 2373/2891/3120
f 2372/2890/3121 2371/2889/3121 2374/2892/3121
f 2371/2889/3122 2373/2891/3122 2376/2894/3122
f 2374/2892/3123 2377/2896/3123 2378/2895/3123
f 2376/2894/3124 2379/2478/3124 2377/2896/3124
f 2378/2895/3125 2377/2896/3125 2380/2897/3125
f 2377/2896/3126 2379/2478/3126 1995/2475/3126
f 2381/2898/3127 2380/2897/3127 2382/2899/3127
f 2380/2897/3128 1995/2475/3128 1993/2473/3128
f 2383/2900/3129 2382/2899/3129 2384/2901/3129
f 1993/2473/3130 1991/2470/3130 2384/2901/3130
f 2385/2902/3131 2384/2901/3131 1974/2452/3131
f 2384/2901/3132 1991/2470/3132 1977/2451/3132
f 2387/2903/3133 2383/2900/3133 2385/2902/3133
f 2385/2902/3134 1971/2449/3134 1969/2447/3134
f 2381/2898/3136 2383/2900/3136 2387/2903/3136
f 2378/2895/3137 2381/2898/3137 2388/2905/3137
f 2390/2907/3138 2375/2893/3138 2378/2895/3138
f 2372/2890/3139 2375/2893/3139 2390/2907/3139
f 2369/2887/3140 2372/2890/3140 2391/2908/3140
f 2366/2885/3141 2369/2887/3141 2392/2909/3141
f 2363/2882/3142 2366/2885/3142 2393/2446/3142
f 2360/2878/3143 2363/2882/3143 2394/2910/3143
f 2396/2912/3144 2357/2876/3144 2360/2878/3144
f 2397/2913/3145 2354/2873/3145 2357/2876/3145
f 2351/2870/3146 2354/2873/3147 2397/2913/3147
f 2348/2868/3148 2351/2870/3148 2398/2914/3148
f 2400/2916/3149 2345/2866/3149 2348/2868/3149
f 2342/2863/3150 2345/2866/3150 2400/2916/3150
f 2339/2861/3151 2342/2863/3151 2401/2445/3151
f 2336/2859/3152 2339/2861/3152 2402/2917/3152
f 2334/2856/3153 2336/2859/3153 2403/2918/3153
f 2332/2854/3154 2334/2856/3154 2404/2919/3154
f 2406/2921/3155 2330/2852/3155 2332/2854/3155
f 2327/2850/3156 2330/2852/5041 2406/2921/3156
f 2325/2849/3157 2327/2850/3157 2407/2922/3157
f 2323/2846/3158 2325/2849/3158 2408/2923/3158
f 2410/2924/3159 2321/2844/5042 2323/2846/3159
f 2411/2925/3160 2318/2842/3160 2321/2844/3160
f 2412/2926/3162 2316/2840/3162 2318/2842/3162
f 2413/2927/3163 2314/2839/3163 2316/2840/3163
f 2414/2928/3164 2312/2838/3164 2314/2839/3165
f 1968/2443/3166 1972/2442/3166 2312/2838/3166
f 2002/2929/3167 1996/2477/3167 2379/2478/3167
f 2005/2930/3168 2002/2929/3168 2376/2894/3168
f 2008/2931/3169 2005/2930/3169 2373/2891/3169
f 2367/2932/3170 2011/2933/3170 2008/2931/3170
f 2364/2883/3171 2014/2935/3171 2011/2933/3171
f 2361/2934/3172 2017/2936/3172 2014/2935/3172
f 2358/2879/3173 2020/2937/3173 2017/2936/3173
f 2355/2874/3174 2023/2939/3174 2020/2937/3174
f 2352/2938/3175 2026/3826/3175 2023/2939/3175
f 2029/2940/3176 2026/3826/3176 2352/2938/3176
f 2032/2941/3177 2029/2940/3177 2349/2871/3177
f 2035/2942/3179 2032/2941/3179 2346/2867/3179
f 2038/2944/3180 2035/2942/3180 2343/2943/3180
f 2337/2531/3181 2041/2530/3181 2038/2944/3182
f 2416/2945/3183 2415/2949/5043 2417/2946/3184
f 2591/2948/3186 2418/2951/5044 2415/2949/3187
f 2415/2949/3189 2419/2952/5045 2421/2950/3190
f 2418/2951/3192 2422/2959/5046 2419/2952/3193
f 2419/2953/3195 2420/2957/5047 2603/2954/3196
f 2422/2956/3198 2424/2961/5048 2420/2957/3199
f 2590/2958/3201 2423/3184/5049 2422/2959/3202
f 2422/2956/3204 2423/2964/5050 2426/2960/3205
f 2420/2957/3207 2424/2961/5051 2425/2962/3208
f 2424/2961/3210 2426/2960/5052 2428/2963/3211
f 2423/2964/3213 2444/2980/5053 2427/2965/3214
f 2426/2960/3216 2427/2965/5054 2429/2966/3217
f 2428/2963/3219 2429/2966/5055 2433/2967/3220
f 2425/2962/3222 2428/2963/5056 2430/2968/3223
f 2604/2970/3225 2431/2969/5057 2430/2968/3226
f 2432/2971/3228 2430/2968/5058 2433/2967/3229
f 2429/2966/3231 2438/2977/5059 2435/2973/3232
f 2434/2972/3234 2433/2967/5060 2435/2973/3235
f 2437/2974/3237 2435/2973/5061 2436/2975/3238
f 2438/2977/3240 2439/2979/5062 2436/2975/3241
f 2427/2965/3243 2440/2978/5063 2438/2977/3244
f 2440/2978/3246 2441/2982/5064 2439/2979/3247
f 2444/2980/3249 2442/2981/5065 2440/2978/3250
f 2442/2981/3252 2445/2991/5066 2441/2982/3253
f 2443/2983/3255 2446/2989/5067 2445/2984/3256
f 2588/2986/3258 2443/2983/5068 2442/2985/3259
f 2448/2988/3261 2447/2993/5069 2445/2984/3262
f 2447/2990/3264 2450/2995/5070 2441/2982/3265
f 2479/2992/3267 2449/3030/5071 2447/2993/3268
f 2449/2994/3270 2451/2996/5072 2450/2995/3271
f 2450/2995/3273 2452/2997/5073 2439/2979/3274
f 2451/2996/3276 2453/2998/5074 2452/2997/3277
f 2452/2997/3279 2454/2999/5075 2436/2975/3280
f 2453/2998/3282 2455/3020/5076 2454/2999/3283
f 2436/2975/3280 2454/2999/5075 2456/3000/3285
f 2454/2999/3283 2455/3020/5076 2458/3001/3287
f 2457/2976/3289 2456/3000/5077 2459/3002/3290
f 2456/3000/3292 2458/3001/5078 2461/3004/3293
f 2460/3003/3295 2459/3002/5079 2462/3005/3296
f 2459/3002/3298 2461/3004/5080 2465/3007/3299
f 2463/3008/3301 2526/3094/5081 2464/3009/3302
f 2466/3011/3304 2463/3008/5082 2462/3010/3305
f 2468/3013/3307 2466/3011/5083 2465/3012/3308
f 2461/3004/3310 2470/3018/5084 2467/3015/3311
f 2521/3016/3313 2468/3013/5085 2467/3014/3314
f 2470/3018/3316 2471/3021/5086 2469/3019/3317
f 2458/3001/3319 2471/3021/5087 2470/3018/3320
f 2455/3020/3322 2472/3827/5088 2471/3021/3323
f 2471/3021/3325 2472/3827/5089 2473/3022/3326
f 2474/3023/3328 2472/3827/5090 2455/3020/3329
f 2473/3022/3331 2472/3827/5091 2474/3023/3332
f 2476/3025/3334 2474/3023/5092 2453/2998/3335
f 2475/3024/3337 2474/3023/5093 2476/3025/3338
f 2477/3026/3340 2476/3025/5094 2451/2996/3341
f 2480/3027/3343 2475/3086/5095 2477/3028/3344
f 2478/3029/3346 2477/3028/5096 2449/3030/3347
f 2481/3031/3349 2478/3029/5097 2479/2992/3350
f 2483/3033/3352 2480/3027/5098 2478/3029/3353
f 2485/3034/3355 2484/3037/5099 2481/3035/3356
f 2484/3037/3358 2486/3041/5100 2483/3038/3359
f 2484/3037/3361 2485/3034/5101 2488/3039/3362
f 2486/3041/3364 2484/3037/5102 2487/3040/3365
f 2491/3043/3367 2490/3046/5103 2487/3044/3368
f 2490/3046/3370 2492/3050/5104 2489/3047/3371
f 2493/3048/3373 2492/3050/5105 2490/3046/3374
f 2497/3049/3376 2494/3053/5106 2492/3050/3377
f 2492/3050/3379 2494/3053/5107 2496/3051/3380
f 2495/3052/3382 2514/3077/5108 2496/3051/3383
f 2497/3049/3385 2498/3056/5109 2495/3052/3386
f 2499/3054/3388 2497/3049/3392 2493/3048/3389
f 2499/3054/3388 2502/3059/5110 2498/3056/3391
f 2500/3057/3393 2499/3054/3397 2501/3055/3394
f 2500/3057/3393 2503/3060/5111 2502/3059/3396
f 2503/3060/3398 2505/3063/5112 2504/3061/3399
f 2502/3059/3401 2504/3061/5113 2506/3062/3402
f 2505/3063/3404 2509/3828/5114 2507/3064/3405
f 2504/3061/3407 2507/3064/5115 2510/3065/3408
f 2511/3066/3410 2510/3072/5116 2507/3067/3411
f 2508/3068/3413 2507/3067/5117 2509/3069/3414
f 2513/3071/3416 2512/3076/5118 2510/3072/3417
f 2506/3062/3419 2510/3065/5119 2512/3073/3420
f 2516/3075/3422 2514/3079/5120 2512/3076/3423
f 2515/3074/3425 2512/3073/5121 2514/3077/3426
f 2498/3056/3428 2506/3062/5122 2515/3074/3429
f 2518/3078/3431 2496/3082/5123 2514/3079/3432
f 2513/3071/3434 2522/3089/5124 2517/3080/3435
f 2516/3075/3437 2517/3080/5125 2519/3081/3438
f 2486/3041/3440 2518/3078/5126 2519/3081/3441
f 2518/3078/3443 2486/3041/5127 2489/3042/3444
f 2519/3083/3446 2520/3085/5128 2480/3027/3447
f 2521/3016/3449 2520/3085/5129 2519/3083/3450
f 2520/3085/3452 2473/3087/5130 2475/3086/3453
f 2520/3085/3455 2521/3016/5131 2469/3017/3456
f 2468/3013/3458 2521/3016/5132 2517/3084/3459
f 2511/3066/3461 2523/3092/5133 2522/3089/3462
f 2466/3011/3464 2468/3013/5134 2522/3088/3465
f 2463/3008/3467 2466/3011/5135 2523/3090/3468
f 2508/3068/3470 2524/3093/5136 2523/3092/3471
f 2528/3070/3473 2525/3099/5137 2524/3093/3474
f 2526/3094/3476 2463/3008/5138 2524/3091/3477
f 2618/3096/3479 2526/3094/5139 2525/3095/3480
f 2529/3098/3482 2527/3829/5140 2525/3099/3483
f 2529/3098/3485 2528/3070/5141 2509/3069/3486
f 2530/3101/3488 2529/3098/5142 2531/3100/3489
f 2620/3103/3491 2527/3829/5143 2529/3098/3492
f 2531/3104/3494 2509/3828/5144 2505/3063/3495
f 2532/3106/3497 2531/3104/5145 2533/3105/3498
f 2533/3105/3500 2505/3063/5146 2503/3060/3501
f 2534/3107/3503 2533/3105/5147 2535/3108/3504
f 2535/3108/3506 2503/3060/5148 2500/3057/3507
f 2536/3109/3509 2535/3108/5149 2537/3110/3510
f 2500/3057/3512 2592/3058/5150 2538/3112/3513
f 2537/3110/3515 2538/3112/5151 2540/3113/3516
f 2539/3111/3518 2540/3113/5152 2543/3114/3519
f 2544/3116/3521 2536/3109/5153 2539/3111/3522
f 2541/3115/3524 2543/3114/5154 2593/3117/3525
f 2545/3119/3527 2544/3116/5155 2541/3115/3528
f 2547/3120/3530 2546/3121/5156 2544/3116/3531
f 2546/3121/3533 2534/3107/5157 2536/3109/3534
f 2550/3122/3536 2548/3123/5158 2546/3121/3537
f 2548/3123/3539 2532/3106/5159 2534/3107/3540
f 2549/3124/3542 2530/3101/5160 2532/3102/3543
f 2549/3124/3545 2548/3125/5161 2550/3126/3546
f 2551/3127/3548 2550/3126/5162 2552/3128/3549
f 2555/3130/3551 2552/3134/5163 2550/3122/3552
f 2553/3129/3554 2552/3128/5164 2554/3131/3555
f 2556/3133/3557 2554/3136/5165 2552/3134/3558
f 2555/3130/3560 2547/3120/5166 2545/3119/3561
f 2556/3133/3563 2545/3119/5167 2542/3118/3564
f 2557/3135/3566 2559/3139/5168 2554/3136/3567
f 2542/3118/3569 2593/3117/5169 2558/3137/3570
f 2557/3135/3572 2558/3137/5170 2561/3138/3573
f 2562/3140/3575 2560/3143/5171 2559/3141/3576
f 2624/3132/3578 2554/3131/5172 2559/3141/3579
f 2564/3144/3581 2562/3140/5173 2561/3142/3582
f 2558/3137/3584 2565/3149/5174 2563/3146/3585
f 2567/3147/3587 2564/3144/5175 2563/3145/3588
f 2565/3149/3590 2568/3154/5176 2566/3150/3591
f 2570/3151/3593 2567/3147/5177 2566/3148/3594
f 2571/3153/3596 2569/3158/5178 2566/3150/3597
f 2570/3151/3599 2569/3152/5179 2572/3155/3600
f 2574/3157/3602 2572/3162/5180 2569/3158/3603
f 2573/3156/3605 2572/3155/5181 2575/3159/3606
f 2577/3161/3608 2575/3166/5182 2572/3162/3609
f 2576/3160/3611 2575/3159/5183 2578/3163/3612
f 2580/3165/3614 2578/3170/5184 2575/3166/3615
f 2582/3167/3617 2579/3164/5185 2578/3163/3618
f 2580/3165/3620 2583/3171/5186 2581/3169/3621
f 2485/3034/3623 2582/3167/5187 2581/3168/3624
f 2583/3171/3626 2491/3043/5188 2488/3045/3627
f 2501/3055/3629 2493/3048/5189 2491/3043/3630
f 2592/3058/3632 2501/3055/5190 2583/3171/3633
f 2579/3164/3635 2582/3167/5191 2584/3172/3636
f 2582/3167/3638 2485/3034/5192 2482/3036/3639
f 2584/3174/3641 2448/2988/5193 2446/2989/3642
f 2482/3032/3644 2479/2992/5194 2448/2988/3645
f 2576/3160/3647 2579/3164/5195 2585/3173/3648
f 2585/3175/3650 2446/2989/5196 2443/2983/3651
f 2576/3160/3653 2586/3176/5197 2587/3178/3654
f 2587/3179/3656 2586/3177/5198 2443/2983/3657
f 2589/3180/3659 2587/3179/5199 2588/2986/3660
f 2573/3156/3662 2587/3178/5200 2589/3181/3663
f 2591/2948/3665 2589/3180/5201 2590/2958/3666
f 2570/3151/3668 2589/3181/5202 2591/3182/3669
f 2564/3144/3671 2567/3147/5203 2591/3182/3672
f 2590/2958/3674 2588/2986/5204 2444/2987/3675
f 2592/3058/3677 2580/3165/5205 2577/3161/3678
f 2538/3112/3680 2577/3161/5206 2574/3157/3681
f 2540/3113/3683 2574/3157/5207 2571/3153/3684
f 2543/3114/3686 2571/3153/5208 2568/3154/3687
f 2593/3117/3689 2568/3154/5209 2565/3149/3690
f 2562/3140/3692 2564/3144/5210 2416/3183/3693
f 2560/3143/3695 2562/3140/5211 2594/3185/3696
f 2594/2947/3698 2417/2946/5212 2597/3187/3699
f 2560/3143/3701 2595/3186/5213 2596/3189/3702
f 2597/3187/3704 2598/3191/5214 2596/3190/3705
f 2598/3191/3707 2597/3187/5215 2599/3192/3708
f 2417/2946/3710 2421/2950/5216 2599/3192/3711
f 2601/3194/3713 2602/3197/5217 2600/3195/3714
f 2421/2955/3716 2603/2954/5218 2601/3194/3717
f 2602/3197/3719 2601/3194/5219 2431/2969/3720
f 2603/2954/3722 2425/2962/5220 2431/2969/3723
f 2605/3198/3725 2602/3197/5221 2604/2970/3726
f 2602/3197/3728 2605/3198/5222 2607/3200/3729
f 2605/3198/3731 2606/3199/5223 2609/3201/3732
f 2608/3202/3734 2598/3191/5224 2600/3193/3735
f 2610/3204/3737 2608/3202/5225 2607/3203/3738
f 2612/3206/3740 2610/3204/5226 2609/3205/3741
f 2609/3201/3743 2606/3199/5227 2614/3208/3744
f 2612/3206/3746 2611/3207/5228 2613/3210/3747
f 2611/3209/3749 2614/3208/5229 2615/3212/3750
f 2606/3199/3752 2604/2970/5230 2432/2971/3753
f 2614/3208/3755 2432/2971/5231 2434/2972/3756
f 2613/3213/3758 2615/3212/5232 2616/3214/3759
f 2615/3212/3761 2434/2972/5233 2437/2974/3762
f 2617/3215/3764 2616/3214/5234 2460/3003/3765
f 2616/3214/3767 2437/2974/5235 2457/2976/3768
f 2618/3096/3770 2617/3216/5236 2464/3009/3771
f 2619/3211/3773 2613/3210/5237 2617/3216/3774
f 2620/3217/3776 2619/3211/5238 2618/3096/3777
f 2621/3218/3779 2612/3206/5239 2619/3211/3780
f 2621/3219/3782 2620/3103/5240 2530/3101/3783
f 2622/3220/3785 2621/3219/5241 2549/3124/3786
f 2622/3221/3788 2610/3204/5242 2612/3206/3789
f 2608/3202/3791 2610/3204/5243 2622/3221/3792
f 2553/3129/3794 2623/3223/5244 2622/3220/3795
f 2598/3191/3797 2608/3202/5245 2623/3222/3798
f 2624/3132/3800 2596/3189/5246 2623/3223/3801
f 2839/3224/3803 2627/3229/5247 2625/3225/3804
f 2625/3225/3806 2628/3231/5248 2631/3227/3807
f 2630/3228/3808 2628/3231/5249 2625/3225/3809
f 2630/3228/3811 2944/3611/5250 2629/3230/3812
f 2628/3231/3814 2629/3230/5251 2633/3232/3815
f 2631/3233/3807 2632/3237/5252 2841/3234/3817
f 2631/3233/3816 2633/3239/3815 2634/3236/3818
f 2635/3238/3820 2636/3242/5253 2634/3236/3821
f 2629/3230/3823 2637/3244/5254 2635/3240/3820
f 2635/3238/3824 2638/3245/5255 2639/3241/3824
f 2640/3243/3826 2638/3248/5255 2635/3240/3824
f 2638/3245/3828 2641/3249/3831 2642/3246/3829
f 2640/3243/3830 2643/3252/5256 2641/3247/3831
f 2641/3249/3832 2644/3254/3833 2645/3250/3833
f 2646/3251/3835 2644/3256/3833 2641/3247/3832
f 2647/3253/3837 2648/3258/5257 2645/3250/3838
f 2646/3251/3839 2649/3259/5258 2647/3255/3837
f 2647/3253/3840 2650/3262/3841 2651/3257/3841
f 2649/3259/3843 2652/3264/5259 2650/3260/3841
f 2653/3261/3844 2654/3266/5260 2651/3257/3845
f 2655/3263/3847 2653/3268/3844 2650/3260/3846
f 2653/3261/3849 2656/3269/5261 2657/3265/3850
f 2658/3267/3852 2656/3272/5261 2653/3268/3849
f 2656/3269/3854 2659/3273/5262 2660/3270/3855
f 2661/3271/3857 2659/3276/5262 2656/3272/3854
f 2659/3273/3859 2662/3278/5263 2663/3274/3860
f 2664/3275/3862 2662/3280/5263 2659/3276/3859
f 2665/3277/3864 2666/3282/3864 2663/3274/3865
f 2664/3275/3867 2667/3283/5264 2665/3279/3864
f 2665/3277/3868 2668/3286/3872 2669/3281/3869
f 2667/3283/3871 2670/3288/5265 2668/3284/3872
f 2671/3285/3873 2672/3290/5266 2669/3281/3874
f 2673/3287/3875 2671/3292/3873 2668/3284/3874
f 2674/3289/3877 2675/3294/5267 2672/3290/3878
f 2673/3287/3880 2676/3295/5268 2674/3291/3877
f 2677/3293/3881 2678/3298/5269 2675/3294/3882
f 2676/3295/3883 2679/3299/5270 2677/3296/3881
f 2677/3293/3884 2680/3301/3888 2681/3297/3885
f 2679/3299/3887 2682/3304/5271 2680/3300/3888
f 2680/3301/3889 2683/3305/5272 2684/3302/3890
f 2685/3303/3892 2683/3308/5272 2680/3300/3889
f 2683/3305/3894 2686/3310/5273 2687/3306/3895
f 2688/3307/3897 2686/3312/5273 2683/3308/3894
f 2689/3309/3899 2690/3314/3905 2687/3306/3900
f 2691/3311/3902 2689/3316/3899 2686/3312/3901
f 2689/3309/3899 2692/3317/3907 2693/3313/3904
f 2694/3315/3906 2692/3320/3907 2689/3316/3899
f 2692/3317/3907 2695/3321/5274 2696/3318/3908
f 2697/3319/3909 2695/3324/5274 2692/3320/3907
f 2695/3321/3910 2698/3326/5275 2699/3322/3911
f 2700/3323/3913 2698/3328/5275 2695/3324/3910
f 2701/3325/3915 2702/3330/5276 2699/3322/3916
f 2700/3323/3918 2703/3332/5277 2701/3327/3915
f 2701/3325/3919 2704/3334/5278 2705/3329/3920
f 2706/3331/3922 2704/3336/5278 2701/3327/3919
f 2707/3333/3924 2708/3338/5279 2705/3329/3925
f 2706/3331/3927 2709/3339/5280 2707/3335/3924
f 2710/3337/3928 2711/3342/5281 2708/3338/3929
f 2709/3339/3931 2712/3343/5282 2710/3340/3928
f 2710/3337/3932 2713/3345/3936 2714/3341/3933
f 2712/3343/3935 2715/3348/5283 2713/3344/3936
f 2713/3345/3937 2716/3349/5284 2717/3346/3938
f 2718/3347/3939 2716/3352/5284 2713/3344/3937
f 2716/3349/3941 2719/3830/5285 2720/3350/3941
f 2721/3351/3942 2719/3831/5285 2716/3352/3941
f 2720/3350/3944 2719/3830/5286 2722/3353/3945
f 2722/3355/3945 2719/3831/5286 2721/3351/3947
f 2725/3357/3945 2722/3355/3945 2723/3356/3948
f 2724/3354/3946 2722/3353/3945 2725/3359/3945
f 2725/3357/3945 2726/3358/3949 2729/3361/3950
f 2730/3363/3948 2727/3360/3950 2725/3359/3945
f 2728/3362/3951 2729/3361/3950 2732/3365/3952
f 2733/3367/3950 2730/3363/3948 2728/3364/3951
f 2731/3366/3953 2732/3365/5287 2735/3369/3954
f 2733/3367/3956 2731/3368/3953 2734/3371/3955
f 2737/3373/3958 2734/3370/5288 2735/3369/3959
f 2736/3372/3961 2734/3371/5288 2737/3375/3958
f 2740/3377/3963 2737/3373/5289 2738/3374/3964
f 2739/3376/3966 2737/3375/5289 2740/3379/3963
f 2743/3381/3968 2740/3377/5290 2741/3378/3969
f 2742/3380/3971 2740/3379/5290 2743/3383/3968
f 2746/3385/3973 2743/3381/5291 2744/3382/3974
f 2745/3384/3976 2743/3383/5291 2746/3387/3973
f 2746/3385/3978 2747/3386/5292 2750/3389/3979
f 2751/3391/3981 2748/3388/5293 2746/3387/3978
f 2752/3393/3982 2749/3390/5294 2750/3389/3983
f 2751/3391/3985 2749/3392/5294 2752/3395/3982
f 2755/3397/3987 2752/3393/3982 2753/3394/3984
f 2754/3396/3986 2752/3395/3982 2755/3399/3987
f 2758/3401/3990 2755/3397/5295 2756/3398/3991
f 2757/3400/3993 2755/3399/5295 2758/3403/3990
f 2761/3405/3995 2758/3401/3999 2759/3402/3996
f 2763/3407/3998 2760/3404/3997 2758/3403/3999
f 2764/3409/4000 2761/3405/5296 2762/3406/4001
f 2763/3407/4003 2761/3408/5296 2764/3411/4000
f 2767/3413/4005 2764/3409/5297 2765/3410/4006
f 2766/3412/4008 2764/3411/5297 2767/3415/4005
f 2767/3413/4010 2768/3414/5298 2771/3417/4011
f 2772/3419/4013 2769/3416/5299 2767/3415/4010
f 2773/3421/4014 2770/3418/5300 2771/3417/4015
f 2772/3419/4017 2770/3420/5300 2773/3423/4014
f 2776/3425/4019 2773/3421/5301 2774/3422/4020
f 2775/3424/4022 2773/3423/5301 2776/3427/4019
f 2779/3429/4024 2776/3425/4024 2777/3426/4025
f 2781/3431/4027 2778/3428/5302 2776/3427/4024
f 2782/3433/4028 2779/3429/5303 2780/3430/4029
f 2781/3431/4031 2779/3432/5303 2782/3435/4028
f 2785/3437/4033 2782/3433/5304 2783/3434/4034
f 2784/3436/4036 2782/3435/5304 2785/3439/4033
f 2788/3441/4038 2785/3437/5305 2786/3438/4039
f 2787/3440/4041 2785/3439/5305 2788/3443/4038
f 2788/3441/4043 2789/3442/5306 2792/3445/4044
f 2793/3447/4046 2790/3444/5307 2788/3443/4043
f 2791/3446/4047 2792/3445/5308 2795/3449/4048
f 2796/3451/4048 2793/3447/5309 2791/3448/4047
f 2797/3453/4049 2794/3450/5310 2795/3449/4050
f 2796/3451/4052 2794/3452/5310 2797/3455/4049
f 2800/3457/4053 2797/3453/5311 2798/3454/4054
f 2799/3456/4056 2797/3455/5311 2800/3459/4053
f 2803/3461/4058 2800/3457/4062 2801/3458/4059
f 2805/3463/4061 2802/3460/5312 2800/3459/4062
f 2806/3465/4063 2803/3461/5313 2804/3462/4064
f 2805/3463/4066 2803/3464/5313 2806/3467/4063
f 2809/3469/4068 2806/3465/5314 2807/3466/4069
f 2808/3468/4071 2806/3467/5314 2809/3471/4068
f 2809/3469/4073 2810/3470/5315 2813/3473/4074
f 2814/3475/4075 2811/3472/5316 2809/3471/4073
f 2815/3477/4076 2812/3474/4080 2813/3473/4077
f 2817/3479/4079 2814/3475/5317 2812/3476/4080
f 2818/3481/4081 2815/3477/5318 2816/3478/4082
f 2817/3479/4084 2815/3480/5318 2818/3483/4081
f 2818/3481/4086 2819/3482/5319 2822/3485/4087
f 2823/3487/4089 2820/3484/5320 2818/3483/4086
f 2821/3486/4090 2822/3485/5321 2826/3489/4091
f 2825/3491/4092 2823/3487/5322 2821/3488/4090
f 2829/3493/4093 2825/3491/5323 2824/3492/4094
f 2824/3490/4094 2826/3489/5324 2828/3495/4096
f 2827/3496/4097 2828/3495/5325 2831/3497/4098
f 2827/3494/4097 2830/3832/4099 2832/3499/4100
f 2833/3500/4102 2830/3498/5326 2831/3497/4103
f 2832/3499/4105 2830/3832/5326 2833/3502/4102
f 2833/3500/4102 2834/3501/4104 2837/3504/4107
f 2838/3506/4109 2835/3503/4106 2833/3502/4102
f 2627/3229/4110 2839/3224/4114 2836/3505/4111
f 2840/3508/4113 2838/3506/5327 2836/3507/4111
f 2841/3234/4096 2840/3508/5328 2839/3509/3803
f 2841/3234/4115 2632/3237/5329 2843/3510/4116
f 2840/3508/4118 2843/3510/5330 2845/3511/4119
f 2840/3508/4121 2842/3512/4121 2835/3503/4121
f 2843/3510/4122 2844/3521/5331 2846/3513/4123
f 2634/3236/4125 2844/3521/5332 2843/3510/4126
f 2845/3511/4128 2847/3514/5333 2829/3493/4129
f 2846/3513/4131 2848/3516/5334 2847/3514/4132
f 2847/3514/4134 2823/3487/5335 2825/3491/4135
f 2847/3514/4136 2848/3516/5336 2820/3484/4137
f 2851/3515/4139 2849/3517/5337 2848/3516/4140
f 2849/3517/4142 2817/3479/5338 2820/3484/4143
f 2850/3518/4145 2814/3475/5339 2817/3479/4146
f 2852/3519/4148 2850/3518/5340 2849/3517/4149
f 2853/3520/4151 2854/3522/5341 2852/3519/4152
f 2844/3521/4154 2853/3520/5342 2851/3515/4155
f 2636/3242/4157 2639/3241/5343 2854/3522/4158
f 2634/3236/4160 2636/3242/5344 2853/3520/4161
f 2639/3241/4163 2642/3246/5345 2855/3523/4164
f 2854/3522/4166 2855/3523/4172 2857/3524/4167
f 2645/3250/4169 2856/3532/5346 2855/3523/4170
f 2855/3523/4172 2856/3532/4199 2858/3525/4173
f 2857/3524/4174 2859/3526/4178 2850/3518/4175
f 2858/3525/4177 2860/3528/4186 2859/3526/4178
f 2859/3526/4179 2811/3472/5347 2814/3475/4180
f 2859/3526/4182 2860/3528/4189 2808/3468/4183
f 2863/3527/4185 2861/3529/5348 2860/3528/4186
f 2861/3529/4187 2805/3463/5349 2808/3468/4188
f 2864/3530/4190 2862/3538/4222 2861/3529/4191
f 2861/3529/4193 2862/3538/5350 2802/3460/4194
f 2865/3531/4196 2866/3533/4207 2864/3530/4197
f 2856/3532/4199 2865/3531/5351 2863/3527/4200
f 2651/3257/4201 2866/3533/5352 2865/3531/4202
f 2645/3250/4204 2648/3258/5353 2865/3531/4205
f 2866/3533/4207 2867/3535/5354 2869/3534/4208
f 2651/3257/4209 2654/3266/5355 2867/3535/4210
f 2867/3535/4212 2868/3600/4468 2870/3536/4213
f 2657/3265/4215 2868/3600/5356 2867/3535/4216
f 2870/3536/4218 2872/3539/4232 2871/3537/4219
f 2869/3534/4221 2871/3537/5357 2862/3538/4222
f 2872/3539/4223 2796/3451/4230 2799/3456/4224
f 2871/3537/4226 2799/3456/5358 2802/3460/4227
f 2872/3539/4223 2873/3542/5359 2793/3447/4229
f 2874/3540/4231 2873/3542/5360 2872/3539/4232
f 2875/3541/4233 2790/3444/5361 2793/3447/4234
f 2874/3540/4236 2877/3543/5362 2875/3541/4237
f 2877/3543/4239 2878/3549/5363 2876/3544/4240
f 2876/3544/4242 2787/3440/5364 2790/3444/4243
f 2879/3545/4245 2877/3543/5365 2874/3540/4246
f 2881/3547/4248 2878/3549/5366 2877/3543/4249
f 2660/3270/4251 2663/3274/5367 2879/3545/4252
f 2663/3274/4254 2666/3282/5368 2881/3547/4255
f 2882/3548/4257 2884/3551/4264 2878/3549/4258
f 2669/3281/4260 2882/3548/5369 2881/3547/4261
f 2883/3550/4263 2885/3554/5370 2884/3551/4264
f 2669/3281/4265 2672/3290/5371 2883/3550/4266
f 2884/3551/4268 2885/3554/5372 2887/3552/4269
f 2878/3549/4271 2884/3551/4268 2886/3553/4270
f 2887/3552/4273 2781/3431/5373 2784/3436/4274
f 2876/3544/4276 2886/3553/5374 2784/3436/4277
f 2887/3552/4279 2888/3555/5375 2778/3428/4280
f 2885/3554/4282 2889/3556/4288 2888/3555/4283
f 2888/3555/4285 2890/3557/5376 2775/3424/4286
f 2889/3556/4288 2892/3558/5377 2890/3557/4289
f 2892/3558/4290 2893/3564/4322 2891/3559/4291
f 2890/3557/4293 2891/3559/5378 2772/3419/4294
f 2894/3560/4296 2892/3558/5379 2889/3556/4297
f 2896/3562/4299 2893/3564/4309 2892/3558/4300
f 2678/3298/4302 2894/3560/5380 2895/3561/4303
f 2681/3297/4305 2896/3562/5381 2894/3560/4306
f 2897/3563/4308 2899/3566/5382 2893/3564/4309
f 2681/3297/4310 2684/3302/5383 2897/3563/4311
f 2898/3565/4313 2900/3569/5384 2899/3566/4314
f 2684/3302/4316 2687/3306/5385 2898/3565/4317
f 2899/3566/4319 2900/3569/5386 2902/3567/4320
f 2893/3564/4322 2899/3566/5387 2901/3568/4323
f 2901/3568/4324 2902/3567/5388 2766/3412/4325
f 2901/3568/4327 2769/3416/5389 2772/3419/4328
f 2900/3569/4330 2905/3571/5390 2903/3570/4331
f 2903/3570/4333 2763/3407/5391 2766/3412/4334
f 2903/3570/4336 2904/3572/5392 2760/3404/4337
f 2905/3571/4339 2906/3576/4366 2904/3572/4340
f 2908/3573/4342 2906/3576/4358 2905/3571/4343
f 2907/3574/4345 2905/3571/5393 2900/3569/4346
f 2690/3314/4348 2693/3313/5394 2908/3573/4349
f 2687/3306/4351 2690/3314/5395 2907/3574/4352
f 2696/3318/4354 2909/3575/5396 2908/3573/4355
f 2909/3575/4357 2911/3578/5397 2906/3576/4358
f 2699/3322/4359 2910/3586/5398 2909/3575/4360
f 2909/3575/4362 2910/3586/5399 2912/3577/4363
f 2911/3578/4365 2913/3580/5400 2904/3572/4340
f 2911/3578/4367 2912/3577/5401 2914/3579/4368
f 2904/3572/4370 2913/3580/5402 2757/3400/4371
f 2913/3580/4373 2914/3579/5403 2754/3396/4374
f 2917/3581/4376 2915/3583/5404 2914/3579/4377
f 2914/3579/4379 2915/3583/5405 2751/3391/4380
f 2917/3581/4382 2918/3588/5406 2916/3582/4383
f 2915/3583/4385 2916/3582/5407 2748/3388/4386
f 2920/3584/4388 2918/3588/5408 2917/3581/4389
f 2919/3585/4391 2917/3581/5409 2912/3577/4392
f 2705/3329/4394 2920/3584/5410 2919/3585/4395
f 2699/3322/4397 2702/3330/5411 2919/3585/4398
f 2921/3587/4400 2923/3590/5412 2918/3588/4401
f 2705/3329/4403 2708/3338/5413 2921/3587/4404
f 2922/3589/4406 2924/3591/5414 2923/3590/4407
f 2711/3342/4409 2922/3589/5415 2921/3587/4410
f 2924/3591/4412 2926/3594/5416 2925/3592/4413
f 2918/3588/4415 2923/3590/5417 2925/3592/4416
f 2925/3592/4418 2926/3594/5418 2742/3380/4419
f 2925/3592/4421 2745/3384/5419 2748/3388/4422
f 2924/3591/4424 2929/3596/5420 2927/3593/4425
f 2926/3594/4427 2927/3593/5421 2739/3376/4428
f 2927/3593/4430 2928/3599/5422 2736/3372/4431
f 2930/3595/4433 2928/3599/5423 2927/3593/4434
f 2932/3597/4436 2930/3595/5424 2929/3596/4437
f 2931/3598/4439 2929/3596/5425 2924/3591/4440
f 2717/3346/4442 2932/3597/5426 2931/3598/4443
f 2711/3342/4445 2714/3341/5427 2931/3598/4446
f 2720/3350/4448 2724/3354/5428 2932/3597/4449
f 2724/3354/4451 2727/3360/5429 2930/3595/4452
f 2930/3595/4454 2727/3360/5430 2730/3363/4455
f 2928/3599/4457 2730/3363/5431 2733/3367/4458
f 2672/3290/4460 2675/3294/5432 2895/3561/4461
f 2895/3561/4298 2889/3556/4297 2885/3554/4463
f 2660/3270/4465 2880/3546/5433 2868/3600/4466
f 2868/3600/4468 2880/3546/5434 2874/3540/4469
f 2842/3512/4470 2829/3493/5435 2832/3499/4471
f 2627/3229/4472 2837/3504/4473 2834/3501/4473
f 2933/3601/4474 2834/3501/4475 2831/3497/4475
f 2934/3602/4476 2630/3228/5436 2627/3229/4477
f 2828/3495/4479 2936/3604/5437 2934/3602/4480
f 2935/3603/4482 2944/3611/5438 2630/3228/4483
f 2936/3604/4485 2937/3605/5439 2935/3603/4486
f 2826/3489/4488 2822/3485/5440 2936/3604/4489
f 2819/3482/4490 2937/3605/5441 2936/3604/4491
f 2937/3605/4493 2938/3607/5442 2940/3606/4494
f 2819/3482/4496 2816/3478/5443 2938/3607/4497
f 2816/3478/4499 2813/3473/5444 2939/3608/4500
f 2938/3607/4502 2939/3608/5445 2941/3609/4503
f 2941/3609/4505 2943/3612/5446 2942/3610/4506
f 2940/3606/4508 2942/3610/5447 2944/3611/4509
f 2943/3612/4511 2640/3243/5448 2637/3244/4512
f 2942/3610/4514 2637/3244/5449 2629/3230/4515
f 2945/3613/4517 2643/3252/5450 2640/3243/4518
f 2947/3614/4520 2945/3613/4527 2943/3612/4521
f 2945/3613/4523 2946/3622/4560 2646/3251/4524
f 2948/3615/4526 2946/3622/4554 2945/3613/4527
f 2939/3608/4528 2949/3616/4531 2947/3614/4529
f 2949/3616/4531 2950/3617/4539 2948/3615/4532
f 2813/3473/4533 2810/3470/5451 2949/3616/4534
f 2807/3466/4536 2950/3617/5452 2949/3616/4537
f 2950/3617/4539 2951/3619/5453 2953/3618/4540
f 2807/3466/4541 2804/3462/5454 2951/3619/4542
f 2951/3619/4544 2952/3628/4575 2954/3620/4545
f 2801/3458/4547 2952/3628/5455 2951/3619/4548
f 2954/3620/4550 2956/3624/4562 2955/3621/4551
f 2953/3618/4553 2955/3621/5456 2946/3622/4554
f 2955/3621/4555 2956/3624/5457 2652/3264/4556
f 2955/3621/4558 2649/3259/5458 2646/3251/4559
f 2959/3623/4561 2957/3625/5459 2956/3624/4562
f 2957/3625/4563 2655/3263/5460 2652/3264/4564
f 2960/3626/4566 2958/3690/4823 2957/3625/4567
f 2957/3625/4569 2958/3690/5461 2658/3267/4570
f 2961/3627/4572 2962/3629/4585 2960/3626/4573
f 2952/3628/4575 2961/3627/5462 2959/3623/4576
f 2798/3454/4577 2795/3449/4584 2962/3629/4578
f 2801/3458/4580 2798/3454/5463 2961/3627/4581
f 2792/3445/4583 2963/3632/5464 2962/3629/4578
f 2962/3629/4585 2963/3632/5465 2964/3630/4586
f 2792/3445/4587 2789/3442/5466 2965/3631/4588
f 2965/3631/4590 2967/3634/5467 2964/3630/4591
f 2966/3633/4593 2968/3638/5468 2967/3634/4594
f 2789/3442/4596 2786/3438/5469 2966/3633/4597
f 2964/3630/4599 2967/3634/5470 2969/3635/4600
f 2967/3634/4602 2968/3638/5471 2971/3637/4603
f 2969/3635/4605 2664/3275/5472 2661/3271/4606
f 2971/3637/4608 2667/3283/5473 2664/3275/4609
f 2968/3638/4611 2974/3640/4617 2972/3639/4612
f 2971/3637/4614 2972/3639/5474 2670/3288/4615
f 2974/3640/4617 2975/3645/5475 2973/3641/4618
f 2973/3641/4619 2673/3287/5476 2670/3288/4620
f 2977/3642/4622 2975/3645/5477 2974/3640/4623
f 2976/3643/4624 2974/3640/4623 2968/3638/4625
f 2783/3434/4627 2780/3430/5478 2977/3642/4628
f 2783/3434/4630 2976/3643/5479 2966/3633/4631
f 2777/3426/4633 2978/3644/5480 2977/3642/4634
f 2978/3644/4636 2979/3647/4643 2975/3645/4637
f 2774/3422/4639 2980/3646/5481 2978/3644/4640
f 2980/3646/4642 2982/3649/5482 2979/3647/4643
f 2981/3648/4644 2983/3653/4677 2982/3649/4645
f 2771/3417/4647 2981/3648/5483 2980/3646/4648
f 2979/3647/4650 2982/3649/5484 2984/3650/4651
f 2982/3649/4653 2983/3653/4662 2986/3652/4654
f 2985/3651/4656 2984/3650/5485 2679/3299/4657
f 2984/3650/4659 2986/3652/5486 2682/3304/4660
f 2983/3653/4662 2989/3655/5487 2987/3654/4663
f 2987/3654/4664 2685/3303/5488 2682/3304/4665
f 2989/3655/4667 2990/3660/5489 2988/3656/4668
f 2988/3656/4670 2688/3307/5490 2685/3303/4671
f 2992/3657/4673 2990/3660/5491 2989/3655/4674
f 2991/3658/4676 2989/3655/5492 2983/3653/4677
f 2765/3410/4678 2992/3657/5493 2991/3658/4679
f 2771/3417/4681 2768/3414/5494 2991/3658/4682
f 2993/3659/4684 2995/3662/5495 2990/3660/4685
f 2765/3410/4687 2762/3406/5496 2993/3659/4688
f 2759/3402/4690 2994/3661/5497 2993/3659/4691
f 2994/3661/4693 2996/3665/4720 2995/3662/4694
f 2995/3662/4696 2996/3665/4711 2998/3663/4697
f 2990/3660/4699 2995/3662/5498 2997/3664/4700
f 2998/3663/4702 2694/3315/5499 2691/3311/4703
f 2997/3664/4705 2691/3311/5500 2688/3307/4706
f 2998/3663/4708 2999/3666/5501 2697/3319/4709
f 2996/3665/4711 3001/3668/5502 2999/3666/4712
f 2999/3666/4713 3000/3676/5503 2700/3323/4714
f 3002/3667/4716 3000/3676/5504 2999/3666/4717
f 2994/3661/4693 3003/3670/5505 3001/3668/4719
f 3004/3669/4721 3002/3667/5506 3001/3668/4722
f 2756/3398/4724 3003/3670/5507 2994/3661/4725
f 2753/3394/4727 3004/3669/5508 3003/3670/4728
f 3004/3669/4730 3005/3673/5509 3007/3671/4731
f 2750/3389/4733 3005/3673/5510 3004/3669/4734
f 3006/3672/4736 3008/3677/5511 3007/3671/4737
f 2747/3386/4739 3006/3672/5512 3005/3673/4740
f 3007/3671/4742 3008/3677/5513 3010/3674/4743
f 3002/3667/4745 3007/3671/5514 3009/3675/4746
f 3009/3675/4748 3010/3674/5515 2706/3331/4749
f 3009/3675/4751 2703/3332/5516 2700/3323/4752
f 3008/3677/4754 3013/3679/5517 3011/3678/4755
f 3011/3678/4757 2709/3339/5518 2706/3331/4758
f 3013/3679/4760 3014/3682/5519 3012/3680/4761
f 3011/3678/4763 3012/3680/5520 2712/3343/4764
f 3015/3681/4766 3016/3684/5521 3014/3682/4767
f 3015/3681/4769 3013/3679/5522 3008/3677/4770
f 2741/3378/4772 3016/3684/5523 3015/3681/4773
f 2747/3386/4775 2744/3382/5524 3015/3681/4776
f 3017/3683/4778 3019/3686/5525 3014/3682/4779
f 2738/3374/4781 3017/3683/5526 3016/3684/4782
f 2735/3369/4784 3018/3689/5527 3017/3683/4785
f 3017/3683/4787 3018/3689/5528 3020/3685/4788
f 3019/3686/4790 3020/3685/5529 3022/3687/4791
f 3014/3682/4793 3019/3686/5530 3021/3688/4794
f 3021/3688/4796 3022/3687/5531 2718/3347/4797
f 3021/3688/4799 2715/3348/5532 2712/3343/4800
f 3022/3687/4802 2723/3356/5533 2721/3351/4803
f 3020/3685/4805 2726/3358/5534 2723/3356/4806
f 2729/3361/4808 2726/3358/5535 3020/3685/4809
f 2732/3365/4811 2729/3361/5536 3018/3689/4812
f 2985/3651/4814 2676/3295/5537 2673/3287/4815
f 2975/3645/4817 2979/3647/4650 2985/3651/4652
f 2958/3690/4819 2970/3636/5538 2661/3271/4820
f 2964/3630/4822 2970/3636/5539 2958/3690/4823
o 立方体.010
v -1.335557 3.161482 0.104924
v -1.373738 3.168112 0.102041
v -1.341457 3.261188 0.029608
v -1.322842 2.961876 0.257294
v -1.343266 3.146639 0.097322
v -1.321523 3.115778 0.110347
v -1.351959 3.246846 0.026624
v -1.329304 2.949174 0.246746
v -1.310758 2.708996 0.446110
v -1.295830 2.960889 0.214209
v -1.283209 2.999542 0.123415
v -1.261494 2.729011 0.380616
v -1.233367 2.517613 0.541868
v -1.242054 2.771202 0.220227
v -1.208660 2.561341 0.312995
v -1.239193 2.795660 -0.000000
v -1.281317 3.020995 -0.000000
v -1.242054 2.771202 -0.220228
v -1.205039 2.586790 -0.000000
v -1.208660 2.561341 -0.312996
v -1.171158 2.416270 -0.000000
v -1.171224 2.287965 -0.000000
v -1.175539 2.385692 -0.365985
v -1.175539 2.385692 0.365985
v -1.153605 2.242436 0.354478
v -1.205624 2.334555 0.633556
v -1.187195 2.167513 0.613601
v -1.280215 2.311437 0.743270
v -1.270057 2.311409 0.759534
v -1.295429 2.497497 0.635442
v -1.269623 2.132662 0.719739
v -1.259117 2.126683 0.735349
v -1.269170 1.972431 0.607700
v -1.259117 1.961575 0.620971
v -1.269035 1.857766 0.465616
v -1.187029 2.020052 0.518244
v -1.189842 1.911878 0.400707
v -1.153625 2.122416 0.299371
v -1.158114 2.023281 0.232457
v -1.148722 2.184798 -0.000000
v -1.153419 2.093932 -0.000000
v -1.153625 2.122416 -0.299371
v -1.153605 2.242435 -0.354478
v -1.158113 2.023281 -0.232458
v -1.187029 2.020052 -0.518244
v -1.187195 2.167513 -0.613601
v -1.189842 1.911878 -0.400707
v -1.269170 1.972431 -0.607700
v -1.259117 1.961575 -0.620971
v -1.269623 2.132662 -0.719739
v -1.269035 1.857765 -0.465616
v -1.259763 1.842978 -0.475267
v -1.269182 1.840383 -0.318742
v -1.261701 1.823170 -0.321457
v -1.265460 1.933488 -0.165998
v -1.204541 1.880716 -0.308137
v -1.188344 1.962363 -0.182181
v -1.185176 2.031063 -0.000000
v -1.264737 2.005935 -0.000000
v -1.188344 1.962363 0.182181
v -1.265460 1.933488 0.165998
v -1.204541 1.880716 0.308137
v -1.269182 1.840383 0.318742
v -1.261701 1.823171 0.321456
v -1.259763 1.842978 0.475267
v -1.259763 1.917482 0.163541
v -1.373738 1.814359 0.323542
v -1.373738 1.834558 0.484479
v -1.373738 1.912352 0.161511
v -1.485775 1.823171 0.321456
v -1.487713 1.842978 0.475267
v -1.487713 1.917482 0.163541
v -1.478294 1.840383 0.318742
v -1.478441 1.857766 0.465616
v -1.482016 1.933488 0.165998
v -1.542935 1.880716 0.308137
v -1.557634 1.911878 0.400707
v -1.559132 1.962363 0.182181
v -1.589362 2.023281 0.232458
v -1.562300 2.031063 -0.000000
v -1.559132 1.962363 -0.182181
v -1.482739 2.005935 -0.000000
v -1.594057 2.093932 -0.000000
v -1.589362 2.023281 -0.232458
v -1.598754 2.184798 -0.000000
v -1.576252 2.287965 -0.000000
v -1.593851 2.122416 0.299371
v -1.593851 2.122416 -0.299371
v -1.593871 2.242435 -0.354478
v -1.560447 2.020052 -0.518244
v -1.560281 2.167513 -0.613602
v -1.557634 1.911878 -0.400707
v -1.478306 1.972431 -0.607700
v -1.488359 1.961575 -0.620971
v -1.477853 2.132662 -0.719739
v -1.478441 1.857765 -0.465616
v -1.487713 1.842978 -0.475267
v -1.478294 1.840383 -0.318742
v -1.485775 1.823170 -0.321456
v -1.482016 1.933488 -0.165998
v -1.542935 1.880716 -0.308137
v -1.487713 1.917482 -0.163541
v -1.373738 1.912352 -0.161511
v -1.488359 1.989762 -0.000000
v -1.373738 1.985716 -0.000000
v -1.259117 1.989762 -0.000000
v -1.259763 1.917482 -0.163541
v -1.373738 1.814359 -0.323542
v -1.373738 1.834558 -0.484479
v -1.373738 1.954471 -0.634184
v -1.373738 2.121514 -0.750995
v -1.259117 2.126683 -0.735349
v -1.373738 2.307988 -0.775694
v -1.488359 2.126683 -0.735349
v -1.477419 2.311409 -0.759534
v -1.460941 2.503048 -0.650080
v -1.467261 2.311436 -0.743271
v -1.452047 2.497497 -0.635443
v -1.541852 2.334555 -0.633556
v -1.514109 2.517613 -0.541868
v -1.571937 2.385692 -0.365985
v -1.538816 2.561341 -0.312996
v -1.576318 2.416270 -0.000000
v -1.571937 2.385692 0.365985
v -1.542437 2.586790 -0.000000
v -1.538816 2.561341 0.312995
v -1.508283 2.795660 -0.000000
v -1.466159 3.020994 -0.000000
v -1.505422 2.771202 0.220227
v -1.505422 2.771202 -0.220228
v -1.464267 2.999542 -0.123415
v -1.485982 2.729011 -0.380617
v -1.451646 2.960889 -0.214209
v -1.436719 2.708996 -0.446110
v -1.444366 2.718466 -0.458486
v -1.418172 2.949174 -0.246747
v -1.424634 2.961876 -0.257294
v -1.404210 3.146640 -0.097322
v -1.411919 3.161482 -0.104925
v -1.395517 3.246846 -0.026624
v -1.425953 3.115777 -0.110347
v -1.418866 3.174183 -0.052810
v -1.418877 3.197060 -0.000000
v -1.418866 3.174183 0.052810
v -1.395284 3.270606 -0.000000
v -1.406201 3.285029 -0.000000
v -1.395517 3.246846 0.026624
v -1.406018 3.261188 0.029608
v -1.404210 3.146639 0.097322
v -1.411919 3.161482 0.104924
v -1.425953 3.115778 0.110347
v -1.418172 2.949174 0.246746
v -1.424634 2.961876 0.257294
v -1.451646 2.960889 0.214209
v -1.436718 2.708996 0.446110
v -1.444366 2.718466 0.458486
v -1.485982 2.729011 0.380616
v -1.452047 2.497497 0.635442
v -1.460941 2.503048 0.650080
v -1.514109 2.517613 0.541868
v -1.467261 2.311436 0.743270
v -1.477419 2.311409 0.759534
v -1.541852 2.334555 0.633556
v -1.477853 2.132662 0.719739
v -1.488359 2.126683 0.735349
v -1.560281 2.167513 0.613601
v -1.478306 1.972431 0.607700
v -1.488359 1.961575 0.620971
v -1.560447 2.020052 0.518244
v -1.373738 1.954471 0.634183
v -1.373738 2.121514 0.750995
v -1.373738 2.307988 0.775694
v -1.373738 2.500223 0.663911
v -1.286535 2.503048 0.650080
v -1.373738 2.715766 0.468240
v -1.303110 2.718466 0.458485
v -1.373738 2.961208 0.261699
v -1.593871 2.242435 0.354478
v -1.464267 2.999542 0.123414
v -1.373738 3.271553 0.025815
v -1.373738 3.295711 -0.000000
v -1.373738 3.271553 -0.025815
v -1.341274 3.285029 -0.000000
v -1.341458 3.261188 -0.029608
v -1.352192 3.270606 -0.000000
v -1.351959 3.246845 -0.026624
v -1.328598 3.197060 -0.000000
v -1.328610 3.174183 -0.052810
v -1.328610 3.174183 0.052810
v -1.283209 2.999542 -0.123415
v -1.321523 3.115778 -0.110347
v -1.295830 2.960889 -0.214209
v -1.343266 3.146639 -0.097322
v -1.335557 3.161482 -0.104925
v -1.329304 2.949174 -0.246747
v -1.322842 2.961876 -0.257294
v -1.310758 2.708997 -0.446110
v -1.303110 2.718466 -0.458486
v -1.295429 2.497497 -0.635442
v -1.261494 2.729011 -0.380617
v -1.233367 2.517614 -0.541868
v -1.205624 2.334555 -0.633556
v -1.280215 2.311436 -0.743271
v -1.270057 2.311409 -0.759534
v -1.286535 2.503048 -0.650080
v -1.373738 2.500224 -0.663912
v -1.373738 2.715766 -0.468241
v -1.373738 2.961208 -0.261699
v -1.373738 3.168112 -0.102041
v -1.406018 3.261188 -0.029608
v -2.095817 0.993470 -0.036889
v -2.092515 0.993319 -0.074639
v -2.083350 0.962430 -0.054694
v -1.190187 0.993470 0.597239
v -1.177721 0.962430 0.579435
v -1.155844 0.993319 0.581225
v -1.457558 1.894682 0.015333
v -1.423215 1.894531 -0.000681
v -1.454255 1.894531 -0.022416
v -1.059493 0.988901 -0.520129
v -1.081370 0.958012 -0.521919
v -1.090534 0.988901 -0.541864
v -2.082905 0.985394 -0.055329
v -1.444646 1.886606 -0.003107
v -1.444747 1.886611 -0.001951
v -2.083006 0.985399 -0.054173
v -1.445698 1.886611 -0.002617
v -1.081977 0.980981 -0.522065
v -1.081026 0.980981 -0.521399
v -1.081306 0.981927 -0.522010
v -2.083287 0.986345 -0.054784
v -1.177275 0.985394 0.578799
v -1.178328 0.985399 0.579290
v -1.177657 0.986345 0.579345
vn 0.0525 0.6019 0.7968
vn 0.0872 0.5928 0.8006
vn 0.0955 0.5905 0.8014
vn 0.0591 0.6083 0.7915
vn 0.0478 0.6100 0.7909
vn 0.0463 0.6103 0.7909
vn 0.8622 -0.2423 -0.4448
vn 0.7218 -0.3874 -0.5735
vn 0.7089 -0.3979 -0.5823
vn 0.9208 -0.1921 -0.3394
vn 0.8820 -0.2489 -0.4001
vn 0.8803 -0.2511 -0.4024
vn 0.5891 0.5859 0.5565
vn 0.7204 0.4581 0.5207
vn 0.7490 0.4241 0.5091
vn 0.4706 0.5457 0.6934
vn 0.3895 0.5725 0.7215
vn 0.3821 0.5747 0.7237
vn 0.8982 -0.2375 -0.3699
vn 0.9229 -0.1982 -0.3302
vn 0.9237 -0.1969 -0.3288
vn 0.4815 0.5588 0.6752
vn 0.5731 0.5474 0.6099
vn 0.4684 0.5599 0.6835
vn 0.9170 0.3278 0.2272
vn 0.9079 0.3285 0.2603
vn 0.9190 0.3276 0.2193
vn 0.9341 0.2721 0.2313
vn 0.9417 0.2732 0.1965
vn 0.9307 0.2716 0.2450
vn 0.5962 0.5389 0.5951
vn 0.6390 0.5350 0.5528
vn 0.5854 0.5395 0.6052
vn 0.9578 0.2351 0.1653
vn 0.9582 0.2376 0.1596
vn 0.9570 0.2303 0.1766
vn 0.9859 0.1653 0.0273
vn 0.9860 0.1644 0.0280
vn 0.9864 0.1613 0.0307
vn 0.9815 0.1869 0.0413
vn 0.9813 0.1888 0.0381
vn 0.9819 0.1836 0.0470
vn 0.9815 0.1869 -0.0413
vn 0.9813 0.1888 -0.0381
vn 0.9810 0.1912 -0.0340
vn 0.9859 0.1653 -0.0273
vn 0.9860 0.1644 -0.0280
vn 0.9855 0.1679 -0.0251
vn 0.9807 0.1937 0.0277
vn 0.9806 0.1943 0.0274
vn 0.9805 0.1948 0.0272
vn 0.9807 0.1937 -0.0277
vn 0.9806 0.1943 -0.0274
vn 0.9807 0.1933 -0.0279
vn 0.9925 0.1202 0.0204
vn 0.9994 0.0351 -0.0024
vn 0.9877 0.1536 0.0294
vn 0.9925 0.1202 -0.0204
vn 0.9994 0.0351 0.0024
vn 0.9999 -0.0005 0.0119
vn 0.9633 0.2232 0.1493
vn 0.9632 0.2241 0.1486
vn 0.9630 0.2260 0.1471
vn 0.9833 0.1055 0.1485
vn 0.9822 0.1225 0.1426
vn 0.9808 0.1392 0.1369
vn 0.7238 0.3923 0.5676
vn 0.7221 0.3914 0.5704
vn 0.7251 0.3931 0.5654
vn 0.8120 -0.0010 0.5836
vn 0.8073 -0.0099 0.5901
vn 0.8245 0.0234 0.5655
vn 0.8424 0.1191 -0.5256
vn 0.8441 0.1185 -0.5230
vn 0.8422 0.1191 -0.5258
vn 0.8675 -0.1941 -0.4580
vn 0.8283 -0.2227 -0.5141
vn 0.8693 -0.1927 -0.4551
vn 0.8607 0.2932 -0.4163
vn 0.8409 0.3084 -0.4448
vn 0.8396 0.3094 -0.4466
vn 0.7828 -0.3446 0.5182
vn 0.7863 -0.3459 0.5120
vn 0.7923 -0.3481 0.5010
vn 0.8826 0.3659 -0.2950
vn 0.8600 0.3941 -0.3242
vn 0.8583 0.3961 -0.3262
vn 0.7363 -0.5146 0.4394
vn 0.7418 -0.5144 0.4303
vn 0.7505 -0.5140 0.4155
vn 0.9914 -0.0657 0.1132
vn 0.9910 -0.0617 0.1184
vn 0.9917 -0.0691 0.1086
vn 0.9876 -0.1233 0.0968
vn 0.9874 -0.1209 0.1018
vn 0.9878 -0.1256 0.0920
vn 0.9981 0.0541 -0.0287
vn 0.9865 0.1636 -0.0000
vn 0.9987 0.0214 -0.0469
vn 0.9987 -0.0497 0.0058
vn 0.9987 -0.0509 -0.0000
vn 0.9988 -0.0493 0.0061
vn 0.9981 0.0541 0.0287
vn 0.9987 0.0214 0.0469
vn 0.9987 -0.0497 -0.0058
vn 0.9988 -0.0493 -0.0061
vn 0.9910 -0.0617 -0.1184
vn 0.9914 -0.0657 -0.1132
vn 0.9917 -0.0691 -0.1086
vn 0.9874 -0.1208 -0.1018
vn 0.9876 -0.1233 -0.0968
vn 0.9878 -0.1256 -0.0920
vn 0.7863 -0.3459 -0.5120
vn 0.7828 -0.3446 -0.5182
vn 0.7923 -0.3481 -0.5010
vn 0.7418 -0.5144 -0.4303
vn 0.7363 -0.5146 -0.4394
vn 0.7505 -0.5140 -0.4155
vn 0.8607 0.2932 0.4163
vn 0.8409 0.3084 0.4448
vn 0.8621 0.2920 0.4142
vn 0.8826 0.3660 0.2950
vn 0.8600 0.3941 0.3242
vn 0.8844 0.3636 0.2926
vn 0.9152 0.4000 0.0494
vn 0.8698 0.4879 0.0728
vn 0.9188 0.3919 0.0473
vn 0.5905 -0.7974 -0.1239
vn 0.5789 -0.8033 -0.1403
vn 0.6122 -0.7853 -0.0923
vn 0.9291 0.3056 -0.2082
vn 0.8726 0.4143 -0.2588
vn 0.9315 0.3000 -0.2056
vn 0.4073 -0.7854 0.4661
vn 0.3992 -0.7905 0.4646
vn 0.4117 -0.7826 0.4670
vn 0.9313 -0.3524 0.0925
vn 0.9398 -0.3367 0.0577
vn 0.9438 -0.3282 0.0394
vn 0.8936 -0.4274 0.1374
vn 0.9153 -0.3887 0.1052
vn 0.9209 -0.3776 0.0962
vn 0.3633 -0.8601 0.3581
vn 0.3117 -0.8862 0.3427
vn 0.3927 -0.8435 0.3664
vn 0.9153 -0.3887 -0.1052
vn 0.8936 -0.4274 -0.1374
vn 0.9209 -0.3776 -0.0962
vn 0.3117 -0.8862 -0.3427
vn 0.3633 -0.8601 -0.3581
vn 0.3927 -0.8435 -0.3664
vn 0.9398 -0.3367 -0.0577
vn 0.9313 -0.3524 -0.0925
vn 0.9438 -0.3282 -0.0394
vn 0.3992 -0.7905 -0.4646
vn 0.4073 -0.7854 -0.4661
vn 0.4117 -0.7826 -0.4670
vn 0.5789 -0.8033 0.1403
vn 0.5905 -0.7974 0.1239
vn 0.6122 -0.7853 0.0923
vn 0.9291 0.3056 0.2082
vn 0.8726 0.4143 0.2588
vn 0.8696 0.4191 0.2610
vn 0.9152 0.4000 -0.0494
vn 0.8698 0.4879 -0.0728
vn 0.8661 0.4944 -0.0746
vn 0.0813 -0.9888 0.1254
vn 0.0819 -0.9888 0.1250
vn 0.0831 -0.9888 0.1241
vn 0.0512 -0.8566 -0.5134
vn 0.0542 -0.8555 -0.5150
vn 0.0576 -0.8543 -0.5166
vn -0.0819 -0.9888 0.1250
vn -0.0813 -0.9888 0.1254
vn -0.0831 -0.9888 0.1241
vn -0.0542 -0.8555 -0.5150
vn -0.0512 -0.8566 -0.5134
vn -0.0576 -0.8543 -0.5166
vn -0.9152 0.4000 -0.0494
vn -0.8698 0.4879 -0.0728
vn -0.9188 0.3919 -0.0473
vn -0.9291 0.3056 0.2082
vn -0.8726 0.4143 0.2588
vn -0.9315 0.3000 0.2056
vn -0.5905 -0.7974 0.1239
vn -0.5789 -0.8033 0.1403
vn -0.6122 -0.7853 0.0923
vn -0.4073 -0.7854 -0.4661
vn -0.3992 -0.7905 -0.4646
vn -0.4117 -0.7826 -0.4670
vn -0.9313 -0.3524 -0.0925
vn -0.9398 -0.3367 -0.0577
vn -0.9438 -0.3282 -0.0394
vn -0.8936 -0.4274 -0.1374
vn -0.9153 -0.3887 -0.1052
vn -0.9209 -0.3776 -0.0962
vn -0.3633 -0.8601 -0.3581
vn -0.3117 -0.8862 -0.3427
vn -0.3927 -0.8435 -0.3664
vn -0.3633 -0.8601 0.3581
vn -0.3117 -0.8862 0.3427
vn -0.2839 -0.8988 0.3340
vn -0.8936 -0.4274 0.1374
vn -0.9153 -0.3887 0.1052
vn -0.8821 -0.4456 0.1527
vn -0.9987 -0.0509 -0.0000
vn -0.9987 -0.0497 0.0058
vn -0.9988 -0.0493 0.0061
vn -0.9987 -0.0497 -0.0058
vn -0.9987 -0.0516 -0.0000
vn -0.9865 0.1636 -0.0000
vn -0.9981 0.0541 -0.0287
vn -0.9987 0.0214 -0.0469
vn -0.9981 0.0541 0.0287
vn -0.9770 0.2131 -0.0000
vn -0.9910 -0.0617 -0.1184
vn -0.9914 -0.0657 -0.1132
vn -0.9906 -0.0573 -0.1244
vn -0.9874 -0.1208 -0.1018
vn -0.9876 -0.1233 -0.0968
vn -0.9871 -0.1177 -0.1082
vn -0.7863 -0.3459 -0.5120
vn -0.7828 -0.3446 -0.5182
vn -0.7758 -0.3420 -0.5303
vn -0.7418 -0.5144 -0.4303
vn -0.7363 -0.5146 -0.4394
vn -0.7258 -0.5147 -0.4564
vn -0.8826 0.3660 0.2950
vn -0.8600 0.3941 0.3242
vn -0.8583 0.3961 0.3262
vn -0.8607 0.2932 0.4163
vn -0.8409 0.3084 0.4448
vn -0.8396 0.3094 0.4466
vn -0.9152 0.4000 0.0494
vn -0.8698 0.4879 0.0728
vn -0.8660 0.4944 0.0746
vn -0.5905 -0.7974 -0.1239
vn -0.5789 -0.8033 -0.1403
vn -0.5420 -0.8187 -0.1896
vn -0.9291 0.3056 -0.2082
vn -0.8726 0.4142 -0.2587
vn -0.8696 0.4191 -0.2610
vn -0.4073 -0.7854 0.4661
vn -0.3992 -0.7905 0.4646
vn -0.3944 -0.7934 0.4636
vn -0.9313 -0.3524 0.0925
vn -0.9398 -0.3367 0.0577
vn -0.9246 -0.3628 0.1163
vn -0.9347 0.3241 -0.1456
vn -0.9390 0.3131 -0.1420
vn -0.9393 0.3125 -0.1418
vn -0.0542 -0.8555 0.5150
vn -0.0512 -0.8566 0.5135
vn -0.0477 -0.8578 0.5117
vn -0.0424 -0.9112 0.4098
vn -0.0381 -0.9125 0.4073
vn -0.0323 -0.9142 0.4039
vn -0.0424 -0.9112 -0.4098
vn -0.0381 -0.9125 -0.4073
vn -0.0483 -0.9094 -0.4131
vn -0.9347 0.3241 0.1456
vn -0.9390 0.3131 0.1420
vn -0.9345 0.3247 0.1458
vn 0.0381 -0.9125 -0.4073
vn 0.0424 -0.9112 -0.4098
vn 0.0483 -0.9094 -0.4131
vn 0.0424 -0.9112 0.4098
vn 0.0381 -0.9125 0.4073
vn 0.0483 -0.9094 0.4131
vn 0.9347 0.3241 0.1456
vn 0.9390 0.3132 0.1420
vn 0.9393 0.3125 0.1418
vn 0.9347 0.3241 -0.1456
vn 0.9390 0.3132 -0.1420
vn 0.9345 0.3247 -0.1458
vn 0.0542 -0.8555 0.5150
vn 0.0512 -0.8566 0.5134
vn 0.0576 -0.8543 0.5166
vn -0.0819 -0.9888 -0.1250
vn -0.0813 -0.9888 -0.1254
vn -0.0801 -0.9887 -0.1263
vn 0.0819 -0.9888 -0.1250
vn 0.0813 -0.9888 -0.1254
vn 0.0831 -0.9888 -0.1241
vn 0.1155 -0.7737 -0.6230
vn 0.1118 -0.7726 -0.6250
vn 0.1196 -0.7749 -0.6207
vn -0.1155 -0.7737 -0.6230
vn -0.1118 -0.7726 -0.6250
vn -0.1077 -0.7713 -0.6273
vn -0.1340 -0.5667 -0.8129
vn -0.1314 -0.5657 -0.8141
vn -0.1290 -0.5647 -0.8152
vn 0.1340 -0.5667 -0.8129
vn 0.1314 -0.5657 -0.8141
vn 0.1364 -0.5677 -0.8118
vn 0.1509 -0.1265 -0.9804
vn 0.1453 -0.1235 -0.9817
vn 0.1569 -0.1297 -0.9791
vn -0.1509 -0.1265 -0.9804
vn -0.1453 -0.1235 -0.9817
vn -0.1396 -0.1204 -0.9829
vn -0.8423 0.1191 0.5256
vn -0.8441 0.1185 0.5230
vn -0.8422 0.1191 0.5258
vn -0.8675 -0.1942 0.4580
vn -0.8283 -0.2227 0.5141
vn -0.8693 -0.1927 0.4551
vn -0.1192 0.4999 -0.8579
vn -0.1179 0.4994 -0.8583
vn -0.1198 0.5001 -0.8576
vn -0.8120 -0.0010 -0.5836
vn -0.8073 -0.0099 -0.5901
vn -0.8245 0.0234 -0.5654
vn -0.7238 0.3923 -0.5676
vn -0.7221 0.3914 -0.5704
vn -0.7251 0.3931 -0.5654
vn -0.9833 0.1055 -0.1485
vn -0.9822 0.1225 -0.1426
vn -0.9808 0.1392 -0.1369
vn -0.9633 0.2232 -0.1493
vn -0.9632 0.2241 -0.1486
vn -0.9630 0.2260 -0.1471
vn -0.9925 0.1202 0.0204
vn -0.9994 0.0351 -0.0024
vn -0.9999 -0.0005 -0.0119
vn -0.9807 0.1937 -0.0277
vn -0.9806 0.1943 -0.0274
vn -0.9805 0.1948 -0.0272
vn -0.9994 0.0351 0.0024
vn -0.9925 0.1202 -0.0204
vn -0.9999 -0.0005 0.0119
vn -0.9806 0.1943 0.0274
vn -0.9807 0.1937 0.0277
vn -0.9805 0.1948 0.0272
vn -0.9860 0.1644 0.0280
vn -0.9859 0.1653 0.0273
vn -0.9864 0.1613 0.0307
vn -0.9859 0.1653 -0.0273
vn -0.9860 0.1644 -0.0280
vn -0.9864 0.1613 -0.0307
vn -0.9813 0.1888 0.0381
vn -0.9815 0.1869 0.0413
vn -0.9819 0.1836 0.0470
vn -0.9815 0.1869 -0.0413
vn -0.9813 0.1888 -0.0381
vn -0.9819 0.1836 -0.0470
vn -0.9341 0.2721 -0.2313
vn -0.9417 0.2732 -0.1965
vn -0.9307 0.2716 -0.2450
vn -0.9578 0.2351 -0.1653
vn -0.9582 0.2376 -0.1596
vn -0.9570 0.2303 -0.1766
vn -0.4815 0.5588 -0.6752
vn -0.5731 0.5474 -0.6099
vn -0.4684 0.5599 -0.6835
vn -0.5962 0.5389 -0.5951
vn -0.6390 0.5350 -0.5528
vn -0.5854 0.5395 -0.6052
vn -0.8964 -0.2576 0.3606
vn -0.8629 -0.2973 0.4087
vn -0.8976 -0.2561 0.3587
vn -0.8982 -0.2375 0.3699
vn -0.9229 -0.1983 0.3302
vn -0.9236 -0.1969 0.3288
vn -0.9208 -0.1921 0.3394
vn -0.8820 -0.2489 0.4001
vn -0.8803 -0.2511 0.4024
vn -0.3896 0.5725 -0.7215
vn -0.4706 0.5457 -0.6933
vn -0.4805 0.5420 -0.6895
vn -0.8622 -0.2423 0.4448
vn -0.7218 -0.3874 0.5735
vn -0.7089 -0.3979 0.5823
vn -0.7204 0.4581 -0.5207
vn -0.5891 0.5859 -0.5565
vn -0.5443 0.6213 -0.5637
vn -0.9170 0.3278 -0.2272
vn -0.9079 0.3285 -0.2603
vn -0.9190 0.3276 -0.2193
vn -0.9599 0.2628 -0.0972
vn -0.9597 0.2716 -0.0716
vn -0.9597 0.2577 -0.1118
vn -0.9240 0.3387 -0.1773
vn -0.9229 0.3131 -0.2243
vn -0.9236 0.3518 -0.1526
vn -0.9597 0.2716 0.0716
vn -0.9599 0.2628 0.0972
vn -0.9597 0.2577 0.1118
vn -0.9240 0.3387 0.1773
vn -0.9229 0.3131 0.2243
vn -0.9206 0.2953 0.2555
vn -0.7567 -0.4918 -0.4308
vn -0.7315 -0.5269 -0.4328
vn -0.7689 -0.4736 -0.4294
vn -0.7567 -0.4918 0.4308
vn -0.7315 -0.5269 0.4328
vn -0.7185 -0.5439 0.4335
vn -0.8622 -0.2423 -0.4448
vn -0.7218 -0.3874 -0.5735
vn -0.8711 -0.2304 -0.4336
vn -0.7204 0.4581 0.5207
vn -0.5891 0.5859 0.5565
vn -0.7490 0.4241 0.5091
vn -0.9208 -0.1921 -0.3394
vn -0.8820 -0.2489 -0.4001
vn -0.9223 -0.1896 -0.3367
vn -0.3895 0.5725 0.7215
vn -0.4706 0.5457 0.6934
vn -0.3821 0.5747 0.7237
vn -0.8982 -0.2375 -0.3699
vn -0.9229 -0.1983 -0.3302
vn -0.8971 -0.2391 -0.3715
vn -0.5731 0.5474 0.6099
vn -0.4815 0.5588 0.6752
vn -0.4684 0.5599 0.6835
vn -0.8964 -0.2576 -0.3606
vn -0.8629 -0.2973 -0.4087
vn -0.8617 -0.2986 -0.4103
vn -0.6390 0.5350 0.5528
vn -0.5962 0.5389 0.5951
vn -0.5854 0.5395 0.6052
vn -0.8675 -0.1941 -0.4580
vn -0.8283 -0.2227 -0.5141
vn -0.8264 -0.2240 -0.5165
vn -0.7221 0.3914 0.5704
vn -0.7238 0.3923 0.5676
vn -0.7251 0.3931 0.5654
vn -0.8424 0.1191 -0.5256
vn -0.8441 0.1185 -0.5230
vn -0.8442 0.1184 -0.5228
vn -0.8073 -0.0099 0.5901
vn -0.8120 -0.0010 0.5836
vn -0.8245 0.0234 0.5655
vn -0.8607 0.2932 -0.4163
vn -0.8409 0.3084 -0.4448
vn -0.8621 0.2920 -0.4142
vn -0.7863 -0.3459 0.5120
vn -0.7828 -0.3446 0.5182
vn -0.7923 -0.3481 0.5010
vn -0.8826 0.3659 -0.2950
vn -0.8600 0.3941 -0.3242
vn -0.8844 0.3636 -0.2926
vn -0.7418 -0.5144 0.4303
vn -0.7363 -0.5146 0.4394
vn -0.7505 -0.5140 0.4155
vn -0.9874 -0.1208 0.1018
vn -0.9876 -0.1233 0.0968
vn -0.9878 -0.1256 0.0920
vn -0.9910 -0.0617 0.1184
vn -0.9914 -0.0657 0.1132
vn -0.9917 -0.0691 0.1086
vn -0.1340 -0.5667 0.8129
vn -0.1314 -0.5657 0.8141
vn -0.1364 -0.5677 0.8118
vn -0.1155 -0.7737 0.6230
vn -0.1118 -0.7726 0.6250
vn -0.1196 -0.7749 0.6207
vn 0.1314 -0.5657 0.8141
vn 0.1340 -0.5667 0.8129
vn 0.1364 -0.5677 0.8118
vn 0.1118 -0.7726 0.6250
vn 0.1155 -0.7737 0.6230
vn 0.1196 -0.7749 0.6207
vn -0.1509 -0.1265 0.9804
vn -0.1453 -0.1235 0.9817
vn -0.1569 -0.1297 0.9791
vn 0.1453 -0.1235 0.9817
vn 0.1509 -0.1265 0.9804
vn 0.1569 -0.1297 0.9791
vn -0.1179 0.4994 0.8583
vn -0.1191 0.4999 0.8579
vn -0.1198 0.5001 0.8576
vn 0.1191 0.4999 0.8579
vn 0.1179 0.4994 0.8583
vn 0.1198 0.5001 0.8576
vn 0.0803 0.6665 0.7412
vn 0.0925 0.6686 0.7378
vn 0.0770 0.6659 0.7420
vn -0.0925 0.6686 0.7378
vn -0.0803 0.6665 0.7412
vn -0.0770 0.6659 0.7420
vn 0.0611 0.6392 0.7666
vn 0.0786 0.6415 0.7631
vn 0.0580 0.6388 0.7672
vn -0.0785 0.6415 0.7631
vn -0.0611 0.6392 0.7666
vn -0.0580 0.6388 0.7672
vn -0.0478 0.6100 0.7909
vn -0.0591 0.6083 0.7915
vn -0.0463 0.6103 0.7908
vn 0.8964 -0.2577 -0.3606
vn 0.8629 -0.2973 -0.4087
vn 0.8976 -0.2561 -0.3588
vn -0.9822 0.1225 0.1426
vn -0.9833 0.1055 0.1485
vn -0.9808 0.1392 0.1369
vn -0.9632 0.2241 0.1486
vn -0.9633 0.2232 0.1493
vn -0.9630 0.2260 0.1471
vn -0.9582 0.2376 0.1596
vn -0.9578 0.2351 0.1653
vn -0.9570 0.2303 0.1766
vn -0.9417 0.2732 0.1965
vn -0.9341 0.2721 0.2313
vn -0.9307 0.2716 0.2450
vn -0.9079 0.3285 0.2603
vn -0.9170 0.3278 0.2272
vn -0.9190 0.3276 0.2193
vn -0.0872 0.5928 0.8006
vn -0.0525 0.6019 0.7968
vn -0.0955 0.5905 0.8014
vn -0.2048 0.7381 0.6429
vn -0.2018 0.7409 0.6405
vn -0.2336 0.7100 0.6644
vn 0.2018 0.7409 0.6405
vn 0.2048 0.7381 0.6429
vn 0.2336 0.7100 0.6644
vn -0.2048 0.7381 -0.6429
vn -0.2018 0.7409 -0.6405
vn -0.1735 0.7665 -0.6183
vn 0.2048 0.7381 -0.6429
vn 0.2018 0.7409 -0.6405
vn 0.2336 0.7100 -0.6644
vn 0.7567 -0.4918 0.4308
vn 0.7315 -0.5269 0.4328
vn 0.7689 -0.4736 0.4294
vn 0.7567 -0.4918 -0.4308
vn 0.7315 -0.5269 -0.4328
vn 0.7185 -0.5439 -0.4335
vn 0.9240 0.3387 -0.1773
vn 0.9229 0.3131 -0.2243
vn 0.9206 0.2953 -0.2555
vn 0.9229 0.3131 0.2243
vn 0.9240 0.3387 0.1773
vn 0.9206 0.2953 0.2555
vn 0.9599 0.2628 -0.0972
vn 0.9597 0.2716 -0.0716
vn 0.9595 0.2747 -0.0625
vn 0.9599 0.2628 0.0972
vn 0.9597 0.2716 0.0716
vn 0.9597 0.2577 0.1119
vn 0.9170 0.3278 -0.2272
vn 0.9079 0.3285 -0.2603
vn 0.9063 0.3286 -0.2659
vn 0.7204 0.4581 -0.5207
vn 0.5891 0.5859 -0.5565
vn 0.7490 0.4241 -0.5091
vn 0.3895 0.5725 -0.7215
vn 0.4706 0.5457 -0.6934
vn 0.3821 0.5747 -0.7237
vn 0.8622 -0.2423 0.4448
vn 0.7218 -0.3874 0.5735
vn 0.8712 -0.2304 0.4336
vn 0.9208 -0.1921 0.3394
vn 0.8820 -0.2489 0.4001
vn 0.9223 -0.1896 0.3367
vn 0.8982 -0.2375 0.3699
vn 0.9229 -0.1983 0.3302
vn 0.8971 -0.2391 0.3715
vn 0.4815 0.5588 -0.6752
vn 0.5731 0.5473 -0.6099
vn 0.5808 0.5460 -0.6038
vn 0.8964 -0.2577 0.3606
vn 0.8629 -0.2973 0.4087
vn 0.8617 -0.2986 0.4103
vn 0.5962 0.5389 -0.5951
vn 0.6390 0.5350 -0.5528
vn 0.6472 0.5339 -0.5441
vn 0.9341 0.2721 -0.2313
vn 0.9417 0.2732 -0.1965
vn 0.9437 0.2734 -0.1863
vn 0.9578 0.2351 -0.1653
vn 0.9582 0.2376 -0.1596
vn 0.9587 0.2417 -0.1497
vn 0.7238 0.3923 -0.5676
vn 0.7221 0.3914 -0.5704
vn 0.7209 0.3907 -0.5724
vn 0.9633 0.2232 -0.1493
vn 0.9632 0.2241 -0.1486
vn 0.9635 0.2215 -0.1507
vn 0.8120 -0.0010 -0.5836
vn 0.8073 -0.0099 -0.5901
vn 0.7946 -0.0327 -0.6063
vn 0.9833 0.1055 -0.1485
vn 0.9822 0.1225 -0.1426
vn 0.9840 0.0902 -0.1536
vn 0.8423 0.1191 0.5256
vn 0.8441 0.1185 0.5230
vn 0.8442 0.1184 0.5228
vn 0.8675 -0.1941 0.4580
vn 0.8283 -0.2227 0.5141
vn 0.8264 -0.2240 0.5166
vn 0.1192 0.4999 -0.8579
vn 0.1179 0.4994 -0.8583
vn 0.1173 0.4992 -0.8585
vn 0.0803 0.6665 -0.7412
vn 0.0925 0.6686 -0.7378
vn 0.0952 0.6691 -0.7370
vn -0.0803 0.6665 -0.7412
vn -0.0925 0.6686 -0.7378
vn -0.0770 0.6659 -0.7420
vn -0.0611 0.6392 -0.7666
vn -0.0786 0.6415 -0.7631
vn -0.0580 0.6388 -0.7672
vn 0.0611 0.6392 -0.7666
vn 0.0786 0.6415 -0.7631
vn 0.0808 0.6418 -0.7626
vn 0.0478 0.6100 -0.7909
vn 0.0591 0.6083 -0.7915
vn 0.0462 0.6103 -0.7908
vn -0.0478 0.6100 -0.7909
vn -0.0591 0.6083 -0.7915
vn -0.0605 0.6081 -0.7916
vn 0.0872 0.5928 -0.8006
vn 0.0525 0.6019 -0.7968
vn 0.0955 0.5905 -0.8014
vn -0.0872 0.5928 -0.8006
vn -0.0525 0.6019 -0.7968
vn -0.0447 0.6038 -0.7959
vn -0.9401 -0.3312 -0.0809
vn 0.3976 -0.3312 0.8557
vn 0.0026 1.0000 -0.0038
vn 0.5399 -0.3377 -0.7710
vn -0.8119 0.5792 -0.0734
vn -0.8119 0.5792 -0.0733
vn 0.4698 0.5736 -0.6710
vn 0.4699 0.5736 -0.6710
vn -0.3466 -0.5792 -0.7378
vn 0.3466 0.5792 0.7378
vn 0.8119 -0.5792 0.0733
vn 0.8118 -0.5792 0.0733
vn -0.4698 -0.5736 0.6710
vn 0.5736 -0.0046 -0.8191
vn -0.8566 -0.4683 0.2167
vn -0.8062 -0.4706 -0.3584
vn -0.9962 0.0023 -0.0872
vn -0.3976 0.3312 -0.8557
vn -0.0026 -1.0000 0.0038
vn -0.5399 0.3377 0.7710
vn 0.9401 0.3312 0.0809
vn 0.6126 -0.4706 0.6350
vn 0.2403 -0.4752 -0.8464
vn 0.2402 -0.4752 -0.8464
vn 0.1434 0.9436 0.2985
vn 0.1937 0.9413 -0.2766
vn 0.7132 -0.4752 -0.5153
vn -0.3296 0.9436 -0.0326
vn 0.4226 0.0023 0.9063
vn 0.0893 -0.4683 0.8790
vn 0.0448 0.6038 0.7959
vn 0.0605 0.6081 0.7916
vn 0.8711 -0.2304 -0.4336
vn 0.9223 -0.1896 -0.3367
vn 0.5442 0.6213 0.5637
vn 0.4805 0.5420 0.6895
vn 0.8971 -0.2391 -0.3715
vn 0.5808 0.5460 0.6038
vn 0.9063 0.3286 0.2659
vn 0.9437 0.2734 0.1863
vn 0.6472 0.5339 0.5441
vn 0.9587 0.2417 0.1497
vn 0.9855 0.1679 0.0251
vn 0.9810 0.1912 0.0340
vn 0.9819 0.1836 -0.0470
vn 0.9864 0.1613 -0.0307
vn 0.9807 0.1933 0.0279
vn 0.9805 0.1948 -0.0272
vn 0.9999 -0.0005 -0.0119
vn 0.9877 0.1536 -0.0294
vn 0.9635 0.2215 0.1507
vn 0.9840 0.0902 0.1536
vn 0.7209 0.3907 0.5724
vn 0.7946 -0.0327 0.6063
vn 0.8442 0.1184 -0.5228
vn 0.8264 -0.2240 -0.5166
vn 0.8621 0.2920 -0.4142
vn 0.7758 -0.3420 0.5303
vn 0.8844 0.3636 -0.2926
vn 0.7258 -0.5147 0.4564
vn 0.9906 -0.0573 0.1244
vn 0.9871 -0.1177 0.1082
vn 0.9770 0.2131 -0.0000
vn 0.9987 -0.0516 -0.0000
vn 0.9906 -0.0573 -0.1244
vn 0.9871 -0.1177 -0.1082
vn 0.7758 -0.3420 -0.5303
vn 0.7258 -0.5147 -0.4564
vn 0.8396 0.3094 0.4466
vn 0.8583 0.3961 0.3262
vn 0.8660 0.4944 0.0746
vn 0.5420 -0.8187 -0.1896
vn 0.8696 0.4191 -0.2610
vn 0.3944 -0.7934 0.4636
vn 0.9246 -0.3628 0.1163
vn 0.8821 -0.4456 0.1527
vn 0.2839 -0.8988 0.3340
vn 0.8821 -0.4456 -0.1527
vn 0.2839 -0.8988 -0.3340
vn 0.9246 -0.3628 -0.1163
vn 0.3944 -0.7934 -0.4636
vn 0.5420 -0.8187 0.1896
vn 0.9315 0.3000 0.2056
vn 0.9188 0.3919 -0.0473
vn 0.0801 -0.9887 0.1263
vn 0.0477 -0.8578 -0.5117
vn -0.0801 -0.9887 0.1263
vn -0.0477 -0.8578 -0.5117
vn -0.8661 0.4943 -0.0746
vn -0.8696 0.4191 0.2610
vn -0.5420 -0.8187 0.1896
vn -0.3944 -0.7934 -0.4636
vn -0.9246 -0.3628 -0.1163
vn -0.8821 -0.4456 -0.1527
vn -0.2839 -0.8988 -0.3340
vn -0.3927 -0.8435 0.3664
vn -0.9209 -0.3776 0.0962
vn -0.9988 -0.0493 -0.0061
vn -0.9987 0.0214 0.0469
vn -0.9917 -0.0691 -0.1086
vn -0.9878 -0.1256 -0.0920
vn -0.7923 -0.3481 -0.5010
vn -0.7505 -0.5140 -0.4155
vn -0.8844 0.3636 0.2926
vn -0.8621 0.2920 0.4142
vn -0.9188 0.3919 0.0473
vn -0.6122 -0.7853 -0.0923
vn -0.9315 0.3000 -0.2056
vn -0.4117 -0.7826 0.4670
vn -0.9438 -0.3282 0.0394
vn -0.9345 0.3247 -0.1458
vn -0.0576 -0.8543 0.5166
vn -0.0483 -0.9094 0.4131
vn -0.0323 -0.9142 -0.4039
vn -0.9393 0.3125 0.1418
vn 0.0323 -0.9142 -0.4039
vn 0.0323 -0.9142 0.4039
vn 0.9345 0.3247 0.1458
vn 0.9393 0.3125 -0.1418
vn 0.0477 -0.8578 0.5117
vn -0.0831 -0.9888 -0.1241
vn 0.0801 -0.9887 -0.1263
vn 0.1077 -0.7713 -0.6273
vn -0.1196 -0.7749 -0.6207
vn -0.1364 -0.5677 -0.8118
vn 0.1290 -0.5647 -0.8152
vn 0.1396 -0.1204 -0.9829
vn -0.1569 -0.1297 -0.9791
vn -0.8442 0.1184 0.5228
vn -0.8264 -0.2240 0.5166
vn -0.1173 0.4992 -0.8585
vn -0.7946 -0.0327 -0.6063
vn -0.7209 0.3907 -0.5724
vn -0.9840 0.0902 -0.1536
vn -0.9635 0.2215 -0.1507
vn -0.9877 0.1536 0.0294
vn -0.9807 0.1933 -0.0279
vn -0.9877 0.1536 -0.0294
vn -0.9807 0.1933 0.0279
vn -0.9855 0.1679 0.0251
vn -0.9855 0.1679 -0.0251
vn -0.9810 0.1912 0.0340
vn -0.9810 0.1912 -0.0340
vn -0.9437 0.2734 -0.1863
vn -0.9587 0.2417 -0.1497
vn -0.5808 0.5460 -0.6038
vn -0.6472 0.5339 -0.5441
vn -0.8617 -0.2986 0.4103
vn -0.8972 -0.2390 0.3714
vn -0.9223 -0.1896 0.3367
vn -0.3822 0.5746 -0.7237
vn -0.8712 -0.2304 0.4336
vn -0.7490 0.4241 -0.5091
vn -0.9063 0.3286 -0.2659
vn -0.9595 0.2747 -0.0625
vn -0.9206 0.2953 -0.2555
vn -0.9595 0.2747 0.0625
vn -0.9236 0.3518 0.1526
vn -0.7185 -0.5439 -0.4335
vn -0.7689 -0.4736 0.4294
vn -0.7089 -0.3979 -0.5823
vn -0.5442 0.6213 0.5637
vn -0.8803 -0.2511 -0.4024
vn -0.4805 0.5420 0.6895
vn -0.9237 -0.1969 -0.3288
vn -0.5808 0.5460 0.6038
vn -0.8976 -0.2561 -0.3587
vn -0.6472 0.5339 0.5441
vn -0.8693 -0.1927 -0.4551
vn -0.7209 0.3907 0.5724
vn -0.8422 0.1191 -0.5258
vn -0.7946 -0.0327 0.6063
vn -0.8396 0.3094 -0.4466
vn -0.7758 -0.3420 0.5303
vn -0.8583 0.3961 -0.3262
vn -0.7258 -0.5147 0.4564
vn -0.9871 -0.1177 0.1082
vn -0.9906 -0.0573 0.1244
vn -0.1290 -0.5647 0.8152
vn -0.1077 -0.7713 0.6273
vn 0.1290 -0.5647 0.8152
vn 0.1077 -0.7713 0.6273
vn -0.1396 -0.1204 0.9829
vn 0.1396 -0.1204 0.9829
vn -0.1173 0.4992 0.8585
vn 0.1173 0.4992 0.8585
vn 0.0952 0.6691 0.7370
vn -0.0952 0.6691 0.7370
vn 0.0808 0.6418 0.7626
vn -0.0808 0.6418 0.7626
vn -0.0605 0.6081 0.7916
vn 0.8617 -0.2986 -0.4103
vn -0.9840 0.0902 0.1536
vn -0.9635 0.2215 0.1507
vn -0.9587 0.2417 0.1497
vn -0.9437 0.2734 0.1863
vn -0.9063 0.3286 0.2659
vn -0.0448 0.6038 0.7959
vn -0.1735 0.7665 0.6183
vn 0.1735 0.7665 0.6183
vn -0.2336 0.7100 -0.6644
vn 0.1735 0.7665 -0.6183
vn 0.7185 -0.5439 0.4335
vn 0.7689 -0.4737 -0.4295
vn 0.9236 0.3518 -0.1526
vn 0.9236 0.3518 0.1526
vn 0.9597 0.2577 -0.1119
vn 0.9595 0.2747 0.0625
vn 0.9190 0.3276 -0.2193
vn 0.5442 0.6213 -0.5637
vn 0.4805 0.5420 -0.6895
vn 0.7089 -0.3979 0.5823
vn 0.8803 -0.2511 0.4024
vn 0.9237 -0.1969 0.3288
vn 0.4684 0.5599 -0.6835
vn 0.8976 -0.2561 0.3588
vn 0.5854 0.5395 -0.6052
vn 0.9307 0.2716 -0.2450
vn 0.9570 0.2303 -0.1766
vn 0.7251 0.3931 -0.5654
vn 0.9630 0.2260 -0.1471
vn 0.8245 0.0234 -0.5654
vn 0.9808 0.1392 -0.1369
vn 0.8422 0.1191 0.5258
vn 0.8693 -0.1927 0.4551
vn 0.1198 0.5001 -0.8576
vn 0.0770 0.6659 -0.7420
vn -0.0952 0.6691 -0.7370
vn -0.0808 0.6418 -0.7626
vn 0.0580 0.6388 -0.7672
vn 0.0605 0.6081 -0.7916
vn -0.0462 0.6103 -0.7909
vn 0.0447 0.6038 -0.7959
vn -0.0955 0.5905 -0.8014
vt 0.427388 0.293599
vt 0.430323 0.292921
vt 0.430694 0.293642
vt 0.420878 0.293012
vt 0.427269 0.292626
vt 0.430106 0.292583
vt 0.421037 0.291735
vt 0.427146 0.292173
vt 0.569640 0.946272
vt 0.570100 0.947568
vt 0.569051 0.949305
vt 0.570722 0.940161
vt 0.570292 0.945522
vt 0.413110 0.290932
vt 0.421012 0.291281
vt 0.573392 0.934050
vt 0.571579 0.941006
vt 0.572429 0.943333
vt 0.575289 0.937768
vt 0.572018 0.932437
vt 0.574957 0.927585
vt 0.577853 0.932610
vt 0.582400 0.938946
vt 0.578375 0.942338
vt 0.574016 0.946014
vt 0.576392 0.948028
vt 0.582356 0.946149
vt 0.587869 0.944499
vt 0.585712 0.936157
vt 0.592063 0.942646
vt 0.588173 0.934085
vt 0.594606 0.940186
vt 0.580401 0.928795
vt 0.577108 0.923056
vt 0.583262 0.926720
vt 0.573147 0.925352
vt 0.575258 0.920311
vt 0.580477 0.920880
vt 0.401156 0.288438
vt 0.399159 0.284978
vt 0.401468 0.288269
vt 0.405843 0.290354
vt 0.406153 0.289847
vt 0.397963 0.280729
vt 0.398825 0.285117
vt 0.583952 0.917078
vt 0.579084 0.917799
vt 0.398531 0.276702
vt 0.398400 0.280686
vt 0.588501 0.917744
vt 0.584579 0.920218
vt 0.588318 0.920542
vt 0.586326 0.925776
vt 0.589216 0.925300
vt 0.590231 0.932352
vt 0.596067 0.937324
vt 0.597032 0.934547
vt 0.601274 0.940027
vt 0.599886 0.943965
vt 0.601603 0.936256
vt 0.604290 0.941213
vt 0.602677 0.945900
vt 0.604423 0.936559
vt 0.419396 0.258665
vt 0.423896 0.260139
vt 0.419331 0.259214
vt 0.414922 0.259358
vt 0.414990 0.259728
vt 0.412100 0.261477
vt 0.412146 0.261832
vt 0.602719 0.933163
vt 0.410210 0.265572
vt 0.410534 0.265953
vt 0.601050 0.934055
vt 0.598839 0.930758
vt 0.592050 0.930819
vt 0.597685 0.932533
vt 0.595168 0.928179
vt 0.591301 0.924996
vt 0.593230 0.924158
vt 0.590373 0.921453
vt 0.591522 0.919974
vt 0.403990 0.272155
vt 0.400616 0.274104
vt 0.400308 0.274078
vt 0.398867 0.276760
vt 0.398510 0.272371
vt 0.396082 0.275849
vt 0.402443 0.269927
vt 0.502128 0.311143
vt 0.502204 0.306797
vt 0.504596 0.310317
vt 0.500378 0.308488
vt 0.498288 0.304297
vt 0.501791 0.311198
vt 0.500069 0.308509
vt 0.496710 0.306511
vt 0.496344 0.306782
vt 0.506749 0.377860
vt 0.506203 0.381017
vt 0.503994 0.378054
vt 0.507655 0.379880
vt 0.510326 0.382685
vt 0.511444 0.378725
vt 0.516906 0.381518
vt 0.511149 0.380783
vt 0.514284 0.384595
vt 0.518571 0.387121
vt 0.515671 0.382973
vt 0.518431 0.379712
vt 0.511903 0.375867
vt 0.520580 0.386490
vt 0.520155 0.377662
vt 0.512818 0.372831
vt 0.523356 0.385550
vt 0.526229 0.384109
vt 0.525994 0.390785
vt 0.522227 0.391063
vt 0.529961 0.389442
vt 0.527128 0.393820
vt 0.522486 0.393876
vt 0.485987 0.293589
vt 0.481644 0.293321
vt 0.481586 0.292767
vt 0.477115 0.294144
vt 0.476964 0.293779
vt 0.488758 0.295738
vt 0.485927 0.293940
vt 0.519134 0.392129
vt 0.520044 0.390483
vt 0.490579 0.299846
vt 0.488714 0.296087
vt 0.516800 0.388246
vt 0.492876 0.303982
vt 0.490252 0.300223
vt 0.493067 0.298386
vt 0.495040 0.302021
vt 0.492328 0.304498
vt 0.405711 0.267692
vt 0.407731 0.264075
vt 0.407850 0.269680
vt 0.404352 0.272429
vt 0.408390 0.270202
vt 0.410119 0.259581
vt 0.490744 0.293887
vt 0.413892 0.256643
vt 0.419648 0.255536
vt 0.487042 0.290949
vt 0.481465 0.289821
vt 0.424076 0.259773
vt 0.425479 0.257195
vt 0.427454 0.262435
vt 0.429540 0.260911
vt 0.473528 0.296346
vt 0.475666 0.291196
vt 0.473705 0.296672
vt 0.471695 0.301341
vt 0.472114 0.301625
vt 0.469508 0.300639
vt 0.535241 0.389118
vt 0.532937 0.386711
vt 0.536462 0.383763
vt 0.534305 0.381857
vt 0.528712 0.381574
vt 0.530593 0.377361
vt 0.522216 0.375202
vt 0.524991 0.371871
vt 0.514849 0.369980
vt 0.518606 0.367404
vt 0.523716 0.364756
vt 0.528369 0.367786
vt 0.532256 0.371793
vt 0.529270 0.361752
vt 0.532039 0.363308
vt 0.534130 0.365716
vt 0.535401 0.367906
vt 0.534782 0.375175
vt 0.536411 0.368607
vt 0.536420 0.376552
vt 0.471025 0.308615
vt 0.471502 0.308700
vt 0.470668 0.316519
vt 0.470214 0.316545
vt 0.469791 0.322673
vt 0.469336 0.322796
vt 0.535893 0.363110
vt 0.469378 0.325636
vt 0.469039 0.325853
vt 0.535709 0.360992
vt 0.536421 0.362232
vt 0.534993 0.359662
vt 0.536462 0.359000
vt 0.533544 0.359242
vt 0.535332 0.358071
vt 0.536278 0.358069
vt 0.469968 0.326817
vt 0.469468 0.326371
vt 0.470190 0.326493
vt 0.469241 0.326592
vt 0.473006 0.326555
vt 0.473136 0.326103
vt 0.532185 0.358813
vt 0.479256 0.325805
vt 0.479295 0.325353
vt 0.531443 0.359505
vt 0.526011 0.360112
vt 0.487202 0.325200
vt 0.487134 0.324706
vt 0.519959 0.362940
vt 0.526889 0.360952
vt 0.494242 0.324235
vt 0.494544 0.324748
vt 0.513586 0.364617
vt 0.518322 0.361612
vt 0.499014 0.322728
vt 0.499342 0.322906
vt 0.509148 0.366793
vt 0.511365 0.362880
vt 0.501389 0.319448
vt 0.501728 0.319590
vt 0.507033 0.370129
vt 0.506433 0.364997
vt 0.502648 0.315192
vt 0.502209 0.315145
vt 0.503312 0.373578
vt 0.503990 0.368781
vt 0.506409 0.374176
vt 0.505404 0.315385
vt 0.504184 0.320791
vt 0.395217 0.280889
vt 0.396374 0.286286
vt 0.500916 0.324841
vt 0.399595 0.290331
vt 0.495266 0.327027
vt 0.405144 0.292463
vt 0.412821 0.292758
vt 0.487434 0.327053
vt 0.479382 0.327084
vt 0.472872 0.327524
vt 0.413203 0.290452
vt 0.469584 0.327524
vt 0.468699 0.327120
vt 0.431062 0.292719
vt 0.431590 0.293261
vt 0.468318 0.326224
vt 0.431993 0.292376
vt 0.431287 0.291993
vt 0.430841 0.292492
vt 0.430963 0.291770
vt 0.570541 0.948947
vt 0.569939 0.950357
vt 0.569061 0.950198
vt 0.571828 0.949614
vt 0.573876 0.949767
vt 0.578542 0.949256
vt 0.573028 0.950284
vt 0.579231 0.950242
vt 0.431024 0.288956
vt 0.430570 0.288826
vt 0.430287 0.282695
vt 0.429834 0.282658
vt 0.429661 0.274755
vt 0.429183 0.274829
vt 0.585694 0.948641
vt 0.587047 0.950262
vt 0.428736 0.267746
vt 0.429162 0.267475
vt 0.592308 0.948204
vt 0.594176 0.950357
vt 0.597137 0.946892
vt 0.599499 0.949207
vt 0.427260 0.262754
vt 0.431365 0.266829
vt 0.431490 0.274509
vt 0.469199 0.308325
vt 0.468936 0.316387
vt 0.431566 0.282566
vt 0.431993 0.289091
vt 0.468361 0.322915
vt 0.648390 0.851544
vt 0.649688 0.850218
vt 0.649655 0.851467
vt 0.628689 0.851781
vt 0.625475 0.852660
vt 0.627550 0.849376
vt 0.640752 0.842884
vt 0.641769 0.844845
vt 0.639819 0.843800
vt 0.645199 0.830948
vt 0.646432 0.829427
vt 0.648203 0.830069
vt 0.649902 0.851691
vt 0.625242 0.852692
vt 0.638331 0.843297
vt 0.640258 0.841399
vt 0.630506 0.852117
vt 0.646417 0.829171
vt 0.013913 0.987518
vt 0.049755 0.925440
vt 0.085595 0.987518
vt 0.142651 0.921632
vt 0.106809 0.983711
vt 0.070969 0.921632
vt 0.191455 0.935746
vt 0.253533 0.899906
vt 0.253533 0.971586
vt 0.133408 0.980313
vt 0.169248 0.918235
vt 0.205089 0.980313
vt 0.628504 0.846445
vt 0.643736 0.846828
vt 0.650813 0.848889
vt 0.648566 0.831902
vt 0.647066 0.852692
vt 0.642278 0.831896
vt 0.593520 0.929577
vt 0.531867 0.392274
vt 0.471493 0.294768
s 1
usemtl Player
f 3024/3833/5540 3025/3834/5541 3202/3835/5542
f 3199/3836/5543 3023/3837/5544 3024/3833/5545
f 3023/3837/5546 3029/3838/5547 3025/3834/5548
f 3026/3839/5549 3027/3840/5550 3023/3837/5551
f 3027/3841/5552 3211/3842/5553 3029/3843/5554
f 3030/3844/5555 3028/3845/5556 3027/3841/5557
f 3198/3846/5558 3030/3847/5559 3026/3839/5560
f 3030/3844/5561 3034/3848/5562 3032/3849/5563
f 3028/3845/5564 3033/3850/5565 3211/3842/5566
f 3032/3849/5567 3036/3851/5568 3033/3850/5569
f 3031/3852/5570 3035/3853/5571 3034/3848/5572
f 3034/3848/5573 3037/3854/5574 3036/3851/5575
f 3036/3851/5576 3041/3855/5577 3038/3856/5578
f 3033/3850/5579 3038/3856/5580 3039/3857/5581
f 3212/3858/5582 3038/3856/5583 3040/3859/5584
f 3040/3859/5585 3041/3855/5586 3042/3860/5587
f 3037/3854/5588 3043/3861/5589 3041/3855/5590
f 3042/3860/5591 3043/3861/5592 3045/3862/5593
f 3045/3862/5594 3044/3863/5595 3065/3864/5596
f 3046/3865/5597 3044/3863/5598 3043/3861/5599
f 3035/3853/5600 3046/3865/5601 3037/3854/5602
f 3048/3866/5603 3047/3867/5604 3046/3865/5605
f 3052/3868/5606 3048/3866/5607 3035/3853/5608
f 3050/3869/5609 3049/3870/5610 3048/3866/5611
f 3051/3871/5612 3053/3872/5613 3050/3873/5614
f 3196/3874/5615 3050/3873/5616 3052/3875/5617
f 3056/3876/5618 3053/3872/5619 3054/3877/5620
f 3055/3878/5621 3049/3870/5622 3053/3879/5623
f 3087/3880/5624 3055/3881/5625 3056/3876/5626
f 3057/3882/5627 3058/3883/5628 3055/3878/5629
f 3058/3883/5630 3047/3867/5631 3049/3870/5632
f 3059/3884/5633 3060/3885/5634 3058/3883/5635
f 3060/3885/5636 3044/3863/5637 3047/3867/5638
f 3061/3886/5639 3062/3887/5640 3060/3885/5641
f 3044/3863/5637 3064/3888/5642 3065/3864/5643
f 3062/3887/5640 3066/3889/5644 3064/3888/5645
f 3065/3864/5646 3067/3890/5647 3068/3891/5648
f 3064/3888/5649 3069/3892/5650 3067/3890/5651
f 3068/3891/5652 3070/3893/5653 3072/3894/5654
f 3067/3890/5655 3073/3895/5656 3070/3893/5657
f 3071/3896/5658 3072/3897/5659 3070/3898/5660
f 3074/3899/5661 3070/3898/5662 3073/3900/5663
f 3076/3901/5664 3073/3900/5665 3075/3902/5666
f 3069/3892/5667 3075/3903/5668 3073/3895/5669
f 3129/3904/5670 3075/3902/5671 3077/3905/5672
f 3078/3906/5673 3077/3907/5674 3075/3903/5675
f 3066/3889/5676 3078/3906/5677 3069/3892/5678
f 3063/3908/5679 3079/3909/5680 3066/3889/5681
f 3079/3909/5682 3081/3910/5683 3077/3907/5684
f 3082/3911/5685 3063/3908/5686 3061/3886/5687
f 3081/3910/5688 3082/3911/5689 3083/3912/5690
f 3084/3913/5691 3061/3886/5692 3059/3884/5693
f 3083/3912/5694 3084/3913/5695 3085/3914/5696
f 3085/3914/5697 3059/3884/5698 3057/3882/5699
f 3088/3915/5700 3085/3916/5701 3086/3917/5702
f 3086/3917/5703 3057/3918/5704 3087/3880/5705
f 3089/3919/5706 3087/3880/5707 3090/3920/5708
f 3091/3921/5709 3086/3917/5710 3089/3919/5711
f 3093/3922/5712 3089/3923/5713 3090/3924/5714
f 3092/3925/5715 3091/3926/5716 3089/3923/5717
f 3092/3925/5718 3096/3927/5719 3095/3928/5720
f 3094/3929/5721 3095/3928/5722 3097/3930/5723
f 3099/3931/5724 3095/3932/5725 3096/3933/5726
f 3098/3934/5727 3097/3935/5728 3095/3932/5729
f 3101/3936/5730 3098/3934/5731 3099/3931/5732
f 3105/3937/5733 3100/3938/5734 3101/3936/5735
f 3100/3938/5736 3104/3939/5737 3097/3935/5738
f 3103/3940/5739 3104/3939/5740 3102/3941/5741
f 3105/3937/5742 3103/3940/5743 3102/3941/5744
f 3107/3942/5745 3101/3936/5746 3109/3943/5747
f 3107/3942/5745 3106/3944/5748 3105/3937/5749
f 3108/3945/5750 3109/3943/5751 3200/3946/5752
f 3108/3945/5750 3110/3947/5753 3107/3942/5754
f 3111/3948/5755 3112/3949/5756 3110/3947/5757
f 3110/3947/5758 3114/3950/5759 3106/3944/5760
f 3113/3951/5761 3115/3952/5762 3112/3949/5763
f 3112/3949/5764 3118/3953/5765 3114/3950/5766
f 3119/3954/5767 3115/3955/5768 3116/3956/5769
f 3116/3956/5770 3117/3957/5771 3136/3958/5772
f 3121/3959/5773 3118/3960/5774 3119/3954/5775
f 3114/3950/5776 3120/3961/5777 3123/3962/5778
f 3124/3963/5779 3120/3964/5780 3121/3959/5781
f 3123/3962/5782 3122/3965/5783 3103/3940/5784
f 3106/3944/5785 3123/3962/5786 3103/3940/5787
f 3126/3966/5788 3122/3967/5789 3124/3963/5790
f 3121/3959/5791 3125/3968/5792 3124/3963/5793
f 3124/3963/5794 3127/3969/5795 3126/3966/5796
f 3094/3929/5797 3127/3969/5798 3091/3926/5799
f 3126/3966/5800 3097/3930/5801 3104/3970/5802
f 3127/3971/5803 3088/3915/5804 3091/3921/5805
f 3129/3904/5806 3127/3971/5807 3125/3972/5808
f 3128/3973/5809 3083/3974/5810 3088/3915/5811
f 3128/3973/5812 3077/3905/5813 3081/3975/5814
f 3076/3901/5815 3125/3972/5816 3130/3976/5817
f 3119/3954/5818 3130/3977/5819 3121/3959/5820
f 3074/3899/5821 3130/3976/5822 3131/3978/5823
f 3071/3896/5824 3131/3978/5825 3132/3979/5826
f 3116/3956/5827 3131/3980/5828 3119/3954/5829
f 3136/3958/5830 3132/3981/5831 3116/3956/5832
f 3134/3982/5833 3132/3979/5834 3133/3983/5835
f 3226/3984/5836 3133/3983/5837 3135/3985/5838
f 3137/3986/5839 3133/3987/5840 3136/3958/5841
f 3137/3986/5842 3117/3957/5843 3139/3988/5844
f 3138/3989/5845 3139/3988/5846 3140/3990/5847
f 3228/3991/5848 3137/3986/5849 3138/3989/5850
f 3139/3992/5851 3113/3951/5852 3141/3993/5853
f 3140/3994/5854 3141/3993/5855 3142/3995/5856
f 3141/3993/5857 3111/3948/5858 3143/3996/5859
f 3142/3995/5860 3143/3996/5861 3144/3997/5862
f 3143/3996/5863 3108/3945/5864 3145/3998/5865
f 3144/3997/5866 3145/3998/5867 3147/3999/5868
f 3108/3945/5869 3146/4000/5870 3145/3998/5871
f 3145/3998/5872 3148/4001/5873 3147/3999/5874
f 3147/3999/5875 3151/4002/5876 3149/4003/5877
f 3152/4004/5878 3147/3999/5879 3149/4003/5880
f 3149/4003/5881 3201/4005/5882 3150/4006/5883
f 3153/4007/5884 3149/4003/5885 3150/4006/5886
f 3155/4008/5887 3152/4004/5888 3153/4007/5889
f 3154/4009/5890 3144/3997/5891 3152/4004/5892
f 3158/4010/5893 3154/4009/5894 3155/4008/5895
f 3156/4011/5896 3142/3995/5897 3154/4009/5898
f 3157/4012/5899 3140/3990/5900 3156/4013/5901
f 3157/4012/5902 3158/4014/5903 3159/4015/5904
f 3159/4015/5905 3160/4016/5906 3161/4017/5907
f 3163/4018/5908 3158/4010/5909 3155/4008/5910
f 3161/4017/5911 3162/4019/5912 3232/4020/5913
f 3164/4021/5914 3160/4022/5915 3163/4018/5916
f 3163/4018/5917 3153/4007/5918 3164/4021/5919
f 3164/4021/5920 3150/4006/5921 3165/4023/5922
f 3165/4023/5923 3162/4024/5924 3164/4021/5925
f 3150/4006/5926 3166/4025/5927 3165/4023/5928
f 3165/4023/5929 3169/4026/5930 3167/4027/5931
f 3170/4028/5932 3167/4029/5933 3169/4030/5934
f 3232/4020/5935 3167/4029/5936 3168/4031/5937
f 3172/4032/5938 3169/4030/5939 3171/4033/5940
f 3166/4025/5941 3171/4034/5942 3169/4026/5943
f 3175/4035/5944 3171/4033/5945 3174/4036/5946
f 3173/4037/5947 3174/4038/5948 3171/4034/5949
f 3178/4039/5950 3174/4036/5951 3177/4040/5952
f 3179/4041/5953 3174/4038/5954 3176/4042/5955
f 3178/4039/5956 3180/4043/5957 3181/4044/5958
f 3182/4045/5959 3177/4046/5960 3179/4041/5961
f 3181/4044/5962 3183/4047/5963 3184/4048/5964
f 3185/4049/5965 3180/4050/5966 3182/4045/5967
f 3184/4048/5968 3186/4051/5969 3187/4052/5970
f 3188/4053/5971 3183/4054/5972 3185/4049/5973
f 3190/4055/5974 3186/4051/5975 3189/4056/5976
f 3188/4053/5977 3189/4057/5978 3186/4058/5979
f 3093/3922/5980 3189/4056/5981 3096/3927/5982
f 3191/4059/5983 3096/3933/5984 3189/4057/5985
f 3109/3943/5986 3099/3931/5987 3191/4059/5988
f 3200/3946/5989 3191/4059/5990 3188/4053/5991
f 3187/4052/5992 3192/4060/5993 3193/4061/5994
f 3190/4055/5995 3090/3924/5996 3192/4060/5997
f 3192/4062/5998 3054/3877/5999 3193/4063/6000
f 3090/3920/6001 3056/3876/6002 3192/4062/6003
f 3184/4048/6004 3193/4061/6005 3194/4064/6006
f 3193/4063/6007 3051/3871/6008 3194/4065/6009
f 3184/4048/6010 3195/4066/6011 3181/4044/6012
f 3195/4067/6013 3051/3871/6014 3196/3874/6015
f 3197/4068/6016 3196/3874/6017 3198/3846/6018
f 3181/4044/6019 3197/4069/6020 3178/4039/6021
f 3199/3836/6022 3198/3846/6023 3026/3839/6024
f 3178/4039/6025 3199/4070/6026 3175/4035/6027
f 3172/4032/6028 3199/4070/6029 3024/4071/6030
f 3198/3846/6031 3052/3875/6032 3031/4072/6033
f 3200/3946/6034 3185/4049/6035 3146/4000/6036
f 3146/4000/6037 3182/4045/6038 3148/4001/6039
f 3148/4001/6040 3179/4041/6041 3151/4002/6042
f 3151/4002/6043 3176/4042/6044 3201/4005/6045
f 3201/4005/6046 3173/4037/6047 3166/4025/6048
f 3170/4028/6049 3024/4071/6050 3202/4073/6051
f 3168/4031/6052 3202/4073/6053 3203/4074/6054
f 3202/3835/6055 3205/4075/6056 3203/4076/6057
f 3168/4031/6058 3204/4077/6059 3232/4020/6060
f 3205/4075/6061 3204/4078/6062 3203/4076/6063
f 3206/4079/6064 3207/4080/6065 3208/4081/6066
f 3025/3834/6067 3207/4080/6068 3205/4075/6069
f 3209/4082/6070 3208/4083/6071 3207/4084/6072
f 3029/3843/6073 3209/4082/6074 3207/4084/6075
f 3210/4085/6076 3039/3857/6077 3212/3858/6078
f 3211/3842/6079 3039/3857/6080 3209/4082/6081
f 3213/4086/6082 3212/3858/6083 3214/4087/6084
f 3210/4085/6085 3215/4088/6086 3208/4083/6087
f 3213/4086/6088 3217/4089/6089 3215/4088/6090
f 3216/4090/6091 3208/4081/6092 3215/4091/6093
f 3218/4092/6094 3215/4091/6095 3217/4093/6096
f 3220/4094/6097 3217/4093/6098 3219/4095/6099
f 3217/4089/6100 3222/4096/6101 3219/4097/6102
f 3220/4094/6103 3221/4098/6104 3227/4099/6105
f 3219/4097/6106 3223/4100/6107 3221/4101/6108
f 3214/4087/6109 3040/3859/6110 3222/4096/6111
f 3222/4096/6112 3042/3860/6113 3223/4100/6114
f 3221/4101/6115 3224/4102/6116 3225/4103/6117
f 3223/4100/6118 3045/3862/6119 3224/4102/6120
f 3225/4103/6121 3068/3891/6122 3072/3894/6123
f 3224/4102/6124 3065/3864/6125 3068/3891/6126
f 3226/3984/6127 3072/3897/6128 3134/3982/6129
f 3227/4099/6130 3225/4104/6131 3226/3984/6132
f 3228/4105/6133 3226/3984/6134 3135/3985/6135
f 3229/4106/6136 3227/4099/6137 3228/4105/6138
f 3229/4107/6139 3138/3989/6140 3157/4012/6141
f 3230/4108/6142 3157/4012/6143 3159/4015/6144
f 3230/4109/6145 3220/4094/6146 3229/4106/6147
f 3216/4090/6148 3230/4109/6149 3231/4110/6150
f 3161/4017/6151 3230/4108/6152 3159/4015/6153
f 3206/4079/6154 3231/4110/6155 3204/4078/6156
f 3232/4020/6157 3231/4111/6158 3161/4017/6159
f 3233/4112/6160 3234/4113/6160 3235/4114/6160
f 3236/4115/6161 3237/4116/6161 3238/4117/6161
f 3239/4118/6162 3240/4119/6162 3241/4120/6162
f 3242/4121/6163 3243/4122/6163 3244/4123/6163
f 3239/4118/6164 3234/4113/6165 3233/4112/6165
f 3242/4121/6166 3241/4120/6167 3240/4119/6167
f 3244/4123/6168 3235/4114/6168 3234/4113/6168
f 3239/4118/6169 3238/4117/6169 3240/4119/6169
f 3238/4117/6170 3243/4122/6171 3242/4121/6171
f 3237/4116/6172 3233/4112/6172 3235/4114/6172
f 3237/4116/6173 3253/4124/6173 3256/4125/6173
f 3244/4123/6174 3247/4126/6174 3241/4120/6174
f 3236/4115/6175 3246/4127/6175 3254/4128/6175
f 3243/4122/6176 3256/4125/6176 3252/4129/6176
f 3247/4130/6177 3251/4131/6177 3248/4132/6177
f 3252/4133/6178 3256/4134/6178 3253/4135/6178
f 3246/4136/6179 3245/4137/6179 3254/4138/6179
f 3250/4139/6180 3249/4140/6180 3255/4141/6180
f 3233/4112/6181 3246/4127/6181 3239/4118/6181
f 3240/4119/6182 3255/4142/6183 3249/4143/6182
f 3244/4123/6184 3248/4144/6184 3251/4145/6184
f 3236/4115/6185 3245/4146/6185 3233/4112/6185
f 3241/4120/6186 3248/4144/6186 3234/4113/6186
f 3242/4121/6187 3255/4142/6187 3238/4117/6187
f 3243/4122/6188 3253/4124/6188 3235/4114/6188
f 3242/4121/6189 3249/4143/6189 3250/4147/6189
f 3024/3833/5540 3023/3837/6190 3025/3834/5541
f 3199/3836/5543 3026/3839/6191 3023/3837/5544
f 3023/3837/5546 3027/3840/6192 3029/3838/5547
f 3026/3839/5549 3030/3847/6193 3027/3840/5550
f 3027/3841/5552 3028/3845/6194 3211/3842/5553
f 3030/3844/5555 3032/3849/6195 3028/3845/5556
f 3198/3846/5558 3031/4072/6196 3030/3847/5559
f 3030/3844/5561 3031/3852/6197 3034/3848/5562
f 3028/3845/5564 3032/3849/6198 3033/3850/5565
f 3032/3849/5567 3034/3848/6199 3036/3851/5568
f 3031/3852/5570 3052/3868/6200 3035/3853/5571
f 3034/3848/5573 3035/3853/6201 3037/3854/5574
f 3036/3851/5576 3037/3854/6202 3041/3855/5577
f 3033/3850/5579 3036/3851/6203 3038/3856/5580
f 3212/3858/5582 3039/3857/6204 3038/3856/5583
f 3040/3859/5585 3038/3856/6205 3041/3855/5586
f 3037/3854/5588 3046/3865/6206 3043/3861/5589
f 3042/3860/5591 3041/3855/6207 3043/3861/5592
f 3045/3862/5594 3043/3861/6208 3044/3863/5595
f 3046/3865/5597 3047/3867/6209 3044/3863/5598
f 3035/3853/5600 3048/3866/6210 3046/3865/5601
f 3048/3866/5603 3049/3870/6211 3047/3867/5604
f 3052/3868/5606 3050/3869/6212 3048/3866/5607
f 3050/3869/5609 3053/3879/6213 3049/3870/5610
f 3051/3871/5612 3054/3877/6214 3053/3872/5613
f 3196/3874/5615 3051/3871/6215 3050/3873/5616
f 3056/3876/5618 3055/3881/6216 3053/3872/5619
f 3055/3878/5621 3058/3883/6217 3049/3870/5622
f 3087/3880/5624 3057/3918/6218 3055/3881/5625
f 3057/3882/5627 3059/3884/6219 3058/3883/5628
f 3058/3883/5630 3060/3885/6220 3047/3867/5631
f 3059/3884/5633 3061/3886/6221 3060/3885/5634
f 3060/3885/5636 3062/3887/6222 3044/3863/5637
f 3061/3886/5639 3063/3908/6223 3062/3887/5640
f 3044/3863/5637 3062/3887/6222 3064/3888/5642
f 3062/3887/5640 3063/3908/6223 3066/3889/5644
f 3065/3864/5646 3064/3888/6224 3067/3890/5647
f 3064/3888/5649 3066/3889/6225 3069/3892/5650
f 3068/3891/5652 3067/3890/6226 3070/3893/5653
f 3067/3890/5655 3069/3892/6227 3073/3895/5656
f 3071/3896/5658 3134/3982/6228 3072/3897/5659
f 3074/3899/5661 3071/3896/6229 3070/3898/5662
f 3076/3901/5664 3074/3899/6230 3073/3900/5665
f 3069/3892/5667 3078/3906/6231 3075/3903/5668
f 3129/3904/5670 3076/3901/6232 3075/3902/5671
f 3078/3906/5673 3079/3909/6233 3077/3907/5674
f 3066/3889/5676 3079/3909/6234 3078/3906/5677
f 3063/3908/5679 3080/4148/6235 3079/3909/5680
f 3079/3909/5682 3080/4148/6236 3081/3910/5683
f 3082/3911/5685 3080/4148/6237 3063/3908/5686
f 3081/3910/5688 3080/4148/6238 3082/3911/5689
f 3084/3913/5691 3082/3911/6239 3061/3886/5692
f 3083/3912/5694 3082/3911/6240 3084/3913/5695
f 3085/3914/5697 3084/3913/6241 3059/3884/5698
f 3088/3915/5700 3083/3974/6242 3085/3916/5701
f 3086/3917/5703 3085/3916/6243 3057/3918/5704
f 3089/3919/5706 3086/3917/6244 3087/3880/5707
f 3091/3921/5709 3088/3915/6245 3086/3917/5710
f 3093/3922/5712 3092/3925/6246 3089/3923/5713
f 3092/3925/5715 3094/3929/6247 3091/3926/5716
f 3092/3925/5718 3093/3922/6248 3096/3927/5719
f 3094/3929/5721 3092/3925/6249 3095/3928/5722
f 3099/3931/5724 3098/3934/6250 3095/3932/5725
f 3098/3934/5727 3100/3938/6251 3097/3935/5728
f 3101/3936/5730 3100/3938/6252 3098/3934/5731
f 3105/3937/5733 3102/3941/6253 3100/3938/5734
f 3100/3938/5736 3102/3941/6254 3104/3939/5737
f 3103/3940/5739 3122/3965/6255 3104/3939/5740
f 3105/3937/5742 3106/3944/6256 3103/3940/5743
f 3107/3942/5745 3105/3937/5749 3101/3936/5746
f 3107/3942/5745 3110/3947/6257 3106/3944/5748
f 3108/3945/5750 3107/3942/5754 3109/3943/5751
f 3108/3945/5750 3111/3948/6258 3110/3947/5753
f 3111/3948/5755 3113/3951/6259 3112/3949/5756
f 3110/3947/5758 3112/3949/6260 3114/3950/5759
f 3113/3951/5761 3117/4149/6261 3115/3952/5762
f 3112/3949/5764 3115/3952/6262 3118/3953/5765
f 3119/3954/5767 3118/3960/6263 3115/3955/5768
f 3116/3956/5770 3115/3955/6264 3117/3957/5771
f 3121/3959/5773 3120/3964/6265 3118/3960/5774
f 3114/3950/5776 3118/3953/6266 3120/3961/5777
f 3124/3963/5779 3122/3967/6267 3120/3964/5780
f 3123/3962/5782 3120/3961/6268 3122/3965/5783
f 3106/3944/5785 3114/3950/6269 3123/3962/5786
f 3126/3966/5788 3104/3970/6270 3122/3967/5789
f 3121/3959/5791 3130/3977/6271 3125/3968/5792
f 3124/3963/5794 3125/3968/6272 3127/3969/5795
f 3094/3929/5797 3126/3966/6273 3127/3969/5798
f 3126/3966/5800 3094/3929/6274 3097/3930/5801
f 3127/3971/5803 3128/3973/6275 3088/3915/5804
f 3129/3904/5806 3128/3973/6276 3127/3971/5807
f 3128/3973/5809 3081/3975/6277 3083/3974/5810
f 3128/3973/5812 3129/3904/6278 3077/3905/5813
f 3076/3901/5815 3129/3904/6279 3125/3972/5816
f 3119/3954/5818 3131/3980/6280 3130/3977/5819
f 3074/3899/5821 3076/3901/6281 3130/3976/5822
f 3071/3896/5824 3074/3899/6282 3131/3978/5825
f 3116/3956/5827 3132/3981/6283 3131/3980/5828
f 3136/3958/5830 3133/3987/6284 3132/3981/5831
f 3134/3982/5833 3071/3896/6285 3132/3979/5834
f 3226/3984/5836 3134/3982/6286 3133/3983/5837
f 3137/3986/5839 3135/4150/6287 3133/3987/5840
f 3137/3986/5842 3136/3958/6288 3117/3957/5843
f 3138/3989/5845 3137/3986/6289 3139/3988/5846
f 3228/3991/5848 3135/4150/6290 3137/3986/5849
f 3139/3992/5851 3117/4149/6291 3113/3951/5852
f 3140/3994/5854 3139/3992/6292 3141/3993/5855
f 3141/3993/5857 3113/3951/6293 3111/3948/5858
f 3142/3995/5860 3141/3993/6294 3143/3996/5861
f 3143/3996/5863 3111/3948/6295 3108/3945/5864
f 3144/3997/5866 3143/3996/6296 3145/3998/5867
f 3108/3945/5869 3200/3946/6297 3146/4000/5870
f 3145/3998/5872 3146/4000/6298 3148/4001/5873
f 3147/3999/5875 3148/4001/6299 3151/4002/5876
f 3152/4004/5878 3144/3997/6300 3147/3999/5879
f 3149/4003/5881 3151/4002/6301 3201/4005/5882
f 3153/4007/5884 3152/4004/6302 3149/4003/5885
f 3155/4008/5887 3154/4009/6303 3152/4004/5888
f 3154/4009/5890 3142/3995/6304 3144/3997/5891
f 3158/4010/5893 3156/4011/6305 3154/4009/5894
f 3156/4011/5896 3140/3994/6306 3142/3995/5897
f 3157/4012/5899 3138/3989/6307 3140/3990/5900
f 3157/4012/5902 3156/4013/6308 3158/4014/5903
f 3159/4015/5905 3158/4014/6309 3160/4016/5906
f 3163/4018/5908 3160/4022/6310 3158/4010/5909
f 3161/4017/5911 3160/4016/6311 3162/4019/5912
f 3164/4021/5914 3162/4024/6312 3160/4022/5915
f 3163/4018/5917 3155/4008/6313 3153/4007/5918
f 3164/4021/5920 3153/4007/6314 3150/4006/5921
f 3165/4023/5923 3167/4027/6315 3162/4024/5924
f 3150/4006/5926 3201/4005/6316 3166/4025/5927
f 3165/4023/5929 3166/4025/6317 3169/4026/5930
f 3170/4028/5932 3168/4031/6318 3167/4029/5933
f 3232/4020/5935 3162/4019/6319 3167/4029/5936
f 3172/4032/5938 3170/4028/6320 3169/4030/5939
f 3166/4025/5941 3173/4037/6321 3171/4034/5942
f 3175/4035/5944 3172/4032/6322 3171/4033/5945
f 3173/4037/5947 3176/4042/6323 3174/4038/5948
f 3178/4039/5950 3175/4035/6324 3174/4036/5951
f 3179/4041/5953 3177/4046/6325 3174/4038/5954
f 3178/4039/5956 3177/4040/6326 3180/4043/5957
f 3182/4045/5959 3180/4050/6327 3177/4046/5960
f 3181/4044/5962 3180/4043/6328 3183/4047/5963
f 3185/4049/5965 3183/4054/6329 3180/4050/5966
f 3184/4048/5968 3183/4047/6330 3186/4051/5969
f 3188/4053/5971 3186/4058/6331 3183/4054/5972
f 3190/4055/5974 3187/4052/6332 3186/4051/5975
f 3188/4053/5977 3191/4059/6333 3189/4057/5978
f 3093/3922/5980 3190/4055/6334 3189/4056/5981
f 3191/4059/5983 3099/3931/6335 3096/3933/5984
f 3109/3943/5986 3101/3936/6336 3099/3931/5987
f 3200/3946/5989 3109/3943/6337 3191/4059/5990
f 3187/4052/5992 3190/4055/6338 3192/4060/5993
f 3190/4055/5995 3093/3922/6339 3090/3924/5996
f 3192/4062/5998 3056/3876/6340 3054/3877/5999
f 3090/3920/6001 3087/3880/6341 3056/3876/6002
f 3184/4048/6004 3187/4052/6342 3193/4061/6005
f 3193/4063/6007 3054/3877/6343 3051/3871/6008
f 3184/4048/6010 3194/4064/6344 3195/4066/6011
f 3195/4067/6013 3194/4065/6345 3051/3871/6014
f 3197/4068/6016 3195/4067/6346 3196/3874/6017
f 3181/4044/6019 3195/4066/6347 3197/4069/6020
f 3199/3836/6022 3197/4068/6348 3198/3846/6023
f 3178/4039/6025 3197/4069/6349 3199/4070/6026
f 3172/4032/6028 3175/4035/6350 3199/4070/6029
f 3198/3846/6031 3196/3874/6351 3052/3875/6032
f 3200/3946/6034 3188/4053/6352 3185/4049/6035
f 3146/4000/6037 3185/4049/6353 3182/4045/6038
f 3148/4001/6040 3182/4045/6354 3179/4041/6041
f 3151/4002/6043 3179/4041/6355 3176/4042/6044
f 3201/4005/6046 3176/4042/6356 3173/4037/6047
f 3170/4028/6049 3172/4032/6357 3024/4071/6050
f 3168/4031/6052 3170/4028/6358 3202/4073/6053
f 3202/3835/6055 3025/3834/6359 3205/4075/6056
f 3168/4031/6058 3203/4074/6360 3204/4077/6059
f 3205/4075/6061 3206/4079/6361 3204/4078/6062
f 3206/4079/6064 3205/4075/6362 3207/4080/6065
f 3025/3834/6067 3029/3838/6363 3207/4080/6068
f 3209/4082/6070 3210/4085/6364 3208/4083/6071
f 3029/3843/6073 3211/3842/6365 3209/4082/6074
f 3210/4085/6076 3209/4082/6366 3039/3857/6077
f 3211/3842/6079 3033/3850/6367 3039/3857/6080
f 3213/4086/6082 3210/4085/6368 3212/3858/6083
f 3210/4085/6085 3213/4086/6369 3215/4088/6086
f 3213/4086/6088 3214/4087/6370 3217/4089/6089
f 3216/4090/6091 3206/4079/6371 3208/4081/6092
f 3218/4092/6094 3216/4090/6372 3215/4091/6095
f 3220/4094/6097 3218/4092/6373 3217/4093/6098
f 3217/4089/6100 3214/4087/6374 3222/4096/6101
f 3220/4094/6103 3219/4095/6375 3221/4098/6104
f 3219/4097/6106 3222/4096/6376 3223/4100/6107
f 3214/4087/6109 3212/3858/6377 3040/3859/6110
f 3222/4096/6112 3040/3859/6378 3042/3860/6113
f 3221/4101/6115 3223/4100/6379 3224/4102/6116
f 3223/4100/6118 3042/3860/6380 3045/3862/6119
f 3225/4103/6121 3224/4102/6381 3068/3891/6122
f 3224/4102/6124 3045/3862/6382 3065/3864/6125
f 3226/3984/6127 3225/4104/6383 3072/3897/6128
f 3227/4099/6130 3221/4098/6384 3225/4104/6131
f 3228/4105/6133 3227/4099/6385 3226/3984/6134
f 3229/4106/6136 3220/4094/6386 3227/4099/6137
f 3229/4107/6139 3228/3991/6387 3138/3989/6140
f 3230/4108/6142 3229/4107/6388 3157/4012/6143
f 3230/4109/6145 3218/4092/6389 3220/4094/6146
f 3216/4090/6148 3218/4092/6390 3230/4109/6149
f 3161/4017/6151 3231/4111/6391 3230/4108/6152
f 3206/4079/6154 3216/4090/6392 3231/4110/6155
f 3232/4020/6157 3204/4077/6393 3231/4111/6158
f 3239/4118/6164 3241/4120/6164 3234/4113/6165
f 3242/4121/6166 3244/4123/6166 3241/4120/6167
f 3244/4123/6168 3243/4122/6168 3235/4114/6168
f 3239/4118/6169 3236/4115/6169 3238/4117/6169
f 3238/4117/6170 3237/4116/6170 3243/4122/6171
f 3237/4116/6172 3236/4115/6172 3233/4112/6172
f 3237/4116/6173 3235/4114/6173 3253/4124/6173
f 3244/4123/6174 3251/4145/6174 3247/4126/6174
f 3236/4115/6175 3239/4118/6175 3246/4127/6175
f 3243/4122/6176 3237/4116/6176 3256/4125/6176
f 3233/4112/6181 3245/4146/6181 3246/4127/6181
f 3240/4119/6182 3238/4117/6183 3255/4142/6183
f 3244/4123/6184 3234/4113/6184 3248/4144/6184
f 3236/4115/6185 3254/4128/6185 3245/4146/6185
f 3241/4120/6186 3247/4126/6186 3248/4144/6186
f 3242/4121/6187 3250/4147/6187 3255/4142/6187
f 3243/4122/6188 3252/4129/6188 3253/4124/6188
f 3242/4121/6189 3240/4119/6189 3249/4143/6189
